customer_id,first_name,last_name,email,city,country,registration_date,customer_segment
1,Lea,Fischer,lea.fischer1@example.com,Dresden,Germany,2023-02-21,Standard
2,Hannah,Becker,hannah.becker2@example.com,Munich,Germany,2024-04-02,Business
3,Tom,Fischer,tom.fischer3@example.com,Essen,Germany,2023-06-28,Premium
4,Jonas,Schmidt,jonas.schmidt4@example.com,Hamburg,Germany,2023-03-03,Standard
5,Emma,Becker,emma.becker5@example.com,Essen,Germany,2025-10-31,Standard
6,Anna,Schwarz,anna.schwarz6@example.com,Dresden,Germany,2024-02-12,Standard
7,Lea,Schwarz,lea.schwarz7@example.com,Cologne,Germany,2025-05-09,Standard
8,Marie,Zimmermann,marie.zimmermann8@example.com,Hanover,Germany,2024-07-23,Premium
9,Anna,Meyer,anna.meyer9@example.com,Stuttgart,Germany,2025-05-15,Standard
10,Hannah,Weber,hannah.weber10@example.com,Hanover,Germany,2024-03-16,Premium
11,Sophie,Fischer,sophie.fischer11@example.com,Duesseldorf,Germany,2023-07-09,Standard
12,Paul,Bauer,paul.bauer12@example.com,Essen,Germany,2024-12-05,Business
13,Hannah,Schmidt,hannah.schmidt13@example.com,Dortmund,Germany,2025-07-29,Premium
14,Paul,Richter,paul.richter14@example.com,Dortmund,Germany,2023-06-11,Standard
15,Lukas,Braun,lukas.braun15@example.com,Essen,Germany,2025-01-10,Standard
16,Emma,Schneider,emma.schneider16@example.com,Bremen,Germany,2023-04-04,Standard
17,Leon,Hoffmann,leon.hoffmann17@example.com,Nuremberg,Germany,2023-06-13,Standard
18,Leon,Fischer,leon.fischer18@example.com,Frankfurt,Germany,2025-02-17,Standard
19,Marie,Bauer,marie.bauer19@example.com,Stuttgart,Germany,2023-11-30,Standard
20,Felix,Wagner,felix.wagner20@example.com,Dresden,Germany,2024-06-30,Standard
21,David,Schneider,david.schneider21@example.com,Dortmund,Germany,2023-12-17,Standard
22,Tom,Becker,tom.becker22@example.com,Leipzig,Germany,2023-12-01,Standard
23,Laura,Schulz,laura.schulz23@example.com,Bremen,Germany,2024-03-25,Standard
24,Sophie,Schmidt,sophie.schmidt24@example.com,Nuremberg,Germany,2024-04-14,Standard
25,Max,Koch,max.koch25@example.com,Frankfurt,Germany,2025-04-01,Standard
26,Lena,Wagner,lena.wagner26@example.com,Cologne,Germany,2024-10-06,Premium
27,Lea,Schroeder,lea.schroeder27@example.com,Duisburg,Germany,2025-03-21,Standard
28,Lea,Wolf,lea.wolf28@example.com,Frankfurt,Germany,2023-10-20,Standard
29,Mia,Becker,mia.becker29@example.com,Dresden,Germany,2024-06-22,Standard
30,Sarah,Klein,sarah.klein30@example.com,Stuttgart,Germany,2025-03-28,Standard
31,Leon,Weber,leon.weber31@example.com,Leipzig,Germany,2025-11-09,Standard
32,Lena,Schmidt,lena.schmidt32@example.com,Munich,Germany,2023-08-13,Standard
33,Lea,Meyer,lea.meyer33@example.com,Essen,Germany,2025-05-14,Standard
34,Lena,Richter,lena.richter34@example.com,Essen,Germany,2025-02-20,Business
35,Marie,Neumann,marie.neumann35@example.com,Dortmund,Germany,2024-05-29,Business
36,Anna,Fischer,anna.fischer36@example.com,Hanover,Germany,2024-06-30,Premium
37,Lea,Koch,lea.koch37@example.com,Frankfurt,Germany,2023-08-17,Standard
38,Jonas,Meyer,jonas.meyer38@example.com,Berlin,Germany,2025-07-18,Standard
39,Tom,Schulz,tom.schulz39@example.com,Hanover,Germany,2025-10-22,Premium
40,Ben,Neumann,ben.neumann40@example.com,Nuremberg,Germany,2023-08-06,Standard
41,Lea,Hoffmann,lea.hoffmann41@example.com,Essen,Germany,2025-11-05,Standard
42,Emma,Weber,emma.weber42@example.com,Hanover,Germany,2025-02-04,Standard
43,Ben,Schwarz,ben.schwarz43@example.com,Duisburg,Germany,2025-12-22,Standard
44,Anna,Braun,anna.braun44@example.com,Leipzig,Germany,2024-10-25,Business
45,Anna,Fischer,anna.fischer45@example.com,Duisburg,Germany,2025-01-13,Standard
46,Lukas,Becker,lukas.becker46@example.com,Cologne,Germany,2023-04-29,Premium
47,Sarah,Schneider,sarah.schneider47@example.com,Dresden,Germany,2023-06-25,Standard
48,Tim,Schneider,tim.schneider48@example.com,Hanover,Germany,2025-12-26,Standard
49,Mia,Weber,mia.weber49@example.com,Dortmund,Germany,2025-08-31,Standard
50,Ben,Schulz,ben.schulz50@example.com,Nuremberg,Germany,2025-12-16,Standard
51,Niklas,Klein,niklas.klein51@example.com,Duisburg,Germany,2024-03-09,Business
52,Finn,Wagner,finn.wagner52@example.com,Duesseldorf,Germany,2024-09-30,Premium
53,David,Bauer,david.bauer53@example.com,Duisburg,Germany,2025-06-16,Business
54,Julia,Wolf,julia.wolf54@example.com,Cologne,Germany,2023-09-05,Premium
55,Leon,Schneider,leon.schneider55@example.com,Berlin,Germany,2024-11-23,Standard
56,Sarah,Schwarz,sarah.schwarz56@example.com,Essen,Germany,2024-04-16,Business
57,Leon,Mueller,leon.mueller57@example.com,Dresden,Germany,2023-05-26,Standard
58,Lea,Schmidt,lea.schmidt58@example.com,Hamburg,Germany,2024-04-13,Standard
59,Max,Koch,max.koch59@example.com,Dortmund,Germany,2023-05-26,Standard
60,Leon,Schulz,leon.schulz60@example.com,Cologne,Germany,2025-09-21,Standard
61,Finn,Weber,finn.weber61@example.com,Cologne,Germany,2025-08-26,Standard
62,Tim,Klein,tim.klein62@example.com,Hamburg,Germany,2024-01-25,Standard
63,Paul,Klein,paul.klein63@example.com,Duesseldorf,Germany,2024-12-26,Premium
64,Jonas,Wolf,jonas.wolf64@example.com,Bremen,Germany,2023-04-21,Standard
65,Lea,Fischer,lea.fischer65@example.com,Duesseldorf,Germany,2023-05-05,Standard
66,Tom,Koch,tom.koch66@example.com,Cologne,Germany,2023-08-12,Standard
67,Emma,Wagner,emma.wagner67@example.com,Munich,Germany,2025-07-07,Standard
68,Jonas,Meyer,jonas.meyer68@example.com,Leipzig,Germany,2024-07-24,Premium
69,Leon,Schneider,leon.schneider69@example.com,Hanover,Germany,2025-06-26,Standard
70,Finn,Fischer,finn.fischer70@example.com,Bremen,Germany,2023-04-14,Business
71,Finn,Mueller,finn.mueller71@example.com,Duisburg,Germany,2023-07-11,Premium
72,Clara,Becker,clara.becker72@example.com,Duesseldorf,Germany,2023-12-07,Standard
73,Tim,Schroeder,tim.schroeder73@example.com,Nuremberg,Germany,2024-03-13,Standard
74,Laura,Schmidt,laura.schmidt74@example.com,Duesseldorf,Germany,2023-12-04,Premium
75,Anna,Richter,anna.richter75@example.com,Duisburg,Germany,2024-06-27,Premium
76,Marie,Hoffmann,marie.hoffmann76@example.com,Dresden,Germany,2025-05-16,Premium
77,Tom,Schwarz,tom.schwarz77@example.com,Munich,Germany,2025-09-23,Premium
78,Emma,Hoffmann,emma.hoffmann78@example.com,Berlin,Germany,2024-03-21,Standard
79,Sarah,Schwarz,sarah.schwarz79@example.com,Dresden,Germany,2023-05-05,Standard
80,Sophie,Schmidt,sophie.schmidt80@example.com,Essen,Germany,2023-04-13,Standard
81,Tim,Neumann,tim.neumann81@example.com,Munich,Germany,2025-12-23,Premium
82,Max,Neumann,max.neumann82@example.com,Nuremberg,Germany,2023-06-14,Standard
83,Ben,Schneider,ben.schneider83@example.com,Bremen,Germany,2023-05-20,Standard
84,Leon,Richter,leon.richter84@example.com,Duisburg,Germany,2023-09-03,Standard
85,Sarah,Becker,sarah.becker85@example.com,Essen,Germany,2023-03-23,Standard
86,Lena,Klein,lena.klein86@example.com,Stuttgart,Germany,2025-12-06,Standard
87,Hannah,Wagner,hannah.wagner87@example.com,Cologne,Germany,2024-10-05,Premium
88,Hannah,Richter,hannah.richter88@example.com,Bremen,Germany,2023-09-26,Standard
89,Lea,Hoffmann,lea.hoffmann89@example.com,Stuttgart,Germany,2025-07-25,Premium
90,Clara,Schneider,clara.schneider90@example.com,Leipzig,Germany,2023-01-20,Standard
91,Niklas,Zimmermann,niklas.zimmermann91@example.com,Hamburg,Germany,2023-07-24,Standard
92,Finn,Wagner,finn.wagner92@example.com,Frankfurt,Germany,2025-11-02,Premium
93,Mia,Bauer,mia.bauer93@example.com,Duisburg,Germany,2023-05-21,Premium
94,Leon,Bauer,leon.bauer94@example.com,Munich,Germany,2024-08-06,Standard
95,Marie,Schwarz,marie.schwarz95@example.com,Essen,Germany,2024-09-11,Premium
96,Lea,Neumann,lea.neumann96@example.com,Bremen,Germany,2023-01-17,Standard
97,Finn,Hoffmann,finn.hoffmann97@example.com,Duisburg,Germany,2023-08-01,Standard
98,Mia,Schulz,mia.schulz98@example.com,Duisburg,Germany,2023-08-25,Standard
99,Paul,Schwarz,paul.schwarz99@example.com,Frankfurt,Germany,2023-11-15,Standard
100,Lukas,Braun,lukas.braun100@example.com,Dresden,Germany,2024-03-07,Standard
101,Sophie,Wagner,sophie.wagner101@example.com,Dortmund,Germany,2024-06-24,Standard
102,Tim,Schulz,tim.schulz102@example.com,Hamburg,Germany,2023-04-15,Standard
103,Lea,Klein,lea.klein103@example.com,Berlin,Germany,2024-07-20,Standard
104,Anna,Koch,anna.koch104@example.com,Bremen,Germany,2023-09-25,Standard
105,Hannah,Meyer,hannah.meyer105@example.com,Dortmund,Germany,2025-06-23,Business
106,Nina,Klein,nina.klein106@example.com,Hamburg,Germany,2023-01-20,Standard
107,Lena,Weber,lena.weber107@example.com,Nuremberg,Germany,2023-03-15,Standard
108,Felix,Zimmermann,felix.zimmermann108@example.com,Duesseldorf,Germany,2023-10-31,Premium
109,Mia,Schmidt,mia.schmidt109@example.com,Stuttgart,Germany,2024-09-23,Standard
110,Max,Bauer,max.bauer110@example.com,Bremen,Germany,2024-03-06,Standard
111,Leon,Fischer,leon.fischer111@example.com,Hanover,Germany,2024-12-25,Standard
112,Finn,Klein,finn.klein112@example.com,Duisburg,Germany,2023-11-13,Standard
113,Leon,Meyer,leon.meyer113@example.com,Duisburg,Germany,2023-12-29,Business
114,Jonas,Mueller,jonas.mueller114@example.com,Dresden,Germany,2024-01-03,Premium
115,Sophie,Klein,sophie.klein115@example.com,Frankfurt,Germany,2024-05-23,Standard
116,Ben,Fischer,ben.fischer116@example.com,Nuremberg,Germany,2025-02-22,Premium
117,Max,Schroeder,max.schroeder117@example.com,Cologne,Germany,2024-03-31,Premium
118,Marie,Bauer,marie.bauer118@example.com,Nuremberg,Germany,2024-09-17,Standard
119,Leon,Becker,leon.becker119@example.com,Bremen,Germany,2023-02-18,Premium
120,Emma,Richter,emma.richter120@example.com,Frankfurt,Germany,2024-11-03,Standard
121,Lena,Schulz,lena.schulz121@example.com,Bremen,Germany,2024-12-20,Premium
122,Julia,Richter,julia.richter122@example.com,Berlin,Germany,2024-11-09,Premium
123,Paul,Schulz,paul.schulz123@example.com,Essen,Germany,2024-01-01,Standard
124,Hannah,Schmidt,hannah.schmidt124@example.com,Essen,Germany,2023-08-11,Standard
125,Jonas,Bauer,jonas.bauer125@example.com,Duesseldorf,Germany,2024-10-04,Standard
126,Niklas,Neumann,niklas.neumann126@example.com,Duesseldorf,Germany,2023-08-25,Standard
127,Sarah,Wagner,sarah.wagner127@example.com,Berlin,Germany,2024-06-05,Premium
128,Nina,Klein,nina.klein128@example.com,Dortmund,Germany,2023-01-04,Premium
129,Finn,Wagner,finn.wagner129@example.com,Duesseldorf,Germany,2025-01-15,Standard
130,Lena,Koch,lena.koch130@example.com,Bremen,Germany,2024-10-04,Standard
131,Paul,Hoffmann,paul.hoffmann131@example.com,Frankfurt,Germany,2025-11-04,Standard
132,David,Klein,david.klein132@example.com,Duesseldorf,Germany,2024-10-30,Standard
133,Nina,Hoffmann,nina.hoffmann133@example.com,Cologne,Germany,2023-09-18,Standard
134,Jonas,Richter,jonas.richter134@example.com,Essen,Germany,2023-12-23,Standard
135,Sarah,Hoffmann,sarah.hoffmann135@example.com,Dortmund,Germany,2025-04-11,Business
136,Anna,Hoffmann,anna.hoffmann136@example.com,Cologne,Germany,2024-08-10,Standard
137,Jonas,Zimmermann,jonas.zimmermann137@example.com,Leipzig,Germany,2024-10-21,Standard
138,Marie,Wolf,marie.wolf138@example.com,Dortmund,Germany,2024-03-13,Premium
139,Tim,Meyer,tim.meyer139@example.com,Frankfurt,Germany,2023-06-23,Standard
140,Julia,Braun,julia.braun140@example.com,Hamburg,Germany,2024-11-17,Business
141,Clara,Becker,clara.becker141@example.com,Cologne,Germany,2024-09-27,Business
142,Emma,Weber,emma.weber142@example.com,Berlin,Germany,2023-02-20,Standard
143,Leon,Schroeder,leon.schroeder143@example.com,Leipzig,Germany,2023-05-30,Standard
144,Jonas,Zimmermann,jonas.zimmermann144@example.com,Dresden,Germany,2024-02-03,Standard
145,Nina,Richter,nina.richter145@example.com,Duesseldorf,Germany,2025-10-09,Standard
146,Leon,Weber,leon.weber146@example.com,Duisburg,Germany,2023-01-12,Standard
147,Clara,Fischer,clara.fischer147@example.com,Cologne,Germany,2025-05-20,Standard
148,Ben,Neumann,ben.neumann148@example.com,Berlin,Germany,2025-08-09,Standard
149,Finn,Becker,finn.becker149@example.com,Leipzig,Germany,2023-09-06,Standard
150,Mia,Wolf,mia.wolf150@example.com,Dortmund,Germany,2025-12-23,Standard
151,Niklas,Koch,niklas.koch151@example.com,Essen,Germany,2025-06-25,Business
152,Tom,Neumann,tom.neumann152@example.com,Nuremberg,Germany,2025-05-23,Standard
153,Finn,Wolf,finn.wolf153@example.com,Dresden,Germany,2023-11-22,Standard
154,Tim,Wolf,tim.wolf154@example.com,Hanover,Germany,2024-06-14,Standard
155,Leon,Schulz,leon.schulz155@example.com,Leipzig,Germany,2025-12-03,Business
156,Lea,Becker,lea.becker156@example.com,Leipzig,Germany,2024-07-16,Standard
157,Lena,Hoffmann,lena.hoffmann157@example.com,Frankfurt,Germany,2024-04-25,Premium
158,Sophie,Koch,sophie.koch158@example.com,Munich,Germany,2023-06-15,Premium
159,Mia,Becker,mia.becker159@example.com,Dresden,Germany,2025-02-23,Standard
160,Mia,Wagner,mia.wagner160@example.com,Duesseldorf,Germany,2023-05-12,Premium
161,Jonas,Koch,jonas.koch161@example.com,Duesseldorf,Germany,2025-08-12,Standard
162,Max,Wagner,max.wagner162@example.com,Duesseldorf,Germany,2025-05-10,Standard
163,Clara,Zimmermann,clara.zimmermann163@example.com,Nuremberg,Germany,2023-02-10,Standard
164,Clara,Zimmermann,clara.zimmermann164@example.com,Leipzig,Germany,2025-02-18,Standard
165,Anna,Bauer,anna.bauer165@example.com,Hanover,Germany,2024-09-03,Standard
166,Laura,Klein,laura.klein166@example.com,Leipzig,Germany,2024-03-27,Premium
167,Leon,Schulz,leon.schulz167@example.com,Leipzig,Germany,2025-06-11,Standard
168,Anna,Richter,anna.richter168@example.com,Bremen,Germany,2024-11-19,Standard
169,David,Richter,david.richter169@example.com,Nuremberg,Germany,2023-12-05,Standard
170,Marie,Weber,marie.weber170@example.com,Berlin,Germany,2025-12-29,Standard
171,Laura,Zimmermann,laura.zimmermann171@example.com,Hamburg,Germany,2023-02-25,Premium
172,Lea,Klein,lea.klein172@example.com,Nuremberg,Germany,2023-10-05,Standard
173,Marie,Meyer,marie.meyer173@example.com,Frankfurt,Germany,2023-04-13,Standard
174,Laura,Koch,laura.koch174@example.com,Leipzig,Germany,2024-03-09,Standard
175,Sophie,Koch,sophie.koch175@example.com,Frankfurt,Germany,2025-02-15,Standard
176,Clara,Klein,clara.klein176@example.com,Nuremberg,Germany,2024-05-31,Standard
177,Lena,Schroeder,lena.schroeder177@example.com,Dresden,Germany,2023-02-09,Premium
178,Finn,Schmidt,finn.schmidt178@example.com,Cologne,Germany,2024-12-17,Standard
179,Lea,Schneider,lea.schneider179@example.com,Hanover,Germany,2023-03-24,Business
180,Anna,Becker,anna.becker180@example.com,Nuremberg,Germany,2024-02-13,Standard
181,Anna,Braun,anna.braun181@example.com,Cologne,Germany,2023-11-09,Standard
182,Mia,Schroeder,mia.schroeder182@example.com,Essen,Germany,2023-08-23,Standard
183,Emma,Wolf,emma.wolf183@example.com,Hanover,Germany,2024-06-08,Business
184,Felix,Meyer,felix.meyer184@example.com,Hanover,Germany,2023-08-23,Premium
185,Ben,Hoffmann,ben.hoffmann185@example.com,Essen,Germany,2023-08-10,Standard
186,Anna,Hoffmann,anna.hoffmann186@example.com,Duesseldorf,Germany,2025-02-07,Premium
187,Nina,Wagner,nina.wagner187@example.com,Essen,Germany,2023-06-05,Premium
188,Nina,Becker,nina.becker188@example.com,Dresden,Germany,2023-07-28,Standard
189,Clara,Hoffmann,clara.hoffmann189@example.com,Hanover,Germany,2023-09-05,Standard
190,Sarah,Schmidt,sarah.schmidt190@example.com,Dortmund,Germany,2024-12-12,Standard
191,Jonas,Bauer,jonas.bauer191@example.com,Dortmund,Germany,2023-05-22,Standard
192,Lea,Koch,lea.koch192@example.com,Nuremberg,Germany,2023-01-26,Premium
193,Jonas,Schroeder,jonas.schroeder193@example.com,Duesseldorf,Germany,2023-08-05,Business
194,Felix,Wolf,felix.wolf194@example.com,Duesseldorf,Germany,2023-11-10,Standard
195,Ben,Neumann,ben.neumann195@example.com,Essen,Germany,2024-07-07,Standard
196,Finn,Schroeder,finn.schroeder196@example.com,Duesseldorf,Germany,2025-08-10,Standard
197,Tom,Zimmermann,tom.zimmermann197@example.com,Stuttgart,Germany,2024-07-03,Premium
198,Leon,Schneider,leon.schneider198@example.com,Duisburg,Germany,2024-07-25,Premium
199,Marie,Becker,marie.becker199@example.com,Essen,Germany,2025-08-09,Premium
200,Niklas,Richter,niklas.richter200@example.com,Berlin,Germany,2024-11-19,Premium
201,Tim,Koch,tim.koch201@example.com,Leipzig,Germany,2024-01-08,Standard
202,Emma,Bauer,emma.bauer202@example.com,Stuttgart,Germany,2024-06-13,Standard
203,Hannah,Braun,hannah.braun203@example.com,Dortmund,Germany,2024-07-19,Standard
204,Anna,Neumann,anna.neumann204@example.com,Hamburg,Germany,2024-01-27,Premium
205,Leon,Klein,leon.klein205@example.com,Dortmund,Germany,2025-09-27,Standard
206,Clara,Becker,clara.becker206@example.com,Bremen,Germany,2025-09-02,Standard
207,Nina,Schroeder,nina.schroeder207@example.com,Hanover,Germany,2025-07-06,Standard
208,Anna,Schneider,anna.schneider208@example.com,Cologne,Germany,2024-08-25,Premium
209,Laura,Becker,laura.becker209@example.com,Bremen,Germany,2024-09-19,Standard
210,Sarah,Bauer,sarah.bauer210@example.com,Dortmund,Germany,2025-08-27,Standard
211,Julia,Bauer,julia.bauer211@example.com,Dresden,Germany,2025-05-21,Standard
212,Finn,Koch,finn.koch212@example.com,Dresden,Germany,2024-12-21,Premium
213,Marie,Schulz,marie.schulz213@example.com,Frankfurt,Germany,2024-09-19,Premium
214,Leon,Fischer,leon.fischer214@example.com,Stuttgart,Germany,2024-01-30,Standard
215,Paul,Schwarz,paul.schwarz215@example.com,Cologne,Germany,2024-01-15,Premium
216,Emma,Schroeder,emma.schroeder216@example.com,Dresden,Germany,2024-07-20,Standard
217,Sarah,Neumann,sarah.neumann217@example.com,Hamburg,Germany,2024-08-02,Standard
218,Emma,Hoffmann,emma.hoffmann218@example.com,Stuttgart,Germany,2024-04-10,Premium
219,Ben,Hoffmann,ben.hoffmann219@example.com,Dresden,Germany,2023-01-29,Standard
220,Finn,Weber,finn.weber220@example.com,Berlin,Germany,2024-07-15,Premium
221,Max,Schwarz,max.schwarz221@example.com,Dresden,Germany,2024-08-21,Premium
222,Mia,Schroeder,mia.schroeder222@example.com,Nuremberg,Germany,2023-07-30,Standard
223,Anna,Zimmermann,anna.zimmermann223@example.com,Leipzig,Germany,2024-08-05,Standard
224,Tim,Wolf,tim.wolf224@example.com,Munich,Germany,2024-11-28,Standard
225,Max,Schulz,max.schulz225@example.com,Hamburg,Germany,2025-09-05,Standard
226,Lena,Richter,lena.richter226@example.com,Hamburg,Germany,2025-10-04,Standard
227,Sarah,Schmidt,sarah.schmidt227@example.com,Munich,Germany,2023-11-07,Business
228,Sarah,Hoffmann,sarah.hoffmann228@example.com,Cologne,Germany,2023-06-24,Standard
229,Paul,Schwarz,paul.schwarz229@example.com,Essen,Germany,2025-05-02,Premium
230,Niklas,Braun,niklas.braun230@example.com,Hanover,Germany,2024-04-07,Standard
231,Julia,Richter,julia.richter231@example.com,Duisburg,Germany,2025-07-11,Premium
232,Marie,Hoffmann,marie.hoffmann232@example.com,Frankfurt,Germany,2025-05-28,Standard
233,Sarah,Braun,sarah.braun233@example.com,Essen,Germany,2023-05-04,Standard
234,Tom,Fischer,tom.fischer234@example.com,Bremen,Germany,2024-03-01,Standard
235,Emma,Schulz,emma.schulz235@example.com,Munich,Germany,2023-06-16,Standard
236,Leon,Meyer,leon.meyer236@example.com,Munich,Germany,2023-06-03,Premium
237,Anna,Klein,anna.klein237@example.com,Dresden,Germany,2025-07-11,Standard
238,Niklas,Schroeder,niklas.schroeder238@example.com,Berlin,Germany,2024-08-19,Standard
239,Leon,Hoffmann,leon.hoffmann239@example.com,Dresden,Germany,2024-08-02,Standard
240,Marie,Schneider,marie.schneider240@example.com,Duisburg,Germany,2024-04-23,Standard
241,Hannah,Zimmermann,hannah.zimmermann241@example.com,Duesseldorf,Germany,2024-02-10,Business
242,Paul,Schwarz,paul.schwarz242@example.com,Bremen,Germany,2024-04-05,Business
243,Mia,Schulz,mia.schulz243@example.com,Hamburg,Germany,2023-10-19,Business
244,Max,Meyer,max.meyer244@example.com,Essen,Germany,2024-09-21,Standard
245,Tom,Zimmermann,tom.zimmermann245@example.com,Leipzig,Germany,2024-08-14,Standard
246,Paul,Wolf,paul.wolf246@example.com,Dresden,Germany,2024-09-14,Business
247,Laura,Schulz,laura.schulz247@example.com,Dortmund,Germany,2025-10-21,Standard
248,Tim,Wolf,tim.wolf248@example.com,Essen,Germany,2023-06-14,Business
249,Max,Klein,max.klein249@example.com,Essen,Germany,2024-10-22,Business
250,Hannah,Mueller,hannah.mueller250@example.com,Cologne,Germany,2023-07-07,Premium
251,David,Zimmermann,david.zimmermann251@example.com,Hanover,Germany,2023-02-12,Standard
252,David,Schulz,david.schulz252@example.com,Hanover,Germany,2023-03-24,Standard
253,Clara,Meyer,clara.meyer253@example.com,Dortmund,Germany,2025-08-21,Premium
254,Lea,Wolf,lea.wolf254@example.com,Munich,Germany,2024-07-23,Standard
255,Sarah,Klein,sarah.klein255@example.com,Hamburg,Germany,2025-10-04,Standard
256,Tim,Bauer,tim.bauer256@example.com,Stuttgart,Germany,2025-04-16,Standard
257,Sophie,Fischer,sophie.fischer257@example.com,Stuttgart,Germany,2023-11-26,Business
258,Jonas,Schroeder,jonas.schroeder258@example.com,Bremen,Germany,2024-08-13,Premium
259,Laura,Schwarz,laura.schwarz259@example.com,Leipzig,Germany,2023-03-17,Standard
260,Lena,Koch,lena.koch260@example.com,Stuttgart,Germany,2024-05-31,Standard
261,Paul,Richter,paul.richter261@example.com,Nuremberg,Germany,2025-11-19,Standard
262,Anna,Schwarz,anna.schwarz262@example.com,Duesseldorf,Germany,2025-08-04,Business
263,Max,Wagner,max.wagner263@example.com,Stuttgart,Germany,2025-11-27,Standard
264,Niklas,Schroeder,niklas.schroeder264@example.com,Hanover,Germany,2025-06-24,Standard
265,Max,Wagner,max.wagner265@example.com,Dortmund,Germany,2024-06-30,Premium
266,Mia,Hoffmann,mia.hoffmann266@example.com,Duisburg,Germany,2025-06-16,Premium
267,Nina,Schroeder,nina.schroeder267@example.com,Berlin,Germany,2023-09-06,Premium
268,Lea,Braun,lea.braun268@example.com,Dresden,Germany,2024-05-05,Premium
269,Ben,Hoffmann,ben.hoffmann269@example.com,Dortmund,Germany,2023-01-29,Standard
270,Jonas,Schneider,jonas.schneider270@example.com,Nuremberg,Germany,2024-04-05,Standard
271,Paul,Wolf,paul.wolf271@example.com,Bremen,Germany,2023-08-29,Premium
272,Mia,Schroeder,mia.schroeder272@example.com,Dortmund,Germany,2024-08-20,Premium
273,Nina,Schulz,nina.schulz273@example.com,Nuremberg,Germany,2025-04-30,Premium
274,Tim,Schroeder,tim.schroeder274@example.com,Leipzig,Germany,2024-05-14,Business
275,Finn,Weber,finn.weber275@example.com,Cologne,Germany,2025-02-24,Standard
276,Niklas,Neumann,niklas.neumann276@example.com,Nuremberg,Germany,2023-10-07,Standard
277,Lena,Schulz,lena.schulz277@example.com,Stuttgart,Germany,2025-04-29,Premium
278,Julia,Schulz,julia.schulz278@example.com,Frankfurt,Germany,2023-01-06,Standard
279,Tom,Hoffmann,tom.hoffmann279@example.com,Nuremberg,Germany,2025-09-29,Premium
280,Mia,Wolf,mia.wolf280@example.com,Stuttgart,Germany,2025-09-18,Premium
281,Sophie,Schwarz,sophie.schwarz281@example.com,Leipzig,Germany,2025-02-11,Premium
282,Sophie,Wagner,sophie.wagner282@example.com,Essen,Germany,2024-05-04,Standard
283,Laura,Becker,laura.becker283@example.com,Berlin,Germany,2025-04-21,Standard
284,Sophie,Schroeder,sophie.schroeder284@example.com,Duesseldorf,Germany,2025-02-19,Standard
285,David,Weber,david.weber285@example.com,Berlin,Germany,2025-10-11,Standard
286,Mia,Neumann,mia.neumann286@example.com,Nuremberg,Germany,2024-11-10,Standard
287,Paul,Wolf,paul.wolf287@example.com,Dortmund,Germany,2023-07-24,Standard
288,Marie,Mueller,marie.mueller288@example.com,Duesseldorf,Germany,2023-10-23,Standard
289,Lea,Weber,lea.weber289@example.com,Leipzig,Germany,2023-06-03,Standard
290,Hannah,Koch,hannah.koch290@example.com,Bremen,Germany,2025-03-25,Standard
291,Lena,Koch,lena.koch291@example.com,Duesseldorf,Germany,2025-12-28,Standard
292,Sophie,Schroeder,sophie.schroeder292@example.com,Essen,Germany,2023-03-15,Standard
293,Lena,Becker,lena.becker293@example.com,Cologne,Germany,2024-08-11,Premium
294,Tom,Schneider,tom.schneider294@example.com,Hamburg,Germany,2025-06-07,Standard
295,Clara,Fischer,clara.fischer295@example.com,Munich,Germany,2025-06-27,Standard
296,Nina,Hoffmann,nina.hoffmann296@example.com,Berlin,Germany,2023-03-01,Standard
297,Sophie,Schmidt,sophie.schmidt297@example.com,Stuttgart,Germany,2024-08-23,Premium
298,Felix,Klein,felix.klein298@example.com,Cologne,Germany,2023-10-26,Standard
299,Julia,Klein,julia.klein299@example.com,Munich,Germany,2024-01-04,Standard
300,Ben,Schneider,ben.schneider300@example.com,Essen,Germany,2025-02-22,Standard
301,David,Becker,david.becker301@example.com,Duisburg,Germany,2025-10-16,Standard
302,Sarah,Weber,sarah.weber302@example.com,Leipzig,Germany,2024-04-20,Standard
303,Lea,Schulz,lea.schulz303@example.com,Frankfurt,Germany,2025-07-30,Standard
304,David,Mueller,david.mueller304@example.com,Duisburg,Germany,2025-08-10,Standard
305,Lukas,Schwarz,lukas.schwarz305@example.com,Hamburg,Germany,2023-11-20,Premium
306,Marie,Bauer,marie.bauer306@example.com,Bremen,Germany,2024-09-04,Business
307,Jonas,Schulz,jonas.schulz307@example.com,Nuremberg,Germany,2025-07-24,Standard
308,Lukas,Wagner,lukas.wagner308@example.com,Nuremberg,Germany,2025-02-26,Standard
309,Tim,Fischer,tim.fischer309@example.com,Duesseldorf,Germany,2024-04-30,Premium
310,Sarah,Bauer,sarah.bauer310@example.com,Dresden,Germany,2024-08-28,Standard
311,Lukas,Mueller,lukas.mueller311@example.com,Frankfurt,Germany,2025-03-21,Standard
312,Anna,Zimmermann,anna.zimmermann312@example.com,Duisburg,Germany,2023-04-11,Standard
313,Niklas,Schroeder,niklas.schroeder313@example.com,Hanover,Germany,2024-08-09,Standard
314,Leon,Braun,leon.braun314@example.com,Cologne,Germany,2024-12-22,Business
315,Lea,Wagner,lea.wagner315@example.com,Bremen,Germany,2024-05-28,Premium
316,Clara,Weber,clara.weber316@example.com,Duisburg,Germany,2023-07-18,Premium
317,Lea,Schmidt,lea.schmidt317@example.com,Hanover,Germany,2024-09-24,Standard
318,Marie,Schmidt,marie.schmidt318@example.com,Dresden,Germany,2025-01-17,Standard
319,Mia,Schneider,mia.schneider319@example.com,Stuttgart,Germany,2024-08-27,Standard
320,Tom,Klein,tom.klein320@example.com,Cologne,Germany,2023-12-26,Standard
321,Mia,Schwarz,mia.schwarz321@example.com,Dortmund,Germany,2025-01-19,Standard
322,Julia,Schulz,julia.schulz322@example.com,Frankfurt,Germany,2023-12-03,Premium
323,Tim,Hoffmann,tim.hoffmann323@example.com,Hanover,Germany,2024-11-24,Premium
324,Paul,Wolf,paul.wolf324@example.com,Munich,Germany,2023-06-04,Standard
325,Clara,Becker,clara.becker325@example.com,Nuremberg,Germany,2025-03-24,Business
326,Finn,Bauer,finn.bauer326@example.com,Hanover,Germany,2023-07-04,Premium
327,Laura,Mueller,laura.mueller327@example.com,Dortmund,Germany,2024-06-25,Standard
328,Paul,Wolf,paul.wolf328@example.com,Bremen,Germany,2025-01-24,Standard
329,Tom,Schulz,tom.schulz329@example.com,Nuremberg,Germany,2025-02-19,Standard
330,Lea,Bauer,lea.bauer330@example.com,Bremen,Germany,2023-08-10,Standard
331,Leon,Schroeder,leon.schroeder331@example.com,Essen,Germany,2023-02-21,Standard
332,Finn,Koch,finn.koch332@example.com,Bremen,Germany,2024-03-29,Premium
333,Lena,Wolf,lena.wolf333@example.com,Bremen,Germany,2024-09-10,Standard
334,Jonas,Fischer,jonas.fischer334@example.com,Berlin,Germany,2023-10-14,Standard
335,Max,Hoffmann,max.hoffmann335@example.com,Hamburg,Germany,2025-10-05,Standard
336,Paul,Becker,paul.becker336@example.com,Duesseldorf,Germany,2023-10-05,Standard
337,Marie,Bauer,marie.bauer337@example.com,Essen,Germany,2025-05-08,Premium
338,Tom,Weber,tom.weber338@example.com,Bremen,Germany,2025-04-29,Premium
339,Paul,Schroeder,paul.schroeder339@example.com,Frankfurt,Germany,2025-04-15,Standard
340,Max,Bauer,max.bauer340@example.com,Leipzig,Germany,2024-03-20,Standard
341,Marie,Becker,marie.becker341@example.com,Hamburg,Germany,2025-01-12,Standard
342,David,Bauer,david.bauer342@example.com,Berlin,Germany,2025-01-04,Standard
343,Laura,Schulz,laura.schulz343@example.com,Hamburg,Germany,2024-01-24,Standard
344,Marie,Schneider,marie.schneider344@example.com,Bremen,Germany,2024-03-10,Standard
345,Lea,Braun,lea.braun345@example.com,Berlin,Germany,2023-02-13,Standard
346,Sophie,Becker,sophie.becker346@example.com,Hanover,Germany,2023-09-15,Standard
347,Sarah,Wagner,sarah.wagner347@example.com,Nuremberg,Germany,2023-05-21,Standard
348,Clara,Schwarz,clara.schwarz348@example.com,Essen,Germany,2024-02-29,Standard
349,Emma,Becker,emma.becker349@example.com,Hanover,Germany,2024-11-03,Standard
350,Mia,Braun,mia.braun350@example.com,Frankfurt,Germany,2023-01-06,Standard
351,Mia,Weber,mia.weber351@example.com,Hanover,Germany,2024-05-28,Standard
352,Ben,Fischer,ben.fischer352@example.com,Munich,Germany,2023-02-22,Premium
353,Anna,Bauer,anna.bauer353@example.com,Essen,Germany,2024-05-02,Premium
354,Sophie,Mueller,sophie.mueller354@example.com,Frankfurt,Germany,2023-12-23,Standard
355,Max,Weber,max.weber355@example.com,Dortmund,Germany,2025-05-12,Standard
356,Paul,Schneider,paul.schneider356@example.com,Leipzig,Germany,2025-09-02,Standard
357,Clara,Bauer,clara.bauer357@example.com,Essen,Germany,2025-11-17,Standard
358,Paul,Wolf,paul.wolf358@example.com,Cologne,Germany,2025-10-28,Standard
359,Niklas,Schmidt,niklas.schmidt359@example.com,Frankfurt,Germany,2025-12-03,Business
360,Marie,Mueller,marie.mueller360@example.com,Leipzig,Germany,2023-05-05,Standard
361,Laura,Klein,laura.klein361@example.com,Leipzig,Germany,2023-08-10,Standard
362,Nina,Wolf,nina.wolf362@example.com,Duisburg,Germany,2023-05-31,Standard
363,Lena,Koch,lena.koch363@example.com,Hamburg,Germany,2023-10-31,Standard
364,Mia,Schulz,mia.schulz364@example.com,Duesseldorf,Germany,2024-10-27,Standard
365,Niklas,Neumann,niklas.neumann365@example.com,Leipzig,Germany,2024-08-26,Business
366,Julia,Braun,julia.braun366@example.com,Hamburg,Germany,2025-05-31,Standard
367,Nina,Fischer,nina.fischer367@example.com,Duesseldorf,Germany,2024-03-16,Business
368,Marie,Becker,marie.becker368@example.com,Stuttgart,Germany,2025-04-27,Business
369,Marie,Richter,marie.richter369@example.com,Dresden,Germany,2025-05-01,Standard
370,Paul,Koch,paul.koch370@example.com,Stuttgart,Germany,2025-05-24,Standard
371,David,Schulz,david.schulz371@example.com,Munich,Germany,2025-02-05,Standard
372,David,Schroeder,david.schroeder372@example.com,Hamburg,Germany,2023-05-18,Standard
373,Lena,Schneider,lena.schneider373@example.com,Hamburg,Germany,2025-06-03,Standard
374,Tom,Bauer,tom.bauer374@example.com,Dortmund,Germany,2023-09-24,Premium
375,Max,Zimmermann,max.zimmermann375@example.com,Bremen,Germany,2024-11-06,Standard
376,Paul,Klein,paul.klein376@example.com,Nuremberg,Germany,2024-12-25,Standard
377,David,Klein,david.klein377@example.com,Frankfurt,Germany,2023-04-16,Premium
378,Niklas,Hoffmann,niklas.hoffmann378@example.com,Hamburg,Germany,2024-12-21,Standard
379,Sarah,Neumann,sarah.neumann379@example.com,Munich,Germany,2024-03-11,Premium
380,David,Schroeder,david.schroeder380@example.com,Nuremberg,Germany,2024-04-04,Standard
381,Paul,Bauer,paul.bauer381@example.com,Hamburg,Germany,2025-01-22,Standard
382,Clara,Schulz,clara.schulz382@example.com,Hanover,Germany,2024-04-08,Premium
383,Jonas,Schwarz,jonas.schwarz383@example.com,Essen,Germany,2023-02-23,Standard
384,David,Schulz,david.schulz384@example.com,Munich,Germany,2023-03-01,Premium
385,Hannah,Hoffmann,hannah.hoffmann385@example.com,Stuttgart,Germany,2024-11-26,Premium
386,Anna,Meyer,anna.meyer386@example.com,Essen,Germany,2023-10-21,Premium
387,David,Richter,david.richter387@example.com,Munich,Germany,2023-05-23,Standard
388,Tom,Mueller,tom.mueller388@example.com,Dresden,Germany,2023-07-07,Standard
389,Julia,Wagner,julia.wagner389@example.com,Duesseldorf,Germany,2025-02-09,Premium
390,Marie,Koch,marie.koch390@example.com,Stuttgart,Germany,2023-11-19,Premium
391,Lukas,Koch,lukas.koch391@example.com,Duisburg,Germany,2023-06-23,Business
392,Max,Weber,max.weber392@example.com,Hanover,Germany,2023-11-19,Standard
393,Niklas,Schmidt,niklas.schmidt393@example.com,Frankfurt,Germany,2023-06-17,Standard
394,Marie,Klein,marie.klein394@example.com,Essen,Germany,2025-09-21,Premium
395,Marie,Klein,marie.klein395@example.com,Cologne,Germany,2024-07-13,Standard
396,Clara,Neumann,clara.neumann396@example.com,Stuttgart,Germany,2023-08-22,Business
397,Jonas,Fischer,jonas.fischer397@example.com,Bremen,Germany,2024-08-03,Premium
398,David,Zimmermann,david.zimmermann398@example.com,Dortmund,Germany,2025-09-23,Standard
399,David,Hoffmann,david.hoffmann399@example.com,Cologne,Germany,2023-04-04,Premium
400,Laura,Braun,laura.braun400@example.com,Berlin,Germany,2023-04-23,Premium
401,Emma,Hoffmann,emma.hoffmann401@example.com,Hanover,Germany,2024-03-08,Standard
402,Mia,Schulz,mia.schulz402@example.com,Stuttgart,Germany,2024-08-15,Business
403,Paul,Mueller,paul.mueller403@example.com,Dresden,Germany,2025-10-15,Standard
404,Jonas,Meyer,jonas.meyer404@example.com,Duesseldorf,Germany,2023-09-22,Premium
405,Finn,Becker,finn.becker405@example.com,Dortmund,Germany,2025-10-21,Standard
406,David,Bauer,david.bauer406@example.com,Duesseldorf,Germany,2023-05-28,Premium
407,Tom,Schmidt,tom.schmidt407@example.com,Berlin,Germany,2025-06-12,Standard
408,Marie,Schneider,marie.schneider408@example.com,Essen,Germany,2024-10-03,Standard
409,Jonas,Zimmermann,jonas.zimmermann409@example.com,Dresden,Germany,2025-04-08,Business
410,Lea,Klein,lea.klein410@example.com,Hamburg,Germany,2024-08-15,Standard
411,Laura,Mueller,laura.mueller411@example.com,Munich,Germany,2024-10-27,Standard
412,Niklas,Wolf,niklas.wolf412@example.com,Hamburg,Germany,2025-01-11,Business
413,Jonas,Fischer,jonas.fischer413@example.com,Duesseldorf,Germany,2024-05-13,Business
414,Sarah,Richter,sarah.richter414@example.com,Hamburg,Germany,2025-12-09,Standard
415,Laura,Hoffmann,laura.hoffmann415@example.com,Cologne,Germany,2024-11-26,Standard
416,Sophie,Meyer,sophie.meyer416@example.com,Dortmund,Germany,2023-06-06,Standard
417,Lea,Fischer,lea.fischer417@example.com,Dortmund,Germany,2025-12-22,Standard
418,Emma,Bauer,emma.bauer418@example.com,Dresden,Germany,2024-12-20,Standard
419,Lea,Weber,lea.weber419@example.com,Hamburg,Germany,2024-04-28,Premium
420,Mia,Schulz,mia.schulz420@example.com,Munich,Germany,2024-02-09,Premium
421,Niklas,Weber,niklas.weber421@example.com,Munich,Germany,2023-06-04,Premium
422,Clara,Schroeder,clara.schroeder422@example.com,Hanover,Germany,2025-08-08,Premium
423,Sarah,Zimmermann,sarah.zimmermann423@example.com,Bremen,Germany,2025-07-08,Standard
424,Sarah,Braun,sarah.braun424@example.com,Nuremberg,Germany,2024-10-23,Standard
425,Lea,Koch,lea.koch425@example.com,Leipzig,Germany,2023-11-06,Standard
426,Lena,Schroeder,lena.schroeder426@example.com,Bremen,Germany,2025-06-24,Standard
427,Lukas,Schulz,lukas.schulz427@example.com,Stuttgart,Germany,2023-04-26,Standard
428,Julia,Schneider,julia.schneider428@example.com,Leipzig,Germany,2024-09-27,Premium
429,Marie,Schmidt,marie.schmidt429@example.com,Stuttgart,Germany,2023-04-27,Standard
430,Lukas,Schneider,lukas.schneider430@example.com,Essen,Germany,2023-07-04,Standard
431,Niklas,Neumann,niklas.neumann431@example.com,Leipzig,Germany,2025-02-26,Standard
432,Sarah,Schwarz,sarah.schwarz432@example.com,Leipzig,Germany,2023-03-26,Premium
433,Sarah,Wagner,sarah.wagner433@example.com,Essen,Germany,2024-10-20,Standard
434,Tim,Neumann,tim.neumann434@example.com,Berlin,Germany,2023-11-05,Standard
435,Marie,Fischer,marie.fischer435@example.com,Dresden,Germany,2024-12-04,Standard
436,Lena,Neumann,lena.neumann436@example.com,Berlin,Germany,2023-12-20,Premium
437,Leon,Wolf,leon.wolf437@example.com,Dortmund,Germany,2025-06-18,Standard
438,Julia,Braun,julia.braun438@example.com,Stuttgart,Germany,2023-11-22,Premium
439,Felix,Hoffmann,felix.hoffmann439@example.com,Duesseldorf,Germany,2025-03-04,Premium
440,Clara,Koch,clara.koch440@example.com,Hanover,Germany,2023-04-18,Standard
441,Lea,Koch,lea.koch441@example.com,Stuttgart,Germany,2023-05-15,Standard
442,Paul,Schwarz,paul.schwarz442@example.com,Frankfurt,Germany,2025-03-02,Business
443,Hannah,Braun,hannah.braun443@example.com,Stuttgart,Germany,2023-11-04,Standard
444,Lena,Zimmermann,lena.zimmermann444@example.com,Duisburg,Germany,2023-10-17,Standard
445,Felix,Hoffmann,felix.hoffmann445@example.com,Munich,Germany,2025-03-13,Premium
446,Niklas,Schneider,niklas.schneider446@example.com,Dortmund,Germany,2024-09-26,Business
447,Laura,Koch,laura.koch447@example.com,Bremen,Germany,2023-09-19,Business
448,Nina,Neumann,nina.neumann448@example.com,Bremen,Germany,2023-07-11,Premium
449,David,Klein,david.klein449@example.com,Stuttgart,Germany,2025-11-07,Standard
450,Anna,Bauer,anna.bauer450@example.com,Munich,Germany,2024-09-24,Standard
451,Emma,Koch,emma.koch451@example.com,Cologne,Germany,2025-09-22,Premium
452,Leon,Weber,leon.weber452@example.com,Hamburg,Germany,2023-11-14,Standard
453,Lukas,Fischer,lukas.fischer453@example.com,Hanover,Germany,2025-11-05,Standard
454,Finn,Neumann,finn.neumann454@example.com,Bremen,Germany,2023-03-19,Business
455,Sophie,Braun,sophie.braun455@example.com,Essen,Germany,2023-09-26,Standard
456,Laura,Weber,laura.weber456@example.com,Munich,Germany,2023-11-29,Standard
457,Nina,Braun,nina.braun457@example.com,Dresden,Germany,2023-12-06,Standard
458,Marie,Schmidt,marie.schmidt458@example.com,Stuttgart,Germany,2025-04-21,Standard
459,David,Becker,david.becker459@example.com,Essen,Germany,2025-06-28,Standard
460,Lukas,Wolf,lukas.wolf460@example.com,Dortmund,Germany,2024-04-24,Standard
461,Leon,Hoffmann,leon.hoffmann461@example.com,Duisburg,Germany,2025-08-18,Standard
462,Emma,Bauer,emma.bauer462@example.com,Leipzig,Germany,2025-06-21,Standard
463,Clara,Hoffmann,clara.hoffmann463@example.com,Dortmund,Germany,2025-02-21,Premium
464,Julia,Klein,julia.klein464@example.com,Nuremberg,Germany,2023-11-28,Standard
465,Emma,Braun,emma.braun465@example.com,Nuremberg,Germany,2023-10-11,Business
466,Hannah,Schmidt,hannah.schmidt466@example.com,Nuremberg,Germany,2025-09-11,Standard
467,Felix,Schwarz,felix.schwarz467@example.com,Dresden,Germany,2023-07-30,Standard
468,Julia,Fischer,julia.fischer468@example.com,Hamburg,Germany,2024-08-06,Premium
469,Clara,Meyer,clara.meyer469@example.com,Leipzig,Germany,2024-07-12,Standard
470,Julia,Weber,julia.weber470@example.com,Hamburg,Germany,2025-06-14,Business
471,Leon,Wolf,leon.wolf471@example.com,Duisburg,Germany,2024-12-16,Standard
472,Anna,Klein,anna.klein472@example.com,Duesseldorf,Germany,2023-04-20,Business
473,Julia,Bauer,julia.bauer473@example.com,Duesseldorf,Germany,2024-04-27,Standard
474,Lena,Bauer,lena.bauer474@example.com,Berlin,Germany,2024-04-04,Premium
475,Sophie,Fischer,sophie.fischer475@example.com,Hanover,Germany,2024-11-17,Standard
476,Mia,Weber,mia.weber476@example.com,Frankfurt,Germany,2023-03-20,Business
477,Tim,Weber,tim.weber477@example.com,Leipzig,Germany,2025-08-18,Standard
478,Niklas,Mueller,niklas.mueller478@example.com,Berlin,Germany,2023-06-12,Standard
479,Hannah,Wagner,hannah.wagner479@example.com,Dortmund,Germany,2023-11-03,Business
480,Tom,Braun,tom.braun480@example.com,Duesseldorf,Germany,2025-12-16,Standard
481,Paul,Hoffmann,paul.hoffmann481@example.com,Frankfurt,Germany,2024-05-01,Standard
482,Paul,Schmidt,paul.schmidt482@example.com,Duesseldorf,Germany,2024-05-03,Premium
483,Lea,Braun,lea.braun483@example.com,Hamburg,Germany,2025-07-25,Standard
484,Paul,Schroeder,paul.schroeder484@example.com,Bremen,Germany,2023-02-03,Standard
485,Julia,Zimmermann,julia.zimmermann485@example.com,Dresden,Germany,2024-05-10,Standard
486,Mia,Hoffmann,mia.hoffmann486@example.com,Berlin,Germany,2025-05-29,Business
487,Niklas,Bauer,niklas.bauer487@example.com,Essen,Germany,2024-05-07,Standard
488,Jonas,Meyer,jonas.meyer488@example.com,Dortmund,Germany,2023-06-25,Standard
489,Felix,Schneider,felix.schneider489@example.com,Dortmund,Germany,2025-12-13,Business
490,Julia,Neumann,julia.neumann490@example.com,Duesseldorf,Germany,2023-02-11,Premium
491,Tim,Schmidt,tim.schmidt491@example.com,Stuttgart,Germany,2025-03-03,Standard
492,Hannah,Mueller,hannah.mueller492@example.com,Hanover,Germany,2025-01-01,Standard
493,Lena,Bauer,lena.bauer493@example.com,Dresden,Germany,2024-05-08,Standard
494,David,Fischer,david.fischer494@example.com,Munich,Germany,2024-11-11,Standard
495,Max,Bauer,max.bauer495@example.com,Nuremberg,Germany,2024-11-24,Standard
496,Lea,Meyer,lea.meyer496@example.com,Dresden,Germany,2025-08-09,Standard
497,Tim,Meyer,tim.meyer497@example.com,Hamburg,Germany,2023-10-04,Standard
498,Nina,Wolf,nina.wolf498@example.com,Frankfurt,Germany,2023-03-17,Standard
499,Emma,Schmidt,emma.schmidt499@example.com,Duisburg,Germany,2024-02-13,Business
500,Max,Koch,max.koch500@example.com,Dortmund,Germany,2024-09-27,Business
501,Laura,Schwarz,laura.schwarz501@example.com,Frankfurt,Germany,2025-08-27,Premium
502,Max,Wagner,max.wagner502@example.com,Stuttgart,Germany,2024-08-08,Standard
503,Clara,Schmidt,clara.schmidt503@example.com,Frankfurt,Germany,2024-11-10,Standard
504,Paul,Bauer,paul.bauer504@example.com,Duisburg,Germany,2025-06-13,Premium
505,Laura,Wolf,laura.wolf505@example.com,Stuttgart,Germany,2025-03-02,Premium
506,Ben,Schroeder,ben.schroeder506@example.com,Stuttgart,Germany,2025-10-15,Standard
507,Julia,Schulz,julia.schulz507@example.com,Dresden,Germany,2023-06-19,Business
508,Jonas,Schneider,jonas.schneider508@example.com,Essen,Germany,2025-05-31,Premium
509,Ben,Schwarz,ben.schwarz509@example.com,Stuttgart,Germany,2024-08-24,Business
510,Paul,Schneider,paul.schneider510@example.com,Bremen,Germany,2024-11-02,Premium
511,Lukas,Hoffmann,lukas.hoffmann511@example.com,Essen,Germany,2025-07-02,Standard
512,Nina,Klein,nina.klein512@example.com,Dresden,Germany,2023-12-08,Standard
513,Marie,Bauer,marie.bauer513@example.com,Berlin,Germany,2025-07-04,Business
514,Tom,Bauer,tom.bauer514@example.com,Frankfurt,Germany,2025-06-09,Premium
515,Lea,Schmidt,lea.schmidt515@example.com,Bremen,Germany,2023-06-03,Standard
516,Lea,Richter,lea.richter516@example.com,Dortmund,Germany,2025-01-14,Standard
517,Tom,Meyer,tom.meyer517@example.com,Munich,Germany,2023-03-05,Standard
518,Niklas,Wolf,niklas.wolf518@example.com,Munich,Germany,2023-03-13,Premium
519,Lena,Becker,lena.becker519@example.com,Stuttgart,Germany,2025-01-20,Business
520,Laura,Zimmermann,laura.zimmermann520@example.com,Essen,Germany,2023-03-08,Standard
521,Mia,Wolf,mia.wolf521@example.com,Stuttgart,Germany,2025-01-29,Standard
522,Marie,Schneider,marie.schneider522@example.com,Dortmund,Germany,2023-10-09,Standard
523,Felix,Richter,felix.richter523@example.com,Bremen,Germany,2024-10-05,Business
524,Hannah,Becker,hannah.becker524@example.com,Berlin,Germany,2023-08-21,Premium
525,Tom,Meyer,tom.meyer525@example.com,Dortmund,Germany,2025-10-19,Premium
526,Laura,Schwarz,laura.schwarz526@example.com,Frankfurt,Germany,2023-08-30,Standard
527,Clara,Schulz,clara.schulz527@example.com,Cologne,Germany,2025-07-02,Standard
528,Niklas,Hoffmann,niklas.hoffmann528@example.com,Cologne,Germany,2025-10-02,Standard
529,Paul,Weber,paul.weber529@example.com,Leipzig,Germany,2023-06-01,Standard
530,Ben,Wolf,ben.wolf530@example.com,Hanover,Germany,2023-06-29,Premium
531,David,Koch,david.koch531@example.com,Dresden,Germany,2024-12-12,Premium
532,Lena,Schwarz,lena.schwarz532@example.com,Duisburg,Germany,2024-08-17,Business
533,Lukas,Meyer,lukas.meyer533@example.com,Hanover,Germany,2023-12-23,Business
534,Felix,Neumann,felix.neumann534@example.com,Hamburg,Germany,2024-04-04,Standard
535,Emma,Weber,emma.weber535@example.com,Hanover,Germany,2024-04-29,Premium
536,Tim,Mueller,tim.mueller536@example.com,Dortmund,Germany,2025-01-09,Business
537,Sarah,Bauer,sarah.bauer537@example.com,Hanover,Germany,2025-08-15,Premium
538,Finn,Weber,finn.weber538@example.com,Hamburg,Germany,2023-06-26,Standard
539,Lukas,Richter,lukas.richter539@example.com,Dortmund,Germany,2025-09-07,Standard
540,Jonas,Klein,jonas.klein540@example.com,Munich,Germany,2023-06-01,Standard
541,Sophie,Schneider,sophie.schneider541@example.com,Leipzig,Germany,2025-07-10,Business
542,David,Neumann,david.neumann542@example.com,Munich,Germany,2024-12-06,Standard
543,Clara,Schwarz,clara.schwarz543@example.com,Hanover,Germany,2024-01-08,Standard
544,Mia,Klein,mia.klein544@example.com,Duisburg,Germany,2025-10-26,Premium
545,Max,Fischer,max.fischer545@example.com,Munich,Germany,2025-11-27,Standard
546,Lukas,Meyer,lukas.meyer546@example.com,Stuttgart,Germany,2023-11-28,Standard
547,Nina,Becker,nina.becker547@example.com,Dortmund,Germany,2024-12-09,Standard
548,Lukas,Schneider,lukas.schneider548@example.com,Cologne,Germany,2024-05-28,Premium
549,Lea,Schwarz,lea.schwarz549@example.com,Munich,Germany,2024-07-16,Standard
550,Lea,Hoffmann,lea.hoffmann550@example.com,Hamburg,Germany,2025-12-28,Premium
551,Julia,Meyer,julia.meyer551@example.com,Munich,Germany,2023-11-12,Standard
552,David,Braun,david.braun552@example.com,Nuremberg,Germany,2024-11-22,Premium
553,Sarah,Schmidt,sarah.schmidt553@example.com,Hamburg,Germany,2023-02-28,Standard
554,Max,Zimmermann,max.zimmermann554@example.com,Bremen,Germany,2024-06-26,Standard
555,Emma,Zimmermann,emma.zimmermann555@example.com,Essen,Germany,2025-05-03,Premium
556,Lea,Mueller,lea.mueller556@example.com,Duisburg,Germany,2025-10-16,Standard
557,Lea,Schwarz,lea.schwarz557@example.com,Bremen,Germany,2024-08-16,Standard
558,Lukas,Schroeder,lukas.schroeder558@example.com,Hanover,Germany,2024-05-16,Standard
559,David,Richter,david.richter559@example.com,Leipzig,Germany,2024-09-01,Premium
560,Lena,Schmidt,lena.schmidt560@example.com,Leipzig,Germany,2023-11-20,Standard
561,Jonas,Schroeder,jonas.schroeder561@example.com,Cologne,Germany,2025-08-09,Premium
562,Sophie,Braun,sophie.braun562@example.com,Stuttgart,Germany,2023-10-22,Standard
563,Nina,Koch,nina.koch563@example.com,Duesseldorf,Germany,2024-12-08,Standard
564,Mia,Bauer,mia.bauer564@example.com,Dortmund,Germany,2025-11-20,Standard
565,Paul,Koch,paul.koch565@example.com,Leipzig,Germany,2024-05-10,Standard
566,Paul,Schulz,paul.schulz566@example.com,Cologne,Germany,2025-07-09,Standard
567,Mia,Fischer,mia.fischer567@example.com,Frankfurt,Germany,2023-04-14,Standard
568,Laura,Braun,laura.braun568@example.com,Cologne,Germany,2025-05-06,Standard
569,Ben,Koch,ben.koch569@example.com,Cologne,Germany,2024-10-02,Business
570,Clara,Meyer,clara.meyer570@example.com,Dortmund,Germany,2025-10-17,Standard
571,Marie,Schroeder,marie.schroeder571@example.com,Leipzig,Germany,2024-09-23,Standard
572,Anna,Schneider,anna.schneider572@example.com,Dortmund,Germany,2025-03-16,Premium
573,Marie,Becker,marie.becker573@example.com,Essen,Germany,2024-03-16,Standard
574,Felix,Schmidt,felix.schmidt574@example.com,Frankfurt,Germany,2023-04-14,Standard
575,Tim,Braun,tim.braun575@example.com,Frankfurt,Germany,2025-08-21,Premium
576,Finn,Mueller,finn.mueller576@example.com,Duesseldorf,Germany,2023-08-09,Business
577,Mia,Schulz,mia.schulz577@example.com,Hanover,Germany,2025-01-19,Standard
578,Laura,Bauer,laura.bauer578@example.com,Duesseldorf,Germany,2023-04-03,Business
579,Max,Zimmermann,max.zimmermann579@example.com,Stuttgart,Germany,2024-02-03,Standard
580,Finn,Hoffmann,finn.hoffmann580@example.com,Duesseldorf,Germany,2023-05-31,Standard
581,Julia,Wolf,julia.wolf581@example.com,Nuremberg,Germany,2024-07-26,Standard
582,Niklas,Braun,niklas.braun582@example.com,Munich,Germany,2023-09-01,Business
583,Paul,Richter,paul.richter583@example.com,Hanover,Germany,2025-02-03,Standard
584,Sophie,Schwarz,sophie.schwarz584@example.com,Hanover,Germany,2025-01-18,Standard
585,Mia,Wagner,mia.wagner585@example.com,Duesseldorf,Germany,2025-11-08,Standard
586,Julia,Schmidt,julia.schmidt586@example.com,Berlin,Germany,2023-04-03,Standard
587,Mia,Koch,mia.koch587@example.com,Dortmund,Germany,2025-08-28,Standard
588,Marie,Weber,marie.weber588@example.com,Munich,Germany,2025-11-21,Standard
589,Sophie,Braun,sophie.braun589@example.com,Munich,Germany,2024-10-14,Standard
590,Laura,Braun,laura.braun590@example.com,Essen,Germany,2024-09-04,Standard
591,Sophie,Neumann,sophie.neumann591@example.com,Dortmund,Germany,2025-11-09,Standard
592,Tim,Zimmermann,tim.zimmermann592@example.com,Leipzig,Germany,2024-09-05,Standard
593,Anna,Bauer,anna.bauer593@example.com,Bremen,Germany,2024-11-09,Standard
594,Paul,Klein,paul.klein594@example.com,Hanover,Germany,2024-09-22,Standard
595,Tom,Mueller,tom.mueller595@example.com,Frankfurt,Germany,2025-08-29,Premium
596,Lea,Zimmermann,lea.zimmermann596@example.com,Dresden,Germany,2024-04-11,Standard
597,Max,Zimmermann,max.zimmermann597@example.com,Munich,Germany,2025-09-10,Premium
598,Julia,Braun,julia.braun598@example.com,Munich,Germany,2025-02-17,Standard
599,David,Becker,david.becker599@example.com,Essen,Germany,2023-03-06,Standard
600,Nina,Fischer,nina.fischer600@example.com,Berlin,Germany,2024-01-26,Standard
601,Marie,Koch,marie.koch601@example.com,Munich,Germany,2025-05-07,Standard
602,Jonas,Wagner,jonas.wagner602@example.com,Dortmund,Germany,2025-04-20,Standard
603,Clara,Braun,clara.braun603@example.com,Nuremberg,Germany,2025-08-23,Standard
604,Tom,Schmidt,tom.schmidt604@example.com,Dortmund,Germany,2023-10-10,Standard
605,Emma,Schwarz,emma.schwarz605@example.com,Bremen,Germany,2024-10-27,Standard
606,Tim,Neumann,tim.neumann606@example.com,Stuttgart,Germany,2025-02-10,Standard
607,Ben,Wolf,ben.wolf607@example.com,Stuttgart,Germany,2025-12-27,Standard
608,Finn,Bauer,finn.bauer608@example.com,Essen,Germany,2024-06-25,Standard
609,Tim,Wagner,tim.wagner609@example.com,Frankfurt,Germany,2024-05-19,Standard
610,Finn,Hoffmann,finn.hoffmann610@example.com,Frankfurt,Germany,2024-04-05,Premium
611,Clara,Hoffmann,clara.hoffmann611@example.com,Dresden,Germany,2024-02-29,Standard
612,Nina,Schroeder,nina.schroeder612@example.com,Leipzig,Germany,2024-10-11,Premium
613,Felix,Schwarz,felix.schwarz613@example.com,Frankfurt,Germany,2024-07-14,Standard
614,Paul,Zimmermann,paul.zimmermann614@example.com,Duisburg,Germany,2025-02-16,Standard
615,Laura,Bauer,laura.bauer615@example.com,Frankfurt,Germany,2023-10-27,Premium
616,Max,Hoffmann,max.hoffmann616@example.com,Stuttgart,Germany,2023-06-11,Business
617,Marie,Schulz,marie.schulz617@example.com,Cologne,Germany,2025-09-08,Standard
618,Emma,Schwarz,emma.schwarz618@example.com,Duisburg,Germany,2024-07-09,Standard
619,Finn,Schulz,finn.schulz619@example.com,Hamburg,Germany,2023-10-09,Premium
620,Niklas,Zimmermann,niklas.zimmermann620@example.com,Cologne,Germany,2024-05-05,Premium
621,Max,Neumann,max.neumann621@example.com,Bremen,Germany,2024-04-07,Standard
622,Leon,Schmidt,leon.schmidt622@example.com,Duesseldorf,Germany,2023-07-25,Standard
623,Sophie,Schroeder,sophie.schroeder623@example.com,Bremen,Germany,2023-07-25,Standard
624,Clara,Weber,clara.weber624@example.com,Dortmund,Germany,2023-01-11,Standard
625,Ben,Klein,ben.klein625@example.com,Leipzig,Germany,2025-09-01,Standard
626,Lea,Wagner,lea.wagner626@example.com,Stuttgart,Germany,2024-08-11,Standard
627,Lukas,Schmidt,lukas.schmidt627@example.com,Bremen,Germany,2023-07-03,Standard
628,Sarah,Becker,sarah.becker628@example.com,Dresden,Germany,2025-12-31,Premium
629,Tom,Schmidt,tom.schmidt629@example.com,Duesseldorf,Germany,2023-12-25,Standard
630,Ben,Schmidt,ben.schmidt630@example.com,Hanover,Germany,2025-03-24,Standard
631,Tim,Meyer,tim.meyer631@example.com,Duisburg,Germany,2024-08-15,Premium
632,Max,Mueller,max.mueller632@example.com,Essen,Germany,2024-09-03,Premium
633,Niklas,Fischer,niklas.fischer633@example.com,Frankfurt,Germany,2024-11-17,Standard
634,Marie,Schwarz,marie.schwarz634@example.com,Leipzig,Germany,2025-12-09,Standard
635,Mia,Neumann,mia.neumann635@example.com,Frankfurt,Germany,2025-08-16,Standard
636,Emma,Fischer,emma.fischer636@example.com,Munich,Germany,2024-11-08,Standard
637,Tom,Wolf,tom.wolf637@example.com,Dresden,Germany,2024-06-10,Standard
638,Ben,Mueller,ben.mueller638@example.com,Hanover,Germany,2024-11-21,Standard
639,Lukas,Zimmermann,lukas.zimmermann639@example.com,Munich,Germany,2024-01-31,Standard
640,Niklas,Richter,niklas.richter640@example.com,Dortmund,Germany,2025-05-25,Standard
641,Sophie,Schneider,sophie.schneider641@example.com,Bremen,Germany,2025-03-31,Standard
642,Paul,Meyer,paul.meyer642@example.com,Leipzig,Germany,2023-10-15,Standard
643,Sophie,Becker,sophie.becker643@example.com,Frankfurt,Germany,2023-01-14,Standard
644,Laura,Becker,laura.becker644@example.com,Hanover,Germany,2025-07-03,Standard
645,Hannah,Koch,hannah.koch645@example.com,Essen,Germany,2024-09-10,Standard
646,Tom,Zimmermann,tom.zimmermann646@example.com,Frankfurt,Germany,2023-01-24,Premium
647,Lea,Bauer,lea.bauer647@example.com,Berlin,Germany,2024-04-28,Standard
648,David,Fischer,david.fischer648@example.com,Frankfurt,Germany,2025-08-11,Premium
649,Ben,Richter,ben.richter649@example.com,Duisburg,Germany,2025-10-26,Premium
650,Nina,Hoffmann,nina.hoffmann650@example.com,Bremen,Germany,2023-08-29,Standard
651,Lukas,Bauer,lukas.bauer651@example.com,Cologne,Germany,2024-03-28,Standard
652,Mia,Schroeder,mia.schroeder652@example.com,Leipzig,Germany,2023-11-10,Standard
653,Tom,Braun,tom.braun653@example.com,Duesseldorf,Germany,2025-02-04,Standard
654,Nina,Schwarz,nina.schwarz654@example.com,Hanover,Germany,2025-08-22,Premium
655,Finn,Wagner,finn.wagner655@example.com,Bremen,Germany,2024-05-21,Standard
656,Clara,Braun,clara.braun656@example.com,Dortmund,Germany,2023-06-17,Standard
657,Marie,Neumann,marie.neumann657@example.com,Hamburg,Germany,2025-01-10,Standard
658,Sarah,Fischer,sarah.fischer658@example.com,Nuremberg,Germany,2023-05-07,Standard
659,Finn,Neumann,finn.neumann659@example.com,Essen,Germany,2024-02-19,Standard
660,Finn,Weber,finn.weber660@example.com,Stuttgart,Germany,2023-12-03,Standard
661,Julia,Wolf,julia.wolf661@example.com,Bremen,Germany,2023-08-27,Standard
662,Emma,Zimmermann,emma.zimmermann662@example.com,Hamburg,Germany,2025-09-28,Business
663,Julia,Wolf,julia.wolf663@example.com,Leipzig,Germany,2023-04-24,Standard
664,Mia,Neumann,mia.neumann664@example.com,Leipzig,Germany,2025-04-30,Standard
665,Sarah,Schmidt,sarah.schmidt665@example.com,Bremen,Germany,2025-08-04,Standard
666,Lukas,Mueller,lukas.mueller666@example.com,Frankfurt,Germany,2025-03-21,Standard
667,Anna,Wagner,anna.wagner667@example.com,Berlin,Germany,2023-05-30,Standard
668,Jonas,Bauer,jonas.bauer668@example.com,Dortmund,Germany,2023-05-11,Standard
669,Max,Schneider,max.schneider669@example.com,Berlin,Germany,2025-08-24,Standard
670,Lukas,Klein,lukas.klein670@example.com,Hanover,Germany,2024-01-04,Standard
671,Mia,Klein,mia.klein671@example.com,Duisburg,Germany,2025-02-05,Standard
672,Laura,Wolf,laura.wolf672@example.com,Duesseldorf,Germany,2025-02-12,Premium
673,Lena,Schwarz,lena.schwarz673@example.com,Bremen,Germany,2023-09-30,Standard
674,Felix,Fischer,felix.fischer674@example.com,Dortmund,Germany,2024-01-01,Standard
675,Laura,Neumann,laura.neumann675@example.com,Dresden,Germany,2023-09-18,Standard
676,Leon,Mueller,leon.mueller676@example.com,Frankfurt,Germany,2023-02-16,Business
677,Marie,Schwarz,marie.schwarz677@example.com,Dortmund,Germany,2025-05-18,Standard
678,Laura,Becker,laura.becker678@example.com,Leipzig,Germany,2024-05-21,Standard
679,Felix,Weber,felix.weber679@example.com,Cologne,Germany,2024-07-18,Business
680,Tom,Fischer,tom.fischer680@example.com,Hanover,Germany,2023-03-07,Premium
681,David,Klein,david.klein681@example.com,Cologne,Germany,2023-02-02,Premium
682,Emma,Schneider,emma.schneider682@example.com,Essen,Germany,2023-07-26,Standard
683,Max,Wolf,max.wolf683@example.com,Cologne,Germany,2023-04-10,Standard
684,Tom,Schmidt,tom.schmidt684@example.com,Leipzig,Germany,2025-04-03,Premium
685,Leon,Schwarz,leon.schwarz685@example.com,Hanover,Germany,2024-03-20,Business
686,Clara,Schmidt,clara.schmidt686@example.com,Dortmund,Germany,2023-10-14,Standard
687,Lukas,Becker,lukas.becker687@example.com,Essen,Germany,2024-10-15,Standard
688,Niklas,Koch,niklas.koch688@example.com,Frankfurt,Germany,2024-04-30,Standard
689,Mia,Neumann,mia.neumann689@example.com,Duesseldorf,Germany,2024-03-28,Premium
690,Lukas,Schulz,lukas.schulz690@example.com,Dortmund,Germany,2023-05-05,Standard
691,Sarah,Meyer,sarah.meyer691@example.com,Dortmund,Germany,2025-05-24,Standard
692,Tim,Schmidt,tim.schmidt692@example.com,Bremen,Germany,2024-12-06,Standard
693,David,Richter,david.richter693@example.com,Stuttgart,Germany,2025-12-10,Standard
694,Nina,Klein,nina.klein694@example.com,Munich,Germany,2025-04-16,Standard
695,Lukas,Richter,lukas.richter695@example.com,Hanover,Germany,2024-01-12,Standard
696,Finn,Schroeder,finn.schroeder696@example.com,Nuremberg,Germany,2024-05-08,Standard
697,Leon,Hoffmann,leon.hoffmann697@example.com,Hanover,Germany,2023-10-23,Standard
698,Marie,Schmidt,marie.schmidt698@example.com,Duesseldorf,Germany,2025-04-25,Standard
699,Finn,Neumann,finn.neumann699@example.com,Duesseldorf,Germany,2023-10-02,Standard
700,Leon,Schulz,leon.schulz700@example.com,Stuttgart,Germany,2024-02-21,Standard
701,Lea,Schneider,lea.schneider701@example.com,Nuremberg,Germany,2025-07-10,Standard
702,Felix,Schneider,felix.schneider702@example.com,Berlin,Germany,2024-01-26,Standard
703,Hannah,Richter,hannah.richter703@example.com,Nuremberg,Germany,2023-03-22,Standard
704,Lena,Wagner,lena.wagner704@example.com,Leipzig,Germany,2024-03-20,Standard
705,Emma,Koch,emma.koch705@example.com,Duisburg,Germany,2024-09-12,Standard
706,Anna,Wagner,anna.wagner706@example.com,Dresden,Germany,2024-01-25,Business
707,Paul,Schroeder,paul.schroeder707@example.com,Dresden,Germany,2024-05-11,Standard
708,Niklas,Wagner,niklas.wagner708@example.com,Duisburg,Germany,2025-03-23,Premium
709,Leon,Schwarz,leon.schwarz709@example.com,Hanover,Germany,2024-10-20,Standard
710,Lukas,Richter,lukas.richter710@example.com,Dortmund,Germany,2025-08-12,Premium
711,Lea,Bauer,lea.bauer711@example.com,Frankfurt,Germany,2024-09-23,Premium
712,Felix,Neumann,felix.neumann712@example.com,Leipzig,Germany,2025-10-15,Standard
713,Paul,Schroeder,paul.schroeder713@example.com,Duisburg,Germany,2024-10-17,Standard
714,Emma,Bauer,emma.bauer714@example.com,Duesseldorf,Germany,2024-10-02,Standard
715,Max,Zimmermann,max.zimmermann715@example.com,Dresden,Germany,2024-03-29,Standard
716,Mia,Mueller,mia.mueller716@example.com,Dortmund,Germany,2024-06-18,Business
717,Sarah,Zimmermann,sarah.zimmermann717@example.com,Frankfurt,Germany,2025-05-05,Premium
718,Mia,Wagner,mia.wagner718@example.com,Cologne,Germany,2024-11-06,Business
719,Laura,Zimmermann,laura.zimmermann719@example.com,Leipzig,Germany,2024-05-18,Standard
720,Finn,Koch,finn.koch720@example.com,Hanover,Germany,2024-06-11,Premium
721,Tim,Schroeder,tim.schroeder721@example.com,Munich,Germany,2025-08-01,Business
722,Tom,Bauer,tom.bauer722@example.com,Munich,Germany,2023-12-13,Standard
723,Tom,Schwarz,tom.schwarz723@example.com,Munich,Germany,2025-09-27,Standard
724,Finn,Schmidt,finn.schmidt724@example.com,Berlin,Germany,2025-12-09,Premium
725,Lena,Schmidt,lena.schmidt725@example.com,Duesseldorf,Germany,2023-01-14,Standard
726,Mia,Becker,mia.becker726@example.com,Dresden,Germany,2023-05-20,Premium
727,Mia,Mueller,mia.mueller727@example.com,Dortmund,Germany,2024-03-23,Standard
728,Marie,Bauer,marie.bauer728@example.com,Essen,Germany,2023-05-04,Premium
729,Lea,Braun,lea.braun729@example.com,Bremen,Germany,2025-09-16,Standard
730,Tim,Mueller,tim.mueller730@example.com,Dortmund,Germany,2023-01-14,Standard
731,Finn,Klein,finn.klein731@example.com,Berlin,Germany,2023-01-25,Standard
732,Julia,Schulz,julia.schulz732@example.com,Berlin,Germany,2024-08-10,Premium
733,Julia,Klein,julia.klein733@example.com,Hamburg,Germany,2024-01-03,Premium
734,Paul,Neumann,paul.neumann734@example.com,Cologne,Germany,2023-11-01,Standard
735,Emma,Braun,emma.braun735@example.com,Frankfurt,Germany,2025-12-14,Standard
736,Felix,Schulz,felix.schulz736@example.com,Hamburg,Germany,2025-03-23,Premium
737,Felix,Richter,felix.richter737@example.com,Essen,Germany,2025-07-29,Standard
738,Leon,Becker,leon.becker738@example.com,Bremen,Germany,2024-09-06,Premium
739,Lena,Schmidt,lena.schmidt739@example.com,Duesseldorf,Germany,2023-07-11,Standard
740,Laura,Richter,laura.richter740@example.com,Berlin,Germany,2025-09-01,Standard
741,Lea,Mueller,lea.mueller741@example.com,Hamburg,Germany,2023-12-17,Standard
742,Tim,Klein,tim.klein742@example.com,Essen,Germany,2024-11-09,Standard
743,Paul,Neumann,paul.neumann743@example.com,Cologne,Germany,2023-03-29,Premium
744,Emma,Zimmermann,emma.zimmermann744@example.com,Frankfurt,Germany,2025-08-31,Standard
745,Max,Schneider,max.schneider745@example.com,Duisburg,Germany,2024-07-28,Standard
746,Finn,Zimmermann,finn.zimmermann746@example.com,Munich,Germany,2023-03-09,Premium
747,Sophie,Mueller,sophie.mueller747@example.com,Essen,Germany,2024-02-29,Standard
748,Mia,Richter,mia.richter748@example.com,Frankfurt,Germany,2023-06-07,Standard
749,Ben,Zimmermann,ben.zimmermann749@example.com,Essen,Germany,2024-05-07,Business
750,Laura,Schwarz,laura.schwarz750@example.com,Duesseldorf,Germany,2024-11-10,Standard
751,Clara,Weber,clara.weber751@example.com,Dortmund,Germany,2023-06-10,Standard
752,Tom,Bauer,tom.bauer752@example.com,Hamburg,Germany,2023-04-20,Business
753,Jonas,Becker,jonas.becker753@example.com,Stuttgart,Germany,2023-06-05,Standard
754,Niklas,Braun,niklas.braun754@example.com,Hanover,Germany,2025-03-23,Standard
755,Sophie,Mueller,sophie.mueller755@example.com,Hanover,Germany,2024-07-13,Standard
756,Marie,Schroeder,marie.schroeder756@example.com,Stuttgart,Germany,2024-04-12,Premium
757,Finn,Richter,finn.richter757@example.com,Munich,Germany,2025-06-03,Standard
758,David,Zimmermann,david.zimmermann758@example.com,Hamburg,Germany,2025-02-17,Standard
759,Clara,Braun,clara.braun759@example.com,Hanover,Germany,2024-08-27,Premium
760,Leon,Schneider,leon.schneider760@example.com,Frankfurt,Germany,2023-06-18,Premium
761,Mia,Richter,mia.richter761@example.com,Dresden,Germany,2023-11-12,Standard
762,Laura,Koch,laura.koch762@example.com,Hamburg,Germany,2025-01-08,Standard
763,Lena,Mueller,lena.mueller763@example.com,Leipzig,Germany,2024-09-23,Standard
764,Felix,Schulz,felix.schulz764@example.com,Munich,Germany,2023-07-29,Premium
765,Lena,Meyer,lena.meyer765@example.com,Leipzig,Germany,2025-06-01,Standard
766,Finn,Schwarz,finn.schwarz766@example.com,Duesseldorf,Germany,2025-11-15,Standard
767,Paul,Mueller,paul.mueller767@example.com,Stuttgart,Germany,2023-07-03,Premium
768,Finn,Schneider,finn.schneider768@example.com,Nuremberg,Germany,2024-10-26,Premium
769,Laura,Mueller,laura.mueller769@example.com,Duesseldorf,Germany,2024-08-20,Standard
770,Laura,Schneider,laura.schneider770@example.com,Essen,Germany,2024-05-12,Premium
771,Julia,Meyer,julia.meyer771@example.com,Munich,Germany,2025-02-18,Standard
772,Mia,Schulz,mia.schulz772@example.com,Frankfurt,Germany,2024-09-08,Premium
773,Tim,Weber,tim.weber773@example.com,Munich,Germany,2023-05-10,Standard
774,Jonas,Schulz,jonas.schulz774@example.com,Frankfurt,Germany,2025-05-12,Standard
775,Tim,Schneider,tim.schneider775@example.com,Frankfurt,Germany,2025-01-09,Premium
776,Leon,Schroeder,leon.schroeder776@example.com,Leipzig,Germany,2024-02-05,Standard
777,Paul,Weber,paul.weber777@example.com,Berlin,Germany,2024-09-15,Standard
778,Laura,Koch,laura.koch778@example.com,Hanover,Germany,2025-02-17,Premium
779,Sophie,Wolf,sophie.wolf779@example.com,Duesseldorf,Germany,2024-11-16,Premium
780,Lea,Braun,lea.braun780@example.com,Frankfurt,Germany,2023-10-06,Standard
781,Sophie,Braun,sophie.braun781@example.com,Leipzig,Germany,2024-02-16,Premium
782,Sophie,Meyer,sophie.meyer782@example.com,Stuttgart,Germany,2025-03-26,Standard
783,Lukas,Schroeder,lukas.schroeder783@example.com,Stuttgart,Germany,2024-05-11,Standard
784,Laura,Schulz,laura.schulz784@example.com,Stuttgart,Germany,2025-03-15,Standard
785,Paul,Zimmermann,paul.zimmermann785@example.com,Essen,Germany,2024-02-14,Standard
786,Finn,Meyer,finn.meyer786@example.com,Dresden,Germany,2023-02-25,Business
787,Marie,Wagner,marie.wagner787@example.com,Hanover,Germany,2025-06-16,Standard
788,Lukas,Schneider,lukas.schneider788@example.com,Bremen,Germany,2025-04-17,Standard
789,Tim,Weber,tim.weber789@example.com,Cologne,Germany,2024-09-12,Standard
790,Hannah,Weber,hannah.weber790@example.com,Hanover,Germany,2025-05-16,Business
791,Laura,Schneider,laura.schneider791@example.com,Essen,Germany,2025-07-08,Standard
792,Tim,Zimmermann,tim.zimmermann792@example.com,Dortmund,Germany,2025-03-31,Standard
793,Julia,Klein,julia.klein793@example.com,Hanover,Germany,2023-03-17,Standard
794,Felix,Schwarz,felix.schwarz794@example.com,Hamburg,Germany,2023-06-24,Standard
795,Clara,Becker,clara.becker795@example.com,Munich,Germany,2024-12-28,Standard
796,Lea,Braun,lea.braun796@example.com,Essen,Germany,2023-04-01,Premium
797,Lea,Richter,lea.richter797@example.com,Hanover,Germany,2024-11-10,Business
798,Jonas,Fischer,jonas.fischer798@example.com,Hamburg,Germany,2023-01-22,Standard
799,Hannah,Becker,hannah.becker799@example.com,Dresden,Germany,2025-11-11,Premium
800,Julia,Schwarz,julia.schwarz800@example.com,Leipzig,Germany,2024-03-28,Business
801,Felix,Richter,felix.richter801@example.com,Hanover,Germany,2025-08-06,Premium
802,David,Zimmermann,david.zimmermann802@example.com,Munich,Germany,2025-10-21,Standard
803,Felix,Mueller,felix.mueller803@example.com,Hamburg,Germany,2025-09-15,Standard
804,Lukas,Klein,lukas.klein804@example.com,Hamburg,Germany,2023-06-25,Standard
805,Tom,Weber,tom.weber805@example.com,Frankfurt,Germany,2024-12-14,Standard
806,Sophie,Wolf,sophie.wolf806@example.com,Dortmund,Germany,2024-02-28,Premium
807,Tim,Bauer,tim.bauer807@example.com,Hamburg,Germany,2025-09-02,Business
808,Marie,Wolf,marie.wolf808@example.com,Hamburg,Germany,2024-10-15,Business
809,Lukas,Schmidt,lukas.schmidt809@example.com,Berlin,Germany,2023-08-24,Standard
810,Sophie,Fischer,sophie.fischer810@example.com,Duisburg,Germany,2023-12-03,Standard
811,Tom,Becker,tom.becker811@example.com,Munich,Germany,2025-11-22,Business
812,Finn,Meyer,finn.meyer812@example.com,Dortmund,Germany,2024-11-08,Premium
813,Jonas,Wolf,jonas.wolf813@example.com,Hanover,Germany,2024-04-19,Standard
814,Laura,Meyer,laura.meyer814@example.com,Bremen,Germany,2024-01-17,Business
815,David,Klein,david.klein815@example.com,Berlin,Germany,2025-03-21,Premium
816,Tom,Braun,tom.braun816@example.com,Leipzig,Germany,2024-02-09,Standard
817,Sarah,Klein,sarah.klein817@example.com,Berlin,Germany,2025-03-07,Standard
818,Nina,Wagner,nina.wagner818@example.com,Frankfurt,Germany,2024-02-26,Standard
819,Clara,Schneider,clara.schneider819@example.com,Hanover,Germany,2023-07-28,Standard
820,Finn,Meyer,finn.meyer820@example.com,Stuttgart,Germany,2025-01-19,Standard
821,Emma,Wolf,emma.wolf821@example.com,Frankfurt,Germany,2023-08-22,Premium
822,David,Schroeder,david.schroeder822@example.com,Bremen,Germany,2025-12-16,Standard
823,Sophie,Braun,sophie.braun823@example.com,Essen,Germany,2025-03-06,Standard
824,Laura,Zimmermann,laura.zimmermann824@example.com,Stuttgart,Germany,2023-08-22,Standard
825,Felix,Wolf,felix.wolf825@example.com,Nuremberg,Germany,2023-12-20,Standard
826,David,Hoffmann,david.hoffmann826@example.com,Bremen,Germany,2023-06-23,Business
827,Mia,Koch,mia.koch827@example.com,Cologne,Germany,2023-08-30,Standard
828,Lukas,Fischer,lukas.fischer828@example.com,Stuttgart,Germany,2024-01-10,Standard
829,Nina,Weber,nina.weber829@example.com,Duesseldorf,Germany,2025-11-12,Premium
830,Jonas,Braun,jonas.braun830@example.com,Essen,Germany,2023-10-10,Standard
831,Laura,Klein,laura.klein831@example.com,Leipzig,Germany,2024-01-16,Standard
832,Lea,Schwarz,lea.schwarz832@example.com,Dortmund,Germany,2023-12-21,Standard
833,Ben,Schroeder,ben.schroeder833@example.com,Munich,Germany,2024-08-14,Standard
834,Ben,Koch,ben.koch834@example.com,Essen,Germany,2025-07-12,Standard
835,Max,Bauer,max.bauer835@example.com,Leipzig,Germany,2023-01-20,Standard
836,Mia,Wagner,mia.wagner836@example.com,Dortmund,Germany,2025-02-25,Standard
837,Julia,Schroeder,julia.schroeder837@example.com,Bremen,Germany,2025-04-17,Business
838,Tim,Klein,tim.klein838@example.com,Leipzig,Germany,2025-06-28,Standard
839,Ben,Schneider,ben.schneider839@example.com,Hanover,Germany,2023-03-05,Standard
840,Clara,Becker,clara.becker840@example.com,Berlin,Germany,2024-08-21,Standard
841,Hannah,Becker,hannah.becker841@example.com,Munich,Germany,2024-08-14,Standard
842,Clara,Wolf,clara.wolf842@example.com,Dortmund,Germany,2025-10-11,Premium
843,Julia,Fischer,julia.fischer843@example.com,Frankfurt,Germany,2023-08-22,Standard
844,Clara,Schwarz,clara.schwarz844@example.com,Dortmund,Germany,2025-01-21,Business
845,Clara,Schmidt,clara.schmidt845@example.com,Dortmund,Germany,2025-06-22,Standard
846,Emma,Klein,emma.klein846@example.com,Dresden,Germany,2023-07-29,Standard
847,Lea,Becker,lea.becker847@example.com,Nuremberg,Germany,2024-09-01,Standard
848,Max,Wolf,max.wolf848@example.com,Stuttgart,Germany,2024-06-22,Business
849,Lena,Wolf,lena.wolf849@example.com,Hanover,Germany,2023-08-29,Standard
850,Leon,Wagner,leon.wagner850@example.com,Nuremberg,Germany,2024-12-19,Standard
851,Nina,Braun,nina.braun851@example.com,Munich,Germany,2025-05-26,Standard
852,Niklas,Weber,niklas.weber852@example.com,Nuremberg,Germany,2024-02-28,Premium
853,Emma,Schmidt,emma.schmidt853@example.com,Dortmund,Germany,2024-12-19,Standard
854,Hannah,Braun,hannah.braun854@example.com,Stuttgart,Germany,2023-12-11,Premium
855,Nina,Hoffmann,nina.hoffmann855@example.com,Essen,Germany,2024-08-15,Standard
856,Hannah,Neumann,hannah.neumann856@example.com,Munich,Germany,2023-07-15,Standard
857,Clara,Klein,clara.klein857@example.com,Frankfurt,Germany,2023-05-02,Standard
858,Lea,Weber,lea.weber858@example.com,Cologne,Germany,2023-09-29,Standard
859,Mia,Koch,mia.koch859@example.com,Hanover,Germany,2024-05-21,Standard
860,David,Richter,david.richter860@example.com,Munich,Germany,2025-09-29,Standard
861,Sarah,Schulz,sarah.schulz861@example.com,Duesseldorf,Germany,2025-04-28,Premium
862,Marie,Schneider,marie.schneider862@example.com,Duesseldorf,Germany,2023-07-10,Standard
863,Julia,Schulz,julia.schulz863@example.com,Leipzig,Germany,2025-01-25,Standard
864,Tim,Koch,tim.koch864@example.com,Nuremberg,Germany,2023-01-06,Standard
865,Clara,Schneider,clara.schneider865@example.com,Bremen,Germany,2025-07-27,Standard
866,David,Bauer,david.bauer866@example.com,Hanover,Germany,2023-05-10,Standard
867,Finn,Richter,finn.richter867@example.com,Duesseldorf,Germany,2024-03-22,Standard
868,Emma,Schroeder,emma.schroeder868@example.com,Stuttgart,Germany,2024-07-03,Standard
869,Lukas,Koch,lukas.koch869@example.com,Essen,Germany,2023-09-25,Premium
870,Tim,Koch,tim.koch870@example.com,Berlin,Germany,2023-04-10,Business
871,Paul,Wolf,paul.wolf871@example.com,Hamburg,Germany,2023-02-03,Standard
872,Ben,Wolf,ben.wolf872@example.com,Berlin,Germany,2025-07-23,Standard
873,Jonas,Wagner,jonas.wagner873@example.com,Duisburg,Germany,2023-09-28,Standard
874,Lea,Hoffmann,lea.hoffmann874@example.com,Nuremberg,Germany,2023-11-22,Standard
875,Hannah,Schneider,hannah.schneider875@example.com,Frankfurt,Germany,2025-01-08,Standard
876,Lena,Bauer,lena.bauer876@example.com,Berlin,Germany,2023-12-05,Standard
877,Laura,Hoffmann,laura.hoffmann877@example.com,Duesseldorf,Germany,2024-04-24,Premium
878,Lea,Schneider,lea.schneider878@example.com,Berlin,Germany,2023-07-14,Premium
879,Emma,Schroeder,emma.schroeder879@example.com,Munich,Germany,2023-06-09,Standard
880,Sarah,Becker,sarah.becker880@example.com,Bremen,Germany,2025-11-29,Standard
881,Marie,Mueller,marie.mueller881@example.com,Dresden,Germany,2023-01-17,Standard
882,Sophie,Fischer,sophie.fischer882@example.com,Dresden,Germany,2025-05-14,Premium
883,Mia,Schroeder,mia.schroeder883@example.com,Cologne,Germany,2023-05-26,Standard
884,Laura,Schneider,laura.schneider884@example.com,Hamburg,Germany,2023-07-29,Standard
885,Sophie,Bauer,sophie.bauer885@example.com,Munich,Germany,2024-09-04,Premium
886,Laura,Weber,laura.weber886@example.com,Hamburg,Germany,2023-10-20,Standard
887,Julia,Zimmermann,julia.zimmermann887@example.com,Essen,Germany,2023-01-18,Premium
888,Lea,Meyer,lea.meyer888@example.com,Stuttgart,Germany,2025-06-20,Standard
889,Tom,Wagner,tom.wagner889@example.com,Duisburg,Germany,2023-11-07,Standard
890,Jonas,Braun,jonas.braun890@example.com,Nuremberg,Germany,2025-06-25,Standard
891,Emma,Schneider,emma.schneider891@example.com,Munich,Germany,2023-07-25,Premium
892,Clara,Fischer,clara.fischer892@example.com,Stuttgart,Germany,2025-02-25,Premium
893,Jonas,Koch,jonas.koch893@example.com,Cologne,Germany,2023-10-14,Premium
894,Hannah,Schneider,hannah.schneider894@example.com,Dortmund,Germany,2024-05-23,Standard
895,Niklas,Braun,niklas.braun895@example.com,Hanover,Germany,2024-08-06,Premium
896,Nina,Mueller,nina.mueller896@example.com,Cologne,Germany,2024-09-09,Standard
897,Julia,Braun,julia.braun897@example.com,Cologne,Germany,2025-11-09,Standard
898,Tom,Richter,tom.richter898@example.com,Bremen,Germany,2024-08-28,Premium
899,Max,Becker,max.becker899@example.com,Duesseldorf,Germany,2025-10-10,Standard
900,Paul,Becker,paul.becker900@example.com,Bremen,Germany,2025-10-20,Standard
901,Niklas,Schneider,niklas.schneider901@example.com,Duisburg,Germany,2025-12-17,Standard
902,Anna,Bauer,anna.bauer902@example.com,Munich,Germany,2024-10-10,Standard
903,Laura,Zimmermann,laura.zimmermann903@example.com,Stuttgart,Germany,2025-05-11,Standard
904,Finn,Meyer,finn.meyer904@example.com,Hanover,Germany,2025-08-22,Standard
905,Lena,Mueller,lena.mueller905@example.com,Berlin,Germany,2023-05-19,Standard
906,Hannah,Wagner,hannah.wagner906@example.com,Duisburg,Germany,2023-03-23,Premium
907,Max,Richter,max.richter907@example.com,Frankfurt,Germany,2025-11-03,Premium
908,Lea,Neumann,lea.neumann908@example.com,Duesseldorf,Germany,2025-04-30,Standard
909,Nina,Richter,nina.richter909@example.com,Bremen,Germany,2023-06-18,Standard
910,Finn,Schwarz,finn.schwarz910@example.com,Frankfurt,Germany,2023-11-09,Standard
911,Lena,Hoffmann,lena.hoffmann911@example.com,Dortmund,Germany,2023-06-11,Standard
912,Emma,Weber,emma.weber912@example.com,Duesseldorf,Germany,2024-10-31,Standard
913,Sarah,Schneider,sarah.schneider913@example.com,Dresden,Germany,2024-09-27,Standard
914,Jonas,Becker,jonas.becker914@example.com,Cologne,Germany,2023-04-29,Standard
915,Lena,Klein,lena.klein915@example.com,Leipzig,Germany,2023-08-26,Standard
916,Niklas,Braun,niklas.braun916@example.com,Frankfurt,Germany,2023-04-23,Standard
917,David,Meyer,david.meyer917@example.com,Berlin,Germany,2023-09-02,Standard
918,Nina,Weber,nina.weber918@example.com,Munich,Germany,2023-01-24,Business
919,Tim,Bauer,tim.bauer919@example.com,Dortmund,Germany,2025-12-07,Premium
920,Tom,Schulz,tom.schulz920@example.com,Stuttgart,Germany,2023-12-08,Standard
921,Mia,Schulz,mia.schulz921@example.com,Hanover,Germany,2023-08-30,Premium
922,Anna,Koch,anna.koch922@example.com,Frankfurt,Germany,2025-05-29,Standard
923,Julia,Schneider,julia.schneider923@example.com,Dresden,Germany,2024-06-22,Premium
924,Sarah,Schneider,sarah.schneider924@example.com,Leipzig,Germany,2025-10-13,Premium
925,Julia,Bauer,julia.bauer925@example.com,Leipzig,Germany,2023-04-24,Standard
926,Sarah,Meyer,sarah.meyer926@example.com,Munich,Germany,2025-01-23,Standard
927,Hannah,Fischer,hannah.fischer927@example.com,Cologne,Germany,2023-08-25,Standard
928,Tom,Neumann,tom.neumann928@example.com,Berlin,Germany,2023-01-06,Standard
929,Anna,Becker,anna.becker929@example.com,Leipzig,Germany,2023-04-05,Standard
930,Felix,Richter,felix.richter930@example.com,Munich,Germany,2023-11-04,Standard
931,Max,Schwarz,max.schwarz931@example.com,Cologne,Germany,2025-05-08,Standard
932,Sophie,Becker,sophie.becker932@example.com,Duisburg,Germany,2025-05-02,Premium
933,Tom,Koch,tom.koch933@example.com,Nuremberg,Germany,2024-07-09,Business
934,Lena,Zimmermann,lena.zimmermann934@example.com,Hamburg,Germany,2025-02-02,Standard
935,Julia,Schmidt,julia.schmidt935@example.com,Cologne,Germany,2024-01-03,Standard
936,Julia,Schmidt,julia.schmidt936@example.com,Hamburg,Germany,2025-04-01,Standard
937,Marie,Hoffmann,marie.hoffmann937@example.com,Stuttgart,Germany,2024-09-28,Standard
938,Lena,Schwarz,lena.schwarz938@example.com,Berlin,Germany,2025-07-24,Business
939,Felix,Wagner,felix.wagner939@example.com,Essen,Germany,2024-08-20,Standard
940,Lukas,Braun,lukas.braun940@example.com,Leipzig,Germany,2024-05-11,Standard
941,Felix,Zimmermann,felix.zimmermann941@example.com,Hanover,Germany,2025-10-07,Standard
942,Clara,Wagner,clara.wagner942@example.com,Munich,Germany,2024-05-17,Standard
943,Anna,Klein,anna.klein943@example.com,Cologne,Germany,2023-02-18,Premium
944,Finn,Bauer,finn.bauer944@example.com,Stuttgart,Germany,2023-01-20,Premium
945,Anna,Richter,anna.richter945@example.com,Hamburg,Germany,2024-09-21,Standard
946,Emma,Neumann,emma.neumann946@example.com,Duesseldorf,Germany,2024-05-02,Standard
947,Tim,Schmidt,tim.schmidt947@example.com,Dresden,Germany,2023-10-19,Standard
948,Hannah,Schneider,hannah.schneider948@example.com,Duisburg,Germany,2023-03-31,Business
949,Leon,Neumann,leon.neumann949@example.com,Dresden,Germany,2025-04-25,Premium
950,Felix,Wolf,felix.wolf950@example.com,Essen,Germany,2023-06-23,Standard
951,Paul,Neumann,paul.neumann951@example.com,Bremen,Germany,2023-10-01,Standard
952,Laura,Schneider,laura.schneider952@example.com,Duesseldorf,Germany,2023-05-08,Premium
953,David,Weber,david.weber953@example.com,Frankfurt,Germany,2024-04-29,Standard
954,Hannah,Koch,hannah.koch954@example.com,Dresden,Germany,2025-03-15,Business
955,Tom,Koch,tom.koch955@example.com,Leipzig,Germany,2024-10-13,Standard
956,Hannah,Becker,hannah.becker956@example.com,Cologne,Germany,2023-06-02,Standard
957,Mia,Zimmermann,mia.zimmermann957@example.com,Munich,Germany,2023-08-12,Standard
958,Paul,Meyer,paul.meyer958@example.com,Leipzig,Germany,2025-07-09,Standard
959,Sophie,Klein,sophie.klein959@example.com,Dortmund,Germany,2023-09-05,Standard
960,Felix,Wagner,felix.wagner960@example.com,Frankfurt,Germany,2025-07-14,Premium
961,Marie,Schulz,marie.schulz961@example.com,Hamburg,Germany,2023-09-03,Standard
962,Ben,Hoffmann,ben.hoffmann962@example.com,Cologne,Germany,2023-03-24,Standard
963,Sophie,Weber,sophie.weber963@example.com,Dresden,Germany,2023-07-06,Standard
964,Leon,Bauer,leon.bauer964@example.com,Dortmund,Germany,2025-03-22,Standard
965,Max,Hoffmann,max.hoffmann965@example.com,Nuremberg,Germany,2024-06-16,Standard
966,Ben,Mueller,ben.mueller966@example.com,Nuremberg,Germany,2025-04-08,Standard
967,Marie,Schwarz,marie.schwarz967@example.com,Hamburg,Germany,2024-05-26,Premium
968,Marie,Fischer,marie.fischer968@example.com,Hamburg,Germany,2023-10-14,Standard
969,Anna,Schmidt,anna.schmidt969@example.com,Munich,Germany,2024-03-31,Standard
970,Emma,Richter,emma.richter970@example.com,Bremen,Germany,2025-02-01,Standard
971,Lea,Schneider,lea.schneider971@example.com,Duisburg,Germany,2024-06-14,Premium
972,Lena,Mueller,lena.mueller972@example.com,Cologne,Germany,2023-05-13,Business
973,Lea,Wolf,lea.wolf973@example.com,Hamburg,Germany,2023-09-21,Premium
974,Sophie,Fischer,sophie.fischer974@example.com,Leipzig,Germany,2023-03-29,Standard
975,Max,Meyer,max.meyer975@example.com,Nuremberg,Germany,2025-06-06,Standard
976,Tom,Richter,tom.richter976@example.com,Berlin,Germany,2025-10-13,Standard
977,Laura,Klein,laura.klein977@example.com,Stuttgart,Germany,2023-12-20,Standard
978,Emma,Meyer,emma.meyer978@example.com,Frankfurt,Germany,2024-07-17,Standard
979,Marie,Weber,marie.weber979@example.com,Essen,Germany,2023-03-12,Standard
980,Niklas,Braun,niklas.braun980@example.com,Bremen,Germany,2024-05-18,Standard
981,Lukas,Schroeder,lukas.schroeder981@example.com,Duisburg,Germany,2025-04-23,Standard
982,Finn,Schroeder,finn.schroeder982@example.com,Hamburg,Germany,2023-05-05,Premium
983,Hannah,Richter,hannah.richter983@example.com,Duesseldorf,Germany,2023-10-09,Standard
984,Emma,Neumann,emma.neumann984@example.com,Bremen,Germany,2024-05-25,Standard
985,Finn,Mueller,finn.mueller985@example.com,Hanover,Germany,2025-02-22,Premium
986,Nina,Bauer,nina.bauer986@example.com,Dortmund,Germany,2025-09-09,Standard
987,Tim,Bauer,tim.bauer987@example.com,Stuttgart,Germany,2025-10-25,Premium
988,Laura,Schulz,laura.schulz988@example.com,Berlin,Germany,2024-01-04,Standard
989,Sophie,Braun,sophie.braun989@example.com,Berlin,Germany,2024-03-24,Standard
990,Clara,Schulz,clara.schulz990@example.com,Hanover,Germany,2023-04-30,Premium
991,Tim,Neumann,tim.neumann991@example.com,Hanover,Germany,2025-01-02,Premium
992,Sarah,Becker,sarah.becker992@example.com,Hamburg,Germany,2023-11-23,Premium
993,Leon,Becker,leon.becker993@example.com,Dortmund,Germany,2024-06-29,Standard
994,Tom,Schmidt,tom.schmidt994@example.com,Essen,Germany,2024-03-25,Standard
995,Laura,Bauer,laura.bauer995@example.com,Munich,Germany,2023-12-22,Standard
996,Leon,Zimmermann,leon.zimmermann996@example.com,Hanover,Germany,2024-10-13,Standard
997,Tom,Bauer,tom.bauer997@example.com,Dresden,Germany,2023-02-27,Business
998,Nina,Bauer,nina.bauer998@example.com,Essen,Germany,2023-10-19,Standard
999,Emma,Schroeder,emma.schroeder999@example.com,Munich,Germany,2024-09-24,Business
1000,Tim,Schmidt,tim.schmidt1000@example.com,Berlin,Germany,2023-07-04,Standard
1001,Leon,Braun,leon.braun1001@example.com,Berlin,Germany,2024-03-24,Standard
1002,Julia,Schroeder,julia.schroeder1002@example.com,Stuttgart,Germany,2023-01-02,Standard
1003,Niklas,Wagner,niklas.wagner1003@example.com,Stuttgart,Germany,2023-09-25,Premium
1004,Nina,Meyer,nina.meyer1004@example.com,Berlin,Germany,2024-10-24,Premium
1005,Anna,Weber,anna.weber1005@example.com,Hanover,Germany,2023-10-18,Premium
1006,Paul,Neumann,paul.neumann1006@example.com,Hamburg,Germany,2025-01-17,Premium
1007,Felix,Richter,felix.richter1007@example.com,Stuttgart,Germany,2023-07-26,Premium
1008,Lukas,Koch,lukas.koch1008@example.com,Munich,Germany,2023-10-07,Premium
1009,Tom,Klein,tom.klein1009@example.com,Bremen,Germany,2025-09-24,Standard
1010,Sophie,Meyer,sophie.meyer1010@example.com,Cologne,Germany,2024-12-31,Standard
1011,David,Zimmermann,david.zimmermann1011@example.com,Duesseldorf,Germany,2023-12-26,Standard
1012,Lukas,Hoffmann,lukas.hoffmann1012@example.com,Munich,Germany,2023-09-18,Business
1013,Tom,Mueller,tom.mueller1013@example.com,Nuremberg,Germany,2025-03-12,Business
1014,Clara,Zimmermann,clara.zimmermann1014@example.com,Munich,Germany,2023-03-08,Standard
1015,Niklas,Koch,niklas.koch1015@example.com,Bremen,Germany,2024-03-28,Premium
1016,Sarah,Fischer,sarah.fischer1016@example.com,Munich,Germany,2025-10-13,Business
1017,Sophie,Schneider,sophie.schneider1017@example.com,Stuttgart,Germany,2024-05-02,Standard
1018,Sophie,Meyer,sophie.meyer1018@example.com,Nuremberg,Germany,2023-07-01,Standard
1019,Nina,Koch,nina.koch1019@example.com,Berlin,Germany,2025-07-03,Business
1020,Hannah,Wagner,hannah.wagner1020@example.com,Dresden,Germany,2024-05-26,Standard
1021,Lena,Bauer,lena.bauer1021@example.com,Hanover,Germany,2024-06-09,Premium
1022,Paul,Mueller,paul.mueller1022@example.com,Duesseldorf,Germany,2023-04-09,Standard
1023,Marie,Klein,marie.klein1023@example.com,Duisburg,Germany,2023-12-07,Business
1024,Jonas,Schroeder,jonas.schroeder1024@example.com,Stuttgart,Germany,2025-02-14,Business
1025,Finn,Richter,finn.richter1025@example.com,Nuremberg,Germany,2023-07-27,Business
1026,Tim,Zimmermann,tim.zimmermann1026@example.com,Munich,Germany,2024-04-06,Standard
1027,Marie,Schneider,marie.schneider1027@example.com,Frankfurt,Germany,2023-03-10,Premium
1028,Anna,Koch,anna.koch1028@example.com,Hamburg,Germany,2024-06-18,Premium
1029,Lena,Koch,lena.koch1029@example.com,Duisburg,Germany,2023-12-15,Standard
1030,Laura,Meyer,laura.meyer1030@example.com,Dortmund,Germany,2023-06-03,Premium
1031,Lena,Koch,lena.koch1031@example.com,Dresden,Germany,2025-09-15,Standard
1032,Anna,Klein,anna.klein1032@example.com,Essen,Germany,2023-12-04,Standard
1033,Jonas,Meyer,jonas.meyer1033@example.com,Hamburg,Germany,2023-04-20,Standard
1034,Sophie,Wagner,sophie.wagner1034@example.com,Duesseldorf,Germany,2024-01-25,Standard
1035,Nina,Schwarz,nina.schwarz1035@example.com,Bremen,Germany,2024-06-27,Standard
1036,Lukas,Hoffmann,lukas.hoffmann1036@example.com,Hamburg,Germany,2024-05-01,Premium
1037,Max,Richter,max.richter1037@example.com,Munich,Germany,2025-10-02,Standard
1038,Max,Bauer,max.bauer1038@example.com,Duesseldorf,Germany,2023-01-08,Premium
1039,Lena,Hoffmann,lena.hoffmann1039@example.com,Cologne,Germany,2025-09-10,Standard
1040,Paul,Mueller,paul.mueller1040@example.com,Munich,Germany,2024-02-28,Standard
1041,Lea,Hoffmann,lea.hoffmann1041@example.com,Leipzig,Germany,2023-06-17,Standard
1042,Paul,Hoffmann,paul.hoffmann1042@example.com,Leipzig,Germany,2025-03-25,Premium
1043,Tim,Schulz,tim.schulz1043@example.com,Bremen,Germany,2023-07-06,Standard
1044,Finn,Richter,finn.richter1044@example.com,Stuttgart,Germany,2024-01-14,Standard
1045,Laura,Bauer,laura.bauer1045@example.com,Leipzig,Germany,2024-01-18,Premium
1046,Max,Schulz,max.schulz1046@example.com,Leipzig,Germany,2025-06-19,Standard
1047,Hannah,Becker,hannah.becker1047@example.com,Essen,Germany,2024-07-04,Standard
1048,Max,Weber,max.weber1048@example.com,Hamburg,Germany,2023-07-18,Standard
1049,David,Bauer,david.bauer1049@example.com,Hanover,Germany,2025-04-27,Premium
1050,Sarah,Becker,sarah.becker1050@example.com,Nuremberg,Germany,2023-05-05,Standard
1051,Laura,Neumann,laura.neumann1051@example.com,Dortmund,Germany,2025-05-07,Premium
1052,David,Schroeder,david.schroeder1052@example.com,Leipzig,Germany,2024-04-27,Standard
1053,Lukas,Schneider,lukas.schneider1053@example.com,Duisburg,Germany,2025-03-19,Business
1054,Nina,Schmidt,nina.schmidt1054@example.com,Essen,Germany,2025-10-25,Premium
1055,Julia,Zimmermann,julia.zimmermann1055@example.com,Hamburg,Germany,2023-10-29,Business
1056,Clara,Wolf,clara.wolf1056@example.com,Munich,Germany,2023-12-21,Standard
1057,Emma,Wagner,emma.wagner1057@example.com,Berlin,Germany,2023-09-16,Premium
1058,Jonas,Schneider,jonas.schneider1058@example.com,Cologne,Germany,2025-06-10,Standard
1059,Lea,Weber,lea.weber1059@example.com,Stuttgart,Germany,2024-06-12,Standard
1060,Tom,Schneider,tom.schneider1060@example.com,Duesseldorf,Germany,2023-06-28,Standard
1061,Finn,Richter,finn.richter1061@example.com,Nuremberg,Germany,2024-10-29,Premium
1062,Hannah,Neumann,hannah.neumann1062@example.com,Duisburg,Germany,2025-07-27,Business
1063,Anna,Braun,anna.braun1063@example.com,Hanover,Germany,2025-12-06,Premium
1064,Jonas,Fischer,jonas.fischer1064@example.com,Munich,Germany,2025-04-28,Standard
1065,Mia,Zimmermann,mia.zimmermann1065@example.com,Duisburg,Germany,2023-07-25,Standard
1066,Paul,Zimmermann,paul.zimmermann1066@example.com,Hanover,Germany,2023-07-26,Premium
1067,Lukas,Schwarz,lukas.schwarz1067@example.com,Duisburg,Germany,2024-12-05,Standard
1068,Jonas,Schulz,jonas.schulz1068@example.com,Bremen,Germany,2025-02-23,Standard
1069,Tim,Zimmermann,tim.zimmermann1069@example.com,Berlin,Germany,2025-08-26,Standard
1070,Ben,Schulz,ben.schulz1070@example.com,Munich,Germany,2025-04-05,Standard
1071,Niklas,Braun,niklas.braun1071@example.com,Berlin,Germany,2025-04-02,Standard
1072,Laura,Koch,laura.koch1072@example.com,Berlin,Germany,2024-05-01,Standard
1073,Tom,Schroeder,tom.schroeder1073@example.com,Duisburg,Germany,2024-07-04,Standard
1074,Felix,Mueller,felix.mueller1074@example.com,Nuremberg,Germany,2024-11-22,Standard
1075,Lukas,Hoffmann,lukas.hoffmann1075@example.com,Nuremberg,Germany,2024-07-28,Business
1076,Tim,Fischer,tim.fischer1076@example.com,Munich,Germany,2024-04-11,Standard
1077,Lukas,Wolf,lukas.wolf1077@example.com,Frankfurt,Germany,2024-10-19,Standard
1078,Tom,Klein,tom.klein1078@example.com,Cologne,Germany,2023-07-02,Premium
1079,Marie,Wagner,marie.wagner1079@example.com,Dresden,Germany,2025-04-13,Standard
1080,Tim,Neumann,tim.neumann1080@example.com,Nuremberg,Germany,2025-02-04,Business
1081,Max,Neumann,max.neumann1081@example.com,Hamburg,Germany,2023-11-22,Premium
1082,Lukas,Neumann,lukas.neumann1082@example.com,Munich,Germany,2025-04-06,Standard
1083,Clara,Neumann,clara.neumann1083@example.com,Munich,Germany,2023-03-01,Standard
1084,Emma,Wagner,emma.wagner1084@example.com,Cologne,Germany,2023-04-29,Premium
1085,Max,Wolf,max.wolf1085@example.com,Duisburg,Germany,2023-04-14,Business
1086,Felix,Wagner,felix.wagner1086@example.com,Stuttgart,Germany,2024-07-15,Standard
1087,Marie,Neumann,marie.neumann1087@example.com,Bremen,Germany,2025-03-23,Standard
1088,Paul,Mueller,paul.mueller1088@example.com,Stuttgart,Germany,2024-05-10,Standard
1089,Tim,Braun,tim.braun1089@example.com,Munich,Germany,2025-07-02,Business
1090,Tim,Zimmermann,tim.zimmermann1090@example.com,Stuttgart,Germany,2024-12-17,Standard
1091,Ben,Schulz,ben.schulz1091@example.com,Frankfurt,Germany,2023-07-05,Business
1092,Anna,Richter,anna.richter1092@example.com,Munich,Germany,2023-04-12,Standard
1093,Sarah,Wagner,sarah.wagner1093@example.com,Bremen,Germany,2024-03-29,Standard
1094,Leon,Wagner,leon.wagner1094@example.com,Bremen,Germany,2024-07-05,Standard
1095,Jonas,Neumann,jonas.neumann1095@example.com,Nuremberg,Germany,2023-02-11,Standard
1096,Clara,Mueller,clara.mueller1096@example.com,Duisburg,Germany,2025-08-28,Standard
1097,Mia,Meyer,mia.meyer1097@example.com,Cologne,Germany,2023-01-18,Standard
1098,Hannah,Braun,hannah.braun1098@example.com,Dresden,Germany,2024-09-17,Standard
1099,Nina,Schulz,nina.schulz1099@example.com,Duisburg,Germany,2025-05-17,Premium
1100,Laura,Bauer,laura.bauer1100@example.com,Frankfurt,Germany,2025-07-29,Standard
1101,Emma,Wolf,emma.wolf1101@example.com,Bremen,Germany,2024-09-10,Standard
1102,Julia,Braun,julia.braun1102@example.com,Essen,Germany,2025-03-24,Business
1103,Paul,Mueller,paul.mueller1103@example.com,Bremen,Germany,2025-11-13,Premium
1104,Felix,Schwarz,felix.schwarz1104@example.com,Frankfurt,Germany,2024-08-01,Business
1105,David,Fischer,david.fischer1105@example.com,Hamburg,Germany,2025-09-13,Business
1106,Sophie,Schulz,sophie.schulz1106@example.com,Nuremberg,Germany,2024-10-27,Standard
1107,Hannah,Schulz,hannah.schulz1107@example.com,Cologne,Germany,2024-09-03,Standard
1108,Mia,Neumann,mia.neumann1108@example.com,Duisburg,Germany,2024-05-07,Premium
1109,Max,Braun,max.braun1109@example.com,Bremen,Germany,2025-04-07,Premium
1110,Sophie,Weber,sophie.weber1110@example.com,Bremen,Germany,2023-02-22,Standard
1111,Tim,Hoffmann,tim.hoffmann1111@example.com,Duisburg,Germany,2024-06-15,Premium
1112,Jonas,Richter,jonas.richter1112@example.com,Dresden,Germany,2025-03-06,Standard
1113,Max,Zimmermann,max.zimmermann1113@example.com,Stuttgart,Germany,2024-01-24,Standard
1114,Tom,Becker,tom.becker1114@example.com,Bremen,Germany,2025-12-30,Standard
1115,Tim,Bauer,tim.bauer1115@example.com,Frankfurt,Germany,2025-11-04,Standard
1116,Ben,Schwarz,ben.schwarz1116@example.com,Frankfurt,Germany,2024-01-06,Standard
1117,Paul,Schroeder,paul.schroeder1117@example.com,Dresden,Germany,2023-09-20,Standard
1118,Hannah,Schwarz,hannah.schwarz1118@example.com,Bremen,Germany,2024-01-10,Premium
1119,Sophie,Schneider,sophie.schneider1119@example.com,Stuttgart,Germany,2024-03-31,Standard
1120,Leon,Hoffmann,leon.hoffmann1120@example.com,Hanover,Germany,2025-05-11,Standard
1121,Sophie,Bauer,sophie.bauer1121@example.com,Essen,Germany,2024-06-17,Premium
1122,Lukas,Wolf,lukas.wolf1122@example.com,Leipzig,Germany,2023-08-30,Business
1123,Max,Zimmermann,max.zimmermann1123@example.com,Leipzig,Germany,2023-05-26,Premium
1124,Emma,Neumann,emma.neumann1124@example.com,Nuremberg,Germany,2023-09-03,Premium
1125,David,Richter,david.richter1125@example.com,Frankfurt,Germany,2025-12-21,Premium
1126,Jonas,Schmidt,jonas.schmidt1126@example.com,Munich,Germany,2023-11-05,Standard
1127,Emma,Koch,emma.koch1127@example.com,Essen,Germany,2025-04-18,Standard
1128,Marie,Weber,marie.weber1128@example.com,Nuremberg,Germany,2024-10-09,Standard
1129,Nina,Meyer,nina.meyer1129@example.com,Leipzig,Germany,2023-06-15,Standard
1130,Sophie,Meyer,sophie.meyer1130@example.com,Bremen,Germany,2024-10-03,Standard
1131,Max,Mueller,max.mueller1131@example.com,Frankfurt,Germany,2025-07-14,Premium
1132,Emma,Meyer,emma.meyer1132@example.com,Leipzig,Germany,2023-11-21,Standard
1133,Clara,Schneider,clara.schneider1133@example.com,Essen,Germany,2023-09-23,Standard
1134,Jonas,Klein,jonas.klein1134@example.com,Duesseldorf,Germany,2025-04-06,Standard
1135,Tim,Richter,tim.richter1135@example.com,Berlin,Germany,2023-01-10,Premium
1136,Finn,Wagner,finn.wagner1136@example.com,Berlin,Germany,2025-02-03,Standard
1137,Sophie,Neumann,sophie.neumann1137@example.com,Berlin,Germany,2024-01-26,Premium
1138,David,Mueller,david.mueller1138@example.com,Cologne,Germany,2024-05-24,Standard
1139,Nina,Bauer,nina.bauer1139@example.com,Munich,Germany,2024-10-01,Standard
1140,Paul,Richter,paul.richter1140@example.com,Essen,Germany,2025-10-27,Standard
1141,Lukas,Meyer,lukas.meyer1141@example.com,Nuremberg,Germany,2023-05-14,Premium
1142,Max,Hoffmann,max.hoffmann1142@example.com,Leipzig,Germany,2024-08-18,Standard
1143,Tom,Neumann,tom.neumann1143@example.com,Stuttgart,Germany,2025-12-09,Premium
1144,Jonas,Weber,jonas.weber1144@example.com,Duisburg,Germany,2024-12-02,Standard
1145,Tim,Bauer,tim.bauer1145@example.com,Munich,Germany,2024-01-21,Standard
1146,Laura,Mueller,laura.mueller1146@example.com,Cologne,Germany,2024-04-12,Premium
1147,Tom,Weber,tom.weber1147@example.com,Dresden,Germany,2024-03-08,Premium
1148,Anna,Zimmermann,anna.zimmermann1148@example.com,Munich,Germany,2025-10-30,Premium
1149,Paul,Bauer,paul.bauer1149@example.com,Duesseldorf,Germany,2023-03-18,Premium
1150,Lea,Schulz,lea.schulz1150@example.com,Essen,Germany,2025-12-31,Premium
1151,Max,Braun,max.braun1151@example.com,Bremen,Germany,2023-04-09,Premium
1152,Paul,Mueller,paul.mueller1152@example.com,Dresden,Germany,2023-04-09,Premium
1153,Paul,Klein,paul.klein1153@example.com,Duesseldorf,Germany,2025-06-28,Premium
1154,Paul,Schwarz,paul.schwarz1154@example.com,Leipzig,Germany,2024-06-01,Premium
1155,Nina,Weber,nina.weber1155@example.com,Dresden,Germany,2024-02-25,Standard
1156,David,Mueller,david.mueller1156@example.com,Duesseldorf,Germany,2024-09-08,Premium
1157,David,Fischer,david.fischer1157@example.com,Frankfurt,Germany,2025-12-01,Standard
1158,Niklas,Braun,niklas.braun1158@example.com,Duesseldorf,Germany,2023-10-08,Premium
1159,Paul,Neumann,paul.neumann1159@example.com,Frankfurt,Germany,2023-08-30,Premium
1160,Paul,Fischer,paul.fischer1160@example.com,Cologne,Germany,2025-10-16,Standard
1161,Niklas,Wagner,niklas.wagner1161@example.com,Nuremberg,Germany,2024-06-22,Premium
1162,Julia,Wagner,julia.wagner1162@example.com,Dresden,Germany,2025-01-03,Standard
1163,Jonas,Hoffmann,jonas.hoffmann1163@example.com,Berlin,Germany,2023-11-25,Standard
1164,Finn,Schroeder,finn.schroeder1164@example.com,Dresden,Germany,2024-03-01,Premium
1165,Tim,Koch,tim.koch1165@example.com,Berlin,Germany,2024-04-25,Standard
1166,Anna,Schneider,anna.schneider1166@example.com,Nuremberg,Germany,2023-08-15,Premium
1167,Sarah,Schroeder,sarah.schroeder1167@example.com,Hamburg,Germany,2023-11-02,Premium
1168,Clara,Neumann,clara.neumann1168@example.com,Dresden,Germany,2023-06-03,Standard
1169,Tom,Fischer,tom.fischer1169@example.com,Bremen,Germany,2024-06-08,Standard
1170,Leon,Wolf,leon.wolf1170@example.com,Frankfurt,Germany,2024-08-29,Standard
1171,Marie,Schmidt,marie.schmidt1171@example.com,Nuremberg,Germany,2023-07-24,Standard
1172,Ben,Schmidt,ben.schmidt1172@example.com,Stuttgart,Germany,2024-08-18,Business
1173,David,Koch,david.koch1173@example.com,Dresden,Germany,2025-05-22,Standard
1174,Paul,Fischer,paul.fischer1174@example.com,Berlin,Germany,2023-04-04,Standard
1175,Mia,Meyer,mia.meyer1175@example.com,Stuttgart,Germany,2024-11-04,Standard
1176,Marie,Braun,marie.braun1176@example.com,Duisburg,Germany,2024-07-03,Standard
1177,Tom,Schneider,tom.schneider1177@example.com,Nuremberg,Germany,2025-02-02,Premium
1178,Sophie,Meyer,sophie.meyer1178@example.com,Duesseldorf,Germany,2023-08-22,Standard
1179,Laura,Wolf,laura.wolf1179@example.com,Nuremberg,Germany,2024-07-10,Premium
1180,Laura,Schroeder,laura.schroeder1180@example.com,Bremen,Germany,2025-05-13,Standard
1181,Ben,Fischer,ben.fischer1181@example.com,Dresden,Germany,2023-09-29,Business
1182,Tom,Schmidt,tom.schmidt1182@example.com,Hamburg,Germany,2023-11-23,Standard
1183,Jonas,Zimmermann,jonas.zimmermann1183@example.com,Hanover,Germany,2025-09-15,Standard
1184,Sarah,Wolf,sarah.wolf1184@example.com,Essen,Germany,2024-01-07,Business
1185,Laura,Bauer,laura.bauer1185@example.com,Nuremberg,Germany,2023-03-01,Standard
1186,David,Weber,david.weber1186@example.com,Duisburg,Germany,2025-09-16,Business
1187,Tim,Fischer,tim.fischer1187@example.com,Leipzig,Germany,2025-04-22,Premium
1188,Max,Schneider,max.schneider1188@example.com,Bremen,Germany,2024-06-19,Standard
1189,Sophie,Mueller,sophie.mueller1189@example.com,Hanover,Germany,2025-12-10,Standard
1190,Tom,Zimmermann,tom.zimmermann1190@example.com,Bremen,Germany,2024-04-03,Premium
1191,Sophie,Neumann,sophie.neumann1191@example.com,Dresden,Germany,2025-12-07,Standard
1192,Nina,Braun,nina.braun1192@example.com,Duesseldorf,Germany,2023-07-15,Standard
1193,David,Becker,david.becker1193@example.com,Stuttgart,Germany,2025-09-13,Standard
1194,David,Richter,david.richter1194@example.com,Nuremberg,Germany,2023-11-01,Standard
1195,Finn,Braun,finn.braun1195@example.com,Berlin,Germany,2023-04-22,Standard
1196,Lea,Meyer,lea.meyer1196@example.com,Nuremberg,Germany,2025-11-01,Premium
1197,Tim,Schroeder,tim.schroeder1197@example.com,Hamburg,Germany,2023-12-05,Business
1198,Clara,Schroeder,clara.schroeder1198@example.com,Cologne,Germany,2024-10-18,Business
1199,Sophie,Schulz,sophie.schulz1199@example.com,Dortmund,Germany,2023-04-14,Premium
1200,Leon,Schwarz,leon.schwarz1200@example.com,Duesseldorf,Germany,2025-02-14,Standard
1201,Leon,Schneider,leon.schneider1201@example.com,Leipzig,Germany,2025-07-29,Premium
1202,Sarah,Wolf,sarah.wolf1202@example.com,Nuremberg,Germany,2023-06-30,Standard
1203,Tim,Wolf,tim.wolf1203@example.com,Hamburg,Germany,2024-10-09,Standard
1204,Tim,Mueller,tim.mueller1204@example.com,Duesseldorf,Germany,2023-07-30,Standard
1205,Jonas,Schmidt,jonas.schmidt1205@example.com,Nuremberg,Germany,2023-01-01,Standard
1206,Lena,Braun,lena.braun1206@example.com,Duisburg,Germany,2024-09-15,Premium
1207,Julia,Schwarz,julia.schwarz1207@example.com,Bremen,Germany,2024-02-28,Premium
1208,David,Wolf,david.wolf1208@example.com,Stuttgart,Germany,2024-11-29,Standard
1209,Max,Becker,max.becker1209@example.com,Stuttgart,Germany,2025-07-19,Standard
1210,Finn,Braun,finn.braun1210@example.com,Dresden,Germany,2025-08-26,Business
1211,David,Bauer,david.bauer1211@example.com,Hamburg,Germany,2025-07-15,Standard
1212,Paul,Becker,paul.becker1212@example.com,Stuttgart,Germany,2023-01-05,Standard
1213,Felix,Hoffmann,felix.hoffmann1213@example.com,Stuttgart,Germany,2025-12-05,Standard
1214,Nina,Fischer,nina.fischer1214@example.com,Duisburg,Germany,2023-04-04,Premium
1215,Ben,Schroeder,ben.schroeder1215@example.com,Nuremberg,Germany,2023-10-15,Premium
1216,Nina,Klein,nina.klein1216@example.com,Frankfurt,Germany,2023-08-08,Standard
1217,Niklas,Wagner,niklas.wagner1217@example.com,Hamburg,Germany,2024-01-20,Standard
1218,Laura,Wagner,laura.wagner1218@example.com,Nuremberg,Germany,2025-07-25,Premium
1219,Emma,Koch,emma.koch1219@example.com,Hanover,Germany,2023-08-09,Premium
1220,Jonas,Schmidt,jonas.schmidt1220@example.com,Hanover,Germany,2023-09-10,Standard
1221,Marie,Wolf,marie.wolf1221@example.com,Munich,Germany,2025-10-29,Business
1222,Tim,Mueller,tim.mueller1222@example.com,Dresden,Germany,2025-12-22,Standard
1223,Max,Schwarz,max.schwarz1223@example.com,Nuremberg,Germany,2025-06-05,Standard
1224,Sarah,Schroeder,sarah.schroeder1224@example.com,Hanover,Germany,2025-11-07,Business
1225,Ben,Zimmermann,ben.zimmermann1225@example.com,Dresden,Germany,2023-12-22,Standard
1226,Mia,Fischer,mia.fischer1226@example.com,Bremen,Germany,2025-03-04,Standard
1227,Niklas,Braun,niklas.braun1227@example.com,Dortmund,Germany,2024-10-21,Standard
1228,Laura,Klein,laura.klein1228@example.com,Frankfurt,Germany,2024-05-23,Standard
1229,Laura,Koch,laura.koch1229@example.com,Leipzig,Germany,2024-08-25,Business
1230,Mia,Weber,mia.weber1230@example.com,Essen,Germany,2025-04-25,Standard
1231,Nina,Neumann,nina.neumann1231@example.com,Nuremberg,Germany,2024-09-04,Premium
1232,Nina,Schwarz,nina.schwarz1232@example.com,Dresden,Germany,2024-10-04,Standard
1233,Tom,Schwarz,tom.schwarz1233@example.com,Cologne,Germany,2024-03-21,Standard
1234,Emma,Braun,emma.braun1234@example.com,Bremen,Germany,2024-08-18,Standard
1235,Felix,Weber,felix.weber1235@example.com,Dortmund,Germany,2023-12-31,Premium
1236,Finn,Koch,finn.koch1236@example.com,Hanover,Germany,2023-08-25,Standard
1237,Felix,Schwarz,felix.schwarz1237@example.com,Essen,Germany,2025-09-10,Premium
1238,Sarah,Klein,sarah.klein1238@example.com,Frankfurt,Germany,2025-12-29,Standard
1239,Jonas,Mueller,jonas.mueller1239@example.com,Hamburg,Germany,2025-12-06,Business
1240,Anna,Richter,anna.richter1240@example.com,Berlin,Germany,2023-10-25,Standard
1241,David,Schmidt,david.schmidt1241@example.com,Frankfurt,Germany,2024-02-14,Premium
1242,Clara,Meyer,clara.meyer1242@example.com,Bremen,Germany,2024-08-09,Premium
1243,Hannah,Weber,hannah.weber1243@example.com,Dresden,Germany,2023-05-08,Premium
1244,Lukas,Wagner,lukas.wagner1244@example.com,Stuttgart,Germany,2023-03-08,Premium
1245,Marie,Fischer,marie.fischer1245@example.com,Dresden,Germany,2024-04-04,Premium
1246,Lea,Schwarz,lea.schwarz1246@example.com,Cologne,Germany,2025-03-07,Standard
1247,Julia,Hoffmann,julia.hoffmann1247@example.com,Duisburg,Germany,2023-04-07,Standard
1248,Laura,Richter,laura.richter1248@example.com,Hanover,Germany,2025-05-03,Standard
1249,David,Koch,david.koch1249@example.com,Berlin,Germany,2023-04-21,Business
1250,Tom,Schulz,tom.schulz1250@example.com,Essen,Germany,2024-02-20,Standard
1251,Clara,Wolf,clara.wolf1251@example.com,Duisburg,Germany,2024-04-06,Premium
1252,Lea,Bauer,lea.bauer1252@example.com,Hanover,Germany,2024-02-07,Standard
1253,Tom,Wagner,tom.wagner1253@example.com,Leipzig,Germany,2024-08-25,Standard
1254,Ben,Schneider,ben.schneider1254@example.com,Munich,Germany,2024-01-18,Standard
1255,Tom,Neumann,tom.neumann1255@example.com,Duesseldorf,Germany,2023-09-02,Premium
1256,Max,Klein,max.klein1256@example.com,Dortmund,Germany,2024-07-25,Standard
1257,Hannah,Weber,hannah.weber1257@example.com,Essen,Germany,2023-11-26,Standard
1258,Hannah,Mueller,hannah.mueller1258@example.com,Leipzig,Germany,2024-11-07,Standard
1259,Nina,Weber,nina.weber1259@example.com,Munich,Germany,2023-03-23,Standard
1260,Sophie,Braun,sophie.braun1260@example.com,Hanover,Germany,2023-04-15,Standard
1261,Lea,Braun,lea.braun1261@example.com,Leipzig,Germany,2024-09-08,Standard
1262,Sarah,Schwarz,sarah.schwarz1262@example.com,Hamburg,Germany,2025-01-03,Premium
1263,Nina,Koch,nina.koch1263@example.com,Cologne,Germany,2025-12-12,Standard
1264,Ben,Neumann,ben.neumann1264@example.com,Hanover,Germany,2023-05-20,Standard
1265,Julia,Meyer,julia.meyer1265@example.com,Dortmund,Germany,2025-05-01,Standard
1266,Finn,Richter,finn.richter1266@example.com,Stuttgart,Germany,2023-07-08,Standard
1267,Leon,Wagner,leon.wagner1267@example.com,Stuttgart,Germany,2024-11-10,Standard
1268,Felix,Hoffmann,felix.hoffmann1268@example.com,Hanover,Germany,2024-03-23,Standard
1269,Niklas,Neumann,niklas.neumann1269@example.com,Dortmund,Germany,2025-08-30,Standard
1270,Clara,Mueller,clara.mueller1270@example.com,Bremen,Germany,2023-08-23,Standard
1271,Felix,Wolf,felix.wolf1271@example.com,Duisburg,Germany,2024-05-07,Premium
1272,Lea,Braun,lea.braun1272@example.com,Berlin,Germany,2024-05-14,Premium
1273,David,Koch,david.koch1273@example.com,Duisburg,Germany,2025-02-20,Premium
1274,Paul,Richter,paul.richter1274@example.com,Dortmund,Germany,2024-06-09,Standard
1275,Tom,Hoffmann,tom.hoffmann1275@example.com,Duisburg,Germany,2023-02-20,Standard
1276,Julia,Bauer,julia.bauer1276@example.com,Hanover,Germany,2025-11-19,Standard
1277,Julia,Wolf,julia.wolf1277@example.com,Berlin,Germany,2025-09-23,Standard
1278,Lukas,Wagner,lukas.wagner1278@example.com,Dortmund,Germany,2024-10-18,Business
1279,Lena,Fischer,lena.fischer1279@example.com,Hanover,Germany,2023-12-09,Standard
1280,Finn,Schwarz,finn.schwarz1280@example.com,Bremen,Germany,2023-01-16,Standard
1281,Lena,Wagner,lena.wagner1281@example.com,Nuremberg,Germany,2024-03-12,Standard
1282,David,Klein,david.klein1282@example.com,Cologne,Germany,2023-08-01,Premium
1283,Finn,Klein,finn.klein1283@example.com,Dresden,Germany,2023-05-28,Standard
1284,David,Weber,david.weber1284@example.com,Leipzig,Germany,2023-02-18,Standard
1285,Nina,Koch,nina.koch1285@example.com,Hamburg,Germany,2023-03-19,Standard
1286,Lena,Schmidt,lena.schmidt1286@example.com,Hanover,Germany,2023-12-31,Standard
1287,Hannah,Schwarz,hannah.schwarz1287@example.com,Essen,Germany,2023-05-25,Standard
1288,Leon,Schulz,leon.schulz1288@example.com,Duesseldorf,Germany,2025-04-14,Standard
1289,Marie,Richter,marie.richter1289@example.com,Stuttgart,Germany,2025-06-05,Standard
1290,Anna,Richter,anna.richter1290@example.com,Dortmund,Germany,2023-08-31,Standard
1291,Anna,Braun,anna.braun1291@example.com,Hanover,Germany,2023-05-10,Standard
1292,Tom,Zimmermann,tom.zimmermann1292@example.com,Dresden,Germany,2023-04-04,Standard
1293,Lena,Bauer,lena.bauer1293@example.com,Hamburg,Germany,2025-10-26,Standard
1294,Lukas,Hoffmann,lukas.hoffmann1294@example.com,Frankfurt,Germany,2023-06-27,Premium
1295,Clara,Wolf,clara.wolf1295@example.com,Duesseldorf,Germany,2025-02-20,Premium
1296,David,Mueller,david.mueller1296@example.com,Munich,Germany,2025-08-28,Standard
1297,Finn,Becker,finn.becker1297@example.com,Dresden,Germany,2023-10-07,Standard
1298,Laura,Schwarz,laura.schwarz1298@example.com,Bremen,Germany,2024-08-27,Standard
1299,Mia,Hoffmann,mia.hoffmann1299@example.com,Berlin,Germany,2025-02-03,Standard
1300,Finn,Schwarz,finn.schwarz1300@example.com,Hamburg,Germany,2023-10-17,Premium
1301,Max,Mueller,max.mueller1301@example.com,Dortmund,Germany,2025-03-18,Standard
1302,Finn,Schneider,finn.schneider1302@example.com,Cologne,Germany,2024-09-16,Business
1303,Tom,Bauer,tom.bauer1303@example.com,Duesseldorf,Germany,2024-03-09,Standard
1304,Lea,Neumann,lea.neumann1304@example.com,Munich,Germany,2023-10-19,Standard
1305,Ben,Becker,ben.becker1305@example.com,Cologne,Germany,2024-06-01,Premium
1306,Paul,Meyer,paul.meyer1306@example.com,Nuremberg,Germany,2023-04-22,Premium
1307,Clara,Schwarz,clara.schwarz1307@example.com,Bremen,Germany,2025-08-02,Premium
1308,Finn,Schneider,finn.schneider1308@example.com,Bremen,Germany,2024-08-18,Premium
1309,Lena,Schulz,lena.schulz1309@example.com,Cologne,Germany,2023-07-21,Standard
1310,Tom,Zimmermann,tom.zimmermann1310@example.com,Stuttgart,Germany,2025-09-24,Premium
1311,Felix,Weber,felix.weber1311@example.com,Hamburg,Germany,2024-04-25,Standard
1312,Lukas,Braun,lukas.braun1312@example.com,Duisburg,Germany,2023-05-23,Premium
1313,Emma,Koch,emma.koch1313@example.com,Leipzig,Germany,2025-09-22,Standard
1314,Sophie,Braun,sophie.braun1314@example.com,Dresden,Germany,2024-09-18,Premium
1315,Sarah,Weber,sarah.weber1315@example.com,Hanover,Germany,2025-01-16,Standard
1316,Sophie,Klein,sophie.klein1316@example.com,Berlin,Germany,2023-12-12,Standard
1317,Sophie,Becker,sophie.becker1317@example.com,Dresden,Germany,2024-03-29,Standard
1318,Tom,Klein,tom.klein1318@example.com,Nuremberg,Germany,2024-07-20,Premium
1319,Felix,Weber,felix.weber1319@example.com,Duisburg,Germany,2024-11-10,Standard
1320,Tim,Wolf,tim.wolf1320@example.com,Stuttgart,Germany,2025-07-01,Standard
1321,Clara,Hoffmann,clara.hoffmann1321@example.com,Dortmund,Germany,2025-09-24,Standard
1322,Paul,Meyer,paul.meyer1322@example.com,Nuremberg,Germany,2023-06-17,Standard
1323,Hannah,Weber,hannah.weber1323@example.com,Frankfurt,Germany,2024-02-07,Premium
1324,Tom,Schneider,tom.schneider1324@example.com,Duisburg,Germany,2023-06-04,Standard
1325,Anna,Neumann,anna.neumann1325@example.com,Nuremberg,Germany,2023-03-05,Business
1326,Sarah,Zimmermann,sarah.zimmermann1326@example.com,Hanover,Germany,2025-04-09,Standard
1327,Sarah,Wagner,sarah.wagner1327@example.com,Dortmund,Germany,2023-03-17,Standard
1328,Hannah,Schwarz,hannah.schwarz1328@example.com,Bremen,Germany,2025-08-24,Premium
1329,Clara,Weber,clara.weber1329@example.com,Duesseldorf,Germany,2025-01-19,Premium
1330,Leon,Zimmermann,leon.zimmermann1330@example.com,Munich,Germany,2024-08-18,Standard
1331,Marie,Neumann,marie.neumann1331@example.com,Hamburg,Germany,2025-11-11,Standard
1332,Laura,Bauer,laura.bauer1332@example.com,Berlin,Germany,2025-10-25,Premium
1333,David,Becker,david.becker1333@example.com,Hanover,Germany,2023-12-06,Standard
1334,Julia,Weber,julia.weber1334@example.com,Munich,Germany,2025-07-02,Business
1335,Ben,Zimmermann,ben.zimmermann1335@example.com,Dresden,Germany,2023-10-27,Business
1336,Tom,Schroeder,tom.schroeder1336@example.com,Berlin,Germany,2025-01-04,Premium
1337,Leon,Schroeder,leon.schroeder1337@example.com,Hamburg,Germany,2024-04-19,Standard
1338,Hannah,Bauer,hannah.bauer1338@example.com,Berlin,Germany,2024-04-24,Premium
1339,David,Wagner,david.wagner1339@example.com,Duisburg,Germany,2025-11-26,Standard
1340,Felix,Richter,felix.richter1340@example.com,Duisburg,Germany,2025-08-19,Standard
1341,Marie,Schmidt,marie.schmidt1341@example.com,Bremen,Germany,2023-03-23,Standard
1342,Sophie,Fischer,sophie.fischer1342@example.com,Bremen,Germany,2025-12-03,Standard
1343,Hannah,Schulz,hannah.schulz1343@example.com,Duesseldorf,Germany,2023-12-23,Premium
1344,Lea,Richter,lea.richter1344@example.com,Essen,Germany,2025-01-18,Premium
1345,Lea,Schneider,lea.schneider1345@example.com,Frankfurt,Germany,2025-11-24,Premium
1346,Laura,Becker,laura.becker1346@example.com,Duesseldorf,Germany,2025-11-23,Standard
1347,Felix,Bauer,felix.bauer1347@example.com,Hanover,Germany,2025-09-24,Standard
1348,Tim,Braun,tim.braun1348@example.com,Dortmund,Germany,2023-01-14,Standard
1349,Mia,Wolf,mia.wolf1349@example.com,Cologne,Germany,2023-12-06,Business
1350,Lena,Neumann,lena.neumann1350@example.com,Cologne,Germany,2024-07-29,Standard
1351,Mia,Meyer,mia.meyer1351@example.com,Stuttgart,Germany,2023-11-19,Premium
1352,Niklas,Fischer,niklas.fischer1352@example.com,Duesseldorf,Germany,2024-04-16,Standard
1353,Sophie,Fischer,sophie.fischer1353@example.com,Bremen,Germany,2025-09-13,Standard
1354,Tim,Schroeder,tim.schroeder1354@example.com,Essen,Germany,2024-03-07,Premium
1355,Ben,Klein,ben.klein1355@example.com,Cologne,Germany,2023-02-15,Standard
1356,Max,Weber,max.weber1356@example.com,Munich,Germany,2023-11-26,Premium
1357,Lea,Neumann,lea.neumann1357@example.com,Duisburg,Germany,2023-03-22,Business
1358,Sarah,Weber,sarah.weber1358@example.com,Munich,Germany,2023-04-25,Standard
1359,Hannah,Meyer,hannah.meyer1359@example.com,Duesseldorf,Germany,2025-11-24,Standard
1360,Niklas,Zimmermann,niklas.zimmermann1360@example.com,Duisburg,Germany,2023-02-08,Standard
1361,Tom,Hoffmann,tom.hoffmann1361@example.com,Cologne,Germany,2023-06-25,Business
1362,Marie,Braun,marie.braun1362@example.com,Nuremberg,Germany,2025-08-23,Standard
1363,Tim,Meyer,tim.meyer1363@example.com,Nuremberg,Germany,2024-03-25,Standard
1364,Jonas,Braun,jonas.braun1364@example.com,Hanover,Germany,2023-10-20,Standard
1365,Sarah,Meyer,sarah.meyer1365@example.com,Frankfurt,Germany,2025-11-12,Premium
1366,Ben,Koch,ben.koch1366@example.com,Essen,Germany,2025-07-17,Standard
1367,Sarah,Schneider,sarah.schneider1367@example.com,Duesseldorf,Germany,2024-04-15,Premium
1368,Laura,Weber,laura.weber1368@example.com,Berlin,Germany,2023-08-11,Business
1369,Emma,Neumann,emma.neumann1369@example.com,Bremen,Germany,2025-10-29,Standard
1370,Jonas,Weber,jonas.weber1370@example.com,Munich,Germany,2023-07-17,Standard
1371,Tim,Braun,tim.braun1371@example.com,Duisburg,Germany,2023-03-21,Business
1372,Finn,Neumann,finn.neumann1372@example.com,Hamburg,Germany,2023-08-29,Standard
1373,Tim,Weber,tim.weber1373@example.com,Duisburg,Germany,2023-01-03,Premium
1374,Clara,Klein,clara.klein1374@example.com,Duesseldorf,Germany,2025-12-05,Standard
1375,Felix,Schmidt,felix.schmidt1375@example.com,Duesseldorf,Germany,2025-12-21,Standard
1376,Leon,Schroeder,leon.schroeder1376@example.com,Stuttgart,Germany,2025-02-19,Premium
1377,Sarah,Zimmermann,sarah.zimmermann1377@example.com,Duesseldorf,Germany,2023-07-20,Standard
1378,Mia,Schulz,mia.schulz1378@example.com,Hanover,Germany,2025-09-04,Standard
1379,Leon,Schneider,leon.schneider1379@example.com,Essen,Germany,2024-08-03,Standard
1380,Finn,Klein,finn.klein1380@example.com,Cologne,Germany,2024-06-11,Standard
1381,Anna,Mueller,anna.mueller1381@example.com,Hamburg,Germany,2025-12-06,Standard
1382,Julia,Mueller,julia.mueller1382@example.com,Bremen,Germany,2025-02-07,Standard
1383,Emma,Koch,emma.koch1383@example.com,Stuttgart,Germany,2025-04-17,Business
1384,Paul,Weber,paul.weber1384@example.com,Bremen,Germany,2025-05-22,Standard
1385,Sarah,Schulz,sarah.schulz1385@example.com,Nuremberg,Germany,2024-06-19,Premium
1386,Finn,Klein,finn.klein1386@example.com,Essen,Germany,2025-01-18,Standard
1387,Hannah,Richter,hannah.richter1387@example.com,Duesseldorf,Germany,2024-02-22,Premium
1388,Finn,Schwarz,finn.schwarz1388@example.com,Munich,Germany,2025-09-15,Standard
1389,Felix,Schwarz,felix.schwarz1389@example.com,Frankfurt,Germany,2025-09-17,Business
1390,Lukas,Zimmermann,lukas.zimmermann1390@example.com,Hanover,Germany,2024-12-06,Standard
1391,Nina,Richter,nina.richter1391@example.com,Nuremberg,Germany,2023-10-10,Standard
1392,David,Fischer,david.fischer1392@example.com,Leipzig,Germany,2024-04-15,Standard
1393,Nina,Meyer,nina.meyer1393@example.com,Cologne,Germany,2023-07-25,Standard
1394,Julia,Richter,julia.richter1394@example.com,Hanover,Germany,2024-11-24,Standard
1395,Finn,Braun,finn.braun1395@example.com,Munich,Germany,2023-04-17,Standard
1396,Laura,Mueller,laura.mueller1396@example.com,Nuremberg,Germany,2023-07-06,Premium
1397,Mia,Schroeder,mia.schroeder1397@example.com,Hamburg,Germany,2025-06-10,Standard
1398,Lena,Schulz,lena.schulz1398@example.com,Stuttgart,Germany,2024-03-30,Standard
1399,Lena,Braun,lena.braun1399@example.com,Dresden,Germany,2023-03-19,Standard
1400,Laura,Richter,laura.richter1400@example.com,Frankfurt,Germany,2025-12-03,Premium
1401,Nina,Braun,nina.braun1401@example.com,Hanover,Germany,2023-04-28,Standard
1402,Ben,Schroeder,ben.schroeder1402@example.com,Berlin,Germany,2025-06-18,Standard
1403,Emma,Neumann,emma.neumann1403@example.com,Cologne,Germany,2024-08-08,Standard
1404,Max,Braun,max.braun1404@example.com,Dortmund,Germany,2025-11-11,Premium
1405,Nina,Becker,nina.becker1405@example.com,Bremen,Germany,2023-12-14,Premium
1406,Max,Bauer,max.bauer1406@example.com,Bremen,Germany,2024-05-04,Standard
1407,Anna,Meyer,anna.meyer1407@example.com,Frankfurt,Germany,2023-06-27,Premium
1408,Clara,Richter,clara.richter1408@example.com,Bremen,Germany,2024-12-24,Premium
1409,Laura,Richter,laura.richter1409@example.com,Dortmund,Germany,2024-02-15,Standard
1410,Anna,Schneider,anna.schneider1410@example.com,Dortmund,Germany,2023-07-04,Premium
1411,Lukas,Schwarz,lukas.schwarz1411@example.com,Stuttgart,Germany,2024-12-13,Standard
1412,Hannah,Becker,hannah.becker1412@example.com,Leipzig,Germany,2024-02-03,Standard
1413,Laura,Zimmermann,laura.zimmermann1413@example.com,Frankfurt,Germany,2023-01-10,Standard
1414,Ben,Klein,ben.klein1414@example.com,Hamburg,Germany,2025-11-02,Standard
1415,Finn,Schneider,finn.schneider1415@example.com,Frankfurt,Germany,2025-10-27,Standard
1416,Sophie,Fischer,sophie.fischer1416@example.com,Frankfurt,Germany,2025-11-17,Business
1417,Finn,Zimmermann,finn.zimmermann1417@example.com,Dresden,Germany,2024-05-27,Standard
1418,Marie,Richter,marie.richter1418@example.com,Hanover,Germany,2025-09-17,Standard
1419,Leon,Koch,leon.koch1419@example.com,Bremen,Germany,2025-07-28,Standard
1420,Marie,Zimmermann,marie.zimmermann1420@example.com,Leipzig,Germany,2023-02-26,Business
1421,Paul,Schulz,paul.schulz1421@example.com,Duesseldorf,Germany,2023-05-19,Standard
1422,Lea,Becker,lea.becker1422@example.com,Hanover,Germany,2024-04-15,Standard
1423,Sophie,Klein,sophie.klein1423@example.com,Dortmund,Germany,2024-12-24,Standard
1424,Finn,Mueller,finn.mueller1424@example.com,Cologne,Germany,2024-06-23,Standard
1425,Lukas,Schneider,lukas.schneider1425@example.com,Bremen,Germany,2025-03-28,Business
1426,Tom,Koch,tom.koch1426@example.com,Dortmund,Germany,2023-06-05,Business
1427,Ben,Schroeder,ben.schroeder1427@example.com,Stuttgart,Germany,2024-10-04,Standard
1428,Emma,Zimmermann,emma.zimmermann1428@example.com,Munich,Germany,2024-07-05,Business
1429,Tom,Wagner,tom.wagner1429@example.com,Dresden,Germany,2025-10-18,Standard
1430,Emma,Becker,emma.becker1430@example.com,Nuremberg,Germany,2024-05-10,Premium
1431,Hannah,Wagner,hannah.wagner1431@example.com,Cologne,Germany,2024-04-14,Standard
1432,Leon,Braun,leon.braun1432@example.com,Munich,Germany,2024-12-30,Standard
1433,Clara,Fischer,clara.fischer1433@example.com,Duisburg,Germany,2023-09-03,Standard
1434,Lena,Schroeder,lena.schroeder1434@example.com,Hanover,Germany,2023-01-14,Premium
1435,Finn,Schmidt,finn.schmidt1435@example.com,Stuttgart,Germany,2025-09-14,Standard
1436,Niklas,Koch,niklas.koch1436@example.com,Duisburg,Germany,2025-10-05,Standard
1437,Sarah,Schulz,sarah.schulz1437@example.com,Munich,Germany,2025-10-02,Standard
1438,Clara,Neumann,clara.neumann1438@example.com,Duesseldorf,Germany,2024-07-27,Premium
1439,Leon,Zimmermann,leon.zimmermann1439@example.com,Berlin,Germany,2023-09-20,Standard
1440,Julia,Klein,julia.klein1440@example.com,Dortmund,Germany,2025-09-06,Premium
1441,Max,Neumann,max.neumann1441@example.com,Duesseldorf,Germany,2024-12-12,Business
1442,David,Meyer,david.meyer1442@example.com,Hamburg,Germany,2025-07-25,Standard
1443,Nina,Neumann,nina.neumann1443@example.com,Stuttgart,Germany,2025-07-31,Premium
1444,Nina,Mueller,nina.mueller1444@example.com,Bremen,Germany,2023-01-25,Standard
1445,Emma,Richter,emma.richter1445@example.com,Stuttgart,Germany,2023-07-26,Premium
1446,Felix,Braun,felix.braun1446@example.com,Munich,Germany,2024-06-15,Standard
1447,Finn,Schulz,finn.schulz1447@example.com,Frankfurt,Germany,2024-04-30,Premium
1448,Tim,Braun,tim.braun1448@example.com,Stuttgart,Germany,2024-12-03,Premium
1449,Ben,Schroeder,ben.schroeder1449@example.com,Cologne,Germany,2025-05-18,Business
1450,Jonas,Bauer,jonas.bauer1450@example.com,Nuremberg,Germany,2025-01-17,Premium
1451,Laura,Schulz,laura.schulz1451@example.com,Munich,Germany,2025-07-12,Standard
1452,Sarah,Weber,sarah.weber1452@example.com,Nuremberg,Germany,2024-04-13,Standard
1453,Paul,Schulz,paul.schulz1453@example.com,Dortmund,Germany,2024-04-27,Premium
1454,Jonas,Richter,jonas.richter1454@example.com,Munich,Germany,2024-02-06,Standard
1455,Tom,Weber,tom.weber1455@example.com,Hanover,Germany,2025-08-26,Standard
1456,Anna,Meyer,anna.meyer1456@example.com,Leipzig,Germany,2025-05-13,Business
1457,Mia,Neumann,mia.neumann1457@example.com,Dresden,Germany,2025-12-29,Premium
1458,Sophie,Schroeder,sophie.schroeder1458@example.com,Frankfurt,Germany,2024-09-06,Premium
1459,Finn,Zimmermann,finn.zimmermann1459@example.com,Duesseldorf,Germany,2023-04-08,Standard
1460,Paul,Meyer,paul.meyer1460@example.com,Cologne,Germany,2023-05-03,Premium
1461,Hannah,Schroeder,hannah.schroeder1461@example.com,Leipzig,Germany,2023-07-17,Standard
1462,Tom,Koch,tom.koch1462@example.com,Stuttgart,Germany,2024-06-16,Premium
1463,Felix,Schwarz,felix.schwarz1463@example.com,Stuttgart,Germany,2024-06-11,Standard
1464,Anna,Klein,anna.klein1464@example.com,Stuttgart,Germany,2023-09-06,Premium
1465,David,Braun,david.braun1465@example.com,Essen,Germany,2024-02-12,Business
1466,Sarah,Schwarz,sarah.schwarz1466@example.com,Hanover,Germany,2023-12-24,Standard
1467,Lukas,Bauer,lukas.bauer1467@example.com,Bremen,Germany,2024-10-27,Business
1468,Julia,Schroeder,julia.schroeder1468@example.com,Duisburg,Germany,2025-07-04,Standard
1469,Lena,Richter,lena.richter1469@example.com,Leipzig,Germany,2024-08-09,Premium
1470,Lea,Weber,lea.weber1470@example.com,Bremen,Germany,2023-12-10,Premium
1471,Sophie,Klein,sophie.klein1471@example.com,Nuremberg,Germany,2025-04-08,Standard
1472,Lena,Schneider,lena.schneider1472@example.com,Stuttgart,Germany,2023-11-28,Premium
1473,Leon,Koch,leon.koch1473@example.com,Bremen,Germany,2024-10-10,Premium
1474,Lukas,Schulz,lukas.schulz1474@example.com,Frankfurt,Germany,2025-03-20,Standard
1475,Marie,Bauer,marie.bauer1475@example.com,Leipzig,Germany,2025-12-02,Standard
1476,Jonas,Meyer,jonas.meyer1476@example.com,Nuremberg,Germany,2024-01-12,Premium
1477,Anna,Weber,anna.weber1477@example.com,Bremen,Germany,2024-04-25,Premium
1478,Hannah,Schneider,hannah.schneider1478@example.com,Munich,Germany,2024-03-07,Premium
1479,Laura,Fischer,laura.fischer1479@example.com,Hamburg,Germany,2023-07-15,Premium
1480,Tim,Schwarz,tim.schwarz1480@example.com,Berlin,Germany,2023-04-21,Standard
1481,Clara,Richter,clara.richter1481@example.com,Hanover,Germany,2025-12-09,Premium
1482,Lena,Fischer,lena.fischer1482@example.com,Essen,Germany,2024-06-21,Standard
1483,Mia,Schneider,mia.schneider1483@example.com,Frankfurt,Germany,2025-03-09,Standard
1484,Leon,Becker,leon.becker1484@example.com,Leipzig,Germany,2024-08-04,Standard
1485,Lea,Weber,lea.weber1485@example.com,Dortmund,Germany,2023-09-26,Standard
1486,Ben,Mueller,ben.mueller1486@example.com,Bremen,Germany,2023-03-13,Standard
1487,Felix,Koch,felix.koch1487@example.com,Leipzig,Germany,2025-09-02,Standard
1488,Finn,Schulz,finn.schulz1488@example.com,Munich,Germany,2025-06-30,Premium
1489,Nina,Schwarz,nina.schwarz1489@example.com,Essen,Germany,2023-12-29,Standard
1490,Niklas,Wolf,niklas.wolf1490@example.com,Dortmund,Germany,2025-06-09,Standard
1491,Lea,Schwarz,lea.schwarz1491@example.com,Duisburg,Germany,2024-09-26,Standard
1492,Felix,Schroeder,felix.schroeder1492@example.com,Hanover,Germany,2024-04-10,Standard
1493,Lena,Wolf,lena.wolf1493@example.com,Stuttgart,Germany,2024-09-22,Standard
1494,Jonas,Schulz,jonas.schulz1494@example.com,Frankfurt,Germany,2023-11-15,Standard
1495,Anna,Mueller,anna.mueller1495@example.com,Nuremberg,Germany,2025-12-07,Standard
1496,Clara,Weber,clara.weber1496@example.com,Frankfurt,Germany,2024-12-05,Premium
1497,Tim,Schwarz,tim.schwarz1497@example.com,Dresden,Germany,2023-01-18,Standard
1498,Tim,Schroeder,tim.schroeder1498@example.com,Berlin,Germany,2024-09-05,Standard
1499,Clara,Klein,clara.klein1499@example.com,Essen,Germany,2024-08-22,Standard
1500,Leon,Mueller,leon.mueller1500@example.com,Cologne,Germany,2025-02-04,Premium
1501,Jonas,Schwarz,jonas.schwarz1501@example.com,Duesseldorf,Germany,2025-06-14,Standard
1502,Leon,Meyer,leon.meyer1502@example.com,Nuremberg,Germany,2025-03-09,Standard
1503,Laura,Becker,laura.becker1503@example.com,Hamburg,Germany,2024-06-22,Standard
1504,Jonas,Becker,jonas.becker1504@example.com,Hanover,Germany,2025-11-24,Standard
1505,Niklas,Schulz,niklas.schulz1505@example.com,Bremen,Germany,2024-08-06,Standard
1506,Tom,Schwarz,tom.schwarz1506@example.com,Duesseldorf,Germany,2024-07-04,Standard
1507,Emma,Schneider,emma.schneider1507@example.com,Munich,Germany,2024-01-09,Standard
1508,Lukas,Fischer,lukas.fischer1508@example.com,Essen,Germany,2025-07-21,Standard
1509,Marie,Schulz,marie.schulz1509@example.com,Cologne,Germany,2025-10-04,Standard
1510,Sophie,Mueller,sophie.mueller1510@example.com,Berlin,Germany,2023-11-08,Premium
1511,Finn,Mueller,finn.mueller1511@example.com,Hamburg,Germany,2024-01-16,Premium
1512,Lukas,Schulz,lukas.schulz1512@example.com,Dresden,Germany,2023-09-14,Premium
1513,Marie,Mueller,marie.mueller1513@example.com,Hamburg,Germany,2024-04-21,Business
1514,Mia,Mueller,mia.mueller1514@example.com,Cologne,Germany,2025-10-07,Standard
1515,Sophie,Klein,sophie.klein1515@example.com,Hanover,Germany,2024-09-30,Standard
1516,Tim,Bauer,tim.bauer1516@example.com,Dresden,Germany,2025-08-07,Standard
1517,Max,Koch,max.koch1517@example.com,Nuremberg,Germany,2023-06-14,Standard
1518,Clara,Weber,clara.weber1518@example.com,Frankfurt,Germany,2023-04-25,Premium
1519,Clara,Richter,clara.richter1519@example.com,Dortmund,Germany,2023-05-27,Standard
1520,Tim,Meyer,tim.meyer1520@example.com,Duisburg,Germany,2024-01-29,Business
1521,Hannah,Richter,hannah.richter1521@example.com,Hamburg,Germany,2023-01-26,Standard
1522,Clara,Becker,clara.becker1522@example.com,Hanover,Germany,2025-02-27,Business
1523,Marie,Becker,marie.becker1523@example.com,Cologne,Germany,2023-03-10,Standard
1524,Marie,Fischer,marie.fischer1524@example.com,Bremen,Germany,2025-12-03,Standard
1525,Emma,Schroeder,emma.schroeder1525@example.com,Bremen,Germany,2025-03-07,Standard
1526,Lukas,Koch,lukas.koch1526@example.com,Bremen,Germany,2023-11-21,Standard
1527,Tom,Schmidt,tom.schmidt1527@example.com,Hamburg,Germany,2025-12-02,Standard
1528,Hannah,Schroeder,hannah.schroeder1528@example.com,Cologne,Germany,2024-09-03,Standard
1529,Felix,Schmidt,felix.schmidt1529@example.com,Hamburg,Germany,2024-03-22,Premium
1530,Leon,Klein,leon.klein1530@example.com,Berlin,Germany,2024-10-26,Standard
1531,Ben,Schulz,ben.schulz1531@example.com,Duesseldorf,Germany,2023-09-03,Standard
1532,Leon,Mueller,leon.mueller1532@example.com,Essen,Germany,2023-03-28,Standard
1533,Nina,Schroeder,nina.schroeder1533@example.com,Stuttgart,Germany,2023-11-14,Premium
1534,Clara,Schneider,clara.schneider1534@example.com,Munich,Germany,2024-05-24,Standard
1535,Tim,Schneider,tim.schneider1535@example.com,Duisburg,Germany,2024-11-24,Standard
1536,Clara,Schmidt,clara.schmidt1536@example.com,Stuttgart,Germany,2023-05-03,Standard
1537,Lea,Weber,lea.weber1537@example.com,Munich,Germany,2023-08-08,Standard
1538,Tim,Becker,tim.becker1538@example.com,Dortmund,Germany,2024-10-10,Premium
1539,Lea,Bauer,lea.bauer1539@example.com,Dresden,Germany,2025-06-17,Standard
1540,Emma,Mueller,emma.mueller1540@example.com,Stuttgart,Germany,2025-02-12,Standard
1541,Tom,Weber,tom.weber1541@example.com,Duisburg,Germany,2024-05-28,Premium
1542,Max,Schroeder,max.schroeder1542@example.com,Dortmund,Germany,2025-06-15,Standard
1543,Lukas,Schwarz,lukas.schwarz1543@example.com,Cologne,Germany,2025-09-30,Standard
1544,Sarah,Meyer,sarah.meyer1544@example.com,Stuttgart,Germany,2024-12-13,Standard
1545,Tom,Wolf,tom.wolf1545@example.com,Nuremberg,Germany,2024-07-17,Business
1546,Niklas,Schwarz,niklas.schwarz1546@example.com,Hamburg,Germany,2023-11-25,Standard
1547,Julia,Weber,julia.weber1547@example.com,Frankfurt,Germany,2025-07-09,Premium
1548,Hannah,Schwarz,hannah.schwarz1548@example.com,Leipzig,Germany,2025-01-21,Standard
1549,Anna,Neumann,anna.neumann1549@example.com,Dresden,Germany,2025-02-15,Standard
1550,Ben,Mueller,ben.mueller1550@example.com,Hanover,Germany,2025-01-15,Standard
1551,Niklas,Becker,niklas.becker1551@example.com,Dresden,Germany,2024-10-18,Business
1552,Lena,Schwarz,lena.schwarz1552@example.com,Cologne,Germany,2025-03-04,Standard
1553,Julia,Schroeder,julia.schroeder1553@example.com,Essen,Germany,2023-11-12,Premium
1554,Lukas,Koch,lukas.koch1554@example.com,Bremen,Germany,2025-04-19,Premium
1555,Sophie,Fischer,sophie.fischer1555@example.com,Dortmund,Germany,2023-07-17,Standard
1556,David,Schneider,david.schneider1556@example.com,Nuremberg,Germany,2023-03-31,Standard
1557,Mia,Meyer,mia.meyer1557@example.com,Cologne,Germany,2023-03-06,Standard
1558,Paul,Schroeder,paul.schroeder1558@example.com,Hamburg,Germany,2024-01-28,Standard
1559,Max,Zimmermann,max.zimmermann1559@example.com,Bremen,Germany,2025-03-06,Premium
1560,Tim,Neumann,tim.neumann1560@example.com,Berlin,Germany,2024-06-08,Business
1561,Felix,Becker,felix.becker1561@example.com,Berlin,Germany,2023-05-26,Standard
1562,Emma,Schroeder,emma.schroeder1562@example.com,Leipzig,Germany,2023-06-13,Standard
1563,Lea,Schmidt,lea.schmidt1563@example.com,Dortmund,Germany,2025-01-09,Premium
1564,Tom,Klein,tom.klein1564@example.com,Hanover,Germany,2025-01-25,Standard
1565,Nina,Schmidt,nina.schmidt1565@example.com,Dortmund,Germany,2024-06-28,Premium
1566,Max,Schneider,max.schneider1566@example.com,Hamburg,Germany,2024-09-14,Standard
1567,Emma,Neumann,emma.neumann1567@example.com,Hamburg,Germany,2023-07-18,Premium
1568,Tom,Becker,tom.becker1568@example.com,Duesseldorf,Germany,2025-12-24,Standard
1569,Emma,Wagner,emma.wagner1569@example.com,Bremen,Germany,2025-12-13,Standard
1570,Leon,Zimmermann,leon.zimmermann1570@example.com,Dortmund,Germany,2024-01-02,Standard
1571,Tom,Schwarz,tom.schwarz1571@example.com,Dresden,Germany,2025-04-30,Standard
1572,Paul,Zimmermann,paul.zimmermann1572@example.com,Bremen,Germany,2025-01-03,Standard
1573,Marie,Klein,marie.klein1573@example.com,Munich,Germany,2023-08-02,Premium
1574,Ben,Schwarz,ben.schwarz1574@example.com,Dortmund,Germany,2025-04-02,Premium
1575,Sophie,Meyer,sophie.meyer1575@example.com,Essen,Germany,2025-12-29,Standard
1576,Marie,Bauer,marie.bauer1576@example.com,Dortmund,Germany,2024-10-07,Standard
1577,Sophie,Bauer,sophie.bauer1577@example.com,Hanover,Germany,2025-04-24,Standard
1578,Lea,Klein,lea.klein1578@example.com,Essen,Germany,2024-10-24,Standard
1579,Leon,Zimmermann,leon.zimmermann1579@example.com,Duesseldorf,Germany,2024-03-14,Standard
1580,Clara,Schwarz,clara.schwarz1580@example.com,Stuttgart,Germany,2024-06-04,Standard
1581,Marie,Wolf,marie.wolf1581@example.com,Berlin,Germany,2025-03-24,Standard
1582,Tom,Schmidt,tom.schmidt1582@example.com,Essen,Germany,2024-08-05,Standard
1583,Anna,Neumann,anna.neumann1583@example.com,Duisburg,Germany,2023-10-04,Standard
1584,Lukas,Mueller,lukas.mueller1584@example.com,Cologne,Germany,2024-09-07,Standard
1585,Emma,Koch,emma.koch1585@example.com,Hanover,Germany,2023-02-14,Business
1586,Nina,Schulz,nina.schulz1586@example.com,Dortmund,Germany,2025-11-13,Standard
1587,Sarah,Zimmermann,sarah.zimmermann1587@example.com,Hamburg,Germany,2023-11-13,Premium
1588,Max,Wolf,max.wolf1588@example.com,Munich,Germany,2024-12-29,Standard
1589,Mia,Schulz,mia.schulz1589@example.com,Duisburg,Germany,2025-01-21,Standard
1590,Sarah,Becker,sarah.becker1590@example.com,Frankfurt,Germany,2024-04-22,Premium
1591,Lukas,Schneider,lukas.schneider1591@example.com,Essen,Germany,2025-03-29,Premium
1592,Emma,Schneider,emma.schneider1592@example.com,Hanover,Germany,2024-10-26,Business
1593,Tim,Meyer,tim.meyer1593@example.com,Nuremberg,Germany,2025-09-26,Standard
1594,Nina,Zimmermann,nina.zimmermann1594@example.com,Essen,Germany,2023-07-15,Standard
1595,Lea,Hoffmann,lea.hoffmann1595@example.com,Dresden,Germany,2023-03-18,Premium
1596,Sarah,Richter,sarah.richter1596@example.com,Hanover,Germany,2023-06-10,Standard
1597,Max,Koch,max.koch1597@example.com,Duisburg,Germany,2024-12-13,Standard
1598,Jonas,Klein,jonas.klein1598@example.com,Nuremberg,Germany,2023-09-04,Standard
1599,Clara,Becker,clara.becker1599@example.com,Bremen,Germany,2023-01-24,Standard
1600,Clara,Richter,clara.richter1600@example.com,Frankfurt,Germany,2023-04-21,Premium
1601,Julia,Schmidt,julia.schmidt1601@example.com,Dortmund,Germany,2024-10-15,Standard
1602,Sarah,Weber,sarah.weber1602@example.com,Dortmund,Germany,2024-10-31,Standard
1603,Nina,Becker,nina.becker1603@example.com,Berlin,Germany,2023-11-10,Standard
1604,David,Richter,david.richter1604@example.com,Hanover,Germany,2025-07-01,Standard
1605,Niklas,Zimmermann,niklas.zimmermann1605@example.com,Hamburg,Germany,2025-10-30,Standard
1606,Leon,Klein,leon.klein1606@example.com,Hanover,Germany,2024-08-16,Standard
1607,Laura,Weber,laura.weber1607@example.com,Stuttgart,Germany,2023-09-28,Standard
1608,Lena,Schroeder,lena.schroeder1608@example.com,Dortmund,Germany,2023-04-11,Premium
1609,Laura,Schulz,laura.schulz1609@example.com,Duesseldorf,Germany,2023-06-24,Standard
1610,Julia,Klein,julia.klein1610@example.com,Hanover,Germany,2023-09-25,Standard
1611,Mia,Schroeder,mia.schroeder1611@example.com,Leipzig,Germany,2024-02-10,Premium
1612,Laura,Zimmermann,laura.zimmermann1612@example.com,Dortmund,Germany,2024-02-06,Premium
1613,Niklas,Neumann,niklas.neumann1613@example.com,Cologne,Germany,2024-05-19,Standard
1614,Lena,Schulz,lena.schulz1614@example.com,Stuttgart,Germany,2025-05-30,Standard
1615,David,Zimmermann,david.zimmermann1615@example.com,Hamburg,Germany,2023-07-03,Standard
1616,David,Klein,david.klein1616@example.com,Stuttgart,Germany,2025-05-17,Premium
1617,Felix,Wagner,felix.wagner1617@example.com,Stuttgart,Germany,2024-10-18,Business
1618,Niklas,Mueller,niklas.mueller1618@example.com,Munich,Germany,2024-09-16,Premium
1619,Felix,Braun,felix.braun1619@example.com,Essen,Germany,2025-06-24,Standard
1620,Mia,Wolf,mia.wolf1620@example.com,Duisburg,Germany,2023-04-02,Premium
1621,Leon,Wagner,leon.wagner1621@example.com,Munich,Germany,2025-02-04,Standard
1622,Clara,Schneider,clara.schneider1622@example.com,Dresden,Germany,2023-08-19,Standard
1623,Max,Becker,max.becker1623@example.com,Nuremberg,Germany,2023-10-30,Standard
1624,Lukas,Mueller,lukas.mueller1624@example.com,Dresden,Germany,2024-12-04,Business
1625,Paul,Hoffmann,paul.hoffmann1625@example.com,Leipzig,Germany,2025-07-10,Standard
1626,Anna,Koch,anna.koch1626@example.com,Dresden,Germany,2024-03-04,Premium
1627,Finn,Wagner,finn.wagner1627@example.com,Dortmund,Germany,2024-02-22,Standard
1628,Julia,Schulz,julia.schulz1628@example.com,Essen,Germany,2025-09-16,Standard
1629,Tom,Weber,tom.weber1629@example.com,Duesseldorf,Germany,2023-02-07,Standard
1630,Sarah,Neumann,sarah.neumann1630@example.com,Frankfurt,Germany,2023-03-31,Standard
1631,Ben,Schmidt,ben.schmidt1631@example.com,Cologne,Germany,2024-08-04,Premium
1632,Nina,Braun,nina.braun1632@example.com,Berlin,Germany,2024-07-09,Standard
1633,Marie,Mueller,marie.mueller1633@example.com,Duesseldorf,Germany,2023-05-17,Premium
1634,David,Schulz,david.schulz1634@example.com,Nuremberg,Germany,2025-01-07,Premium
1635,Paul,Mueller,paul.mueller1635@example.com,Nuremberg,Germany,2024-08-22,Business
1636,Lea,Richter,lea.richter1636@example.com,Duesseldorf,Germany,2024-04-18,Standard
1637,Julia,Fischer,julia.fischer1637@example.com,Leipzig,Germany,2024-10-08,Standard
1638,Niklas,Schwarz,niklas.schwarz1638@example.com,Munich,Germany,2023-06-30,Standard
1639,Emma,Neumann,emma.neumann1639@example.com,Dortmund,Germany,2025-07-26,Business
1640,Nina,Mueller,nina.mueller1640@example.com,Cologne,Germany,2023-03-23,Business
1641,Julia,Hoffmann,julia.hoffmann1641@example.com,Leipzig,Germany,2024-11-14,Standard
1642,Laura,Meyer,laura.meyer1642@example.com,Stuttgart,Germany,2023-02-07,Premium
1643,David,Bauer,david.bauer1643@example.com,Bremen,Germany,2024-12-28,Standard
1644,Lukas,Becker,lukas.becker1644@example.com,Frankfurt,Germany,2025-10-23,Standard
1645,Max,Schulz,max.schulz1645@example.com,Duisburg,Germany,2025-03-03,Standard
1646,Anna,Schwarz,anna.schwarz1646@example.com,Cologne,Germany,2024-07-27,Premium
1647,Mia,Koch,mia.koch1647@example.com,Bremen,Germany,2025-03-15,Standard
1648,Mia,Schneider,mia.schneider1648@example.com,Dortmund,Germany,2025-02-21,Premium
1649,David,Braun,david.braun1649@example.com,Duesseldorf,Germany,2024-04-10,Premium
1650,Leon,Zimmermann,leon.zimmermann1650@example.com,Duesseldorf,Germany,2023-11-09,Premium
1651,Lukas,Braun,lukas.braun1651@example.com,Leipzig,Germany,2024-11-05,Standard
1652,Finn,Weber,finn.weber1652@example.com,Bremen,Germany,2024-02-28,Standard
1653,Mia,Zimmermann,mia.zimmermann1653@example.com,Nuremberg,Germany,2024-02-19,Standard
1654,Mia,Hoffmann,mia.hoffmann1654@example.com,Duisburg,Germany,2025-12-08,Standard
1655,Mia,Klein,mia.klein1655@example.com,Bremen,Germany,2023-10-25,Standard
1656,Sarah,Meyer,sarah.meyer1656@example.com,Hamburg,Germany,2024-10-12,Business
1657,Finn,Schwarz,finn.schwarz1657@example.com,Munich,Germany,2023-08-31,Standard
1658,Sophie,Weber,sophie.weber1658@example.com,Hanover,Germany,2023-03-02,Standard
1659,Sophie,Klein,sophie.klein1659@example.com,Frankfurt,Germany,2025-04-22,Standard
1660,Marie,Schulz,marie.schulz1660@example.com,Hanover,Germany,2023-11-08,Standard
1661,Emma,Fischer,emma.fischer1661@example.com,Munich,Germany,2023-09-27,Standard
1662,Anna,Braun,anna.braun1662@example.com,Essen,Germany,2024-06-30,Standard
1663,Sarah,Braun,sarah.braun1663@example.com,Essen,Germany,2024-04-17,Business
1664,Leon,Becker,leon.becker1664@example.com,Stuttgart,Germany,2023-02-23,Standard
1665,Lena,Schroeder,lena.schroeder1665@example.com,Dortmund,Germany,2023-10-02,Business
1666,Niklas,Schroeder,niklas.schroeder1666@example.com,Munich,Germany,2025-02-04,Premium
1667,Laura,Schroeder,laura.schroeder1667@example.com,Munich,Germany,2025-08-28,Standard
1668,Ben,Wagner,ben.wagner1668@example.com,Berlin,Germany,2024-04-08,Business
1669,Jonas,Mueller,jonas.mueller1669@example.com,Duesseldorf,Germany,2024-07-06,Standard
1670,Leon,Wagner,leon.wagner1670@example.com,Hamburg,Germany,2024-02-23,Premium
1671,Ben,Wolf,ben.wolf1671@example.com,Dresden,Germany,2025-09-30,Standard
1672,Sophie,Wolf,sophie.wolf1672@example.com,Duesseldorf,Germany,2024-05-20,Premium
1673,Laura,Schmidt,laura.schmidt1673@example.com,Dresden,Germany,2025-02-18,Premium
1674,Sophie,Richter,sophie.richter1674@example.com,Bremen,Germany,2025-12-11,Premium
1675,Nina,Schmidt,nina.schmidt1675@example.com,Hamburg,Germany,2025-12-02,Premium
1676,Marie,Wolf,marie.wolf1676@example.com,Duisburg,Germany,2023-03-28,Standard
1677,Leon,Neumann,leon.neumann1677@example.com,Dresden,Germany,2025-03-21,Standard
1678,Max,Schwarz,max.schwarz1678@example.com,Dortmund,Germany,2025-03-04,Standard
1679,Clara,Schmidt,clara.schmidt1679@example.com,Frankfurt,Germany,2024-01-24,Standard
1680,Marie,Richter,marie.richter1680@example.com,Hanover,Germany,2024-09-15,Premium
1681,Lukas,Wolf,lukas.wolf1681@example.com,Duesseldorf,Germany,2023-12-07,Standard
1682,Lukas,Braun,lukas.braun1682@example.com,Dresden,Germany,2023-04-22,Business
1683,Julia,Weber,julia.weber1683@example.com,Nuremberg,Germany,2025-08-07,Standard
1684,Lea,Wolf,lea.wolf1684@example.com,Dresden,Germany,2023-07-05,Premium
1685,Julia,Fischer,julia.fischer1685@example.com,Hanover,Germany,2024-01-04,Standard
1686,Sarah,Schwarz,sarah.schwarz1686@example.com,Duesseldorf,Germany,2023-10-05,Premium
1687,Jonas,Koch,jonas.koch1687@example.com,Berlin,Germany,2025-07-12,Business
1688,Ben,Wolf,ben.wolf1688@example.com,Duisburg,Germany,2024-02-18,Standard
1689,Marie,Schneider,marie.schneider1689@example.com,Stuttgart,Germany,2024-05-27,Standard
1690,Nina,Meyer,nina.meyer1690@example.com,Hamburg,Germany,2023-09-11,Premium
1691,Paul,Wolf,paul.wolf1691@example.com,Hamburg,Germany,2025-01-13,Standard
1692,Julia,Richter,julia.richter1692@example.com,Essen,Germany,2025-11-13,Standard
1693,Ben,Richter,ben.richter1693@example.com,Berlin,Germany,2025-02-18,Standard
1694,Clara,Meyer,clara.meyer1694@example.com,Essen,Germany,2024-11-17,Standard
1695,David,Weber,david.weber1695@example.com,Nuremberg,Germany,2023-11-29,Standard
1696,Mia,Meyer,mia.meyer1696@example.com,Duesseldorf,Germany,2023-04-16,Standard
1697,Lukas,Hoffmann,lukas.hoffmann1697@example.com,Frankfurt,Germany,2025-07-02,Standard
1698,Lea,Meyer,lea.meyer1698@example.com,Duisburg,Germany,2023-08-29,Standard
1699,Mia,Wagner,mia.wagner1699@example.com,Essen,Germany,2023-01-08,Business
1700,Clara,Schulz,clara.schulz1700@example.com,Leipzig,Germany,2023-01-26,Standard
1701,Tim,Schroeder,tim.schroeder1701@example.com,Essen,Germany,2023-01-12,Business
1702,Tim,Becker,tim.becker1702@example.com,Essen,Germany,2024-03-20,Standard
1703,David,Schroeder,david.schroeder1703@example.com,Duesseldorf,Germany,2025-07-18,Standard
1704,Marie,Schneider,marie.schneider1704@example.com,Cologne,Germany,2023-01-14,Standard
1705,Finn,Schulz,finn.schulz1705@example.com,Berlin,Germany,2024-03-01,Standard
1706,Ben,Weber,ben.weber1706@example.com,Bremen,Germany,2023-04-23,Standard
1707,Felix,Schmidt,felix.schmidt1707@example.com,Nuremberg,Germany,2023-10-25,Standard
1708,Max,Zimmermann,max.zimmermann1708@example.com,Stuttgart,Germany,2024-09-03,Standard
1709,Lena,Schmidt,lena.schmidt1709@example.com,Duesseldorf,Germany,2023-08-12,Standard
1710,Ben,Meyer,ben.meyer1710@example.com,Essen,Germany,2024-08-05,Premium
1711,David,Braun,david.braun1711@example.com,Leipzig,Germany,2023-12-30,Standard
1712,Tom,Zimmermann,tom.zimmermann1712@example.com,Duisburg,Germany,2025-01-07,Standard
1713,Max,Schneider,max.schneider1713@example.com,Stuttgart,Germany,2024-09-04,Premium
1714,Felix,Richter,felix.richter1714@example.com,Hanover,Germany,2023-05-19,Standard
1715,Jonas,Schwarz,jonas.schwarz1715@example.com,Frankfurt,Germany,2023-05-13,Standard
1716,Tim,Weber,tim.weber1716@example.com,Dresden,Germany,2023-09-07,Business
1717,Hannah,Koch,hannah.koch1717@example.com,Duesseldorf,Germany,2025-12-15,Standard
1718,Julia,Wagner,julia.wagner1718@example.com,Essen,Germany,2024-03-04,Premium
1719,Max,Fischer,max.fischer1719@example.com,Hamburg,Germany,2025-12-19,Business
1720,Tim,Braun,tim.braun1720@example.com,Duesseldorf,Germany,2024-08-11,Standard
1721,Niklas,Koch,niklas.koch1721@example.com,Dortmund,Germany,2024-06-15,Standard
1722,Sarah,Braun,sarah.braun1722@example.com,Duisburg,Germany,2024-12-25,Standard
1723,Mia,Braun,mia.braun1723@example.com,Dortmund,Germany,2025-10-13,Standard
1724,Tom,Schroeder,tom.schroeder1724@example.com,Hanover,Germany,2025-10-05,Standard
1725,Ben,Braun,ben.braun1725@example.com,Dresden,Germany,2024-04-21,Premium
1726,Lukas,Wagner,lukas.wagner1726@example.com,Hamburg,Germany,2023-01-04,Standard
1727,Anna,Wolf,anna.wolf1727@example.com,Dresden,Germany,2023-08-30,Standard
1728,Emma,Braun,emma.braun1728@example.com,Duesseldorf,Germany,2025-04-29,Business
1729,Max,Koch,max.koch1729@example.com,Dortmund,Germany,2024-12-17,Premium
1730,Lea,Wagner,lea.wagner1730@example.com,Bremen,Germany,2023-01-24,Standard
1731,Emma,Hoffmann,emma.hoffmann1731@example.com,Hanover,Germany,2024-06-05,Standard
1732,Lena,Hoffmann,lena.hoffmann1732@example.com,Dortmund,Germany,2024-09-06,Standard
1733,Finn,Koch,finn.koch1733@example.com,Hamburg,Germany,2023-01-13,Standard
1734,David,Koch,david.koch1734@example.com,Duesseldorf,Germany,2024-11-30,Standard
1735,Tom,Zimmermann,tom.zimmermann1735@example.com,Nuremberg,Germany,2023-03-01,Standard
1736,Ben,Wagner,ben.wagner1736@example.com,Nuremberg,Germany,2024-11-07,Premium
1737,Sophie,Schroeder,sophie.schroeder1737@example.com,Hanover,Germany,2025-08-29,Standard
1738,Max,Weber,max.weber1738@example.com,Munich,Germany,2025-09-13,Standard
1739,Lea,Wolf,lea.wolf1739@example.com,Leipzig,Germany,2024-11-17,Standard
1740,Jonas,Schmidt,jonas.schmidt1740@example.com,Frankfurt,Germany,2025-12-03,Standard
1741,Sarah,Koch,sarah.koch1741@example.com,Cologne,Germany,2023-02-08,Premium
1742,Sarah,Koch,sarah.koch1742@example.com,Hamburg,Germany,2024-12-25,Premium
1743,Mia,Schulz,mia.schulz1743@example.com,Stuttgart,Germany,2023-03-05,Premium
1744,Laura,Schwarz,laura.schwarz1744@example.com,Essen,Germany,2023-12-06,Standard
1745,Niklas,Richter,niklas.richter1745@example.com,Essen,Germany,2024-01-19,Standard
1746,Paul,Hoffmann,paul.hoffmann1746@example.com,Dresden,Germany,2024-10-06,Standard
1747,Max,Schulz,max.schulz1747@example.com,Hamburg,Germany,2025-04-27,Standard
1748,Tim,Becker,tim.becker1748@example.com,Leipzig,Germany,2025-01-31,Standard
1749,Lukas,Wagner,lukas.wagner1749@example.com,Frankfurt,Germany,2025-12-11,Premium
1750,Ben,Fischer,ben.fischer1750@example.com,Hanover,Germany,2025-02-05,Standard
1751,Max,Wagner,max.wagner1751@example.com,Leipzig,Germany,2023-07-09,Standard
1752,Julia,Mueller,julia.mueller1752@example.com,Duisburg,Germany,2025-09-15,Standard
1753,Julia,Weber,julia.weber1753@example.com,Stuttgart,Germany,2024-01-25,Standard
1754,Tim,Neumann,tim.neumann1754@example.com,Hanover,Germany,2024-09-27,Standard
1755,Sophie,Weber,sophie.weber1755@example.com,Nuremberg,Germany,2023-07-21,Business
1756,Julia,Weber,julia.weber1756@example.com,Dresden,Germany,2024-02-25,Premium
1757,Max,Wolf,max.wolf1757@example.com,Dresden,Germany,2025-03-04,Business
1758,Julia,Fischer,julia.fischer1758@example.com,Frankfurt,Germany,2023-01-09,Standard
1759,Max,Braun,max.braun1759@example.com,Stuttgart,Germany,2023-06-28,Standard
1760,Marie,Schmidt,marie.schmidt1760@example.com,Dortmund,Germany,2023-07-31,Standard
1761,Clara,Hoffmann,clara.hoffmann1761@example.com,Essen,Germany,2023-02-16,Standard
1762,Clara,Hoffmann,clara.hoffmann1762@example.com,Stuttgart,Germany,2024-03-05,Premium
1763,Emma,Wagner,emma.wagner1763@example.com,Frankfurt,Germany,2024-08-09,Standard
1764,Finn,Koch,finn.koch1764@example.com,Bremen,Germany,2025-06-22,Standard
1765,Paul,Schulz,paul.schulz1765@example.com,Munich,Germany,2023-11-02,Standard
1766,Hannah,Fischer,hannah.fischer1766@example.com,Essen,Germany,2023-02-01,Standard
1767,Finn,Neumann,finn.neumann1767@example.com,Cologne,Germany,2023-07-29,Premium
1768,Finn,Bauer,finn.bauer1768@example.com,Frankfurt,Germany,2024-10-14,Standard
1769,Mia,Hoffmann,mia.hoffmann1769@example.com,Munich,Germany,2024-05-16,Standard
1770,Lena,Hoffmann,lena.hoffmann1770@example.com,Dortmund,Germany,2024-11-24,Standard
1771,Marie,Schmidt,marie.schmidt1771@example.com,Berlin,Germany,2023-09-24,Standard
1772,Tim,Schmidt,tim.schmidt1772@example.com,Duesseldorf,Germany,2023-08-05,Premium
1773,Max,Schneider,max.schneider1773@example.com,Duesseldorf,Germany,2025-05-23,Premium
1774,Ben,Braun,ben.braun1774@example.com,Essen,Germany,2025-07-02,Business
1775,Felix,Hoffmann,felix.hoffmann1775@example.com,Nuremberg,Germany,2024-11-11,Premium
1776,Emma,Schwarz,emma.schwarz1776@example.com,Duisburg,Germany,2023-06-10,Standard
1777,Clara,Wolf,clara.wolf1777@example.com,Hamburg,Germany,2023-09-27,Premium
1778,Nina,Wolf,nina.wolf1778@example.com,Leipzig,Germany,2023-07-19,Standard
1779,Lukas,Wolf,lukas.wolf1779@example.com,Cologne,Germany,2025-08-21,Standard
1780,Leon,Weber,leon.weber1780@example.com,Duisburg,Germany,2024-06-12,Premium
1781,Felix,Richter,felix.richter1781@example.com,Dresden,Germany,2024-01-11,Standard
1782,David,Koch,david.koch1782@example.com,Leipzig,Germany,2024-10-27,Business
1783,Tim,Mueller,tim.mueller1783@example.com,Leipzig,Germany,2023-05-14,Standard
1784,Paul,Bauer,paul.bauer1784@example.com,Leipzig,Germany,2025-09-07,Standard
1785,Ben,Hoffmann,ben.hoffmann1785@example.com,Essen,Germany,2024-12-14,Premium
1786,Sarah,Weber,sarah.weber1786@example.com,Hamburg,Germany,2025-11-06,Premium
1787,Laura,Fischer,laura.fischer1787@example.com,Dortmund,Germany,2024-10-29,Standard
1788,Lea,Schneider,lea.schneider1788@example.com,Dortmund,Germany,2024-09-10,Standard
1789,Marie,Richter,marie.richter1789@example.com,Cologne,Germany,2025-04-26,Standard
1790,Niklas,Becker,niklas.becker1790@example.com,Leipzig,Germany,2023-11-22,Standard
1791,Laura,Schneider,laura.schneider1791@example.com,Cologne,Germany,2024-11-28,Standard
1792,Nina,Zimmermann,nina.zimmermann1792@example.com,Hanover,Germany,2025-06-01,Premium
1793,Jonas,Zimmermann,jonas.zimmermann1793@example.com,Dortmund,Germany,2024-12-01,Standard
1794,Nina,Becker,nina.becker1794@example.com,Bremen,Germany,2023-12-21,Premium
1795,David,Schneider,david.schneider1795@example.com,Hamburg,Germany,2025-09-23,Standard
1796,Sarah,Braun,sarah.braun1796@example.com,Stuttgart,Germany,2025-08-06,Standard
1797,Finn,Fischer,finn.fischer1797@example.com,Munich,Germany,2025-06-30,Premium
1798,Lukas,Richter,lukas.richter1798@example.com,Essen,Germany,2023-05-23,Standard
1799,Paul,Braun,paul.braun1799@example.com,Stuttgart,Germany,2025-02-15,Standard
1800,Tim,Schmidt,tim.schmidt1800@example.com,Cologne,Germany,2023-07-05,Standard
1801,Mia,Zimmermann,mia.zimmermann1801@example.com,Hanover,Germany,2023-01-01,Business
1802,Mia,Weber,mia.weber1802@example.com,Dortmund,Germany,2025-07-16,Premium
1803,Lukas,Richter,lukas.richter1803@example.com,Cologne,Germany,2025-07-04,Standard
1804,Emma,Koch,emma.koch1804@example.com,Essen,Germany,2024-09-05,Standard
1805,David,Hoffmann,david.hoffmann1805@example.com,Dresden,Germany,2025-06-09,Standard
1806,Felix,Schneider,felix.schneider1806@example.com,Essen,Germany,2023-01-17,Premium
1807,Julia,Richter,julia.richter1807@example.com,Nuremberg,Germany,2023-09-19,Premium
1808,Lukas,Schmidt,lukas.schmidt1808@example.com,Duisburg,Germany,2025-01-26,Standard
1809,Finn,Schmidt,finn.schmidt1809@example.com,Dresden,Germany,2023-01-02,Standard
1810,Finn,Bauer,finn.bauer1810@example.com,Nuremberg,Germany,2023-08-13,Standard
1811,Lukas,Mueller,lukas.mueller1811@example.com,Duesseldorf,Germany,2024-04-26,Premium
1812,Nina,Zimmermann,nina.zimmermann1812@example.com,Bremen,Germany,2025-03-18,Premium
1813,Sophie,Richter,sophie.richter1813@example.com,Duesseldorf,Germany,2025-04-11,Standard
1814,Jonas,Schwarz,jonas.schwarz1814@example.com,Bremen,Germany,2024-03-08,Standard
1815,Ben,Schroeder,ben.schroeder1815@example.com,Cologne,Germany,2023-10-12,Standard
1816,Finn,Richter,finn.richter1816@example.com,Nuremberg,Germany,2025-01-07,Business
1817,Jonas,Weber,jonas.weber1817@example.com,Nuremberg,Germany,2024-08-13,Standard
1818,David,Weber,david.weber1818@example.com,Berlin,Germany,2023-10-03,Premium
1819,Lena,Mueller,lena.mueller1819@example.com,Dresden,Germany,2023-10-22,Standard
1820,Tim,Klein,tim.klein1820@example.com,Hamburg,Germany,2023-10-06,Standard
1821,Mia,Klein,mia.klein1821@example.com,Duisburg,Germany,2025-07-22,Standard
1822,Nina,Braun,nina.braun1822@example.com,Essen,Germany,2025-05-21,Standard
1823,Ben,Wolf,ben.wolf1823@example.com,Duesseldorf,Germany,2025-11-09,Standard
1824,Finn,Wolf,finn.wolf1824@example.com,Stuttgart,Germany,2025-02-26,Premium
1825,Leon,Meyer,leon.meyer1825@example.com,Essen,Germany,2025-05-19,Standard
1826,Anna,Zimmermann,anna.zimmermann1826@example.com,Nuremberg,Germany,2025-10-17,Standard
1827,Tom,Becker,tom.becker1827@example.com,Frankfurt,Germany,2025-10-24,Standard
1828,Jonas,Schwarz,jonas.schwarz1828@example.com,Berlin,Germany,2025-01-21,Business
1829,Max,Zimmermann,max.zimmermann1829@example.com,Dresden,Germany,2025-09-16,Premium
1830,Felix,Fischer,felix.fischer1830@example.com,Dresden,Germany,2025-09-13,Standard
1831,Lena,Weber,lena.weber1831@example.com,Nuremberg,Germany,2025-12-14,Business
1832,Clara,Schulz,clara.schulz1832@example.com,Dortmund,Germany,2025-08-10,Standard
1833,Lena,Neumann,lena.neumann1833@example.com,Cologne,Germany,2023-07-01,Standard
1834,Tim,Schneider,tim.schneider1834@example.com,Essen,Germany,2024-10-01,Premium
1835,Max,Koch,max.koch1835@example.com,Hanover,Germany,2025-12-31,Premium
1836,Anna,Schroeder,anna.schroeder1836@example.com,Dortmund,Germany,2025-07-18,Premium
1837,Tim,Zimmermann,tim.zimmermann1837@example.com,Duesseldorf,Germany,2024-11-09,Standard
1838,Felix,Hoffmann,felix.hoffmann1838@example.com,Munich,Germany,2024-08-15,Standard
1839,Max,Braun,max.braun1839@example.com,Dresden,Germany,2024-09-14,Business
1840,Sarah,Schulz,sarah.schulz1840@example.com,Bremen,Germany,2023-05-06,Standard
1841,Tim,Zimmermann,tim.zimmermann1841@example.com,Essen,Germany,2023-12-13,Standard
1842,Max,Hoffmann,max.hoffmann1842@example.com,Frankfurt,Germany,2023-02-25,Standard
1843,Tim,Schneider,tim.schneider1843@example.com,Dortmund,Germany,2023-09-17,Standard
1844,Lena,Schulz,lena.schulz1844@example.com,Munich,Germany,2024-05-31,Standard
1845,Niklas,Schulz,niklas.schulz1845@example.com,Nuremberg,Germany,2024-07-17,Business
1846,Hannah,Mueller,hannah.mueller1846@example.com,Essen,Germany,2023-08-17,Standard
1847,Ben,Zimmermann,ben.zimmermann1847@example.com,Bremen,Germany,2023-11-06,Standard
1848,Marie,Bauer,marie.bauer1848@example.com,Frankfurt,Germany,2023-12-26,Standard
1849,Nina,Becker,nina.becker1849@example.com,Munich,Germany,2025-09-20,Premium
1850,Julia,Schmidt,julia.schmidt1850@example.com,Hamburg,Germany,2024-12-03,Standard
1851,Mia,Braun,mia.braun1851@example.com,Nuremberg,Germany,2023-11-12,Standard
1852,Tim,Klein,tim.klein1852@example.com,Cologne,Germany,2025-02-23,Premium
1853,David,Wolf,david.wolf1853@example.com,Cologne,Germany,2023-12-09,Premium
1854,Sarah,Bauer,sarah.bauer1854@example.com,Bremen,Germany,2023-04-22,Premium
1855,Hannah,Fischer,hannah.fischer1855@example.com,Munich,Germany,2023-04-18,Business
1856,Marie,Richter,marie.richter1856@example.com,Frankfurt,Germany,2025-09-02,Standard
1857,Tim,Schwarz,tim.schwarz1857@example.com,Duesseldorf,Germany,2024-04-23,Premium
1858,David,Richter,david.richter1858@example.com,Frankfurt,Germany,2025-08-29,Standard
1859,Mia,Neumann,mia.neumann1859@example.com,Berlin,Germany,2025-06-09,Premium
1860,Lukas,Wolf,lukas.wolf1860@example.com,Bremen,Germany,2025-02-21,Premium
1861,Sophie,Neumann,sophie.neumann1861@example.com,Hamburg,Germany,2023-03-26,Premium
1862,Finn,Bauer,finn.bauer1862@example.com,Essen,Germany,2025-06-03,Premium
1863,Lea,Schulz,lea.schulz1863@example.com,Frankfurt,Germany,2024-11-17,Standard
1864,Hannah,Fischer,hannah.fischer1864@example.com,Bremen,Germany,2024-06-06,Standard
1865,Sarah,Richter,sarah.richter1865@example.com,Hanover,Germany,2025-08-02,Business
1866,David,Becker,david.becker1866@example.com,Dortmund,Germany,2024-02-04,Business
1867,Sophie,Meyer,sophie.meyer1867@example.com,Dortmund,Germany,2024-10-03,Standard
1868,Anna,Mueller,anna.mueller1868@example.com,Berlin,Germany,2023-05-20,Standard
1869,Jonas,Fischer,jonas.fischer1869@example.com,Hamburg,Germany,2025-12-11,Standard
1870,David,Wolf,david.wolf1870@example.com,Cologne,Germany,2024-12-20,Premium
1871,Tom,Hoffmann,tom.hoffmann1871@example.com,Cologne,Germany,2024-05-30,Premium
1872,Max,Mueller,max.mueller1872@example.com,Berlin,Germany,2023-07-08,Standard
1873,Niklas,Wagner,niklas.wagner1873@example.com,Dresden,Germany,2023-09-07,Standard
1874,Paul,Schneider,paul.schneider1874@example.com,Duesseldorf,Germany,2023-09-24,Premium
1875,David,Zimmermann,david.zimmermann1875@example.com,Duisburg,Germany,2024-01-14,Premium
1876,Paul,Meyer,paul.meyer1876@example.com,Frankfurt,Germany,2024-06-02,Standard
1877,Marie,Schneider,marie.schneider1877@example.com,Duisburg,Germany,2025-07-17,Standard
1878,Hannah,Klein,hannah.klein1878@example.com,Frankfurt,Germany,2024-10-24,Standard
1879,Ben,Schneider,ben.schneider1879@example.com,Hanover,Germany,2024-07-21,Standard
1880,Max,Richter,max.richter1880@example.com,Stuttgart,Germany,2025-03-06,Standard
1881,Max,Schulz,max.schulz1881@example.com,Munich,Germany,2024-06-26,Premium
1882,Marie,Schneider,marie.schneider1882@example.com,Duisburg,Germany,2025-10-04,Premium
1883,Emma,Braun,emma.braun1883@example.com,Munich,Germany,2025-03-15,Standard
1884,Lea,Schroeder,lea.schroeder1884@example.com,Munich,Germany,2023-08-11,Premium
1885,Finn,Klein,finn.klein1885@example.com,Essen,Germany,2024-03-23,Standard
1886,Lea,Fischer,lea.fischer1886@example.com,Dresden,Germany,2025-06-23,Standard
1887,Hannah,Fischer,hannah.fischer1887@example.com,Hamburg,Germany,2023-03-13,Standard
1888,Lena,Zimmermann,lena.zimmermann1888@example.com,Hanover,Germany,2024-05-28,Standard
1889,Marie,Mueller,marie.mueller1889@example.com,Munich,Germany,2025-10-16,Premium
1890,Lea,Mueller,lea.mueller1890@example.com,Bremen,Germany,2023-03-19,Business
1891,Laura,Schulz,laura.schulz1891@example.com,Dresden,Germany,2023-11-07,Standard
1892,Sophie,Richter,sophie.richter1892@example.com,Dortmund,Germany,2023-01-08,Standard
1893,Nina,Schroeder,nina.schroeder1893@example.com,Duesseldorf,Germany,2025-09-06,Premium
1894,Laura,Schneider,laura.schneider1894@example.com,Berlin,Germany,2024-04-07,Standard
1895,Laura,Schroeder,laura.schroeder1895@example.com,Essen,Germany,2023-09-06,Standard
1896,Finn,Bauer,finn.bauer1896@example.com,Bremen,Germany,2024-11-13,Premium
1897,Lukas,Richter,lukas.richter1897@example.com,Bremen,Germany,2023-04-24,Standard
1898,Lea,Schneider,lea.schneider1898@example.com,Dortmund,Germany,2025-01-18,Standard
1899,Sophie,Schneider,sophie.schneider1899@example.com,Hanover,Germany,2025-07-30,Standard
1900,Clara,Hoffmann,clara.hoffmann1900@example.com,Munich,Germany,2024-02-20,Premium
1901,Finn,Schmidt,finn.schmidt1901@example.com,Bremen,Germany,2025-02-25,Standard
1902,Emma,Hoffmann,emma.hoffmann1902@example.com,Duisburg,Germany,2025-03-09,Standard
1903,Paul,Bauer,paul.bauer1903@example.com,Hamburg,Germany,2025-09-23,Premium
1904,Lea,Wolf,lea.wolf1904@example.com,Munich,Germany,2024-01-24,Standard
1905,Max,Wagner,max.wagner1905@example.com,Dresden,Germany,2023-02-21,Premium
1906,Sarah,Becker,sarah.becker1906@example.com,Duesseldorf,Germany,2025-09-28,Standard
1907,Lena,Schwarz,lena.schwarz1907@example.com,Leipzig,Germany,2024-09-22,Business
1908,Finn,Wolf,finn.wolf1908@example.com,Berlin,Germany,2023-02-03,Standard
1909,Sophie,Schmidt,sophie.schmidt1909@example.com,Hanover,Germany,2024-11-22,Standard
1910,Tom,Schmidt,tom.schmidt1910@example.com,Hamburg,Germany,2025-04-10,Standard
1911,Emma,Neumann,emma.neumann1911@example.com,Bremen,Germany,2025-07-27,Standard
1912,Finn,Weber,finn.weber1912@example.com,Duisburg,Germany,2024-04-22,Premium
1913,Lena,Schmidt,lena.schmidt1913@example.com,Leipzig,Germany,2023-10-17,Business
1914,Lea,Mueller,lea.mueller1914@example.com,Duisburg,Germany,2025-08-23,Standard
1915,Niklas,Schmidt,niklas.schmidt1915@example.com,Dresden,Germany,2024-05-12,Standard
1916,Lea,Weber,lea.weber1916@example.com,Munich,Germany,2023-01-30,Premium
1917,Lea,Schmidt,lea.schmidt1917@example.com,Nuremberg,Germany,2024-09-21,Premium
1918,Paul,Wolf,paul.wolf1918@example.com,Nuremberg,Germany,2023-12-16,Standard
1919,Sarah,Schneider,sarah.schneider1919@example.com,Hamburg,Germany,2023-08-06,Standard
1920,Tim,Braun,tim.braun1920@example.com,Hamburg,Germany,2024-03-27,Standard
1921,Emma,Klein,emma.klein1921@example.com,Hanover,Germany,2024-11-21,Premium
1922,Tom,Richter,tom.richter1922@example.com,Hamburg,Germany,2024-10-26,Standard
1923,David,Zimmermann,david.zimmermann1923@example.com,Stuttgart,Germany,2023-10-09,Standard
1924,Emma,Schmidt,emma.schmidt1924@example.com,Stuttgart,Germany,2023-12-22,Standard
1925,Lena,Fischer,lena.fischer1925@example.com,Munich,Germany,2024-07-14,Premium
1926,Clara,Klein,clara.klein1926@example.com,Dresden,Germany,2023-12-11,Standard
1927,Felix,Schwarz,felix.schwarz1927@example.com,Leipzig,Germany,2023-12-04,Standard
1928,Leon,Zimmermann,leon.zimmermann1928@example.com,Munich,Germany,2023-03-25,Standard
1929,Paul,Braun,paul.braun1929@example.com,Hanover,Germany,2025-02-09,Standard
1930,Ben,Mueller,ben.mueller1930@example.com,Hamburg,Germany,2025-09-24,Standard
1931,Anna,Mueller,anna.mueller1931@example.com,Duisburg,Germany,2024-01-03,Standard
1932,Lena,Zimmermann,lena.zimmermann1932@example.com,Duesseldorf,Germany,2024-08-04,Standard
1933,Nina,Schroeder,nina.schroeder1933@example.com,Cologne,Germany,2023-09-17,Standard
1934,Mia,Schulz,mia.schulz1934@example.com,Leipzig,Germany,2025-12-07,Standard
1935,Jonas,Becker,jonas.becker1935@example.com,Essen,Germany,2023-12-24,Premium
1936,Nina,Schmidt,nina.schmidt1936@example.com,Dresden,Germany,2024-01-04,Premium
1937,Tim,Braun,tim.braun1937@example.com,Bremen,Germany,2023-06-30,Standard
1938,Lukas,Bauer,lukas.bauer1938@example.com,Berlin,Germany,2025-05-07,Premium
1939,Finn,Becker,finn.becker1939@example.com,Hamburg,Germany,2024-01-29,Standard
1940,Julia,Fischer,julia.fischer1940@example.com,Nuremberg,Germany,2025-01-11,Standard
1941,Clara,Schwarz,clara.schwarz1941@example.com,Cologne,Germany,2025-11-05,Standard
1942,Marie,Wagner,marie.wagner1942@example.com,Berlin,Germany,2024-07-20,Standard
1943,Emma,Fischer,emma.fischer1943@example.com,Bremen,Germany,2023-11-02,Premium
1944,Tim,Schroeder,tim.schroeder1944@example.com,Munich,Germany,2023-12-28,Premium
1945,David,Schmidt,david.schmidt1945@example.com,Bremen,Germany,2023-04-21,Premium
1946,Felix,Hoffmann,felix.hoffmann1946@example.com,Duesseldorf,Germany,2024-03-05,Standard
1947,Hannah,Koch,hannah.koch1947@example.com,Berlin,Germany,2025-07-17,Standard
1948,Paul,Schmidt,paul.schmidt1948@example.com,Munich,Germany,2023-12-27,Standard
1949,Anna,Schroeder,anna.schroeder1949@example.com,Hamburg,Germany,2025-11-20,Standard
1950,Lena,Becker,lena.becker1950@example.com,Essen,Germany,2025-06-29,Standard
1951,Sarah,Koch,sarah.koch1951@example.com,Cologne,Germany,2025-05-08,Standard
1952,Tom,Koch,tom.koch1952@example.com,Hanover,Germany,2024-04-16,Standard
1953,Paul,Koch,paul.koch1953@example.com,Hamburg,Germany,2024-04-11,Standard
1954,Leon,Klein,leon.klein1954@example.com,Duesseldorf,Germany,2024-02-14,Premium
1955,Leon,Schneider,leon.schneider1955@example.com,Essen,Germany,2025-08-22,Business
1956,Tim,Schmidt,tim.schmidt1956@example.com,Munich,Germany,2025-06-11,Business
1957,Emma,Braun,emma.braun1957@example.com,Munich,Germany,2025-07-20,Standard
1958,Laura,Bauer,laura.bauer1958@example.com,Leipzig,Germany,2023-10-07,Standard
1959,Tom,Wagner,tom.wagner1959@example.com,Frankfurt,Germany,2025-01-04,Standard
1960,Emma,Koch,emma.koch1960@example.com,Berlin,Germany,2023-09-18,Premium
1961,Nina,Zimmermann,nina.zimmermann1961@example.com,Frankfurt,Germany,2023-05-03,Standard
1962,Mia,Fischer,mia.fischer1962@example.com,Leipzig,Germany,2025-08-11,Standard
1963,Jonas,Meyer,jonas.meyer1963@example.com,Cologne,Germany,2024-12-04,Premium
1964,Lukas,Braun,lukas.braun1964@example.com,Hanover,Germany,2023-11-18,Standard
1965,Lea,Braun,lea.braun1965@example.com,Essen,Germany,2023-12-15,Standard
1966,Finn,Becker,finn.becker1966@example.com,Duesseldorf,Germany,2023-06-27,Standard
1967,Julia,Schroeder,julia.schroeder1967@example.com,Essen,Germany,2024-03-19,Standard
1968,Tim,Wolf,tim.wolf1968@example.com,Berlin,Germany,2024-07-25,Standard
1969,Tom,Klein,tom.klein1969@example.com,Cologne,Germany,2024-05-20,Standard
1970,Sophie,Klein,sophie.klein1970@example.com,Duisburg,Germany,2024-03-31,Standard
1971,Sarah,Weber,sarah.weber1971@example.com,Duesseldorf,Germany,2023-01-11,Standard
1972,Max,Schmidt,max.schmidt1972@example.com,Dresden,Germany,2025-08-21,Premium
1973,Clara,Neumann,clara.neumann1973@example.com,Duesseldorf,Germany,2023-03-10,Standard
1974,Julia,Richter,julia.richter1974@example.com,Hanover,Germany,2025-09-08,Standard
1975,Nina,Fischer,nina.fischer1975@example.com,Leipzig,Germany,2025-07-15,Standard
1976,Leon,Schneider,leon.schneider1976@example.com,Dresden,Germany,2023-01-26,Business
1977,Tom,Klein,tom.klein1977@example.com,Munich,Germany,2024-03-22,Standard
1978,Felix,Hoffmann,felix.hoffmann1978@example.com,Bremen,Germany,2024-05-04,Standard
1979,Lena,Mueller,lena.mueller1979@example.com,Bremen,Germany,2025-09-09,Premium
1980,Lukas,Meyer,lukas.meyer1980@example.com,Nuremberg,Germany,2025-07-29,Premium
1981,Sarah,Zimmermann,sarah.zimmermann1981@example.com,Leipzig,Germany,2023-02-19,Standard
1982,Marie,Weber,marie.weber1982@example.com,Munich,Germany,2025-04-10,Premium
1983,Felix,Wolf,felix.wolf1983@example.com,Nuremberg,Germany,2023-01-03,Standard
1984,Lea,Schneider,lea.schneider1984@example.com,Duisburg,Germany,2025-02-27,Standard
1985,Nina,Koch,nina.koch1985@example.com,Berlin,Germany,2025-12-23,Standard
1986,Lukas,Klein,lukas.klein1986@example.com,Dresden,Germany,2024-07-06,Standard
1987,Niklas,Schwarz,niklas.schwarz1987@example.com,Hanover,Germany,2024-02-29,Premium
1988,David,Schneider,david.schneider1988@example.com,Dresden,Germany,2024-11-18,Standard
1989,Max,Neumann,max.neumann1989@example.com,Duisburg,Germany,2025-01-15,Standard
1990,Max,Fischer,max.fischer1990@example.com,Stuttgart,Germany,2025-02-23,Premium
1991,Marie,Braun,marie.braun1991@example.com,Stuttgart,Germany,2023-03-25,Premium
1992,Felix,Meyer,felix.meyer1992@example.com,Dortmund,Germany,2023-05-18,Standard
1993,Nina,Wagner,nina.wagner1993@example.com,Stuttgart,Germany,2023-10-11,Standard
1994,Leon,Schwarz,leon.schwarz1994@example.com,Bremen,Germany,2023-08-21,Standard
1995,Tim,Zimmermann,tim.zimmermann1995@example.com,Hanover,Germany,2024-03-05,Premium
1996,Tom,Becker,tom.becker1996@example.com,Stuttgart,Germany,2024-10-18,Premium
1997,Hannah,Neumann,hannah.neumann1997@example.com,Frankfurt,Germany,2025-05-16,Business
1998,Max,Schneider,max.schneider1998@example.com,Stuttgart,Germany,2025-02-02,Standard
1999,Marie,Schroeder,marie.schroeder1999@example.com,Dortmund,Germany,2025-10-23,Standard
2000,Paul,Schroeder,paul.schroeder2000@example.com,Bremen,Germany,2025-12-25,Standard
2001,Finn,Hoffmann,finn.hoffmann2001@example.com,Essen,Germany,2025-07-14,Standard
2002,Felix,Schneider,felix.schneider2002@example.com,Duisburg,Germany,2024-01-21,Standard
2003,Marie,Schneider,marie.schneider2003@example.com,Duesseldorf,Germany,2023-06-14,Business
2004,Ben,Hoffmann,ben.hoffmann2004@example.com,Hamburg,Germany,2023-06-07,Standard
2005,Ben,Schulz,ben.schulz2005@example.com,Dresden,Germany,2023-08-18,Standard
2006,Mia,Schroeder,mia.schroeder2006@example.com,Nuremberg,Germany,2023-11-05,Premium
2007,Emma,Neumann,emma.neumann2007@example.com,Frankfurt,Germany,2023-02-16,Standard
2008,Jonas,Schwarz,jonas.schwarz2008@example.com,Leipzig,Germany,2023-09-28,Premium
2009,Felix,Klein,felix.klein2009@example.com,Dresden,Germany,2025-06-28,Standard
2010,Lea,Mueller,lea.mueller2010@example.com,Cologne,Germany,2024-08-20,Standard
2011,Lena,Mueller,lena.mueller2011@example.com,Nuremberg,Germany,2024-04-20,Standard
2012,Julia,Koch,julia.koch2012@example.com,Essen,Germany,2025-04-23,Standard
2013,Sophie,Koch,sophie.koch2013@example.com,Essen,Germany,2025-09-22,Business
2014,David,Neumann,david.neumann2014@example.com,Leipzig,Germany,2025-06-30,Standard
2015,Lukas,Zimmermann,lukas.zimmermann2015@example.com,Duisburg,Germany,2023-09-28,Standard
2016,Lukas,Meyer,lukas.meyer2016@example.com,Cologne,Germany,2024-06-16,Standard
2017,Tim,Bauer,tim.bauer2017@example.com,Hanover,Germany,2024-08-13,Standard
2018,Max,Weber,max.weber2018@example.com,Frankfurt,Germany,2024-12-24,Premium
2019,Marie,Meyer,marie.meyer2019@example.com,Dresden,Germany,2023-11-26,Standard
2020,Finn,Hoffmann,finn.hoffmann2020@example.com,Munich,Germany,2024-01-09,Premium
2021,Nina,Weber,nina.weber2021@example.com,Cologne,Germany,2023-11-27,Business
2022,Paul,Schmidt,paul.schmidt2022@example.com,Essen,Germany,2024-10-10,Standard
2023,Mia,Wolf,mia.wolf2023@example.com,Stuttgart,Germany,2024-06-17,Business
2024,Ben,Wagner,ben.wagner2024@example.com,Bremen,Germany,2023-03-13,Standard
2025,Sophie,Bauer,sophie.bauer2025@example.com,Stuttgart,Germany,2023-10-30,Standard
2026,Marie,Schwarz,marie.schwarz2026@example.com,Dortmund,Germany,2023-11-29,Standard
2027,Lukas,Fischer,lukas.fischer2027@example.com,Duesseldorf,Germany,2023-02-21,Premium
2028,Tim,Weber,tim.weber2028@example.com,Duisburg,Germany,2025-07-27,Business
2029,Sophie,Weber,sophie.weber2029@example.com,Dresden,Germany,2023-01-09,Standard
2030,Finn,Neumann,finn.neumann2030@example.com,Bremen,Germany,2024-11-09,Premium
2031,Nina,Hoffmann,nina.hoffmann2031@example.com,Duisburg,Germany,2025-08-28,Standard
2032,Lukas,Zimmermann,lukas.zimmermann2032@example.com,Hanover,Germany,2023-10-29,Standard
2033,Sarah,Wolf,sarah.wolf2033@example.com,Dresden,Germany,2024-11-24,Standard
2034,Paul,Schroeder,paul.schroeder2034@example.com,Munich,Germany,2023-03-24,Business
2035,David,Schwarz,david.schwarz2035@example.com,Frankfurt,Germany,2023-08-28,Standard
2036,Anna,Richter,anna.richter2036@example.com,Leipzig,Germany,2024-03-27,Standard
2037,Felix,Schneider,felix.schneider2037@example.com,Berlin,Germany,2024-10-30,Standard
2038,Niklas,Wagner,niklas.wagner2038@example.com,Cologne,Germany,2025-12-14,Standard
2039,Clara,Schulz,clara.schulz2039@example.com,Berlin,Germany,2024-02-05,Standard
2040,Lena,Schwarz,lena.schwarz2040@example.com,Bremen,Germany,2025-07-01,Standard
2041,David,Schneider,david.schneider2041@example.com,Duesseldorf,Germany,2025-11-14,Premium
2042,Emma,Schroeder,emma.schroeder2042@example.com,Essen,Germany,2024-10-12,Standard
2043,Niklas,Neumann,niklas.neumann2043@example.com,Duisburg,Germany,2023-04-25,Standard
2044,David,Bauer,david.bauer2044@example.com,Munich,Germany,2025-03-25,Standard
2045,Nina,Klein,nina.klein2045@example.com,Duesseldorf,Germany,2025-01-27,Premium
2046,Felix,Mueller,felix.mueller2046@example.com,Stuttgart,Germany,2024-08-05,Premium
2047,Felix,Hoffmann,felix.hoffmann2047@example.com,Nuremberg,Germany,2025-07-01,Standard
2048,Finn,Schneider,finn.schneider2048@example.com,Dresden,Germany,2024-03-17,Premium
2049,Marie,Klein,marie.klein2049@example.com,Frankfurt,Germany,2025-06-25,Standard
2050,Ben,Klein,ben.klein2050@example.com,Munich,Germany,2025-04-28,Standard
2051,Sarah,Braun,sarah.braun2051@example.com,Munich,Germany,2023-06-26,Standard
2052,Emma,Hoffmann,emma.hoffmann2052@example.com,Nuremberg,Germany,2025-08-30,Standard
2053,Julia,Koch,julia.koch2053@example.com,Duisburg,Germany,2023-05-16,Standard
2054,Sarah,Richter,sarah.richter2054@example.com,Berlin,Germany,2023-07-01,Business
2055,Jonas,Schulz,jonas.schulz2055@example.com,Munich,Germany,2025-04-28,Premium
2056,Finn,Wolf,finn.wolf2056@example.com,Cologne,Germany,2023-10-08,Premium
2057,Ben,Richter,ben.richter2057@example.com,Dortmund,Germany,2024-08-15,Standard
2058,Tim,Schmidt,tim.schmidt2058@example.com,Nuremberg,Germany,2024-09-10,Standard
2059,Sarah,Hoffmann,sarah.hoffmann2059@example.com,Dortmund,Germany,2025-10-08,Premium
2060,Tom,Wolf,tom.wolf2060@example.com,Berlin,Germany,2024-04-04,Standard
2061,Anna,Weber,anna.weber2061@example.com,Frankfurt,Germany,2024-06-21,Standard
2062,Lea,Schroeder,lea.schroeder2062@example.com,Bremen,Germany,2023-09-12,Standard
2063,David,Hoffmann,david.hoffmann2063@example.com,Munich,Germany,2025-05-04,Premium
2064,Tim,Becker,tim.becker2064@example.com,Hamburg,Germany,2023-02-28,Standard
2065,Clara,Schulz,clara.schulz2065@example.com,Hamburg,Germany,2025-10-06,Standard
2066,Niklas,Bauer,niklas.bauer2066@example.com,Essen,Germany,2025-09-11,Premium
2067,Jonas,Schulz,jonas.schulz2067@example.com,Dresden,Germany,2025-09-01,Standard
2068,Paul,Bauer,paul.bauer2068@example.com,Dresden,Germany,2025-11-15,Standard
2069,Sarah,Mueller,sarah.mueller2069@example.com,Munich,Germany,2024-06-15,Standard
2070,Sarah,Schmidt,sarah.schmidt2070@example.com,Stuttgart,Germany,2023-10-27,Standard
2071,Marie,Weber,marie.weber2071@example.com,Munich,Germany,2025-01-01,Premium
2072,Max,Schulz,max.schulz2072@example.com,Duesseldorf,Germany,2025-01-09,Standard
2073,Lea,Bauer,lea.bauer2073@example.com,Frankfurt,Germany,2023-04-10,Standard
2074,Lukas,Neumann,lukas.neumann2074@example.com,Dortmund,Germany,2023-06-07,Premium
2075,Emma,Meyer,emma.meyer2075@example.com,Essen,Germany,2023-07-13,Premium
2076,Clara,Meyer,clara.meyer2076@example.com,Nuremberg,Germany,2024-10-22,Premium
2077,Sophie,Hoffmann,sophie.hoffmann2077@example.com,Bremen,Germany,2024-07-09,Standard
2078,Nina,Bauer,nina.bauer2078@example.com,Dortmund,Germany,2023-07-16,Standard
2079,Sarah,Bauer,sarah.bauer2079@example.com,Berlin,Germany,2023-10-22,Business
2080,Mia,Neumann,mia.neumann2080@example.com,Stuttgart,Germany,2024-07-30,Premium
2081,Clara,Schroeder,clara.schroeder2081@example.com,Stuttgart,Germany,2025-04-23,Standard
2082,Ben,Fischer,ben.fischer2082@example.com,Munich,Germany,2024-03-22,Standard
2083,Julia,Becker,julia.becker2083@example.com,Hanover,Germany,2024-01-21,Standard
2084,Finn,Braun,finn.braun2084@example.com,Nuremberg,Germany,2025-12-12,Business
2085,Finn,Schwarz,finn.schwarz2085@example.com,Duesseldorf,Germany,2023-08-22,Standard
2086,Marie,Schneider,marie.schneider2086@example.com,Nuremberg,Germany,2023-08-27,Standard
2087,Mia,Mueller,mia.mueller2087@example.com,Stuttgart,Germany,2025-09-09,Standard
2088,Lukas,Bauer,lukas.bauer2088@example.com,Nuremberg,Germany,2023-10-12,Premium
2089,Marie,Braun,marie.braun2089@example.com,Hanover,Germany,2025-12-07,Premium
2090,Sophie,Meyer,sophie.meyer2090@example.com,Berlin,Germany,2024-09-15,Standard
2091,Tom,Fischer,tom.fischer2091@example.com,Munich,Germany,2024-03-31,Premium
2092,Nina,Weber,nina.weber2092@example.com,Frankfurt,Germany,2024-04-09,Business
2093,Mia,Wagner,mia.wagner2093@example.com,Hamburg,Germany,2023-09-24,Standard
2094,Jonas,Fischer,jonas.fischer2094@example.com,Berlin,Germany,2023-06-09,Standard
2095,Clara,Schroeder,clara.schroeder2095@example.com,Berlin,Germany,2025-06-02,Standard
2096,Emma,Fischer,emma.fischer2096@example.com,Hanover,Germany,2023-03-09,Premium
2097,David,Neumann,david.neumann2097@example.com,Leipzig,Germany,2023-05-02,Standard
2098,Paul,Schulz,paul.schulz2098@example.com,Hamburg,Germany,2023-03-30,Standard
2099,Lukas,Mueller,lukas.mueller2099@example.com,Hanover,Germany,2023-07-17,Premium
2100,Paul,Braun,paul.braun2100@example.com,Essen,Germany,2024-02-25,Standard
2101,Emma,Meyer,emma.meyer2101@example.com,Berlin,Germany,2024-12-20,Business
2102,Lena,Weber,lena.weber2102@example.com,Essen,Germany,2024-07-22,Standard
2103,Felix,Bauer,felix.bauer2103@example.com,Nuremberg,Germany,2023-11-25,Standard
2104,Julia,Braun,julia.braun2104@example.com,Dortmund,Germany,2024-05-10,Premium
2105,Sarah,Schneider,sarah.schneider2105@example.com,Nuremberg,Germany,2023-07-22,Premium
2106,Sarah,Mueller,sarah.mueller2106@example.com,Cologne,Germany,2025-12-19,Standard
2107,Nina,Wagner,nina.wagner2107@example.com,Munich,Germany,2024-07-31,Premium
2108,Clara,Schwarz,clara.schwarz2108@example.com,Dresden,Germany,2023-01-09,Business
2109,Paul,Wagner,paul.wagner2109@example.com,Nuremberg,Germany,2025-10-29,Standard
2110,Nina,Schroeder,nina.schroeder2110@example.com,Dresden,Germany,2025-01-20,Business
2111,Sarah,Meyer,sarah.meyer2111@example.com,Bremen,Germany,2025-06-19,Standard
2112,Paul,Meyer,paul.meyer2112@example.com,Duesseldorf,Germany,2024-12-27,Standard
2113,Jonas,Wagner,jonas.wagner2113@example.com,Cologne,Germany,2025-11-19,Standard
2114,Jonas,Fischer,jonas.fischer2114@example.com,Hamburg,Germany,2024-10-05,Premium
2115,Marie,Fischer,marie.fischer2115@example.com,Munich,Germany,2025-11-30,Premium
2116,Tim,Bauer,tim.bauer2116@example.com,Dortmund,Germany,2024-08-13,Standard
2117,Tom,Schmidt,tom.schmidt2117@example.com,Stuttgart,Germany,2023-06-18,Standard
2118,Tim,Fischer,tim.fischer2118@example.com,Frankfurt,Germany,2025-02-27,Standard
2119,Marie,Braun,marie.braun2119@example.com,Bremen,Germany,2024-09-30,Standard
2120,Marie,Becker,marie.becker2120@example.com,Frankfurt,Germany,2025-04-14,Premium
2121,Jonas,Wagner,jonas.wagner2121@example.com,Duisburg,Germany,2023-05-23,Premium
2122,Tim,Bauer,tim.bauer2122@example.com,Berlin,Germany,2024-01-03,Standard
2123,David,Schroeder,david.schroeder2123@example.com,Duesseldorf,Germany,2023-08-04,Business
2124,Marie,Neumann,marie.neumann2124@example.com,Hamburg,Germany,2023-06-24,Standard
2125,Mia,Richter,mia.richter2125@example.com,Dresden,Germany,2025-03-31,Business
2126,Sarah,Fischer,sarah.fischer2126@example.com,Hamburg,Germany,2023-12-12,Premium
2127,Felix,Wagner,felix.wagner2127@example.com,Cologne,Germany,2024-11-24,Standard
2128,Niklas,Richter,niklas.richter2128@example.com,Cologne,Germany,2023-09-09,Standard
2129,Jonas,Schroeder,jonas.schroeder2129@example.com,Hanover,Germany,2024-07-24,Premium
2130,Nina,Zimmermann,nina.zimmermann2130@example.com,Hanover,Germany,2024-07-13,Standard
2131,Lea,Richter,lea.richter2131@example.com,Leipzig,Germany,2024-12-30,Standard
2132,David,Braun,david.braun2132@example.com,Leipzig,Germany,2025-04-08,Standard
2133,Julia,Schulz,julia.schulz2133@example.com,Hanover,Germany,2023-10-29,Standard
2134,Marie,Fischer,marie.fischer2134@example.com,Frankfurt,Germany,2023-09-08,Standard
2135,Tim,Schroeder,tim.schroeder2135@example.com,Bremen,Germany,2024-04-17,Premium
2136,Mia,Mueller,mia.mueller2136@example.com,Dresden,Germany,2023-07-23,Premium
2137,Max,Schneider,max.schneider2137@example.com,Bremen,Germany,2025-10-17,Standard
2138,Anna,Meyer,anna.meyer2138@example.com,Essen,Germany,2025-02-22,Premium
2139,David,Koch,david.koch2139@example.com,Frankfurt,Germany,2023-11-09,Standard
2140,Niklas,Braun,niklas.braun2140@example.com,Hanover,Germany,2023-07-17,Premium
2141,Lena,Neumann,lena.neumann2141@example.com,Hanover,Germany,2025-10-05,Premium
2142,Marie,Wagner,marie.wagner2142@example.com,Bremen,Germany,2024-08-24,Standard
2143,Tim,Schroeder,tim.schroeder2143@example.com,Frankfurt,Germany,2025-10-30,Premium
2144,Finn,Koch,finn.koch2144@example.com,Hanover,Germany,2023-02-06,Standard
2145,Max,Klein,max.klein2145@example.com,Duesseldorf,Germany,2023-09-01,Standard
2146,Marie,Koch,marie.koch2146@example.com,Leipzig,Germany,2025-02-09,Premium
2147,Marie,Schmidt,marie.schmidt2147@example.com,Munich,Germany,2023-03-09,Standard
2148,Finn,Hoffmann,finn.hoffmann2148@example.com,Leipzig,Germany,2023-12-03,Standard
2149,Jonas,Weber,jonas.weber2149@example.com,Dresden,Germany,2024-10-01,Standard
2150,Laura,Schroeder,laura.schroeder2150@example.com,Essen,Germany,2023-08-13,Premium
2151,David,Schroeder,david.schroeder2151@example.com,Leipzig,Germany,2025-08-20,Standard
2152,Finn,Meyer,finn.meyer2152@example.com,Berlin,Germany,2025-11-03,Standard
2153,Laura,Schulz,laura.schulz2153@example.com,Essen,Germany,2025-10-10,Premium
2154,Laura,Braun,laura.braun2154@example.com,Hanover,Germany,2024-12-23,Premium
2155,Lukas,Koch,lukas.koch2155@example.com,Berlin,Germany,2023-05-06,Standard
2156,Sarah,Schmidt,sarah.schmidt2156@example.com,Nuremberg,Germany,2023-09-20,Standard
2157,Felix,Bauer,felix.bauer2157@example.com,Hanover,Germany,2023-02-25,Standard
2158,Lea,Koch,lea.koch2158@example.com,Hamburg,Germany,2025-02-18,Standard
2159,Jonas,Bauer,jonas.bauer2159@example.com,Duesseldorf,Germany,2025-01-01,Standard
2160,Felix,Schmidt,felix.schmidt2160@example.com,Cologne,Germany,2024-05-15,Premium
2161,Leon,Hoffmann,leon.hoffmann2161@example.com,Duisburg,Germany,2023-06-23,Premium
2162,Nina,Schneider,nina.schneider2162@example.com,Hamburg,Germany,2024-09-16,Standard
2163,Sophie,Meyer,sophie.meyer2163@example.com,Dortmund,Germany,2023-02-10,Standard
2164,Sophie,Schmidt,sophie.schmidt2164@example.com,Bremen,Germany,2025-08-01,Premium
2165,Jonas,Zimmermann,jonas.zimmermann2165@example.com,Duisburg,Germany,2025-11-20,Standard
2166,Jonas,Schulz,jonas.schulz2166@example.com,Dresden,Germany,2023-02-11,Business
2167,Tim,Zimmermann,tim.zimmermann2167@example.com,Stuttgart,Germany,2023-02-15,Standard
2168,Laura,Zimmermann,laura.zimmermann2168@example.com,Stuttgart,Germany,2025-03-10,Standard
2169,Sarah,Fischer,sarah.fischer2169@example.com,Hamburg,Germany,2025-09-27,Premium
2170,Nina,Wagner,nina.wagner2170@example.com,Leipzig,Germany,2024-11-19,Standard
2171,Julia,Koch,julia.koch2171@example.com,Essen,Germany,2023-12-08,Premium
2172,Lukas,Bauer,lukas.bauer2172@example.com,Cologne,Germany,2025-06-11,Standard
2173,Tim,Schneider,tim.schneider2173@example.com,Frankfurt,Germany,2024-03-14,Standard
2174,Hannah,Schmidt,hannah.schmidt2174@example.com,Essen,Germany,2024-08-31,Premium
2175,Laura,Becker,laura.becker2175@example.com,Dresden,Germany,2023-07-08,Standard
2176,Sarah,Fischer,sarah.fischer2176@example.com,Frankfurt,Germany,2024-11-20,Premium
2177,Lena,Zimmermann,lena.zimmermann2177@example.com,Leipzig,Germany,2025-12-23,Standard
2178,Jonas,Wagner,jonas.wagner2178@example.com,Hanover,Germany,2024-12-12,Standard
2179,Lena,Hoffmann,lena.hoffmann2179@example.com,Hanover,Germany,2025-10-30,Premium
2180,Lukas,Klein,lukas.klein2180@example.com,Cologne,Germany,2024-10-03,Standard
2181,Jonas,Richter,jonas.richter2181@example.com,Essen,Germany,2024-05-29,Standard
2182,Julia,Wolf,julia.wolf2182@example.com,Duisburg,Germany,2024-01-05,Standard
2183,Anna,Neumann,anna.neumann2183@example.com,Essen,Germany,2024-01-18,Standard
2184,Tim,Wagner,tim.wagner2184@example.com,Frankfurt,Germany,2025-08-15,Standard
2185,Lea,Schwarz,lea.schwarz2185@example.com,Duisburg,Germany,2025-06-07,Premium
2186,Sarah,Schmidt,sarah.schmidt2186@example.com,Cologne,Germany,2025-12-05,Business
2187,Felix,Wolf,felix.wolf2187@example.com,Cologne,Germany,2023-10-30,Premium
2188,Mia,Hoffmann,mia.hoffmann2188@example.com,Duesseldorf,Germany,2025-06-10,Premium
2189,Sophie,Schneider,sophie.schneider2189@example.com,Nuremberg,Germany,2024-02-21,Premium
2190,Jonas,Schulz,jonas.schulz2190@example.com,Bremen,Germany,2024-08-10,Premium
2191,Ben,Schulz,ben.schulz2191@example.com,Duesseldorf,Germany,2024-04-28,Standard
2192,Leon,Fischer,leon.fischer2192@example.com,Cologne,Germany,2023-11-04,Business
2193,Anna,Becker,anna.becker2193@example.com,Leipzig,Germany,2024-09-27,Premium
2194,Tim,Schwarz,tim.schwarz2194@example.com,Duesseldorf,Germany,2025-06-12,Standard
2195,Lea,Schmidt,lea.schmidt2195@example.com,Munich,Germany,2024-02-18,Standard
2196,Hannah,Weber,hannah.weber2196@example.com,Frankfurt,Germany,2023-03-01,Standard
2197,Hannah,Schwarz,hannah.schwarz2197@example.com,Bremen,Germany,2023-12-27,Standard
2198,Max,Schroeder,max.schroeder2198@example.com,Berlin,Germany,2023-02-10,Premium
2199,Lena,Koch,lena.koch2199@example.com,Nuremberg,Germany,2024-09-02,Standard
2200,Lena,Klein,lena.klein2200@example.com,Bremen,Germany,2025-01-14,Standard
2201,David,Schneider,david.schneider2201@example.com,Nuremberg,Germany,2025-03-23,Business
2202,Tom,Weber,tom.weber2202@example.com,Hamburg,Germany,2024-04-28,Standard
2203,Sarah,Neumann,sarah.neumann2203@example.com,Dortmund,Germany,2023-09-05,Standard
2204,David,Zimmermann,david.zimmermann2204@example.com,Frankfurt,Germany,2025-12-11,Standard
2205,Tim,Schneider,tim.schneider2205@example.com,Essen,Germany,2024-05-02,Premium
2206,Paul,Koch,paul.koch2206@example.com,Nuremberg,Germany,2024-11-05,Business
2207,Sarah,Richter,sarah.richter2207@example.com,Duisburg,Germany,2024-04-28,Standard
2208,Jonas,Wagner,jonas.wagner2208@example.com,Hamburg,Germany,2023-10-23,Premium
2209,Ben,Wagner,ben.wagner2209@example.com,Leipzig,Germany,2024-07-16,Standard
2210,Jonas,Schulz,jonas.schulz2210@example.com,Leipzig,Germany,2023-04-25,Business
2211,Finn,Bauer,finn.bauer2211@example.com,Stuttgart,Germany,2023-08-20,Premium
2212,Finn,Klein,finn.klein2212@example.com,Bremen,Germany,2025-08-30,Premium
2213,Leon,Schulz,leon.schulz2213@example.com,Stuttgart,Germany,2023-10-24,Standard
2214,Tim,Bauer,tim.bauer2214@example.com,Berlin,Germany,2024-09-23,Business
2215,Lea,Braun,lea.braun2215@example.com,Nuremberg,Germany,2023-03-13,Premium
2216,Tom,Schmidt,tom.schmidt2216@example.com,Frankfurt,Germany,2024-05-05,Standard
2217,Finn,Richter,finn.richter2217@example.com,Bremen,Germany,2024-09-25,Premium
2218,Nina,Bauer,nina.bauer2218@example.com,Dortmund,Germany,2023-09-07,Standard
2219,Leon,Wolf,leon.wolf2219@example.com,Berlin,Germany,2025-03-06,Premium
2220,Laura,Schulz,laura.schulz2220@example.com,Hamburg,Germany,2024-09-08,Standard
2221,Clara,Becker,clara.becker2221@example.com,Cologne,Germany,2024-09-01,Premium
2222,Ben,Wolf,ben.wolf2222@example.com,Duisburg,Germany,2024-10-11,Standard
2223,Clara,Klein,clara.klein2223@example.com,Frankfurt,Germany,2023-03-11,Standard
2224,Lena,Schroeder,lena.schroeder2224@example.com,Dresden,Germany,2025-08-22,Standard
2225,Jonas,Koch,jonas.koch2225@example.com,Duisburg,Germany,2025-05-15,Standard
2226,Paul,Meyer,paul.meyer2226@example.com,Dortmund,Germany,2024-06-18,Standard
2227,Lena,Bauer,lena.bauer2227@example.com,Essen,Germany,2025-05-11,Standard
2228,Tom,Schwarz,tom.schwarz2228@example.com,Leipzig,Germany,2024-10-31,Standard
2229,Nina,Mueller,nina.mueller2229@example.com,Bremen,Germany,2023-04-17,Standard
2230,Lea,Meyer,lea.meyer2230@example.com,Hanover,Germany,2025-06-27,Standard
2231,Lea,Weber,lea.weber2231@example.com,Duesseldorf,Germany,2023-01-07,Premium
2232,Emma,Hoffmann,emma.hoffmann2232@example.com,Essen,Germany,2024-10-04,Standard
2233,Lena,Fischer,lena.fischer2233@example.com,Cologne,Germany,2023-11-20,Business
2234,Julia,Weber,julia.weber2234@example.com,Hanover,Germany,2025-04-20,Premium
2235,Sophie,Wolf,sophie.wolf2235@example.com,Nuremberg,Germany,2025-09-06,Premium
2236,Tom,Weber,tom.weber2236@example.com,Munich,Germany,2024-06-17,Standard
2237,David,Zimmermann,david.zimmermann2237@example.com,Hanover,Germany,2024-11-01,Premium
2238,Lukas,Wagner,lukas.wagner2238@example.com,Duesseldorf,Germany,2023-06-22,Standard
2239,Felix,Meyer,felix.meyer2239@example.com,Duisburg,Germany,2025-03-16,Standard
2240,Laura,Zimmermann,laura.zimmermann2240@example.com,Berlin,Germany,2024-04-04,Standard
2241,Anna,Schwarz,anna.schwarz2241@example.com,Duisburg,Germany,2024-04-13,Premium
2242,Lena,Wolf,lena.wolf2242@example.com,Frankfurt,Germany,2024-02-11,Standard
2243,Nina,Meyer,nina.meyer2243@example.com,Duesseldorf,Germany,2023-04-12,Standard
2244,Niklas,Klein,niklas.klein2244@example.com,Munich,Germany,2024-06-16,Business
2245,Lena,Bauer,lena.bauer2245@example.com,Essen,Germany,2023-12-15,Premium
2246,Paul,Mueller,paul.mueller2246@example.com,Duesseldorf,Germany,2025-12-12,Standard
2247,Clara,Wolf,clara.wolf2247@example.com,Hamburg,Germany,2025-10-09,Standard
2248,Leon,Wagner,leon.wagner2248@example.com,Nuremberg,Germany,2024-01-26,Premium
2249,Hannah,Hoffmann,hannah.hoffmann2249@example.com,Duesseldorf,Germany,2025-10-09,Standard
2250,Mia,Klein,mia.klein2250@example.com,Essen,Germany,2024-02-28,Standard
2251,Emma,Hoffmann,emma.hoffmann2251@example.com,Duesseldorf,Germany,2024-01-23,Standard
2252,Ben,Klein,ben.klein2252@example.com,Berlin,Germany,2023-10-26,Business
2253,Lukas,Schulz,lukas.schulz2253@example.com,Essen,Germany,2024-04-27,Premium
2254,Marie,Becker,marie.becker2254@example.com,Essen,Germany,2025-01-27,Premium
2255,David,Wolf,david.wolf2255@example.com,Berlin,Germany,2023-06-25,Premium
2256,Tim,Weber,tim.weber2256@example.com,Dresden,Germany,2024-10-24,Standard
2257,Laura,Wagner,laura.wagner2257@example.com,Dresden,Germany,2025-02-24,Standard
2258,Jonas,Braun,jonas.braun2258@example.com,Hamburg,Germany,2024-06-08,Standard
2259,Paul,Schwarz,paul.schwarz2259@example.com,Berlin,Germany,2023-05-01,Standard
2260,Sophie,Becker,sophie.becker2260@example.com,Duisburg,Germany,2025-08-22,Standard
2261,Felix,Braun,felix.braun2261@example.com,Berlin,Germany,2023-04-04,Premium
2262,Hannah,Neumann,hannah.neumann2262@example.com,Frankfurt,Germany,2025-02-19,Standard
2263,Laura,Bauer,laura.bauer2263@example.com,Duisburg,Germany,2023-09-28,Premium
2264,Finn,Schmidt,finn.schmidt2264@example.com,Frankfurt,Germany,2024-01-03,Standard
2265,Ben,Neumann,ben.neumann2265@example.com,Duisburg,Germany,2025-10-06,Standard
2266,Sophie,Wolf,sophie.wolf2266@example.com,Hamburg,Germany,2023-09-28,Standard
2267,Sophie,Neumann,sophie.neumann2267@example.com,Munich,Germany,2025-06-05,Standard
2268,Hannah,Fischer,hannah.fischer2268@example.com,Berlin,Germany,2024-10-03,Premium
2269,Mia,Schroeder,mia.schroeder2269@example.com,Dresden,Germany,2024-07-29,Standard
2270,Felix,Klein,felix.klein2270@example.com,Duisburg,Germany,2024-08-02,Standard
2271,Hannah,Braun,hannah.braun2271@example.com,Dortmund,Germany,2024-06-24,Standard
2272,Sophie,Klein,sophie.klein2272@example.com,Stuttgart,Germany,2023-12-04,Standard
2273,Tom,Schroeder,tom.schroeder2273@example.com,Dortmund,Germany,2023-11-06,Standard
2274,David,Wolf,david.wolf2274@example.com,Cologne,Germany,2023-04-19,Premium
2275,Mia,Schmidt,mia.schmidt2275@example.com,Munich,Germany,2024-04-15,Business
2276,Max,Schroeder,max.schroeder2276@example.com,Munich,Germany,2024-06-16,Standard
2277,Nina,Wolf,nina.wolf2277@example.com,Hamburg,Germany,2025-06-12,Premium
2278,Tim,Schmidt,tim.schmidt2278@example.com,Stuttgart,Germany,2025-06-23,Standard
2279,Nina,Schwarz,nina.schwarz2279@example.com,Leipzig,Germany,2025-09-20,Standard
2280,Tim,Fischer,tim.fischer2280@example.com,Hamburg,Germany,2023-10-31,Standard
2281,Felix,Schneider,felix.schneider2281@example.com,Nuremberg,Germany,2024-02-22,Standard
2282,Lukas,Meyer,lukas.meyer2282@example.com,Dresden,Germany,2023-12-11,Standard
2283,Julia,Schulz,julia.schulz2283@example.com,Essen,Germany,2024-03-10,Standard
2284,Anna,Neumann,anna.neumann2284@example.com,Duesseldorf,Germany,2024-01-05,Standard
2285,Lena,Becker,lena.becker2285@example.com,Bremen,Germany,2025-10-17,Standard
2286,Paul,Koch,paul.koch2286@example.com,Frankfurt,Germany,2023-02-23,Standard
2287,David,Fischer,david.fischer2287@example.com,Stuttgart,Germany,2025-03-18,Business
2288,Sarah,Fischer,sarah.fischer2288@example.com,Munich,Germany,2024-10-24,Standard
2289,Anna,Schneider,anna.schneider2289@example.com,Nuremberg,Germany,2025-07-31,Standard
2290,Nina,Schroeder,nina.schroeder2290@example.com,Bremen,Germany,2025-07-18,Standard
2291,Hannah,Braun,hannah.braun2291@example.com,Stuttgart,Germany,2023-01-12,Standard
2292,Max,Braun,max.braun2292@example.com,Stuttgart,Germany,2025-07-16,Standard
2293,Tom,Zimmermann,tom.zimmermann2293@example.com,Cologne,Germany,2023-09-22,Standard
2294,Max,Hoffmann,max.hoffmann2294@example.com,Hanover,Germany,2024-10-23,Standard
2295,Max,Schneider,max.schneider2295@example.com,Hamburg,Germany,2025-02-20,Standard
2296,Laura,Schulz,laura.schulz2296@example.com,Cologne,Germany,2023-12-31,Standard
2297,Clara,Richter,clara.richter2297@example.com,Berlin,Germany,2023-07-02,Standard
2298,Emma,Meyer,emma.meyer2298@example.com,Hanover,Germany,2025-03-06,Standard
2299,Laura,Hoffmann,laura.hoffmann2299@example.com,Hamburg,Germany,2023-11-12,Standard
2300,Lukas,Schroeder,lukas.schroeder2300@example.com,Dresden,Germany,2025-06-04,Standard
2301,Lukas,Braun,lukas.braun2301@example.com,Stuttgart,Germany,2023-09-26,Premium
2302,David,Fischer,david.fischer2302@example.com,Dortmund,Germany,2025-01-22,Standard
2303,Emma,Schroeder,emma.schroeder2303@example.com,Duisburg,Germany,2025-07-01,Standard
2304,Laura,Schroeder,laura.schroeder2304@example.com,Essen,Germany,2024-07-03,Standard
2305,Niklas,Klein,niklas.klein2305@example.com,Hanover,Germany,2023-07-04,Business
2306,Jonas,Bauer,jonas.bauer2306@example.com,Duesseldorf,Germany,2024-01-17,Standard
2307,Lea,Klein,lea.klein2307@example.com,Berlin,Germany,2023-07-10,Standard
2308,Julia,Koch,julia.koch2308@example.com,Bremen,Germany,2025-08-07,Standard
2309,Leon,Weber,leon.weber2309@example.com,Dortmund,Germany,2025-10-11,Standard
2310,Lea,Neumann,lea.neumann2310@example.com,Frankfurt,Germany,2023-06-21,Standard
2311,Marie,Klein,marie.klein2311@example.com,Duisburg,Germany,2023-06-12,Standard
2312,Tim,Hoffmann,tim.hoffmann2312@example.com,Munich,Germany,2023-11-01,Premium
2313,David,Hoffmann,david.hoffmann2313@example.com,Dortmund,Germany,2024-05-24,Standard
2314,Jonas,Hoffmann,jonas.hoffmann2314@example.com,Dortmund,Germany,2023-04-08,Premium
2315,Lena,Schmidt,lena.schmidt2315@example.com,Hamburg,Germany,2025-11-17,Business
2316,Julia,Klein,julia.klein2316@example.com,Hamburg,Germany,2025-04-25,Standard
2317,Marie,Zimmermann,marie.zimmermann2317@example.com,Stuttgart,Germany,2024-06-02,Standard
2318,Hannah,Zimmermann,hannah.zimmermann2318@example.com,Hanover,Germany,2023-06-17,Standard
2319,Julia,Mueller,julia.mueller2319@example.com,Dresden,Germany,2023-08-22,Standard
2320,David,Wolf,david.wolf2320@example.com,Hanover,Germany,2024-01-03,Standard
2321,Ben,Richter,ben.richter2321@example.com,Hamburg,Germany,2023-04-03,Business
2322,Jonas,Hoffmann,jonas.hoffmann2322@example.com,Essen,Germany,2024-10-04,Premium
2323,Tom,Wolf,tom.wolf2323@example.com,Essen,Germany,2025-07-10,Standard
2324,Hannah,Koch,hannah.koch2324@example.com,Cologne,Germany,2024-01-19,Standard
2325,Ben,Schneider,ben.schneider2325@example.com,Nuremberg,Germany,2024-06-15,Premium
2326,David,Fischer,david.fischer2326@example.com,Dortmund,Germany,2025-06-07,Business
2327,Anna,Mueller,anna.mueller2327@example.com,Hamburg,Germany,2025-03-19,Premium
2328,Anna,Meyer,anna.meyer2328@example.com,Leipzig,Germany,2025-09-04,Standard
2329,Nina,Richter,nina.richter2329@example.com,Frankfurt,Germany,2025-09-23,Standard
2330,Niklas,Braun,niklas.braun2330@example.com,Dresden,Germany,2025-01-08,Standard
2331,David,Richter,david.richter2331@example.com,Hamburg,Germany,2024-09-11,Standard
2332,Mia,Weber,mia.weber2332@example.com,Cologne,Germany,2023-01-29,Standard
2333,Paul,Mueller,paul.mueller2333@example.com,Nuremberg,Germany,2024-01-21,Standard
2334,Anna,Wagner,anna.wagner2334@example.com,Bremen,Germany,2025-09-12,Premium
2335,Mia,Becker,mia.becker2335@example.com,Nuremberg,Germany,2025-06-11,Standard
2336,Lea,Schwarz,lea.schwarz2336@example.com,Hamburg,Germany,2024-01-26,Standard
2337,Lukas,Wolf,lukas.wolf2337@example.com,Leipzig,Germany,2023-10-31,Standard
2338,Jonas,Mueller,jonas.mueller2338@example.com,Munich,Germany,2023-08-27,Standard
2339,Mia,Wolf,mia.wolf2339@example.com,Leipzig,Germany,2025-09-20,Standard
2340,Anna,Wolf,anna.wolf2340@example.com,Cologne,Germany,2024-05-11,Standard
2341,Lukas,Zimmermann,lukas.zimmermann2341@example.com,Berlin,Germany,2025-03-13,Premium
2342,Sophie,Mueller,sophie.mueller2342@example.com,Bremen,Germany,2023-07-30,Standard
2343,Nina,Klein,nina.klein2343@example.com,Nuremberg,Germany,2025-05-01,Standard
2344,Tim,Zimmermann,tim.zimmermann2344@example.com,Berlin,Germany,2024-08-18,Standard
2345,Tim,Richter,tim.richter2345@example.com,Dortmund,Germany,2025-09-22,Business
2346,Sarah,Braun,sarah.braun2346@example.com,Cologne,Germany,2025-09-26,Premium
2347,Nina,Schmidt,nina.schmidt2347@example.com,Berlin,Germany,2025-12-17,Premium
2348,Jonas,Zimmermann,jonas.zimmermann2348@example.com,Dortmund,Germany,2024-10-08,Standard
2349,Lena,Schulz,lena.schulz2349@example.com,Duisburg,Germany,2025-05-04,Standard
2350,Tim,Fischer,tim.fischer2350@example.com,Essen,Germany,2025-10-10,Standard
2351,Lea,Bauer,lea.bauer2351@example.com,Dresden,Germany,2025-07-07,Standard
2352,Jonas,Mueller,jonas.mueller2352@example.com,Frankfurt,Germany,2023-11-27,Business
2353,Tom,Wagner,tom.wagner2353@example.com,Stuttgart,Germany,2025-08-19,Standard
2354,Marie,Becker,marie.becker2354@example.com,Cologne,Germany,2025-11-05,Premium
2355,Sarah,Koch,sarah.koch2355@example.com,Munich,Germany,2025-08-17,Premium
2356,Lukas,Richter,lukas.richter2356@example.com,Nuremberg,Germany,2025-05-03,Standard
2357,David,Bauer,david.bauer2357@example.com,Hanover,Germany,2025-08-25,Business
2358,Ben,Braun,ben.braun2358@example.com,Frankfurt,Germany,2024-02-29,Standard
2359,Nina,Schneider,nina.schneider2359@example.com,Munich,Germany,2025-09-15,Standard
2360,Ben,Wagner,ben.wagner2360@example.com,Essen,Germany,2023-11-17,Standard
2361,Tim,Fischer,tim.fischer2361@example.com,Leipzig,Germany,2025-05-01,Standard
2362,Lukas,Becker,lukas.becker2362@example.com,Dortmund,Germany,2024-03-04,Standard
2363,Max,Mueller,max.mueller2363@example.com,Duisburg,Germany,2025-01-04,Standard
2364,Hannah,Bauer,hannah.bauer2364@example.com,Munich,Germany,2023-11-21,Standard
2365,Julia,Schmidt,julia.schmidt2365@example.com,Stuttgart,Germany,2023-05-11,Standard
2366,Jonas,Fischer,jonas.fischer2366@example.com,Hamburg,Germany,2024-04-09,Standard
2367,Finn,Becker,finn.becker2367@example.com,Frankfurt,Germany,2025-09-23,Standard
2368,Sophie,Bauer,sophie.bauer2368@example.com,Hanover,Germany,2023-04-06,Standard
2369,Finn,Schulz,finn.schulz2369@example.com,Nuremberg,Germany,2023-11-06,Standard
2370,Nina,Neumann,nina.neumann2370@example.com,Dresden,Germany,2023-08-02,Premium
2371,Max,Wolf,max.wolf2371@example.com,Nuremberg,Germany,2025-07-25,Premium
2372,Clara,Fischer,clara.fischer2372@example.com,Hanover,Germany,2023-08-05,Premium
2373,Niklas,Braun,niklas.braun2373@example.com,Nuremberg,Germany,2023-07-28,Premium
2374,Finn,Schmidt,finn.schmidt2374@example.com,Hamburg,Germany,2025-11-04,Standard
2375,Ben,Fischer,ben.fischer2375@example.com,Duisburg,Germany,2024-02-25,Premium
2376,Felix,Meyer,felix.meyer2376@example.com,Dresden,Germany,2024-08-21,Standard
2377,Marie,Neumann,marie.neumann2377@example.com,Dresden,Germany,2025-10-17,Standard
2378,Paul,Weber,paul.weber2378@example.com,Stuttgart,Germany,2025-01-14,Premium
2379,Mia,Fischer,mia.fischer2379@example.com,Leipzig,Germany,2024-02-18,Standard
2380,Jonas,Mueller,jonas.mueller2380@example.com,Nuremberg,Germany,2024-05-17,Premium
2381,Tim,Koch,tim.koch2381@example.com,Dortmund,Germany,2024-08-10,Premium
2382,Ben,Schneider,ben.schneider2382@example.com,Stuttgart,Germany,2024-06-28,Premium
2383,Nina,Klein,nina.klein2383@example.com,Bremen,Germany,2025-01-08,Business
2384,David,Becker,david.becker2384@example.com,Hanover,Germany,2023-11-07,Standard
2385,Clara,Neumann,clara.neumann2385@example.com,Hanover,Germany,2025-05-13,Standard
2386,Leon,Weber,leon.weber2386@example.com,Duesseldorf,Germany,2025-05-28,Standard
2387,Jonas,Wolf,jonas.wolf2387@example.com,Hanover,Germany,2025-11-23,Standard
2388,David,Bauer,david.bauer2388@example.com,Leipzig,Germany,2023-03-02,Standard
2389,Mia,Mueller,mia.mueller2389@example.com,Hamburg,Germany,2025-11-25,Premium
2390,Lena,Koch,lena.koch2390@example.com,Duesseldorf,Germany,2024-10-06,Premium
2391,Clara,Meyer,clara.meyer2391@example.com,Berlin,Germany,2025-06-07,Standard
2392,Laura,Schmidt,laura.schmidt2392@example.com,Duisburg,Germany,2023-11-06,Standard
2393,Sarah,Schmidt,sarah.schmidt2393@example.com,Frankfurt,Germany,2025-11-30,Standard
2394,Jonas,Richter,jonas.richter2394@example.com,Dresden,Germany,2024-09-15,Standard
2395,Tom,Koch,tom.koch2395@example.com,Berlin,Germany,2024-12-05,Premium
2396,Hannah,Neumann,hannah.neumann2396@example.com,Dresden,Germany,2023-10-28,Standard
2397,Laura,Wolf,laura.wolf2397@example.com,Duisburg,Germany,2024-02-25,Standard
2398,Finn,Braun,finn.braun2398@example.com,Dresden,Germany,2025-06-24,Standard
2399,Felix,Richter,felix.richter2399@example.com,Duisburg,Germany,2024-02-09,Standard
2400,Lukas,Schneider,lukas.schneider2400@example.com,Dortmund,Germany,2023-03-17,Standard
2401,Sophie,Richter,sophie.richter2401@example.com,Dortmund,Germany,2023-09-16,Standard
2402,Finn,Hoffmann,finn.hoffmann2402@example.com,Hamburg,Germany,2024-03-13,Standard
2403,Julia,Schwarz,julia.schwarz2403@example.com,Dortmund,Germany,2024-10-01,Standard
2404,Sophie,Meyer,sophie.meyer2404@example.com,Berlin,Germany,2023-02-17,Standard
2405,Finn,Zimmermann,finn.zimmermann2405@example.com,Cologne,Germany,2024-06-13,Premium
2406,Clara,Hoffmann,clara.hoffmann2406@example.com,Dortmund,Germany,2025-05-15,Standard
2407,Paul,Schmidt,paul.schmidt2407@example.com,Frankfurt,Germany,2025-02-02,Standard
2408,Lea,Neumann,lea.neumann2408@example.com,Hamburg,Germany,2024-12-26,Standard
2409,Max,Fischer,max.fischer2409@example.com,Frankfurt,Germany,2025-07-08,Business
2410,Sarah,Mueller,sarah.mueller2410@example.com,Stuttgart,Germany,2025-07-17,Standard
2411,Leon,Zimmermann,leon.zimmermann2411@example.com,Nuremberg,Germany,2025-12-28,Premium
2412,Niklas,Becker,niklas.becker2412@example.com,Frankfurt,Germany,2024-12-18,Standard
2413,Lukas,Zimmermann,lukas.zimmermann2413@example.com,Dresden,Germany,2023-10-14,Standard
2414,Laura,Neumann,laura.neumann2414@example.com,Hamburg,Germany,2024-05-22,Standard
2415,Sophie,Neumann,sophie.neumann2415@example.com,Nuremberg,Germany,2024-01-30,Standard
2416,Clara,Bauer,clara.bauer2416@example.com,Hamburg,Germany,2025-07-19,Business
2417,Mia,Klein,mia.klein2417@example.com,Hamburg,Germany,2025-04-23,Standard
2418,Lena,Schmidt,lena.schmidt2418@example.com,Duisburg,Germany,2025-05-20,Standard
2419,Mia,Schroeder,mia.schroeder2419@example.com,Leipzig,Germany,2024-03-15,Standard
2420,Lena,Bauer,lena.bauer2420@example.com,Duesseldorf,Germany,2025-12-13,Standard
2421,Sarah,Schwarz,sarah.schwarz2421@example.com,Hanover,Germany,2025-11-28,Standard
2422,Laura,Schulz,laura.schulz2422@example.com,Bremen,Germany,2025-10-18,Standard
2423,Jonas,Wolf,jonas.wolf2423@example.com,Dresden,Germany,2025-09-29,Premium
2424,Jonas,Meyer,jonas.meyer2424@example.com,Dortmund,Germany,2023-10-23,Standard
2425,Mia,Schroeder,mia.schroeder2425@example.com,Munich,Germany,2025-07-26,Standard
2426,Nina,Neumann,nina.neumann2426@example.com,Hamburg,Germany,2025-12-19,Business
2427,Nina,Wagner,nina.wagner2427@example.com,Leipzig,Germany,2025-07-21,Standard
2428,Max,Meyer,max.meyer2428@example.com,Duisburg,Germany,2025-01-26,Business
2429,Paul,Braun,paul.braun2429@example.com,Hamburg,Germany,2025-04-16,Standard
2430,Paul,Bauer,paul.bauer2430@example.com,Berlin,Germany,2024-08-16,Premium
2431,Julia,Weber,julia.weber2431@example.com,Stuttgart,Germany,2023-08-30,Standard
2432,Lukas,Bauer,lukas.bauer2432@example.com,Frankfurt,Germany,2024-09-13,Premium
2433,Tim,Mueller,tim.mueller2433@example.com,Munich,Germany,2023-10-20,Business
2434,Sarah,Klein,sarah.klein2434@example.com,Duisburg,Germany,2023-04-10,Standard
2435,Lukas,Hoffmann,lukas.hoffmann2435@example.com,Munich,Germany,2024-03-17,Business
2436,Tom,Schroeder,tom.schroeder2436@example.com,Hamburg,Germany,2023-01-05,Standard
2437,Finn,Bauer,finn.bauer2437@example.com,Nuremberg,Germany,2023-05-19,Standard
2438,Max,Klein,max.klein2438@example.com,Essen,Germany,2025-09-12,Standard
2439,Lukas,Zimmermann,lukas.zimmermann2439@example.com,Duisburg,Germany,2025-07-15,Standard
2440,Sophie,Richter,sophie.richter2440@example.com,Nuremberg,Germany,2025-08-31,Standard
2441,Tom,Braun,tom.braun2441@example.com,Hanover,Germany,2023-09-29,Standard
2442,Mia,Neumann,mia.neumann2442@example.com,Hanover,Germany,2025-08-01,Standard
2443,Marie,Wolf,marie.wolf2443@example.com,Nuremberg,Germany,2023-11-02,Premium
2444,Tom,Koch,tom.koch2444@example.com,Hanover,Germany,2023-07-02,Premium
2445,Niklas,Braun,niklas.braun2445@example.com,Duesseldorf,Germany,2025-04-18,Standard
2446,Leon,Richter,leon.richter2446@example.com,Dortmund,Germany,2024-11-25,Standard
2447,Max,Wolf,max.wolf2447@example.com,Bremen,Germany,2024-07-22,Standard
2448,Lena,Meyer,lena.meyer2448@example.com,Essen,Germany,2023-02-20,Standard
2449,Lea,Hoffmann,lea.hoffmann2449@example.com,Bremen,Germany,2023-09-11,Standard
2450,Finn,Schneider,finn.schneider2450@example.com,Essen,Germany,2024-01-30,Standard
2451,Finn,Zimmermann,finn.zimmermann2451@example.com,Essen,Germany,2023-04-19,Standard
2452,Julia,Wagner,julia.wagner2452@example.com,Dortmund,Germany,2025-09-01,Business
2453,Anna,Fischer,anna.fischer2453@example.com,Munich,Germany,2025-12-25,Standard
2454,Anna,Schulz,anna.schulz2454@example.com,Cologne,Germany,2024-02-26,Standard
2455,Nina,Zimmermann,nina.zimmermann2455@example.com,Hamburg,Germany,2025-06-28,Standard
2456,Finn,Braun,finn.braun2456@example.com,Duesseldorf,Germany,2024-10-18,Standard
2457,Sarah,Schmidt,sarah.schmidt2457@example.com,Nuremberg,Germany,2025-10-03,Standard
2458,Anna,Koch,anna.koch2458@example.com,Munich,Germany,2025-06-14,Standard
2459,Jonas,Mueller,jonas.mueller2459@example.com,Stuttgart,Germany,2025-12-17,Standard
2460,Laura,Schulz,laura.schulz2460@example.com,Hamburg,Germany,2023-07-06,Standard
2461,Paul,Schwarz,paul.schwarz2461@example.com,Frankfurt,Germany,2023-12-11,Business
2462,Mia,Meyer,mia.meyer2462@example.com,Hanover,Germany,2024-06-07,Premium
2463,Lena,Weber,lena.weber2463@example.com,Duesseldorf,Germany,2024-09-20,Standard
2464,David,Meyer,david.meyer2464@example.com,Essen,Germany,2023-05-01,Standard
2465,Sophie,Meyer,sophie.meyer2465@example.com,Dresden,Germany,2023-02-25,Standard
2466,Max,Hoffmann,max.hoffmann2466@example.com,Hamburg,Germany,2025-03-09,Standard
2467,Sophie,Weber,sophie.weber2467@example.com,Duisburg,Germany,2025-04-25,Standard
2468,Sophie,Schulz,sophie.schulz2468@example.com,Nuremberg,Germany,2025-02-08,Standard
2469,Paul,Schmidt,paul.schmidt2469@example.com,Cologne,Germany,2024-02-19,Standard
2470,Clara,Braun,clara.braun2470@example.com,Leipzig,Germany,2024-04-29,Standard
2471,Julia,Neumann,julia.neumann2471@example.com,Hamburg,Germany,2025-02-27,Standard
2472,Hannah,Schmidt,hannah.schmidt2472@example.com,Leipzig,Germany,2024-10-13,Business
2473,Finn,Klein,finn.klein2473@example.com,Leipzig,Germany,2023-05-15,Business
2474,Anna,Klein,anna.klein2474@example.com,Duisburg,Germany,2024-04-23,Premium
2475,Anna,Schulz,anna.schulz2475@example.com,Cologne,Germany,2023-07-27,Standard
2476,Clara,Schwarz,clara.schwarz2476@example.com,Frankfurt,Germany,2023-09-15,Premium
2477,Sarah,Klein,sarah.klein2477@example.com,Hamburg,Germany,2025-07-02,Standard
2478,Lea,Neumann,lea.neumann2478@example.com,Hanover,Germany,2024-02-21,Premium
2479,Mia,Bauer,mia.bauer2479@example.com,Hanover,Germany,2023-12-11,Standard
2480,Leon,Schwarz,leon.schwarz2480@example.com,Duisburg,Germany,2025-05-17,Premium
2481,Finn,Wolf,finn.wolf2481@example.com,Berlin,Germany,2023-03-27,Standard
2482,Marie,Braun,marie.braun2482@example.com,Bremen,Germany,2024-08-15,Premium
2483,Ben,Mueller,ben.mueller2483@example.com,Duisburg,Germany,2023-05-04,Business
2484,Tim,Schulz,tim.schulz2484@example.com,Nuremberg,Germany,2024-05-28,Standard
2485,David,Richter,david.richter2485@example.com,Nuremberg,Germany,2024-12-20,Standard
2486,Lea,Wagner,lea.wagner2486@example.com,Frankfurt,Germany,2025-11-11,Business
2487,Max,Meyer,max.meyer2487@example.com,Essen,Germany,2025-12-29,Standard
2488,Lena,Hoffmann,lena.hoffmann2488@example.com,Duesseldorf,Germany,2023-07-03,Premium
2489,Nina,Fischer,nina.fischer2489@example.com,Dresden,Germany,2023-10-14,Standard
2490,Finn,Schulz,finn.schulz2490@example.com,Cologne,Germany,2025-06-03,Standard
2491,Niklas,Neumann,niklas.neumann2491@example.com,Duisburg,Germany,2024-10-13,Standard
2492,David,Koch,david.koch2492@example.com,Hanover,Germany,2024-06-19,Standard
2493,Nina,Wolf,nina.wolf2493@example.com,Cologne,Germany,2024-07-13,Premium
2494,David,Koch,david.koch2494@example.com,Cologne,Germany,2024-11-30,Standard
2495,Marie,Braun,marie.braun2495@example.com,Berlin,Germany,2024-11-03,Standard
2496,Nina,Weber,nina.weber2496@example.com,Essen,Germany,2023-01-05,Standard
2497,Tim,Mueller,tim.mueller2497@example.com,Bremen,Germany,2023-01-20,Standard
2498,Ben,Klein,ben.klein2498@example.com,Hanover,Germany,2025-09-28,Premium
2499,Laura,Schwarz,laura.schwarz2499@example.com,Hanover,Germany,2023-06-16,Business
2500,Lea,Schneider,lea.schneider2500@example.com,Duisburg,Germany,2023-03-05,Standard
2501,David,Wolf,david.wolf2501@example.com,Stuttgart,Germany,2023-09-10,Premium
2502,Laura,Braun,laura.braun2502@example.com,Duesseldorf,Germany,2025-01-03,Premium
2503,Ben,Mueller,ben.mueller2503@example.com,Leipzig,Germany,2023-09-13,Standard
2504,Felix,Wagner,felix.wagner2504@example.com,Berlin,Germany,2025-06-29,Business
2505,Leon,Mueller,leon.mueller2505@example.com,Bremen,Germany,2024-07-29,Standard
2506,Nina,Bauer,nina.bauer2506@example.com,Hamburg,Germany,2024-01-28,Standard
2507,Niklas,Hoffmann,niklas.hoffmann2507@example.com,Cologne,Germany,2024-03-28,Premium
2508,Tim,Bauer,tim.bauer2508@example.com,Frankfurt,Germany,2023-03-17,Standard
2509,Tim,Braun,tim.braun2509@example.com,Berlin,Germany,2024-03-04,Premium
2510,Emma,Richter,emma.richter2510@example.com,Nuremberg,Germany,2023-08-16,Premium
2511,Hannah,Zimmermann,hannah.zimmermann2511@example.com,Leipzig,Germany,2025-10-21,Standard
2512,Ben,Schwarz,ben.schwarz2512@example.com,Bremen,Germany,2024-02-01,Premium
2513,Tom,Zimmermann,tom.zimmermann2513@example.com,Hamburg,Germany,2023-12-26,Standard
2514,Sarah,Weber,sarah.weber2514@example.com,Munich,Germany,2023-05-14,Standard
2515,Hannah,Zimmermann,hannah.zimmermann2515@example.com,Duisburg,Germany,2024-04-11,Standard
2516,Julia,Schulz,julia.schulz2516@example.com,Nuremberg,Germany,2024-01-28,Business
2517,David,Mueller,david.mueller2517@example.com,Essen,Germany,2025-12-27,Standard
2518,Hannah,Schwarz,hannah.schwarz2518@example.com,Berlin,Germany,2025-07-18,Standard
2519,Jonas,Schmidt,jonas.schmidt2519@example.com,Duesseldorf,Germany,2024-10-23,Premium
2520,Jonas,Schulz,jonas.schulz2520@example.com,Bremen,Germany,2023-09-07,Premium
2521,Julia,Wolf,julia.wolf2521@example.com,Stuttgart,Germany,2025-10-11,Premium
2522,Julia,Schmidt,julia.schmidt2522@example.com,Berlin,Germany,2024-04-04,Standard
2523,Hannah,Klein,hannah.klein2523@example.com,Leipzig,Germany,2025-12-26,Standard
2524,Sophie,Mueller,sophie.mueller2524@example.com,Cologne,Germany,2025-03-13,Standard
2525,Sophie,Schneider,sophie.schneider2525@example.com,Dresden,Germany,2023-02-21,Premium
2526,Leon,Klein,leon.klein2526@example.com,Duisburg,Germany,2023-06-02,Standard
2527,Leon,Wagner,leon.wagner2527@example.com,Stuttgart,Germany,2023-12-03,Standard
2528,Lukas,Schneider,lukas.schneider2528@example.com,Berlin,Germany,2023-07-18,Business
2529,Tim,Klein,tim.klein2529@example.com,Essen,Germany,2023-02-19,Standard
2530,Lea,Koch,lea.koch2530@example.com,Cologne,Germany,2024-05-27,Business
2531,Paul,Schroeder,paul.schroeder2531@example.com,Stuttgart,Germany,2024-05-03,Premium
2532,Max,Koch,max.koch2532@example.com,Hanover,Germany,2025-11-30,Premium
2533,Leon,Schneider,leon.schneider2533@example.com,Hanover,Germany,2025-06-17,Standard
2534,Paul,Wolf,paul.wolf2534@example.com,Hamburg,Germany,2023-09-13,Standard
2535,Max,Schmidt,max.schmidt2535@example.com,Stuttgart,Germany,2025-02-11,Premium
2536,Nina,Schneider,nina.schneider2536@example.com,Berlin,Germany,2023-09-19,Premium
2537,Marie,Schmidt,marie.schmidt2537@example.com,Essen,Germany,2024-09-09,Premium
2538,Lea,Klein,lea.klein2538@example.com,Hamburg,Germany,2023-05-15,Standard
2539,David,Schmidt,david.schmidt2539@example.com,Frankfurt,Germany,2023-04-17,Premium
2540,Laura,Richter,laura.richter2540@example.com,Essen,Germany,2023-07-16,Premium
2541,Clara,Klein,clara.klein2541@example.com,Nuremberg,Germany,2024-04-22,Premium
2542,Niklas,Braun,niklas.braun2542@example.com,Leipzig,Germany,2023-01-22,Premium
2543,Laura,Wolf,laura.wolf2543@example.com,Duisburg,Germany,2025-05-26,Premium
2544,Niklas,Braun,niklas.braun2544@example.com,Stuttgart,Germany,2023-07-27,Standard
2545,Lea,Mueller,lea.mueller2545@example.com,Dortmund,Germany,2025-07-18,Standard
2546,Sophie,Zimmermann,sophie.zimmermann2546@example.com,Hamburg,Germany,2024-01-30,Standard
2547,Paul,Mueller,paul.mueller2547@example.com,Essen,Germany,2023-05-19,Standard
2548,Emma,Zimmermann,emma.zimmermann2548@example.com,Bremen,Germany,2023-09-16,Standard
2549,Julia,Schulz,julia.schulz2549@example.com,Duesseldorf,Germany,2024-12-28,Standard
2550,Tim,Braun,tim.braun2550@example.com,Munich,Germany,2025-06-29,Standard
2551,Leon,Weber,leon.weber2551@example.com,Berlin,Germany,2023-04-01,Standard
2552,Mia,Hoffmann,mia.hoffmann2552@example.com,Dortmund,Germany,2025-06-11,Standard
2553,Lea,Bauer,lea.bauer2553@example.com,Essen,Germany,2024-09-29,Premium
2554,Finn,Weber,finn.weber2554@example.com,Leipzig,Germany,2023-10-29,Business
2555,Lukas,Braun,lukas.braun2555@example.com,Frankfurt,Germany,2024-12-03,Standard
2556,Felix,Mueller,felix.mueller2556@example.com,Essen,Germany,2025-11-26,Business
2557,David,Weber,david.weber2557@example.com,Cologne,Germany,2023-04-28,Standard
2558,Julia,Schwarz,julia.schwarz2558@example.com,Duesseldorf,Germany,2023-04-22,Standard
2559,Felix,Wagner,felix.wagner2559@example.com,Bremen,Germany,2024-02-15,Standard
2560,Emma,Schneider,emma.schneider2560@example.com,Cologne,Germany,2024-11-30,Standard
2561,David,Schroeder,david.schroeder2561@example.com,Essen,Germany,2025-08-15,Premium
2562,Nina,Koch,nina.koch2562@example.com,Essen,Germany,2024-11-18,Premium
2563,Lukas,Klein,lukas.klein2563@example.com,Munich,Germany,2024-11-04,Standard
2564,Paul,Wolf,paul.wolf2564@example.com,Leipzig,Germany,2023-03-28,Standard
2565,Leon,Mueller,leon.mueller2565@example.com,Dresden,Germany,2024-04-01,Standard
2566,Leon,Wolf,leon.wolf2566@example.com,Cologne,Germany,2024-03-12,Standard
2567,Tim,Koch,tim.koch2567@example.com,Cologne,Germany,2025-02-08,Standard
2568,Laura,Meyer,laura.meyer2568@example.com,Stuttgart,Germany,2023-01-14,Standard
2569,Anna,Schneider,anna.schneider2569@example.com,Berlin,Germany,2025-01-02,Premium
2570,Finn,Fischer,finn.fischer2570@example.com,Frankfurt,Germany,2023-10-19,Business
2571,Marie,Wagner,marie.wagner2571@example.com,Berlin,Germany,2025-01-07,Standard
2572,Anna,Wagner,anna.wagner2572@example.com,Frankfurt,Germany,2024-02-10,Business
2573,Ben,Becker,ben.becker2573@example.com,Dresden,Germany,2024-06-20,Standard
2574,Ben,Koch,ben.koch2574@example.com,Munich,Germany,2024-05-18,Standard
2575,Emma,Mueller,emma.mueller2575@example.com,Nuremberg,Germany,2023-12-27,Standard
2576,Hannah,Fischer,hannah.fischer2576@example.com,Nuremberg,Germany,2023-02-12,Standard
2577,David,Weber,david.weber2577@example.com,Bremen,Germany,2025-02-15,Business
2578,Paul,Koch,paul.koch2578@example.com,Frankfurt,Germany,2024-03-06,Standard
2579,Marie,Becker,marie.becker2579@example.com,Hanover,Germany,2025-01-27,Standard
2580,Felix,Meyer,felix.meyer2580@example.com,Hanover,Germany,2025-12-15,Standard
2581,Niklas,Klein,niklas.klein2581@example.com,Hamburg,Germany,2023-05-14,Standard
2582,Mia,Weber,mia.weber2582@example.com,Cologne,Germany,2024-01-24,Premium
2583,Finn,Richter,finn.richter2583@example.com,Stuttgart,Germany,2025-02-05,Standard
2584,Niklas,Klein,niklas.klein2584@example.com,Duisburg,Germany,2024-05-15,Standard
2585,Max,Braun,max.braun2585@example.com,Nuremberg,Germany,2024-01-23,Standard
2586,Finn,Hoffmann,finn.hoffmann2586@example.com,Stuttgart,Germany,2023-11-01,Standard
2587,Leon,Schmidt,leon.schmidt2587@example.com,Nuremberg,Germany,2024-07-27,Standard
2588,Mia,Neumann,mia.neumann2588@example.com,Cologne,Germany,2025-09-28,Premium
2589,Tom,Schneider,tom.schneider2589@example.com,Hanover,Germany,2025-08-21,Standard
2590,David,Braun,david.braun2590@example.com,Munich,Germany,2023-05-13,Premium
2591,Julia,Richter,julia.richter2591@example.com,Stuttgart,Germany,2025-11-08,Premium
2592,Tim,Neumann,tim.neumann2592@example.com,Munich,Germany,2025-08-08,Premium
2593,Sophie,Bauer,sophie.bauer2593@example.com,Dresden,Germany,2025-12-12,Standard
2594,Tim,Schroeder,tim.schroeder2594@example.com,Frankfurt,Germany,2025-08-28,Standard
2595,Sarah,Richter,sarah.richter2595@example.com,Cologne,Germany,2023-03-16,Standard
2596,Leon,Wagner,leon.wagner2596@example.com,Nuremberg,Germany,2025-07-14,Premium
2597,Leon,Richter,leon.richter2597@example.com,Frankfurt,Germany,2024-03-23,Standard
2598,Jonas,Richter,jonas.richter2598@example.com,Duisburg,Germany,2023-11-18,Standard
2599,Felix,Schulz,felix.schulz2599@example.com,Munich,Germany,2023-06-23,Standard
2600,Clara,Schneider,clara.schneider2600@example.com,Leipzig,Germany,2024-08-27,Standard
2601,Julia,Bauer,julia.bauer2601@example.com,Essen,Germany,2024-04-16,Standard
2602,Max,Wolf,max.wolf2602@example.com,Essen,Germany,2025-11-15,Standard
2603,Sophie,Klein,sophie.klein2603@example.com,Leipzig,Germany,2025-07-12,Premium
2604,Jonas,Klein,jonas.klein2604@example.com,Hanover,Germany,2025-01-22,Standard
2605,Tim,Koch,tim.koch2605@example.com,Duesseldorf,Germany,2024-07-13,Standard
2606,Anna,Meyer,anna.meyer2606@example.com,Cologne,Germany,2025-06-23,Standard
2607,Hannah,Schneider,hannah.schneider2607@example.com,Duisburg,Germany,2025-01-05,Standard
2608,Lena,Hoffmann,lena.hoffmann2608@example.com,Dortmund,Germany,2025-10-24,Standard
2609,Finn,Schneider,finn.schneider2609@example.com,Duisburg,Germany,2024-07-20,Premium
2610,Leon,Fischer,leon.fischer2610@example.com,Hamburg,Germany,2023-08-31,Standard
2611,Felix,Schmidt,felix.schmidt2611@example.com,Stuttgart,Germany,2024-02-15,Premium
2612,Emma,Koch,emma.koch2612@example.com,Frankfurt,Germany,2024-05-27,Standard
2613,Tom,Schulz,tom.schulz2613@example.com,Dresden,Germany,2024-01-26,Standard
2614,Niklas,Weber,niklas.weber2614@example.com,Berlin,Germany,2024-06-18,Premium
2615,Clara,Hoffmann,clara.hoffmann2615@example.com,Nuremberg,Germany,2024-07-31,Standard
2616,Felix,Richter,felix.richter2616@example.com,Nuremberg,Germany,2025-04-10,Standard
2617,Sarah,Mueller,sarah.mueller2617@example.com,Bremen,Germany,2025-08-24,Standard
2618,Julia,Weber,julia.weber2618@example.com,Cologne,Germany,2025-03-25,Standard
2619,Leon,Wagner,leon.wagner2619@example.com,Cologne,Germany,2025-08-29,Premium
2620,Julia,Zimmermann,julia.zimmermann2620@example.com,Dresden,Germany,2025-08-17,Standard
2621,Marie,Koch,marie.koch2621@example.com,Stuttgart,Germany,2023-06-25,Premium
2622,Emma,Klein,emma.klein2622@example.com,Cologne,Germany,2025-05-05,Premium
2623,Marie,Wolf,marie.wolf2623@example.com,Stuttgart,Germany,2023-03-03,Standard
2624,Mia,Zimmermann,mia.zimmermann2624@example.com,Frankfurt,Germany,2023-09-20,Business
2625,Tom,Mueller,tom.mueller2625@example.com,Hanover,Germany,2025-10-20,Standard
2626,David,Bauer,david.bauer2626@example.com,Cologne,Germany,2024-11-26,Business
2627,Jonas,Klein,jonas.klein2627@example.com,Hanover,Germany,2025-04-06,Standard
2628,Clara,Schwarz,clara.schwarz2628@example.com,Stuttgart,Germany,2024-09-05,Premium
2629,Sarah,Mueller,sarah.mueller2629@example.com,Duisburg,Germany,2023-03-07,Standard
2630,Mia,Weber,mia.weber2630@example.com,Essen,Germany,2024-11-07,Standard
2631,Lea,Braun,lea.braun2631@example.com,Duesseldorf,Germany,2025-03-11,Standard
2632,Emma,Richter,emma.richter2632@example.com,Dortmund,Germany,2023-05-11,Premium
2633,Laura,Wagner,laura.wagner2633@example.com,Hamburg,Germany,2025-08-30,Standard
2634,Sophie,Zimmermann,sophie.zimmermann2634@example.com,Bremen,Germany,2025-07-13,Standard
2635,Lukas,Schneider,lukas.schneider2635@example.com,Hamburg,Germany,2023-12-18,Premium
2636,David,Schwarz,david.schwarz2636@example.com,Berlin,Germany,2023-12-30,Premium
2637,Nina,Braun,nina.braun2637@example.com,Berlin,Germany,2025-09-27,Business
2638,Ben,Wagner,ben.wagner2638@example.com,Duisburg,Germany,2023-05-23,Premium
2639,Laura,Hoffmann,laura.hoffmann2639@example.com,Cologne,Germany,2024-02-26,Business
2640,Lukas,Neumann,lukas.neumann2640@example.com,Leipzig,Germany,2023-05-24,Premium
2641,Max,Bauer,max.bauer2641@example.com,Berlin,Germany,2025-11-27,Standard
2642,Ben,Koch,ben.koch2642@example.com,Duesseldorf,Germany,2025-04-21,Standard
2643,Ben,Fischer,ben.fischer2643@example.com,Dortmund,Germany,2023-09-22,Premium
2644,Jonas,Schroeder,jonas.schroeder2644@example.com,Duesseldorf,Germany,2023-05-21,Standard
2645,Emma,Weber,emma.weber2645@example.com,Frankfurt,Germany,2024-02-26,Standard
2646,Jonas,Schroeder,jonas.schroeder2646@example.com,Essen,Germany,2023-11-22,Standard
2647,Sarah,Hoffmann,sarah.hoffmann2647@example.com,Dortmund,Germany,2024-02-20,Business
2648,Nina,Wolf,nina.wolf2648@example.com,Cologne,Germany,2024-07-18,Standard
2649,Anna,Weber,anna.weber2649@example.com,Hamburg,Germany,2025-07-01,Standard
2650,Laura,Braun,laura.braun2650@example.com,Dortmund,Germany,2024-05-20,Standard
2651,Sophie,Zimmermann,sophie.zimmermann2651@example.com,Leipzig,Germany,2025-10-02,Standard
2652,Marie,Zimmermann,marie.zimmermann2652@example.com,Dresden,Germany,2023-03-22,Standard
2653,Lena,Hoffmann,lena.hoffmann2653@example.com,Stuttgart,Germany,2025-07-23,Standard
2654,Nina,Hoffmann,nina.hoffmann2654@example.com,Essen,Germany,2025-03-11,Standard
2655,Ben,Klein,ben.klein2655@example.com,Munich,Germany,2024-05-25,Premium
2656,Niklas,Klein,niklas.klein2656@example.com,Duesseldorf,Germany,2025-07-26,Standard
2657,David,Meyer,david.meyer2657@example.com,Duesseldorf,Germany,2023-07-15,Premium
2658,Nina,Schmidt,nina.schmidt2658@example.com,Duisburg,Germany,2024-05-05,Premium
2659,Ben,Schulz,ben.schulz2659@example.com,Bremen,Germany,2024-08-20,Standard
2660,Lena,Wagner,lena.wagner2660@example.com,Duesseldorf,Germany,2025-10-07,Premium
2661,Clara,Schwarz,clara.schwarz2661@example.com,Stuttgart,Germany,2023-09-06,Standard
2662,Lena,Fischer,lena.fischer2662@example.com,Hanover,Germany,2025-10-30,Premium
2663,Clara,Koch,clara.koch2663@example.com,Leipzig,Germany,2025-04-19,Standard
2664,Ben,Schulz,ben.schulz2664@example.com,Dortmund,Germany,2024-02-29,Premium
2665,Max,Wolf,max.wolf2665@example.com,Hamburg,Germany,2023-02-24,Standard
2666,Lea,Wolf,lea.wolf2666@example.com,Stuttgart,Germany,2025-02-19,Standard
2667,Tom,Richter,tom.richter2667@example.com,Duesseldorf,Germany,2024-02-03,Standard
2668,Max,Mueller,max.mueller2668@example.com,Hamburg,Germany,2024-05-28,Premium
2669,Nina,Weber,nina.weber2669@example.com,Bremen,Germany,2024-10-31,Premium
2670,Tom,Wolf,tom.wolf2670@example.com,Leipzig,Germany,2025-09-19,Standard
2671,Lena,Schneider,lena.schneider2671@example.com,Dresden,Germany,2024-05-11,Standard
2672,Marie,Weber,marie.weber2672@example.com,Nuremberg,Germany,2025-08-22,Standard
2673,Hannah,Meyer,hannah.meyer2673@example.com,Nuremberg,Germany,2023-12-16,Premium
2674,Anna,Braun,anna.braun2674@example.com,Munich,Germany,2023-07-25,Standard
2675,Lukas,Fischer,lukas.fischer2675@example.com,Dresden,Germany,2025-12-30,Premium
2676,Laura,Meyer,laura.meyer2676@example.com,Bremen,Germany,2023-06-08,Standard
2677,Clara,Mueller,clara.mueller2677@example.com,Munich,Germany,2024-07-13,Standard
2678,Marie,Bauer,marie.bauer2678@example.com,Cologne,Germany,2023-12-31,Standard
2679,Nina,Schmidt,nina.schmidt2679@example.com,Cologne,Germany,2025-12-26,Standard
2680,Marie,Schmidt,marie.schmidt2680@example.com,Bremen,Germany,2025-12-06,Standard
2681,David,Fischer,david.fischer2681@example.com,Dresden,Germany,2025-03-10,Standard
2682,Lukas,Wolf,lukas.wolf2682@example.com,Essen,Germany,2023-04-18,Premium
2683,Anna,Schmidt,anna.schmidt2683@example.com,Hanover,Germany,2025-02-11,Standard
2684,Emma,Becker,emma.becker2684@example.com,Duisburg,Germany,2025-02-06,Standard
2685,Leon,Wagner,leon.wagner2685@example.com,Berlin,Germany,2023-07-07,Standard
2686,Jonas,Mueller,jonas.mueller2686@example.com,Stuttgart,Germany,2023-01-30,Standard
2687,Emma,Schneider,emma.schneider2687@example.com,Duisburg,Germany,2024-03-27,Standard
2688,Paul,Meyer,paul.meyer2688@example.com,Berlin,Germany,2023-12-09,Standard
2689,Jonas,Neumann,jonas.neumann2689@example.com,Nuremberg,Germany,2023-08-09,Standard
2690,Sophie,Koch,sophie.koch2690@example.com,Essen,Germany,2024-01-24,Standard
2691,Emma,Schwarz,emma.schwarz2691@example.com,Duesseldorf,Germany,2025-03-20,Standard
2692,Paul,Becker,paul.becker2692@example.com,Hamburg,Germany,2024-03-13,Standard
2693,Felix,Koch,felix.koch2693@example.com,Berlin,Germany,2023-12-22,Standard
2694,Laura,Koch,laura.koch2694@example.com,Duesseldorf,Germany,2023-01-25,Standard
2695,Emma,Wolf,emma.wolf2695@example.com,Hamburg,Germany,2024-03-26,Business
2696,David,Schulz,david.schulz2696@example.com,Berlin,Germany,2025-01-25,Standard
2697,Lena,Wagner,lena.wagner2697@example.com,Frankfurt,Germany,2025-04-21,Premium
2698,Clara,Braun,clara.braun2698@example.com,Hamburg,Germany,2025-10-20,Standard
2699,Nina,Schwarz,nina.schwarz2699@example.com,Frankfurt,Germany,2023-12-18,Premium
2700,Paul,Braun,paul.braun2700@example.com,Bremen,Germany,2024-10-26,Premium
2701,Nina,Richter,nina.richter2701@example.com,Stuttgart,Germany,2023-09-30,Standard
2702,Ben,Koch,ben.koch2702@example.com,Hamburg,Germany,2025-09-14,Business
2703,Sophie,Mueller,sophie.mueller2703@example.com,Duesseldorf,Germany,2025-07-08,Standard
2704,Julia,Becker,julia.becker2704@example.com,Essen,Germany,2025-10-28,Standard
2705,Nina,Mueller,nina.mueller2705@example.com,Berlin,Germany,2024-04-21,Premium
2706,Niklas,Fischer,niklas.fischer2706@example.com,Cologne,Germany,2024-09-24,Premium
2707,Tom,Klein,tom.klein2707@example.com,Essen,Germany,2024-05-13,Standard
2708,Lena,Schmidt,lena.schmidt2708@example.com,Stuttgart,Germany,2023-10-09,Standard
2709,Tim,Hoffmann,tim.hoffmann2709@example.com,Munich,Germany,2024-02-18,Standard
2710,Laura,Wagner,laura.wagner2710@example.com,Cologne,Germany,2023-03-19,Standard
2711,Tom,Braun,tom.braun2711@example.com,Dresden,Germany,2025-06-27,Premium
2712,Sophie,Weber,sophie.weber2712@example.com,Stuttgart,Germany,2024-07-23,Standard
2713,Lea,Schmidt,lea.schmidt2713@example.com,Hanover,Germany,2025-12-02,Standard
2714,Jonas,Hoffmann,jonas.hoffmann2714@example.com,Cologne,Germany,2023-02-18,Standard
2715,Tom,Koch,tom.koch2715@example.com,Cologne,Germany,2024-12-02,Standard
2716,Emma,Schwarz,emma.schwarz2716@example.com,Duisburg,Germany,2023-04-21,Standard
2717,David,Becker,david.becker2717@example.com,Essen,Germany,2024-03-31,Standard
2718,Laura,Neumann,laura.neumann2718@example.com,Munich,Germany,2024-10-20,Business
2719,Marie,Mueller,marie.mueller2719@example.com,Nuremberg,Germany,2023-05-13,Premium
2720,Tim,Schneider,tim.schneider2720@example.com,Berlin,Germany,2024-01-30,Standard
2721,Lea,Weber,lea.weber2721@example.com,Munich,Germany,2024-02-23,Premium
2722,Lena,Meyer,lena.meyer2722@example.com,Cologne,Germany,2024-02-23,Premium
2723,Julia,Schneider,julia.schneider2723@example.com,Dresden,Germany,2025-05-22,Premium
2724,Marie,Hoffmann,marie.hoffmann2724@example.com,Dresden,Germany,2023-12-03,Standard
2725,Emma,Becker,emma.becker2725@example.com,Munich,Germany,2025-05-18,Standard
2726,Niklas,Becker,niklas.becker2726@example.com,Frankfurt,Germany,2024-09-12,Standard
2727,Sarah,Wolf,sarah.wolf2727@example.com,Frankfurt,Germany,2024-02-17,Standard
2728,Tim,Schneider,tim.schneider2728@example.com,Duesseldorf,Germany,2025-01-06,Standard
2729,Laura,Meyer,laura.meyer2729@example.com,Leipzig,Germany,2025-08-22,Standard
2730,Jonas,Neumann,jonas.neumann2730@example.com,Hanover,Germany,2025-06-06,Standard
2731,Mia,Schroeder,mia.schroeder2731@example.com,Hanover,Germany,2023-02-10,Premium
2732,Laura,Klein,laura.klein2732@example.com,Hanover,Germany,2023-06-20,Standard
2733,Lukas,Braun,lukas.braun2733@example.com,Dortmund,Germany,2023-11-09,Standard
2734,Tom,Meyer,tom.meyer2734@example.com,Duesseldorf,Germany,2024-06-10,Business
2735,Marie,Hoffmann,marie.hoffmann2735@example.com,Frankfurt,Germany,2025-07-17,Business
2736,Laura,Schwarz,laura.schwarz2736@example.com,Hamburg,Germany,2025-09-11,Premium
2737,Sophie,Weber,sophie.weber2737@example.com,Cologne,Germany,2025-08-19,Business
2738,Mia,Wagner,mia.wagner2738@example.com,Berlin,Germany,2023-01-09,Standard
2739,Julia,Bauer,julia.bauer2739@example.com,Duesseldorf,Germany,2025-10-03,Business
2740,Jonas,Richter,jonas.richter2740@example.com,Duesseldorf,Germany,2025-02-03,Standard
2741,Tim,Hoffmann,tim.hoffmann2741@example.com,Duesseldorf,Germany,2023-05-26,Standard
2742,Max,Fischer,max.fischer2742@example.com,Duisburg,Germany,2025-02-27,Standard
2743,Sarah,Meyer,sarah.meyer2743@example.com,Hanover,Germany,2024-02-02,Standard
2744,Jonas,Schulz,jonas.schulz2744@example.com,Dortmund,Germany,2024-12-14,Standard
2745,Nina,Schroeder,nina.schroeder2745@example.com,Dresden,Germany,2025-01-24,Standard
2746,Max,Richter,max.richter2746@example.com,Dresden,Germany,2025-05-18,Premium
2747,Leon,Becker,leon.becker2747@example.com,Berlin,Germany,2025-09-05,Standard
2748,Felix,Mueller,felix.mueller2748@example.com,Frankfurt,Germany,2023-10-30,Standard
2749,Niklas,Wolf,niklas.wolf2749@example.com,Frankfurt,Germany,2023-10-29,Premium
2750,Leon,Braun,leon.braun2750@example.com,Berlin,Germany,2023-11-27,Standard
2751,Paul,Schneider,paul.schneider2751@example.com,Duesseldorf,Germany,2025-02-26,Standard
2752,Nina,Zimmermann,nina.zimmermann2752@example.com,Dortmund,Germany,2023-06-14,Premium
2753,Emma,Klein,emma.klein2753@example.com,Nuremberg,Germany,2023-12-06,Standard
2754,Jonas,Schulz,jonas.schulz2754@example.com,Dortmund,Germany,2024-09-10,Standard
2755,Finn,Richter,finn.richter2755@example.com,Dresden,Germany,2024-09-22,Business
2756,Jonas,Schneider,jonas.schneider2756@example.com,Bremen,Germany,2023-08-12,Standard
2757,Sarah,Bauer,sarah.bauer2757@example.com,Frankfurt,Germany,2023-10-20,Standard
2758,Tom,Wagner,tom.wagner2758@example.com,Dresden,Germany,2025-03-26,Premium
2759,Lukas,Mueller,lukas.mueller2759@example.com,Nuremberg,Germany,2023-12-11,Premium
2760,Tim,Mueller,tim.mueller2760@example.com,Hamburg,Germany,2023-07-18,Standard
2761,Clara,Klein,clara.klein2761@example.com,Duesseldorf,Germany,2025-12-11,Standard
2762,Lea,Hoffmann,lea.hoffmann2762@example.com,Munich,Germany,2025-06-01,Standard
2763,Ben,Bauer,ben.bauer2763@example.com,Dresden,Germany,2024-01-17,Standard
2764,Mia,Wagner,mia.wagner2764@example.com,Munich,Germany,2025-09-23,Standard
2765,Julia,Fischer,julia.fischer2765@example.com,Essen,Germany,2025-07-11,Standard
2766,Emma,Meyer,emma.meyer2766@example.com,Berlin,Germany,2024-02-16,Business
2767,Tom,Meyer,tom.meyer2767@example.com,Frankfurt,Germany,2024-01-28,Standard
2768,Jonas,Wolf,jonas.wolf2768@example.com,Nuremberg,Germany,2023-08-12,Standard
2769,Lea,Meyer,lea.meyer2769@example.com,Frankfurt,Germany,2023-06-13,Standard
2770,Lena,Richter,lena.richter2770@example.com,Frankfurt,Germany,2023-09-13,Premium
2771,Lena,Koch,lena.koch2771@example.com,Essen,Germany,2023-03-02,Standard
2772,Leon,Schroeder,leon.schroeder2772@example.com,Bremen,Germany,2025-09-20,Standard
2773,Clara,Fischer,clara.fischer2773@example.com,Berlin,Germany,2023-01-20,Premium
2774,Hannah,Mueller,hannah.mueller2774@example.com,Hamburg,Germany,2023-03-27,Standard
2775,Emma,Neumann,emma.neumann2775@example.com,Duesseldorf,Germany,2023-01-15,Standard
2776,Niklas,Neumann,niklas.neumann2776@example.com,Duisburg,Germany,2024-06-28,Standard
2777,Tim,Schroeder,tim.schroeder2777@example.com,Essen,Germany,2024-11-21,Standard
2778,Jonas,Koch,jonas.koch2778@example.com,Bremen,Germany,2025-01-29,Standard
2779,Sophie,Koch,sophie.koch2779@example.com,Stuttgart,Germany,2024-05-05,Standard
2780,David,Richter,david.richter2780@example.com,Essen,Germany,2025-02-14,Standard
2781,Max,Bauer,max.bauer2781@example.com,Hanover,Germany,2024-11-07,Standard
2782,Paul,Mueller,paul.mueller2782@example.com,Nuremberg,Germany,2025-07-24,Premium
2783,Nina,Richter,nina.richter2783@example.com,Berlin,Germany,2023-10-12,Business
2784,Niklas,Fischer,niklas.fischer2784@example.com,Frankfurt,Germany,2025-12-22,Premium
2785,Nina,Becker,nina.becker2785@example.com,Leipzig,Germany,2025-01-24,Premium
2786,Niklas,Schroeder,niklas.schroeder2786@example.com,Duesseldorf,Germany,2025-11-20,Standard
2787,David,Wagner,david.wagner2787@example.com,Bremen,Germany,2023-01-07,Business
2788,Sophie,Mueller,sophie.mueller2788@example.com,Nuremberg,Germany,2025-01-07,Standard
2789,Max,Koch,max.koch2789@example.com,Cologne,Germany,2025-06-28,Business
2790,Niklas,Schroeder,niklas.schroeder2790@example.com,Dresden,Germany,2025-03-30,Business
2791,Niklas,Schneider,niklas.schneider2791@example.com,Duesseldorf,Germany,2024-12-14,Premium
2792,Tim,Fischer,tim.fischer2792@example.com,Frankfurt,Germany,2025-02-27,Business
2793,Niklas,Wagner,niklas.wagner2793@example.com,Nuremberg,Germany,2023-10-21,Standard
2794,Julia,Zimmermann,julia.zimmermann2794@example.com,Berlin,Germany,2025-10-30,Standard
2795,Mia,Schroeder,mia.schroeder2795@example.com,Frankfurt,Germany,2023-06-28,Standard
2796,David,Schwarz,david.schwarz2796@example.com,Munich,Germany,2025-08-14,Standard
2797,Marie,Fischer,marie.fischer2797@example.com,Bremen,Germany,2025-09-14,Standard
2798,Finn,Becker,finn.becker2798@example.com,Cologne,Germany,2024-05-13,Standard
2799,Ben,Schneider,ben.schneider2799@example.com,Duesseldorf,Germany,2023-08-05,Business
2800,Nina,Mueller,nina.mueller2800@example.com,Duisburg,Germany,2023-11-25,Standard
2801,Sophie,Richter,sophie.richter2801@example.com,Cologne,Germany,2024-07-28,Premium
2802,Tom,Schulz,tom.schulz2802@example.com,Duisburg,Germany,2025-09-02,Business
2803,David,Fischer,david.fischer2803@example.com,Duisburg,Germany,2023-10-06,Business
2804,Finn,Schroeder,finn.schroeder2804@example.com,Hanover,Germany,2023-07-05,Business
2805,Nina,Koch,nina.koch2805@example.com,Duisburg,Germany,2024-04-03,Standard
2806,Sarah,Braun,sarah.braun2806@example.com,Bremen,Germany,2023-05-13,Business
2807,Sophie,Richter,sophie.richter2807@example.com,Bremen,Germany,2025-02-20,Premium
2808,Lea,Schwarz,lea.schwarz2808@example.com,Hanover,Germany,2025-06-13,Standard
2809,Leon,Becker,leon.becker2809@example.com,Hamburg,Germany,2024-06-14,Standard
2810,Lukas,Schneider,lukas.schneider2810@example.com,Hamburg,Germany,2023-08-17,Premium
2811,Sophie,Zimmermann,sophie.zimmermann2811@example.com,Dresden,Germany,2024-01-21,Standard
2812,Paul,Zimmermann,paul.zimmermann2812@example.com,Munich,Germany,2025-01-23,Standard
2813,Sophie,Richter,sophie.richter2813@example.com,Frankfurt,Germany,2023-01-04,Premium
2814,Max,Zimmermann,max.zimmermann2814@example.com,Nuremberg,Germany,2024-01-24,Standard
2815,Laura,Klein,laura.klein2815@example.com,Hanover,Germany,2024-10-16,Standard
2816,Felix,Weber,felix.weber2816@example.com,Bremen,Germany,2025-11-30,Premium
2817,Niklas,Zimmermann,niklas.zimmermann2817@example.com,Hamburg,Germany,2024-03-30,Standard
2818,Laura,Mueller,laura.mueller2818@example.com,Stuttgart,Germany,2025-08-01,Standard
2819,Mia,Hoffmann,mia.hoffmann2819@example.com,Leipzig,Germany,2024-03-24,Standard
2820,David,Wolf,david.wolf2820@example.com,Essen,Germany,2023-10-29,Standard
2821,Lukas,Weber,lukas.weber2821@example.com,Essen,Germany,2023-03-12,Business
2822,Sophie,Hoffmann,sophie.hoffmann2822@example.com,Dresden,Germany,2025-10-25,Standard
2823,Paul,Schulz,paul.schulz2823@example.com,Bremen,Germany,2025-09-06,Standard
2824,Emma,Schroeder,emma.schroeder2824@example.com,Dresden,Germany,2024-08-19,Standard
2825,Laura,Schmidt,laura.schmidt2825@example.com,Munich,Germany,2024-11-13,Standard
2826,Nina,Wagner,nina.wagner2826@example.com,Dresden,Germany,2024-04-05,Premium
2827,Tom,Schmidt,tom.schmidt2827@example.com,Nuremberg,Germany,2024-01-02,Premium
2828,Tim,Richter,tim.richter2828@example.com,Nuremberg,Germany,2024-09-04,Standard
2829,David,Meyer,david.meyer2829@example.com,Dortmund,Germany,2023-02-14,Standard
2830,Laura,Koch,laura.koch2830@example.com,Bremen,Germany,2025-05-15,Standard
2831,Tim,Bauer,tim.bauer2831@example.com,Duesseldorf,Germany,2025-03-12,Standard
2832,Lena,Neumann,lena.neumann2832@example.com,Frankfurt,Germany,2024-08-02,Premium
2833,Nina,Wagner,nina.wagner2833@example.com,Hamburg,Germany,2025-03-17,Standard
2834,Mia,Koch,mia.koch2834@example.com,Nuremberg,Germany,2023-04-21,Standard
2835,Nina,Hoffmann,nina.hoffmann2835@example.com,Bremen,Germany,2025-07-26,Standard
2836,Ben,Zimmermann,ben.zimmermann2836@example.com,Leipzig,Germany,2023-10-09,Business
2837,Nina,Schroeder,nina.schroeder2837@example.com,Duisburg,Germany,2024-08-19,Business
2838,Mia,Wagner,mia.wagner2838@example.com,Hanover,Germany,2024-03-22,Standard
2839,Tom,Wagner,tom.wagner2839@example.com,Stuttgart,Germany,2023-01-19,Premium
2840,Tom,Zimmermann,tom.zimmermann2840@example.com,Bremen,Germany,2023-07-28,Standard
2841,Mia,Richter,mia.richter2841@example.com,Bremen,Germany,2025-05-24,Standard
2842,Ben,Schmidt,ben.schmidt2842@example.com,Stuttgart,Germany,2023-07-16,Premium
2843,Tim,Meyer,tim.meyer2843@example.com,Hamburg,Germany,2023-04-18,Business
2844,Julia,Koch,julia.koch2844@example.com,Munich,Germany,2025-06-07,Business
2845,Lea,Richter,lea.richter2845@example.com,Berlin,Germany,2024-05-16,Standard
2846,Paul,Becker,paul.becker2846@example.com,Leipzig,Germany,2025-03-23,Standard
2847,Lukas,Braun,lukas.braun2847@example.com,Bremen,Germany,2023-12-20,Premium
2848,Tom,Richter,tom.richter2848@example.com,Hanover,Germany,2023-07-03,Standard
2849,Marie,Richter,marie.richter2849@example.com,Bremen,Germany,2024-07-17,Standard
2850,Lea,Wolf,lea.wolf2850@example.com,Berlin,Germany,2025-01-22,Standard
2851,Paul,Fischer,paul.fischer2851@example.com,Hamburg,Germany,2023-06-19,Premium
2852,Tim,Neumann,tim.neumann2852@example.com,Berlin,Germany,2024-04-05,Standard
2853,Sarah,Zimmermann,sarah.zimmermann2853@example.com,Frankfurt,Germany,2025-09-09,Standard
2854,Nina,Fischer,nina.fischer2854@example.com,Duesseldorf,Germany,2024-01-06,Business
2855,Tim,Klein,tim.klein2855@example.com,Essen,Germany,2024-09-03,Standard
2856,Mia,Fischer,mia.fischer2856@example.com,Hamburg,Germany,2024-10-28,Standard
2857,Nina,Schwarz,nina.schwarz2857@example.com,Duesseldorf,Germany,2024-01-14,Standard
2858,Nina,Mueller,nina.mueller2858@example.com,Dortmund,Germany,2025-03-17,Standard
2859,Finn,Neumann,finn.neumann2859@example.com,Hamburg,Germany,2025-09-27,Standard
2860,Julia,Zimmermann,julia.zimmermann2860@example.com,Hanover,Germany,2023-09-12,Standard
2861,Clara,Wagner,clara.wagner2861@example.com,Munich,Germany,2023-08-29,Premium
2862,Niklas,Meyer,niklas.meyer2862@example.com,Dortmund,Germany,2023-01-11,Standard
2863,Marie,Koch,marie.koch2863@example.com,Berlin,Germany,2023-09-09,Business
2864,Mia,Zimmermann,mia.zimmermann2864@example.com,Bremen,Germany,2024-02-27,Standard
2865,Ben,Schneider,ben.schneider2865@example.com,Nuremberg,Germany,2024-06-09,Standard
2866,Clara,Schmidt,clara.schmidt2866@example.com,Hamburg,Germany,2023-06-23,Standard
2867,Julia,Hoffmann,julia.hoffmann2867@example.com,Dortmund,Germany,2025-01-14,Standard
2868,Ben,Klein,ben.klein2868@example.com,Cologne,Germany,2023-01-01,Premium
2869,Lukas,Schmidt,lukas.schmidt2869@example.com,Duisburg,Germany,2025-11-29,Standard
2870,Lukas,Schwarz,lukas.schwarz2870@example.com,Munich,Germany,2025-06-30,Standard
2871,Sarah,Schroeder,sarah.schroeder2871@example.com,Dortmund,Germany,2024-10-02,Premium
2872,Felix,Braun,felix.braun2872@example.com,Cologne,Germany,2025-11-11,Business
2873,Nina,Fischer,nina.fischer2873@example.com,Cologne,Germany,2023-04-02,Premium
2874,Max,Wagner,max.wagner2874@example.com,Frankfurt,Germany,2023-10-18,Standard
2875,Emma,Weber,emma.weber2875@example.com,Essen,Germany,2024-03-18,Premium
2876,Felix,Schulz,felix.schulz2876@example.com,Dresden,Germany,2023-09-21,Standard
2877,Niklas,Klein,niklas.klein2877@example.com,Dortmund,Germany,2023-06-02,Standard
2878,Hannah,Schulz,hannah.schulz2878@example.com,Bremen,Germany,2025-02-20,Standard
2879,Ben,Richter,ben.richter2879@example.com,Hamburg,Germany,2025-07-23,Standard
2880,Hannah,Klein,hannah.klein2880@example.com,Dortmund,Germany,2023-10-21,Standard
2881,Emma,Schneider,emma.schneider2881@example.com,Bremen,Germany,2024-07-05,Standard
2882,Nina,Wagner,nina.wagner2882@example.com,Essen,Germany,2025-02-01,Premium
2883,David,Neumann,david.neumann2883@example.com,Duesseldorf,Germany,2023-12-02,Standard
2884,Mia,Koch,mia.koch2884@example.com,Duesseldorf,Germany,2025-06-07,Standard
2885,Anna,Braun,anna.braun2885@example.com,Hamburg,Germany,2024-05-21,Standard
2886,Hannah,Fischer,hannah.fischer2886@example.com,Hamburg,Germany,2025-12-24,Business
2887,David,Schwarz,david.schwarz2887@example.com,Hamburg,Germany,2025-04-13,Standard
2888,Sophie,Schneider,sophie.schneider2888@example.com,Duisburg,Germany,2025-01-13,Standard
2889,Sophie,Schulz,sophie.schulz2889@example.com,Nuremberg,Germany,2023-10-27,Premium
2890,Leon,Schulz,leon.schulz2890@example.com,Hamburg,Germany,2023-01-21,Premium
2891,Laura,Becker,laura.becker2891@example.com,Hamburg,Germany,2025-02-14,Standard
2892,Paul,Meyer,paul.meyer2892@example.com,Dresden,Germany,2025-12-14,Premium
2893,Lukas,Zimmermann,lukas.zimmermann2893@example.com,Hamburg,Germany,2025-09-29,Premium
2894,Julia,Bauer,julia.bauer2894@example.com,Dortmund,Germany,2024-07-31,Premium
2895,Hannah,Braun,hannah.braun2895@example.com,Duisburg,Germany,2023-07-22,Standard
2896,Max,Meyer,max.meyer2896@example.com,Hanover,Germany,2024-10-13,Premium
2897,Laura,Meyer,laura.meyer2897@example.com,Hanover,Germany,2024-12-07,Standard
2898,Tom,Schwarz,tom.schwarz2898@example.com,Leipzig,Germany,2025-04-04,Standard
2899,Sarah,Weber,sarah.weber2899@example.com,Berlin,Germany,2024-06-14,Standard
2900,David,Neumann,david.neumann2900@example.com,Bremen,Germany,2023-11-15,Standard
2901,Mia,Weber,mia.weber2901@example.com,Essen,Germany,2025-02-14,Standard
2902,Tom,Schulz,tom.schulz2902@example.com,Duisburg,Germany,2023-04-19,Premium
2903,Tom,Bauer,tom.bauer2903@example.com,Bremen,Germany,2024-05-25,Standard
2904,Niklas,Klein,niklas.klein2904@example.com,Munich,Germany,2025-07-26,Standard
2905,Marie,Bauer,marie.bauer2905@example.com,Dortmund,Germany,2025-08-17,Standard
2906,Lukas,Schulz,lukas.schulz2906@example.com,Dortmund,Germany,2025-05-26,Standard
2907,Nina,Becker,nina.becker2907@example.com,Bremen,Germany,2024-09-17,Business
2908,Lena,Hoffmann,lena.hoffmann2908@example.com,Hanover,Germany,2025-04-12,Standard
2909,Sophie,Schneider,sophie.schneider2909@example.com,Hamburg,Germany,2023-06-12,Standard
2910,Tom,Becker,tom.becker2910@example.com,Munich,Germany,2023-07-11,Standard
2911,Sarah,Schmidt,sarah.schmidt2911@example.com,Dresden,Germany,2023-06-23,Standard
2912,Lukas,Schwarz,lukas.schwarz2912@example.com,Hanover,Germany,2025-10-06,Standard
2913,Anna,Klein,anna.klein2913@example.com,Duisburg,Germany,2025-11-07,Premium
2914,Tom,Weber,tom.weber2914@example.com,Leipzig,Germany,2025-09-09,Business
2915,Julia,Schwarz,julia.schwarz2915@example.com,Duesseldorf,Germany,2023-09-13,Standard
2916,Anna,Braun,anna.braun2916@example.com,Duisburg,Germany,2024-01-25,Premium
2917,Tom,Mueller,tom.mueller2917@example.com,Dresden,Germany,2025-05-20,Premium
2918,Finn,Bauer,finn.bauer2918@example.com,Dresden,Germany,2024-05-15,Premium
2919,David,Neumann,david.neumann2919@example.com,Essen,Germany,2023-03-28,Standard
2920,Marie,Meyer,marie.meyer2920@example.com,Duisburg,Germany,2025-12-08,Standard
2921,Leon,Meyer,leon.meyer2921@example.com,Stuttgart,Germany,2023-06-03,Standard
2922,Mia,Neumann,mia.neumann2922@example.com,Berlin,Germany,2024-12-24,Premium
2923,Jonas,Schroeder,jonas.schroeder2923@example.com,Munich,Germany,2025-02-15,Premium
2924,Felix,Fischer,felix.fischer2924@example.com,Duisburg,Germany,2024-11-23,Standard
2925,David,Becker,david.becker2925@example.com,Frankfurt,Germany,2023-08-30,Standard
2926,Lukas,Schroeder,lukas.schroeder2926@example.com,Frankfurt,Germany,2024-08-24,Business
2927,Emma,Mueller,emma.mueller2927@example.com,Cologne,Germany,2025-03-17,Premium
2928,Lukas,Neumann,lukas.neumann2928@example.com,Duisburg,Germany,2023-03-14,Business
2929,Marie,Braun,marie.braun2929@example.com,Berlin,Germany,2025-09-26,Premium
2930,Felix,Mueller,felix.mueller2930@example.com,Stuttgart,Germany,2025-07-31,Standard
2931,Lukas,Bauer,lukas.bauer2931@example.com,Berlin,Germany,2023-08-08,Standard
2932,Felix,Meyer,felix.meyer2932@example.com,Stuttgart,Germany,2025-04-03,Premium
2933,Anna,Fischer,anna.fischer2933@example.com,Leipzig,Germany,2025-06-01,Standard
2934,Emma,Schneider,emma.schneider2934@example.com,Dortmund,Germany,2025-12-19,Standard
2935,Mia,Klein,mia.klein2935@example.com,Duisburg,Germany,2023-09-11,Premium
2936,Tim,Mueller,tim.mueller2936@example.com,Hanover,Germany,2023-11-15,Standard
2937,David,Schulz,david.schulz2937@example.com,Leipzig,Germany,2024-04-08,Premium
2938,Laura,Bauer,laura.bauer2938@example.com,Stuttgart,Germany,2024-09-04,Standard
2939,Jonas,Meyer,jonas.meyer2939@example.com,Hamburg,Germany,2024-07-05,Business
2940,Marie,Wolf,marie.wolf2940@example.com,Munich,Germany,2023-11-28,Standard
2941,Felix,Klein,felix.klein2941@example.com,Stuttgart,Germany,2023-01-12,Standard
2942,Nina,Wagner,nina.wagner2942@example.com,Cologne,Germany,2023-08-15,Standard
2943,Lukas,Schmidt,lukas.schmidt2943@example.com,Duesseldorf,Germany,2023-10-01,Standard
2944,Jonas,Koch,jonas.koch2944@example.com,Munich,Germany,2023-03-06,Premium
2945,David,Wagner,david.wagner2945@example.com,Bremen,Germany,2025-09-08,Premium
2946,Hannah,Fischer,hannah.fischer2946@example.com,Leipzig,Germany,2025-05-12,Standard
2947,Finn,Schroeder,finn.schroeder2947@example.com,Stuttgart,Germany,2023-09-18,Standard
2948,Clara,Richter,clara.richter2948@example.com,Dresden,Germany,2025-10-24,Standard
2949,Tom,Richter,tom.richter2949@example.com,Hamburg,Germany,2023-09-27,Standard
2950,Paul,Mueller,paul.mueller2950@example.com,Munich,Germany,2023-09-16,Business
2951,Felix,Neumann,felix.neumann2951@example.com,Hanover,Germany,2023-01-28,Premium
2952,David,Becker,david.becker2952@example.com,Bremen,Germany,2023-04-17,Premium
2953,Sophie,Klein,sophie.klein2953@example.com,Duesseldorf,Germany,2023-01-17,Premium
2954,Tim,Hoffmann,tim.hoffmann2954@example.com,Leipzig,Germany,2024-07-31,Standard
2955,Lena,Klein,lena.klein2955@example.com,Essen,Germany,2024-05-22,Business
2956,Mia,Neumann,mia.neumann2956@example.com,Cologne,Germany,2024-01-18,Premium
2957,Hannah,Fischer,hannah.fischer2957@example.com,Dresden,Germany,2024-06-23,Premium
2958,Leon,Klein,leon.klein2958@example.com,Leipzig,Germany,2024-02-11,Premium
2959,Nina,Fischer,nina.fischer2959@example.com,Essen,Germany,2025-10-25,Standard
2960,Ben,Wagner,ben.wagner2960@example.com,Cologne,Germany,2023-11-01,Premium
2961,Paul,Weber,paul.weber2961@example.com,Berlin,Germany,2025-04-01,Standard
2962,Hannah,Wagner,hannah.wagner2962@example.com,Duesseldorf,Germany,2023-10-27,Standard
2963,Anna,Braun,anna.braun2963@example.com,Hamburg,Germany,2024-02-13,Standard
2964,Max,Richter,max.richter2964@example.com,Dortmund,Germany,2025-04-14,Business
2965,Lukas,Becker,lukas.becker2965@example.com,Stuttgart,Germany,2024-03-30,Premium
2966,Jonas,Schroeder,jonas.schroeder2966@example.com,Dortmund,Germany,2023-05-06,Premium
2967,Jonas,Schmidt,jonas.schmidt2967@example.com,Hamburg,Germany,2024-09-15,Premium
2968,Hannah,Bauer,hannah.bauer2968@example.com,Stuttgart,Germany,2024-07-28,Standard
2969,Nina,Klein,nina.klein2969@example.com,Stuttgart,Germany,2024-05-20,Business
2970,Max,Meyer,max.meyer2970@example.com,Berlin,Germany,2023-03-25,Standard
2971,Max,Koch,max.koch2971@example.com,Frankfurt,Germany,2024-03-10,Standard
2972,Tim,Schulz,tim.schulz2972@example.com,Duesseldorf,Germany,2023-07-26,Standard
2973,Ben,Schulz,ben.schulz2973@example.com,Stuttgart,Germany,2025-10-03,Premium
2974,Sophie,Hoffmann,sophie.hoffmann2974@example.com,Hamburg,Germany,2023-08-17,Premium
2975,David,Mueller,david.mueller2975@example.com,Stuttgart,Germany,2023-09-24,Standard
2976,Felix,Bauer,felix.bauer2976@example.com,Essen,Germany,2025-12-19,Standard
2977,Felix,Becker,felix.becker2977@example.com,Cologne,Germany,2024-07-19,Premium
2978,Sarah,Richter,sarah.richter2978@example.com,Duisburg,Germany,2023-06-28,Standard
2979,Paul,Weber,paul.weber2979@example.com,Berlin,Germany,2023-09-04,Premium
2980,Sarah,Wagner,sarah.wagner2980@example.com,Dresden,Germany,2024-01-31,Business
2981,Marie,Fischer,marie.fischer2981@example.com,Dortmund,Germany,2023-06-03,Standard
2982,Niklas,Koch,niklas.koch2982@example.com,Dresden,Germany,2024-09-09,Standard
2983,Tim,Wagner,tim.wagner2983@example.com,Dresden,Germany,2025-12-28,Premium
2984,Mia,Schmidt,mia.schmidt2984@example.com,Cologne,Germany,2023-09-19,Premium
2985,Jonas,Schwarz,jonas.schwarz2985@example.com,Duisburg,Germany,2024-06-01,Standard
2986,Clara,Schwarz,clara.schwarz2986@example.com,Duisburg,Germany,2024-12-12,Business
2987,Felix,Wolf,felix.wolf2987@example.com,Duisburg,Germany,2023-08-29,Standard
2988,Jonas,Schneider,jonas.schneider2988@example.com,Duesseldorf,Germany,2025-09-15,Standard
2989,Julia,Neumann,julia.neumann2989@example.com,Munich,Germany,2023-02-14,Premium
2990,Niklas,Schulz,niklas.schulz2990@example.com,Frankfurt,Germany,2023-09-22,Premium
2991,Max,Zimmermann,max.zimmermann2991@example.com,Hanover,Germany,2023-05-05,Standard
2992,Nina,Wagner,nina.wagner2992@example.com,Leipzig,Germany,2025-03-25,Premium
2993,David,Schwarz,david.schwarz2993@example.com,Hamburg,Germany,2025-11-17,Standard
2994,Ben,Wolf,ben.wolf2994@example.com,Duesseldorf,Germany,2025-11-09,Standard
2995,Finn,Richter,finn.richter2995@example.com,Essen,Germany,2025-03-31,Standard
2996,Hannah,Wagner,hannah.wagner2996@example.com,Berlin,Germany,2024-01-12,Premium
2997,Ben,Zimmermann,ben.zimmermann2997@example.com,Essen,Germany,2024-03-22,Standard
2998,Nina,Mueller,nina.mueller2998@example.com,Leipzig,Germany,2025-11-16,Standard
2999,Julia,Neumann,julia.neumann2999@example.com,Frankfurt,Germany,2024-06-14,Standard
3000,Leon,Hoffmann,leon.hoffmann3000@example.com,Dortmund,Germany,2024-07-03,Premium
3001,Paul,Meyer,paul.meyer3001@example.com,Berlin,Germany,2024-04-03,Premium
3002,Finn,Becker,finn.becker3002@example.com,Berlin,Germany,2024-08-20,Premium
3003,Lea,Weber,lea.weber3003@example.com,Duisburg,Germany,2024-07-22,Standard
3004,Mia,Schulz,mia.schulz3004@example.com,Bremen,Germany,2023-04-16,Standard
3005,Leon,Wagner,leon.wagner3005@example.com,Hamburg,Germany,2025-12-30,Standard
3006,Anna,Bauer,anna.bauer3006@example.com,Stuttgart,Germany,2025-01-25,Premium
3007,Lena,Schwarz,lena.schwarz3007@example.com,Dresden,Germany,2024-06-24,Business
3008,Mia,Klein,mia.klein3008@example.com,Stuttgart,Germany,2024-08-26,Standard
3009,Max,Mueller,max.mueller3009@example.com,Cologne,Germany,2024-12-29,Premium
3010,Tom,Schulz,tom.schulz3010@example.com,Frankfurt,Germany,2023-12-28,Standard
3011,Anna,Schwarz,anna.schwarz3011@example.com,Dresden,Germany,2023-08-06,Standard
3012,Tom,Richter,tom.richter3012@example.com,Nuremberg,Germany,2024-06-11,Standard
3013,Lea,Braun,lea.braun3013@example.com,Nuremberg,Germany,2024-02-27,Standard
3014,Marie,Becker,marie.becker3014@example.com,Frankfurt,Germany,2024-10-26,Standard
3015,Emma,Zimmermann,emma.zimmermann3015@example.com,Munich,Germany,2025-03-20,Standard
3016,Marie,Becker,marie.becker3016@example.com,Stuttgart,Germany,2025-06-07,Standard
3017,Mia,Schroeder,mia.schroeder3017@example.com,Leipzig,Germany,2023-07-11,Premium
3018,Ben,Wolf,ben.wolf3018@example.com,Nuremberg,Germany,2024-01-14,Standard
3019,Ben,Wagner,ben.wagner3019@example.com,Dresden,Germany,2025-10-01,Standard
3020,Ben,Hoffmann,ben.hoffmann3020@example.com,Frankfurt,Germany,2023-02-13,Premium
3021,Ben,Meyer,ben.meyer3021@example.com,Bremen,Germany,2025-03-18,Standard
3022,Niklas,Wagner,niklas.wagner3022@example.com,Munich,Germany,2023-05-23,Standard
3023,Lena,Klein,lena.klein3023@example.com,Leipzig,Germany,2024-05-17,Premium
3024,Lea,Richter,lea.richter3024@example.com,Dresden,Germany,2023-07-25,Standard
3025,Julia,Weber,julia.weber3025@example.com,Essen,Germany,2023-01-25,Standard
3026,Paul,Richter,paul.richter3026@example.com,Berlin,Germany,2025-02-25,Standard
3027,Paul,Mueller,paul.mueller3027@example.com,Munich,Germany,2023-03-31,Business
3028,Leon,Schneider,leon.schneider3028@example.com,Munich,Germany,2024-07-02,Standard
3029,Lea,Braun,lea.braun3029@example.com,Hanover,Germany,2023-01-28,Premium
3030,Anna,Fischer,anna.fischer3030@example.com,Nuremberg,Germany,2024-11-24,Standard
3031,Nina,Schneider,nina.schneider3031@example.com,Munich,Germany,2024-02-19,Standard
3032,Tim,Zimmermann,tim.zimmermann3032@example.com,Nuremberg,Germany,2025-06-28,Standard
3033,Ben,Hoffmann,ben.hoffmann3033@example.com,Leipzig,Germany,2024-11-10,Premium
3034,Mia,Becker,mia.becker3034@example.com,Dortmund,Germany,2023-04-25,Standard
3035,Nina,Schulz,nina.schulz3035@example.com,Berlin,Germany,2023-09-10,Standard
3036,Max,Fischer,max.fischer3036@example.com,Hamburg,Germany,2024-08-30,Standard
3037,Julia,Klein,julia.klein3037@example.com,Berlin,Germany,2023-10-18,Standard
3038,Leon,Mueller,leon.mueller3038@example.com,Duesseldorf,Germany,2024-04-09,Business
3039,Laura,Weber,laura.weber3039@example.com,Bremen,Germany,2024-12-24,Standard
3040,Lukas,Becker,lukas.becker3040@example.com,Bremen,Germany,2025-02-26,Standard
3041,Nina,Fischer,nina.fischer3041@example.com,Munich,Germany,2025-10-04,Standard
3042,Paul,Becker,paul.becker3042@example.com,Frankfurt,Germany,2023-07-28,Business
3043,Felix,Schneider,felix.schneider3043@example.com,Hamburg,Germany,2024-11-14,Standard
3044,Felix,Schneider,felix.schneider3044@example.com,Essen,Germany,2023-03-30,Standard
3045,Mia,Meyer,mia.meyer3045@example.com,Dortmund,Germany,2025-05-27,Premium
3046,Sophie,Braun,sophie.braun3046@example.com,Bremen,Germany,2024-01-07,Premium
3047,Jonas,Weber,jonas.weber3047@example.com,Essen,Germany,2024-09-09,Standard
3048,Lukas,Bauer,lukas.bauer3048@example.com,Frankfurt,Germany,2023-08-01,Standard
3049,Tim,Bauer,tim.bauer3049@example.com,Hanover,Germany,2024-06-27,Standard
3050,Nina,Schneider,nina.schneider3050@example.com,Nuremberg,Germany,2023-01-05,Standard
3051,Mia,Weber,mia.weber3051@example.com,Munich,Germany,2024-10-17,Standard
3052,Laura,Wolf,laura.wolf3052@example.com,Nuremberg,Germany,2025-09-06,Standard
3053,Lena,Fischer,lena.fischer3053@example.com,Dresden,Germany,2025-05-25,Standard
3054,Hannah,Weber,hannah.weber3054@example.com,Stuttgart,Germany,2023-07-05,Standard
3055,Mia,Meyer,mia.meyer3055@example.com,Stuttgart,Germany,2025-02-27,Premium
3056,Sophie,Schroeder,sophie.schroeder3056@example.com,Leipzig,Germany,2025-05-18,Business
3057,Nina,Klein,nina.klein3057@example.com,Munich,Germany,2024-11-13,Standard
3058,Lea,Becker,lea.becker3058@example.com,Duesseldorf,Germany,2025-02-23,Standard
3059,Finn,Schroeder,finn.schroeder3059@example.com,Leipzig,Germany,2025-12-29,Standard
3060,Finn,Schwarz,finn.schwarz3060@example.com,Duesseldorf,Germany,2024-04-16,Business
3061,Lena,Zimmermann,lena.zimmermann3061@example.com,Dortmund,Germany,2025-05-13,Standard
3062,Sarah,Becker,sarah.becker3062@example.com,Cologne,Germany,2023-06-28,Standard
3063,Felix,Mueller,felix.mueller3063@example.com,Nuremberg,Germany,2024-02-21,Standard
3064,Anna,Bauer,anna.bauer3064@example.com,Munich,Germany,2025-08-28,Standard
3065,Paul,Schmidt,paul.schmidt3065@example.com,Stuttgart,Germany,2024-12-16,Standard
3066,Clara,Weber,clara.weber3066@example.com,Leipzig,Germany,2024-08-26,Standard
3067,Mia,Schwarz,mia.schwarz3067@example.com,Cologne,Germany,2025-05-12,Standard
3068,Emma,Becker,emma.becker3068@example.com,Dresden,Germany,2023-04-25,Business
3069,Mia,Fischer,mia.fischer3069@example.com,Duesseldorf,Germany,2023-10-21,Standard
3070,Tom,Mueller,tom.mueller3070@example.com,Stuttgart,Germany,2025-05-19,Premium
3071,Max,Fischer,max.fischer3071@example.com,Leipzig,Germany,2023-06-01,Premium
3072,Niklas,Meyer,niklas.meyer3072@example.com,Munich,Germany,2023-03-03,Standard
3073,Felix,Weber,felix.weber3073@example.com,Cologne,Germany,2023-06-11,Standard
3074,Lena,Mueller,lena.mueller3074@example.com,Munich,Germany,2025-05-02,Standard
3075,Clara,Meyer,clara.meyer3075@example.com,Dresden,Germany,2025-08-20,Standard
3076,Mia,Neumann,mia.neumann3076@example.com,Leipzig,Germany,2024-09-05,Premium
3077,Jonas,Koch,jonas.koch3077@example.com,Hanover,Germany,2025-06-28,Business
3078,Lea,Mueller,lea.mueller3078@example.com,Hamburg,Germany,2024-08-10,Standard
3079,Mia,Schmidt,mia.schmidt3079@example.com,Essen,Germany,2023-03-07,Standard
3080,Clara,Meyer,clara.meyer3080@example.com,Munich,Germany,2025-10-27,Business
3081,Anna,Richter,anna.richter3081@example.com,Bremen,Germany,2025-05-17,Premium
3082,Marie,Schwarz,marie.schwarz3082@example.com,Duisburg,Germany,2024-06-12,Premium
3083,Sarah,Neumann,sarah.neumann3083@example.com,Dresden,Germany,2024-09-18,Standard
3084,Leon,Klein,leon.klein3084@example.com,Frankfurt,Germany,2023-11-18,Standard
3085,Lena,Neumann,lena.neumann3085@example.com,Munich,Germany,2025-02-12,Premium
3086,Tom,Wagner,tom.wagner3086@example.com,Essen,Germany,2025-03-31,Premium
3087,Max,Becker,max.becker3087@example.com,Munich,Germany,2025-03-14,Standard
3088,Tom,Schwarz,tom.schwarz3088@example.com,Nuremberg,Germany,2023-06-08,Standard
3089,Nina,Wolf,nina.wolf3089@example.com,Stuttgart,Germany,2025-09-04,Standard
3090,Lea,Richter,lea.richter3090@example.com,Munich,Germany,2025-02-18,Standard
3091,Max,Bauer,max.bauer3091@example.com,Cologne,Germany,2025-05-18,Standard
3092,Hannah,Fischer,hannah.fischer3092@example.com,Hamburg,Germany,2023-08-02,Business
3093,Felix,Braun,felix.braun3093@example.com,Berlin,Germany,2024-11-18,Standard
3094,Leon,Hoffmann,leon.hoffmann3094@example.com,Dortmund,Germany,2023-11-30,Premium
3095,Paul,Schneider,paul.schneider3095@example.com,Essen,Germany,2024-03-09,Standard
3096,Anna,Hoffmann,anna.hoffmann3096@example.com,Dortmund,Germany,2024-01-20,Premium
3097,Emma,Schmidt,emma.schmidt3097@example.com,Frankfurt,Germany,2024-05-07,Business
3098,Lena,Zimmermann,lena.zimmermann3098@example.com,Essen,Germany,2023-04-02,Standard
3099,Tim,Schmidt,tim.schmidt3099@example.com,Stuttgart,Germany,2023-04-09,Standard
3100,Lena,Hoffmann,lena.hoffmann3100@example.com,Stuttgart,Germany,2023-01-18,Standard
3101,Clara,Hoffmann,clara.hoffmann3101@example.com,Dortmund,Germany,2025-03-26,Standard
3102,Emma,Koch,emma.koch3102@example.com,Dresden,Germany,2025-03-11,Premium
3103,Felix,Weber,felix.weber3103@example.com,Stuttgart,Germany,2023-07-19,Business
3104,Jonas,Neumann,jonas.neumann3104@example.com,Dortmund,Germany,2023-07-26,Standard
3105,Clara,Weber,clara.weber3105@example.com,Essen,Germany,2023-02-18,Standard
3106,Laura,Schroeder,laura.schroeder3106@example.com,Frankfurt,Germany,2023-03-18,Standard
3107,Ben,Weber,ben.weber3107@example.com,Hamburg,Germany,2025-08-06,Premium
3108,Lea,Schneider,lea.schneider3108@example.com,Duisburg,Germany,2024-04-19,Standard
3109,Emma,Weber,emma.weber3109@example.com,Dortmund,Germany,2023-11-26,Standard
3110,Julia,Braun,julia.braun3110@example.com,Duisburg,Germany,2025-12-07,Standard
3111,Clara,Koch,clara.koch3111@example.com,Hanover,Germany,2025-07-05,Standard
3112,Mia,Koch,mia.koch3112@example.com,Stuttgart,Germany,2024-08-18,Standard
3113,Niklas,Klein,niklas.klein3113@example.com,Duisburg,Germany,2023-03-23,Premium
3114,Nina,Richter,nina.richter3114@example.com,Cologne,Germany,2024-05-04,Standard
3115,Niklas,Braun,niklas.braun3115@example.com,Munich,Germany,2023-06-03,Standard
3116,Sarah,Schroeder,sarah.schroeder3116@example.com,Hanover,Germany,2023-07-19,Premium
3117,Anna,Weber,anna.weber3117@example.com,Dortmund,Germany,2024-09-25,Premium
3118,Lena,Schroeder,lena.schroeder3118@example.com,Leipzig,Germany,2023-07-12,Standard
3119,Sophie,Meyer,sophie.meyer3119@example.com,Munich,Germany,2024-08-28,Standard
3120,Lena,Schulz,lena.schulz3120@example.com,Stuttgart,Germany,2025-01-14,Standard
3121,Lena,Schneider,lena.schneider3121@example.com,Dresden,Germany,2024-01-02,Standard
3122,Clara,Wolf,clara.wolf3122@example.com,Leipzig,Germany,2024-06-12,Standard
3123,Hannah,Wolf,hannah.wolf3123@example.com,Hamburg,Germany,2023-10-15,Standard
3124,Sarah,Schroeder,sarah.schroeder3124@example.com,Stuttgart,Germany,2023-03-23,Standard
3125,Lukas,Richter,lukas.richter3125@example.com,Nuremberg,Germany,2025-04-17,Premium
3126,Niklas,Weber,niklas.weber3126@example.com,Stuttgart,Germany,2025-06-21,Standard
3127,Julia,Braun,julia.braun3127@example.com,Stuttgart,Germany,2024-10-04,Premium
3128,Lena,Klein,lena.klein3128@example.com,Leipzig,Germany,2025-11-02,Standard
3129,Hannah,Schmidt,hannah.schmidt3129@example.com,Dresden,Germany,2023-04-27,Business
3130,Leon,Schwarz,leon.schwarz3130@example.com,Munich,Germany,2023-01-17,Premium
3131,Paul,Hoffmann,paul.hoffmann3131@example.com,Munich,Germany,2025-02-08,Premium
3132,Sarah,Richter,sarah.richter3132@example.com,Cologne,Germany,2023-05-30,Premium
3133,Laura,Wolf,laura.wolf3133@example.com,Stuttgart,Germany,2023-07-11,Business
3134,Marie,Wolf,marie.wolf3134@example.com,Duisburg,Germany,2025-12-31,Standard
3135,Marie,Fischer,marie.fischer3135@example.com,Munich,Germany,2023-06-25,Standard
3136,Tom,Fischer,tom.fischer3136@example.com,Hanover,Germany,2025-03-23,Standard
3137,Jonas,Wagner,jonas.wagner3137@example.com,Stuttgart,Germany,2025-04-02,Premium
3138,Lena,Koch,lena.koch3138@example.com,Essen,Germany,2024-12-02,Premium
3139,Tim,Wagner,tim.wagner3139@example.com,Hamburg,Germany,2025-09-02,Standard
3140,Hannah,Wolf,hannah.wolf3140@example.com,Dortmund,Germany,2023-03-20,Standard
3141,Mia,Schroeder,mia.schroeder3141@example.com,Bremen,Germany,2023-10-26,Standard
3142,Emma,Koch,emma.koch3142@example.com,Essen,Germany,2023-03-06,Business
3143,Clara,Richter,clara.richter3143@example.com,Duisburg,Germany,2023-05-08,Standard
3144,Felix,Klein,felix.klein3144@example.com,Cologne,Germany,2025-08-27,Standard
3145,Max,Wagner,max.wagner3145@example.com,Hanover,Germany,2023-02-16,Standard
3146,David,Klein,david.klein3146@example.com,Frankfurt,Germany,2024-07-06,Standard
3147,Lea,Meyer,lea.meyer3147@example.com,Munich,Germany,2023-06-21,Premium
3148,Lena,Schulz,lena.schulz3148@example.com,Hamburg,Germany,2025-04-09,Premium
3149,Lukas,Wolf,lukas.wolf3149@example.com,Dortmund,Germany,2025-05-09,Premium
3150,Emma,Schulz,emma.schulz3150@example.com,Nuremberg,Germany,2024-01-12,Standard
3151,Max,Schneider,max.schneider3151@example.com,Stuttgart,Germany,2025-05-27,Standard
3152,Clara,Hoffmann,clara.hoffmann3152@example.com,Cologne,Germany,2023-12-03,Standard
3153,Felix,Klein,felix.klein3153@example.com,Leipzig,Germany,2025-09-13,Premium
3154,Finn,Meyer,finn.meyer3154@example.com,Stuttgart,Germany,2025-06-13,Standard
3155,Nina,Zimmermann,nina.zimmermann3155@example.com,Nuremberg,Germany,2025-03-07,Standard
3156,Anna,Schwarz,anna.schwarz3156@example.com,Hamburg,Germany,2024-02-11,Standard
3157,Tom,Zimmermann,tom.zimmermann3157@example.com,Stuttgart,Germany,2023-10-24,Business
3158,David,Koch,david.koch3158@example.com,Munich,Germany,2023-01-30,Standard
3159,Marie,Weber,marie.weber3159@example.com,Nuremberg,Germany,2025-10-19,Premium
3160,Sophie,Fischer,sophie.fischer3160@example.com,Frankfurt,Germany,2025-04-12,Standard
3161,Julia,Mueller,julia.mueller3161@example.com,Nuremberg,Germany,2025-07-11,Standard
3162,Mia,Wolf,mia.wolf3162@example.com,Berlin,Germany,2023-07-19,Standard
3163,Emma,Wagner,emma.wagner3163@example.com,Dresden,Germany,2025-05-10,Standard
3164,Finn,Meyer,finn.meyer3164@example.com,Cologne,Germany,2025-02-12,Standard
3165,Felix,Wagner,felix.wagner3165@example.com,Bremen,Germany,2024-01-27,Standard
3166,Sarah,Mueller,sarah.mueller3166@example.com,Nuremberg,Germany,2025-01-28,Standard
3167,Felix,Mueller,felix.mueller3167@example.com,Duisburg,Germany,2024-09-10,Business
3168,Lukas,Neumann,lukas.neumann3168@example.com,Dresden,Germany,2023-09-13,Standard
3169,Tim,Wolf,tim.wolf3169@example.com,Duesseldorf,Germany,2025-04-27,Premium
3170,Felix,Bauer,felix.bauer3170@example.com,Dortmund,Germany,2025-05-22,Standard
3171,Clara,Koch,clara.koch3171@example.com,Duisburg,Germany,2023-08-21,Premium
3172,Ben,Wolf,ben.wolf3172@example.com,Stuttgart,Germany,2025-05-27,Standard
3173,Ben,Schwarz,ben.schwarz3173@example.com,Dortmund,Germany,2023-11-30,Standard
3174,Jonas,Richter,jonas.richter3174@example.com,Nuremberg,Germany,2024-08-06,Standard
3175,David,Klein,david.klein3175@example.com,Dresden,Germany,2024-08-03,Standard
3176,Niklas,Fischer,niklas.fischer3176@example.com,Hanover,Germany,2023-06-29,Standard
3177,Paul,Schneider,paul.schneider3177@example.com,Essen,Germany,2023-02-03,Premium
3178,Jonas,Fischer,jonas.fischer3178@example.com,Dresden,Germany,2025-10-13,Premium
3179,Clara,Braun,clara.braun3179@example.com,Bremen,Germany,2023-07-24,Premium
3180,Marie,Neumann,marie.neumann3180@example.com,Bremen,Germany,2023-03-08,Premium
3181,Lukas,Klein,lukas.klein3181@example.com,Cologne,Germany,2024-03-09,Standard
3182,Clara,Wolf,clara.wolf3182@example.com,Hamburg,Germany,2025-02-19,Standard
3183,Emma,Schroeder,emma.schroeder3183@example.com,Stuttgart,Germany,2023-09-12,Standard
3184,Marie,Klein,marie.klein3184@example.com,Berlin,Germany,2025-03-21,Standard
3185,Felix,Becker,felix.becker3185@example.com,Frankfurt,Germany,2025-11-05,Standard
3186,Hannah,Schulz,hannah.schulz3186@example.com,Nuremberg,Germany,2024-09-21,Standard
3187,Jonas,Becker,jonas.becker3187@example.com,Duisburg,Germany,2023-01-09,Standard
3188,Jonas,Schmidt,jonas.schmidt3188@example.com,Berlin,Germany,2023-02-01,Standard
3189,Mia,Bauer,mia.bauer3189@example.com,Nuremberg,Germany,2025-11-28,Premium
3190,Tom,Braun,tom.braun3190@example.com,Stuttgart,Germany,2024-10-12,Premium
3191,Ben,Zimmermann,ben.zimmermann3191@example.com,Cologne,Germany,2025-05-30,Standard
3192,Finn,Richter,finn.richter3192@example.com,Essen,Germany,2024-01-30,Business
3193,Lea,Richter,lea.richter3193@example.com,Hanover,Germany,2023-04-16,Business
3194,Sarah,Klein,sarah.klein3194@example.com,Bremen,Germany,2023-09-21,Standard
3195,Laura,Meyer,laura.meyer3195@example.com,Duisburg,Germany,2025-04-05,Standard
3196,Sophie,Neumann,sophie.neumann3196@example.com,Duesseldorf,Germany,2023-11-21,Standard
3197,Leon,Fischer,leon.fischer3197@example.com,Dortmund,Germany,2023-09-16,Business
3198,Paul,Zimmermann,paul.zimmermann3198@example.com,Nuremberg,Germany,2025-03-13,Premium
3199,Clara,Schulz,clara.schulz3199@example.com,Stuttgart,Germany,2023-11-22,Standard
3200,Emma,Schneider,emma.schneider3200@example.com,Berlin,Germany,2023-07-11,Standard
3201,Jonas,Mueller,jonas.mueller3201@example.com,Berlin,Germany,2023-11-10,Standard
3202,Niklas,Schwarz,niklas.schwarz3202@example.com,Essen,Germany,2023-06-11,Standard
3203,Laura,Mueller,laura.mueller3203@example.com,Leipzig,Germany,2023-09-25,Standard
3204,Lea,Bauer,lea.bauer3204@example.com,Cologne,Germany,2024-01-18,Premium
3205,Lea,Becker,lea.becker3205@example.com,Cologne,Germany,2024-08-31,Premium
3206,Finn,Becker,finn.becker3206@example.com,Hanover,Germany,2025-02-13,Premium
3207,Hannah,Schmidt,hannah.schmidt3207@example.com,Hamburg,Germany,2024-07-17,Premium
3208,Mia,Mueller,mia.mueller3208@example.com,Hamburg,Germany,2023-07-31,Premium
3209,Marie,Braun,marie.braun3209@example.com,Hamburg,Germany,2023-09-09,Standard
3210,Mia,Hoffmann,mia.hoffmann3210@example.com,Duisburg,Germany,2024-06-20,Standard
3211,Ben,Schneider,ben.schneider3211@example.com,Leipzig,Germany,2023-06-08,Standard
3212,Felix,Wagner,felix.wagner3212@example.com,Hamburg,Germany,2025-03-11,Premium
3213,Tim,Mueller,tim.mueller3213@example.com,Hamburg,Germany,2025-04-27,Standard
3214,Tim,Schneider,tim.schneider3214@example.com,Bremen,Germany,2024-03-06,Premium
3215,Jonas,Richter,jonas.richter3215@example.com,Bremen,Germany,2024-10-04,Standard
3216,Marie,Meyer,marie.meyer3216@example.com,Frankfurt,Germany,2024-01-04,Standard
3217,Anna,Meyer,anna.meyer3217@example.com,Hamburg,Germany,2023-03-06,Standard
3218,Sophie,Bauer,sophie.bauer3218@example.com,Essen,Germany,2025-09-18,Standard
3219,Niklas,Schwarz,niklas.schwarz3219@example.com,Munich,Germany,2023-01-11,Premium
3220,Julia,Schulz,julia.schulz3220@example.com,Cologne,Germany,2023-09-07,Premium
3221,Niklas,Mueller,niklas.mueller3221@example.com,Dortmund,Germany,2023-02-17,Standard
3222,Julia,Weber,julia.weber3222@example.com,Nuremberg,Germany,2024-03-18,Standard
3223,Felix,Fischer,felix.fischer3223@example.com,Berlin,Germany,2024-03-20,Standard
3224,Sophie,Weber,sophie.weber3224@example.com,Hamburg,Germany,2024-03-26,Standard
3225,Tom,Weber,tom.weber3225@example.com,Frankfurt,Germany,2024-07-02,Standard
3226,Tim,Wagner,tim.wagner3226@example.com,Stuttgart,Germany,2023-07-08,Premium
3227,Nina,Schwarz,nina.schwarz3227@example.com,Leipzig,Germany,2024-08-25,Standard
3228,Tom,Schroeder,tom.schroeder3228@example.com,Dortmund,Germany,2025-06-12,Standard
3229,Laura,Wagner,laura.wagner3229@example.com,Munich,Germany,2024-05-27,Standard
3230,Emma,Schulz,emma.schulz3230@example.com,Hamburg,Germany,2025-03-15,Standard
3231,Sarah,Zimmermann,sarah.zimmermann3231@example.com,Munich,Germany,2024-09-30,Standard
3232,Emma,Schroeder,emma.schroeder3232@example.com,Duisburg,Germany,2025-06-06,Standard
3233,Marie,Klein,marie.klein3233@example.com,Nuremberg,Germany,2024-07-10,Standard
3234,Sophie,Braun,sophie.braun3234@example.com,Essen,Germany,2023-08-09,Standard
3235,Laura,Klein,laura.klein3235@example.com,Essen,Germany,2024-02-14,Standard
3236,Felix,Bauer,felix.bauer3236@example.com,Leipzig,Germany,2023-05-12,Standard
3237,Ben,Schmidt,ben.schmidt3237@example.com,Frankfurt,Germany,2025-11-13,Standard
3238,Sarah,Klein,sarah.klein3238@example.com,Essen,Germany,2024-08-24,Business
3239,Lea,Neumann,lea.neumann3239@example.com,Duesseldorf,Germany,2024-12-22,Standard
3240,Anna,Fischer,anna.fischer3240@example.com,Hanover,Germany,2024-01-04,Standard
3241,Sophie,Klein,sophie.klein3241@example.com,Stuttgart,Germany,2024-01-16,Standard
3242,Leon,Schneider,leon.schneider3242@example.com,Bremen,Germany,2024-03-16,Standard
3243,Felix,Bauer,felix.bauer3243@example.com,Hanover,Germany,2023-10-25,Standard
3244,Sophie,Fischer,sophie.fischer3244@example.com,Stuttgart,Germany,2023-01-20,Premium
3245,Nina,Mueller,nina.mueller3245@example.com,Cologne,Germany,2024-11-04,Premium
3246,Marie,Zimmermann,marie.zimmermann3246@example.com,Duisburg,Germany,2024-10-20,Standard
3247,Leon,Schwarz,leon.schwarz3247@example.com,Duesseldorf,Germany,2023-05-16,Standard
3248,Lukas,Braun,lukas.braun3248@example.com,Dortmund,Germany,2024-03-10,Standard
3249,Emma,Fischer,emma.fischer3249@example.com,Dresden,Germany,2024-07-23,Premium
3250,Niklas,Schneider,niklas.schneider3250@example.com,Bremen,Germany,2025-05-13,Standard
3251,Clara,Klein,clara.klein3251@example.com,Nuremberg,Germany,2024-10-12,Standard
3252,Sophie,Wagner,sophie.wagner3252@example.com,Berlin,Germany,2024-02-08,Standard
3253,Tim,Schroeder,tim.schroeder3253@example.com,Frankfurt,Germany,2023-04-06,Standard
3254,Jonas,Fischer,jonas.fischer3254@example.com,Leipzig,Germany,2023-09-12,Standard
3255,Ben,Braun,ben.braun3255@example.com,Essen,Germany,2024-10-31,Standard
3256,Laura,Becker,laura.becker3256@example.com,Frankfurt,Germany,2023-02-13,Standard
3257,Anna,Zimmermann,anna.zimmermann3257@example.com,Duisburg,Germany,2023-01-10,Premium
3258,Marie,Hoffmann,marie.hoffmann3258@example.com,Nuremberg,Germany,2023-09-26,Standard
3259,Laura,Schmidt,laura.schmidt3259@example.com,Duisburg,Germany,2025-12-28,Standard
3260,Julia,Schmidt,julia.schmidt3260@example.com,Bremen,Germany,2024-11-21,Premium
3261,Anna,Schneider,anna.schneider3261@example.com,Hamburg,Germany,2025-08-20,Standard
3262,Jonas,Hoffmann,jonas.hoffmann3262@example.com,Stuttgart,Germany,2024-07-16,Standard
3263,Clara,Bauer,clara.bauer3263@example.com,Hamburg,Germany,2025-03-30,Standard
3264,Finn,Koch,finn.koch3264@example.com,Essen,Germany,2025-10-08,Standard
3265,Max,Richter,max.richter3265@example.com,Dresden,Germany,2024-09-03,Premium
3266,Marie,Schroeder,marie.schroeder3266@example.com,Nuremberg,Germany,2023-09-06,Standard
3267,Felix,Braun,felix.braun3267@example.com,Berlin,Germany,2023-07-30,Standard
3268,Leon,Schmidt,leon.schmidt3268@example.com,Munich,Germany,2023-01-22,Standard
3269,Paul,Koch,paul.koch3269@example.com,Cologne,Germany,2025-06-11,Standard
3270,Ben,Schneider,ben.schneider3270@example.com,Dresden,Germany,2024-01-27,Premium
3271,Felix,Schwarz,felix.schwarz3271@example.com,Duisburg,Germany,2023-01-11,Standard
3272,Nina,Schmidt,nina.schmidt3272@example.com,Duisburg,Germany,2024-06-15,Standard
3273,Max,Fischer,max.fischer3273@example.com,Frankfurt,Germany,2023-04-09,Premium
3274,Lena,Schulz,lena.schulz3274@example.com,Dresden,Germany,2024-11-05,Standard
3275,Niklas,Richter,niklas.richter3275@example.com,Dresden,Germany,2024-07-06,Premium
3276,Ben,Weber,ben.weber3276@example.com,Hamburg,Germany,2025-08-01,Premium
3277,Mia,Koch,mia.koch3277@example.com,Hanover,Germany,2023-10-31,Premium
3278,Sarah,Klein,sarah.klein3278@example.com,Bremen,Germany,2025-07-04,Standard
3279,Paul,Neumann,paul.neumann3279@example.com,Cologne,Germany,2025-12-16,Standard
3280,Sarah,Schroeder,sarah.schroeder3280@example.com,Frankfurt,Germany,2025-09-30,Premium
3281,Sophie,Schroeder,sophie.schroeder3281@example.com,Hamburg,Germany,2024-04-07,Standard
3282,Hannah,Hoffmann,hannah.hoffmann3282@example.com,Stuttgart,Germany,2023-06-19,Standard
3283,Finn,Becker,finn.becker3283@example.com,Dresden,Germany,2024-02-26,Premium
3284,Lena,Schneider,lena.schneider3284@example.com,Berlin,Germany,2025-10-09,Premium
3285,Emma,Mueller,emma.mueller3285@example.com,Leipzig,Germany,2024-03-18,Standard
3286,Laura,Wagner,laura.wagner3286@example.com,Hamburg,Germany,2025-09-25,Standard
3287,Sophie,Wagner,sophie.wagner3287@example.com,Dortmund,Germany,2025-12-16,Standard
3288,Sophie,Hoffmann,sophie.hoffmann3288@example.com,Bremen,Germany,2025-07-18,Premium
3289,Mia,Neumann,mia.neumann3289@example.com,Duisburg,Germany,2023-08-05,Business
3290,Mia,Becker,mia.becker3290@example.com,Duesseldorf,Germany,2025-01-14,Standard
3291,Marie,Braun,marie.braun3291@example.com,Cologne,Germany,2025-11-17,Standard
3292,Clara,Richter,clara.richter3292@example.com,Hamburg,Germany,2024-01-20,Premium
3293,Hannah,Klein,hannah.klein3293@example.com,Bremen,Germany,2023-12-03,Standard
3294,Lukas,Zimmermann,lukas.zimmermann3294@example.com,Munich,Germany,2023-07-29,Standard
3295,Marie,Fischer,marie.fischer3295@example.com,Cologne,Germany,2023-08-14,Business
3296,Anna,Wolf,anna.wolf3296@example.com,Frankfurt,Germany,2024-01-19,Standard
3297,Anna,Schroeder,anna.schroeder3297@example.com,Leipzig,Germany,2025-12-23,Standard
3298,Felix,Schulz,felix.schulz3298@example.com,Duisburg,Germany,2023-08-31,Standard
3299,Finn,Schneider,finn.schneider3299@example.com,Duesseldorf,Germany,2024-12-26,Standard
3300,Emma,Weber,emma.weber3300@example.com,Dortmund,Germany,2025-03-23,Premium
3301,Jonas,Neumann,jonas.neumann3301@example.com,Berlin,Germany,2024-11-14,Standard
3302,Marie,Schulz,marie.schulz3302@example.com,Hamburg,Germany,2025-01-27,Business
3303,Max,Richter,max.richter3303@example.com,Cologne,Germany,2025-05-15,Standard
3304,Lukas,Wagner,lukas.wagner3304@example.com,Munich,Germany,2025-04-04,Standard
3305,Niklas,Schulz,niklas.schulz3305@example.com,Essen,Germany,2025-12-20,Standard
3306,Tim,Neumann,tim.neumann3306@example.com,Hamburg,Germany,2025-06-06,Standard
3307,David,Schmidt,david.schmidt3307@example.com,Hamburg,Germany,2024-05-24,Standard
3308,Leon,Fischer,leon.fischer3308@example.com,Duisburg,Germany,2023-04-19,Standard
3309,Max,Zimmermann,max.zimmermann3309@example.com,Cologne,Germany,2024-06-29,Standard
3310,Lena,Schwarz,lena.schwarz3310@example.com,Frankfurt,Germany,2023-07-26,Standard
3311,Leon,Braun,leon.braun3311@example.com,Duesseldorf,Germany,2025-04-08,Premium
3312,Laura,Fischer,laura.fischer3312@example.com,Dresden,Germany,2024-03-26,Premium
3313,Nina,Schulz,nina.schulz3313@example.com,Cologne,Germany,2025-10-11,Premium
3314,Ben,Wagner,ben.wagner3314@example.com,Bremen,Germany,2024-12-12,Standard
3315,Lukas,Braun,lukas.braun3315@example.com,Dresden,Germany,2024-08-12,Standard
3316,Anna,Fischer,anna.fischer3316@example.com,Dortmund,Germany,2024-01-15,Premium
3317,Nina,Braun,nina.braun3317@example.com,Dresden,Germany,2025-09-03,Standard
3318,Lukas,Becker,lukas.becker3318@example.com,Stuttgart,Germany,2023-12-15,Standard
3319,David,Schneider,david.schneider3319@example.com,Munich,Germany,2023-12-08,Premium
3320,Sophie,Wolf,sophie.wolf3320@example.com,Berlin,Germany,2023-10-18,Premium
3321,David,Schroeder,david.schroeder3321@example.com,Stuttgart,Germany,2025-05-26,Standard
3322,Anna,Meyer,anna.meyer3322@example.com,Duisburg,Germany,2024-06-24,Standard
3323,Lena,Meyer,lena.meyer3323@example.com,Essen,Germany,2023-01-20,Premium
3324,Felix,Schroeder,felix.schroeder3324@example.com,Leipzig,Germany,2023-01-03,Standard
3325,Leon,Schroeder,leon.schroeder3325@example.com,Berlin,Germany,2023-08-13,Premium
3326,Anna,Zimmermann,anna.zimmermann3326@example.com,Nuremberg,Germany,2024-08-18,Premium
3327,Leon,Neumann,leon.neumann3327@example.com,Munich,Germany,2025-10-27,Premium
3328,Clara,Weber,clara.weber3328@example.com,Hamburg,Germany,2023-07-12,Standard
3329,Lukas,Koch,lukas.koch3329@example.com,Leipzig,Germany,2025-07-15,Standard
3330,Tom,Bauer,tom.bauer3330@example.com,Bremen,Germany,2024-06-11,Premium
3331,Tim,Schulz,tim.schulz3331@example.com,Leipzig,Germany,2025-01-16,Standard
3332,Anna,Bauer,anna.bauer3332@example.com,Dresden,Germany,2024-09-08,Premium
3333,Sophie,Neumann,sophie.neumann3333@example.com,Hamburg,Germany,2025-09-18,Standard
3334,Hannah,Neumann,hannah.neumann3334@example.com,Munich,Germany,2023-02-12,Standard
3335,Jonas,Becker,jonas.becker3335@example.com,Stuttgart,Germany,2023-10-18,Premium
3336,Tim,Mueller,tim.mueller3336@example.com,Essen,Germany,2024-05-15,Premium
3337,Tom,Klein,tom.klein3337@example.com,Cologne,Germany,2025-01-06,Business
3338,Tom,Schneider,tom.schneider3338@example.com,Duisburg,Germany,2024-02-01,Premium
3339,Laura,Fischer,laura.fischer3339@example.com,Duisburg,Germany,2024-07-14,Standard
3340,Lea,Schwarz,lea.schwarz3340@example.com,Duisburg,Germany,2025-07-09,Premium
3341,Julia,Meyer,julia.meyer3341@example.com,Duisburg,Germany,2024-06-27,Premium
3342,David,Bauer,david.bauer3342@example.com,Duesseldorf,Germany,2024-11-09,Standard
3343,Sarah,Klein,sarah.klein3343@example.com,Frankfurt,Germany,2024-07-19,Standard
3344,Emma,Schmidt,emma.schmidt3344@example.com,Dresden,Germany,2025-12-01,Standard
3345,Sophie,Braun,sophie.braun3345@example.com,Duesseldorf,Germany,2023-09-09,Standard
3346,Marie,Zimmermann,marie.zimmermann3346@example.com,Frankfurt,Germany,2024-12-11,Premium
3347,Paul,Mueller,paul.mueller3347@example.com,Duisburg,Germany,2025-10-18,Standard
3348,David,Weber,david.weber3348@example.com,Bremen,Germany,2025-08-13,Standard
3349,Mia,Neumann,mia.neumann3349@example.com,Essen,Germany,2024-08-16,Standard
3350,Finn,Meyer,finn.meyer3350@example.com,Leipzig,Germany,2024-09-13,Standard
3351,Lukas,Schneider,lukas.schneider3351@example.com,Berlin,Germany,2024-08-26,Standard
3352,Marie,Schmidt,marie.schmidt3352@example.com,Frankfurt,Germany,2024-03-21,Standard
3353,Sarah,Fischer,sarah.fischer3353@example.com,Leipzig,Germany,2023-04-19,Business
3354,Lukas,Mueller,lukas.mueller3354@example.com,Stuttgart,Germany,2025-05-31,Standard
3355,David,Mueller,david.mueller3355@example.com,Frankfurt,Germany,2023-04-13,Standard
3356,Mia,Bauer,mia.bauer3356@example.com,Hanover,Germany,2024-08-03,Standard
3357,Julia,Schwarz,julia.schwarz3357@example.com,Hamburg,Germany,2023-11-14,Premium
3358,Nina,Schulz,nina.schulz3358@example.com,Dresden,Germany,2023-10-20,Standard
3359,Emma,Klein,emma.klein3359@example.com,Frankfurt,Germany,2023-06-15,Premium
3360,Leon,Schmidt,leon.schmidt3360@example.com,Duisburg,Germany,2025-08-27,Premium
3361,Felix,Becker,felix.becker3361@example.com,Duesseldorf,Germany,2025-03-02,Premium
3362,Laura,Fischer,laura.fischer3362@example.com,Duisburg,Germany,2024-06-19,Standard
3363,Lukas,Braun,lukas.braun3363@example.com,Munich,Germany,2024-09-28,Premium
3364,Sarah,Klein,sarah.klein3364@example.com,Hanover,Germany,2024-10-22,Standard
3365,Sarah,Weber,sarah.weber3365@example.com,Frankfurt,Germany,2024-02-13,Business
3366,Mia,Klein,mia.klein3366@example.com,Frankfurt,Germany,2024-02-13,Standard
3367,Lukas,Schneider,lukas.schneider3367@example.com,Essen,Germany,2024-08-31,Standard
3368,Lea,Wolf,lea.wolf3368@example.com,Duesseldorf,Germany,2024-01-11,Standard
3369,Jonas,Fischer,jonas.fischer3369@example.com,Dortmund,Germany,2023-10-11,Standard
3370,Marie,Koch,marie.koch3370@example.com,Duisburg,Germany,2025-10-28,Premium
3371,David,Bauer,david.bauer3371@example.com,Stuttgart,Germany,2025-08-17,Standard
3372,Jonas,Wolf,jonas.wolf3372@example.com,Duesseldorf,Germany,2025-05-11,Standard
3373,Marie,Mueller,marie.mueller3373@example.com,Hanover,Germany,2023-02-24,Standard
3374,Jonas,Schneider,jonas.schneider3374@example.com,Essen,Germany,2023-10-15,Premium
3375,Lukas,Becker,lukas.becker3375@example.com,Stuttgart,Germany,2025-11-14,Premium
3376,Mia,Braun,mia.braun3376@example.com,Berlin,Germany,2024-08-23,Premium
3377,Clara,Richter,clara.richter3377@example.com,Duesseldorf,Germany,2023-09-15,Premium
3378,David,Mueller,david.mueller3378@example.com,Hanover,Germany,2025-08-05,Standard
3379,Clara,Neumann,clara.neumann3379@example.com,Nuremberg,Germany,2025-07-31,Standard
3380,Max,Schneider,max.schneider3380@example.com,Frankfurt,Germany,2023-04-23,Premium
3381,Lea,Fischer,lea.fischer3381@example.com,Essen,Germany,2024-11-13,Standard
3382,Paul,Hoffmann,paul.hoffmann3382@example.com,Dresden,Germany,2025-09-13,Standard
3383,Sophie,Schmidt,sophie.schmidt3383@example.com,Dresden,Germany,2023-09-06,Standard
3384,Sarah,Neumann,sarah.neumann3384@example.com,Dresden,Germany,2023-04-19,Standard
3385,Emma,Neumann,emma.neumann3385@example.com,Dortmund,Germany,2023-10-23,Standard
3386,Tom,Schroeder,tom.schroeder3386@example.com,Cologne,Germany,2023-10-07,Premium
3387,David,Weber,david.weber3387@example.com,Bremen,Germany,2024-09-08,Standard
3388,Lukas,Mueller,lukas.mueller3388@example.com,Essen,Germany,2025-09-20,Standard
3389,Nina,Wagner,nina.wagner3389@example.com,Hamburg,Germany,2023-08-23,Standard
3390,Anna,Weber,anna.weber3390@example.com,Dortmund,Germany,2023-09-05,Premium
3391,Paul,Becker,paul.becker3391@example.com,Hamburg,Germany,2024-02-23,Standard
3392,Tim,Mueller,tim.mueller3392@example.com,Leipzig,Germany,2025-11-01,Premium
3393,Laura,Schmidt,laura.schmidt3393@example.com,Frankfurt,Germany,2023-09-07,Premium
3394,Laura,Schroeder,laura.schroeder3394@example.com,Nuremberg,Germany,2024-01-12,Standard
3395,Leon,Schwarz,leon.schwarz3395@example.com,Nuremberg,Germany,2024-06-17,Business
3396,Niklas,Wolf,niklas.wolf3396@example.com,Duesseldorf,Germany,2023-09-10,Business
3397,Mia,Mueller,mia.mueller3397@example.com,Munich,Germany,2024-01-14,Premium
3398,Tom,Becker,tom.becker3398@example.com,Dortmund,Germany,2023-12-16,Premium
3399,Tom,Schwarz,tom.schwarz3399@example.com,Leipzig,Germany,2024-02-15,Standard
3400,Tim,Hoffmann,tim.hoffmann3400@example.com,Bremen,Germany,2024-08-15,Standard
3401,Paul,Zimmermann,paul.zimmermann3401@example.com,Stuttgart,Germany,2025-10-06,Standard
3402,David,Schulz,david.schulz3402@example.com,Duesseldorf,Germany,2025-03-12,Standard
3403,Nina,Fischer,nina.fischer3403@example.com,Duesseldorf,Germany,2025-08-08,Business
3404,Jonas,Weber,jonas.weber3404@example.com,Frankfurt,Germany,2023-02-27,Standard
3405,Marie,Fischer,marie.fischer3405@example.com,Berlin,Germany,2025-03-08,Premium
3406,Sarah,Hoffmann,sarah.hoffmann3406@example.com,Bremen,Germany,2023-03-11,Premium
3407,Lea,Braun,lea.braun3407@example.com,Berlin,Germany,2025-06-29,Premium
3408,Felix,Weber,felix.weber3408@example.com,Duisburg,Germany,2025-08-16,Business
3409,Tom,Wolf,tom.wolf3409@example.com,Berlin,Germany,2024-07-21,Standard
3410,Ben,Bauer,ben.bauer3410@example.com,Nuremberg,Germany,2025-10-22,Standard
3411,Julia,Wagner,julia.wagner3411@example.com,Duisburg,Germany,2024-12-15,Standard
3412,Nina,Neumann,nina.neumann3412@example.com,Dortmund,Germany,2025-03-10,Standard
3413,Lena,Meyer,lena.meyer3413@example.com,Stuttgart,Germany,2023-11-07,Standard
3414,Lea,Zimmermann,lea.zimmermann3414@example.com,Leipzig,Germany,2024-11-25,Standard
3415,Nina,Weber,nina.weber3415@example.com,Hanover,Germany,2024-07-24,Premium
3416,Clara,Hoffmann,clara.hoffmann3416@example.com,Hamburg,Germany,2025-03-17,Standard
3417,Lea,Schroeder,lea.schroeder3417@example.com,Leipzig,Germany,2025-02-10,Standard
3418,Niklas,Meyer,niklas.meyer3418@example.com,Hanover,Germany,2025-11-04,Premium
3419,David,Neumann,david.neumann3419@example.com,Munich,Germany,2024-06-14,Standard
3420,Nina,Koch,nina.koch3420@example.com,Essen,Germany,2024-12-13,Standard
3421,Niklas,Richter,niklas.richter3421@example.com,Berlin,Germany,2023-05-19,Premium
3422,Anna,Meyer,anna.meyer3422@example.com,Hamburg,Germany,2024-04-19,Standard
3423,David,Fischer,david.fischer3423@example.com,Duisburg,Germany,2025-10-19,Premium
3424,David,Schroeder,david.schroeder3424@example.com,Hanover,Germany,2024-10-24,Standard
3425,Leon,Becker,leon.becker3425@example.com,Duisburg,Germany,2023-08-04,Premium
3426,Ben,Richter,ben.richter3426@example.com,Duisburg,Germany,2025-05-10,Standard
3427,Lena,Schmidt,lena.schmidt3427@example.com,Hamburg,Germany,2024-05-27,Standard
3428,Max,Schneider,max.schneider3428@example.com,Hanover,Germany,2025-06-23,Standard
3429,Felix,Braun,felix.braun3429@example.com,Duisburg,Germany,2023-03-02,Premium
3430,Ben,Koch,ben.koch3430@example.com,Dresden,Germany,2023-08-09,Standard
3431,Marie,Richter,marie.richter3431@example.com,Bremen,Germany,2023-09-30,Standard
3432,Sarah,Schwarz,sarah.schwarz3432@example.com,Cologne,Germany,2024-02-14,Business
3433,Hannah,Schroeder,hannah.schroeder3433@example.com,Bremen,Germany,2025-06-15,Premium
3434,Lukas,Becker,lukas.becker3434@example.com,Dresden,Germany,2024-02-17,Standard
3435,Ben,Klein,ben.klein3435@example.com,Hanover,Germany,2025-12-18,Premium
3436,Emma,Schneider,emma.schneider3436@example.com,Bremen,Germany,2023-02-19,Standard
3437,David,Fischer,david.fischer3437@example.com,Berlin,Germany,2024-02-21,Standard
3438,Mia,Mueller,mia.mueller3438@example.com,Hanover,Germany,2025-01-06,Standard
3439,Jonas,Zimmermann,jonas.zimmermann3439@example.com,Stuttgart,Germany,2023-05-28,Business
3440,Ben,Neumann,ben.neumann3440@example.com,Cologne,Germany,2025-10-13,Business
3441,Emma,Zimmermann,emma.zimmermann3441@example.com,Dortmund,Germany,2025-08-28,Standard
3442,Felix,Bauer,felix.bauer3442@example.com,Hanover,Germany,2023-10-10,Standard
3443,Lena,Wolf,lena.wolf3443@example.com,Bremen,Germany,2025-05-25,Standard
3444,Laura,Schneider,laura.schneider3444@example.com,Munich,Germany,2023-06-10,Business
3445,Julia,Hoffmann,julia.hoffmann3445@example.com,Hamburg,Germany,2023-07-26,Business
3446,Tim,Becker,tim.becker3446@example.com,Essen,Germany,2023-04-16,Standard
3447,Finn,Koch,finn.koch3447@example.com,Cologne,Germany,2023-02-16,Premium
3448,Lukas,Schulz,lukas.schulz3448@example.com,Dresden,Germany,2025-03-10,Premium
3449,Felix,Schneider,felix.schneider3449@example.com,Frankfurt,Germany,2023-11-20,Standard
3450,Lena,Schwarz,lena.schwarz3450@example.com,Nuremberg,Germany,2024-05-09,Standard
3451,Julia,Braun,julia.braun3451@example.com,Frankfurt,Germany,2025-10-21,Standard
3452,Laura,Braun,laura.braun3452@example.com,Dortmund,Germany,2023-04-27,Premium
3453,Nina,Fischer,nina.fischer3453@example.com,Duisburg,Germany,2025-08-22,Premium
3454,Hannah,Mueller,hannah.mueller3454@example.com,Stuttgart,Germany,2023-03-08,Standard
3455,Jonas,Schulz,jonas.schulz3455@example.com,Stuttgart,Germany,2024-02-15,Business
3456,Clara,Schmidt,clara.schmidt3456@example.com,Cologne,Germany,2023-10-13,Standard
3457,Finn,Koch,finn.koch3457@example.com,Cologne,Germany,2023-05-08,Standard
3458,Tim,Schneider,tim.schneider3458@example.com,Stuttgart,Germany,2023-03-14,Premium
3459,Lena,Klein,lena.klein3459@example.com,Duisburg,Germany,2023-06-15,Premium
3460,Finn,Schroeder,finn.schroeder3460@example.com,Frankfurt,Germany,2023-09-23,Standard
3461,Tom,Schmidt,tom.schmidt3461@example.com,Berlin,Germany,2023-08-02,Standard
3462,Tim,Neumann,tim.neumann3462@example.com,Bremen,Germany,2024-04-06,Standard
3463,Felix,Klein,felix.klein3463@example.com,Frankfurt,Germany,2025-09-05,Standard
3464,Leon,Mueller,leon.mueller3464@example.com,Berlin,Germany,2023-04-24,Standard
3465,Clara,Wagner,clara.wagner3465@example.com,Essen,Germany,2025-12-30,Standard
3466,Laura,Mueller,laura.mueller3466@example.com,Berlin,Germany,2025-09-14,Premium
3467,Laura,Richter,laura.richter3467@example.com,Duesseldorf,Germany,2023-09-14,Standard
3468,Nina,Klein,nina.klein3468@example.com,Hamburg,Germany,2023-10-10,Premium
3469,Marie,Fischer,marie.fischer3469@example.com,Stuttgart,Germany,2025-01-23,Premium
3470,Emma,Koch,emma.koch3470@example.com,Duisburg,Germany,2025-06-13,Standard
3471,Max,Becker,max.becker3471@example.com,Hamburg,Germany,2024-04-20,Standard
3472,Sarah,Mueller,sarah.mueller3472@example.com,Duesseldorf,Germany,2024-04-10,Premium
3473,Tom,Schwarz,tom.schwarz3473@example.com,Hanover,Germany,2023-04-04,Standard
3474,Anna,Becker,anna.becker3474@example.com,Hamburg,Germany,2023-04-27,Premium
3475,Max,Weber,max.weber3475@example.com,Munich,Germany,2025-06-17,Premium
3476,Lukas,Schmidt,lukas.schmidt3476@example.com,Stuttgart,Germany,2024-10-05,Premium
3477,Niklas,Becker,niklas.becker3477@example.com,Munich,Germany,2024-08-21,Business
3478,Niklas,Richter,niklas.richter3478@example.com,Bremen,Germany,2025-09-07,Standard
3479,Paul,Schneider,paul.schneider3479@example.com,Frankfurt,Germany,2023-06-06,Standard
3480,Finn,Wagner,finn.wagner3480@example.com,Dresden,Germany,2025-10-10,Standard
3481,Tom,Bauer,tom.bauer3481@example.com,Leipzig,Germany,2024-03-27,Standard
3482,Nina,Hoffmann,nina.hoffmann3482@example.com,Hanover,Germany,2025-01-21,Standard
3483,Finn,Hoffmann,finn.hoffmann3483@example.com,Dortmund,Germany,2024-05-15,Standard
3484,Hannah,Koch,hannah.koch3484@example.com,Hamburg,Germany,2025-10-28,Business
3485,Max,Bauer,max.bauer3485@example.com,Dresden,Germany,2025-04-21,Standard
3486,Niklas,Schroeder,niklas.schroeder3486@example.com,Hamburg,Germany,2024-07-26,Standard
3487,Emma,Weber,emma.weber3487@example.com,Cologne,Germany,2025-12-02,Standard
3488,Lukas,Schwarz,lukas.schwarz3488@example.com,Hamburg,Germany,2024-03-07,Standard
3489,Felix,Weber,felix.weber3489@example.com,Cologne,Germany,2023-03-15,Standard
3490,Nina,Wolf,nina.wolf3490@example.com,Hamburg,Germany,2025-07-18,Standard
3491,Anna,Schroeder,anna.schroeder3491@example.com,Frankfurt,Germany,2023-03-11,Standard
3492,Hannah,Zimmermann,hannah.zimmermann3492@example.com,Frankfurt,Germany,2025-02-25,Standard
3493,Lena,Schmidt,lena.schmidt3493@example.com,Nuremberg,Germany,2024-07-25,Premium
3494,Niklas,Richter,niklas.richter3494@example.com,Berlin,Germany,2025-10-11,Premium
3495,Laura,Richter,laura.richter3495@example.com,Berlin,Germany,2025-06-28,Premium
3496,Leon,Wagner,leon.wagner3496@example.com,Munich,Germany,2025-02-15,Standard
3497,David,Klein,david.klein3497@example.com,Berlin,Germany,2025-12-26,Premium
3498,David,Hoffmann,david.hoffmann3498@example.com,Dortmund,Germany,2023-03-06,Premium
3499,Clara,Bauer,clara.bauer3499@example.com,Duisburg,Germany,2023-02-23,Standard
3500,Niklas,Koch,niklas.koch3500@example.com,Hanover,Germany,2024-06-21,Premium
3501,Clara,Zimmermann,clara.zimmermann3501@example.com,Hanover,Germany,2024-03-19,Standard
3502,Anna,Koch,anna.koch3502@example.com,Nuremberg,Germany,2025-06-07,Premium
3503,Jonas,Schmidt,jonas.schmidt3503@example.com,Dortmund,Germany,2023-08-12,Business
3504,Laura,Hoffmann,laura.hoffmann3504@example.com,Leipzig,Germany,2025-12-31,Standard
3505,Jonas,Zimmermann,jonas.zimmermann3505@example.com,Frankfurt,Germany,2025-11-28,Premium
3506,Ben,Richter,ben.richter3506@example.com,Dresden,Germany,2025-08-15,Standard
3507,Leon,Weber,leon.weber3507@example.com,Frankfurt,Germany,2023-02-01,Business
3508,David,Schulz,david.schulz3508@example.com,Cologne,Germany,2023-06-25,Standard
3509,Clara,Schwarz,clara.schwarz3509@example.com,Stuttgart,Germany,2024-08-28,Premium
3510,Sarah,Richter,sarah.richter3510@example.com,Essen,Germany,2023-03-21,Standard
3511,Hannah,Bauer,hannah.bauer3511@example.com,Bremen,Germany,2024-07-04,Standard
3512,Hannah,Braun,hannah.braun3512@example.com,Hamburg,Germany,2023-01-26,Standard
3513,Lukas,Zimmermann,lukas.zimmermann3513@example.com,Nuremberg,Germany,2024-10-19,Business
3514,Hannah,Meyer,hannah.meyer3514@example.com,Leipzig,Germany,2025-06-27,Premium
3515,Anna,Wolf,anna.wolf3515@example.com,Leipzig,Germany,2023-01-19,Premium
3516,Max,Bauer,max.bauer3516@example.com,Bremen,Germany,2025-09-10,Business
3517,Finn,Wagner,finn.wagner3517@example.com,Berlin,Germany,2025-04-16,Standard
3518,Sarah,Schneider,sarah.schneider3518@example.com,Duisburg,Germany,2024-07-20,Standard
3519,Niklas,Schwarz,niklas.schwarz3519@example.com,Hamburg,Germany,2024-10-05,Standard
3520,Marie,Meyer,marie.meyer3520@example.com,Hanover,Germany,2024-06-12,Standard
3521,Hannah,Schulz,hannah.schulz3521@example.com,Munich,Germany,2025-10-10,Standard
3522,Leon,Meyer,leon.meyer3522@example.com,Nuremberg,Germany,2023-10-28,Standard
3523,Niklas,Schmidt,niklas.schmidt3523@example.com,Hamburg,Germany,2024-04-21,Standard
3524,Lea,Schmidt,lea.schmidt3524@example.com,Bremen,Germany,2024-01-13,Standard
3525,Julia,Wolf,julia.wolf3525@example.com,Berlin,Germany,2024-10-11,Standard
3526,Finn,Becker,finn.becker3526@example.com,Dresden,Germany,2023-05-05,Standard
3527,Hannah,Schulz,hannah.schulz3527@example.com,Bremen,Germany,2023-02-03,Business
3528,Felix,Schwarz,felix.schwarz3528@example.com,Essen,Germany,2023-04-02,Premium
3529,Leon,Bauer,leon.bauer3529@example.com,Hamburg,Germany,2023-08-12,Business
3530,Julia,Wolf,julia.wolf3530@example.com,Dortmund,Germany,2023-08-20,Standard
3531,Lena,Becker,lena.becker3531@example.com,Stuttgart,Germany,2024-02-22,Standard
3532,Sarah,Bauer,sarah.bauer3532@example.com,Hamburg,Germany,2025-05-01,Premium
3533,Lea,Klein,lea.klein3533@example.com,Munich,Germany,2024-08-02,Standard
3534,Anna,Koch,anna.koch3534@example.com,Stuttgart,Germany,2025-01-07,Standard
3535,Jonas,Bauer,jonas.bauer3535@example.com,Frankfurt,Germany,2025-08-21,Standard
3536,Niklas,Mueller,niklas.mueller3536@example.com,Stuttgart,Germany,2023-11-25,Standard
3537,Max,Hoffmann,max.hoffmann3537@example.com,Duisburg,Germany,2023-11-04,Standard
3538,Sarah,Mueller,sarah.mueller3538@example.com,Essen,Germany,2023-08-06,Standard
3539,Emma,Koch,emma.koch3539@example.com,Dresden,Germany,2025-11-12,Premium
3540,Clara,Neumann,clara.neumann3540@example.com,Cologne,Germany,2024-12-05,Standard
3541,Laura,Zimmermann,laura.zimmermann3541@example.com,Bremen,Germany,2023-03-08,Standard
3542,Tom,Weber,tom.weber3542@example.com,Hanover,Germany,2025-02-19,Premium
3543,Lea,Schneider,lea.schneider3543@example.com,Duisburg,Germany,2023-06-08,Standard
3544,Leon,Zimmermann,leon.zimmermann3544@example.com,Essen,Germany,2025-10-28,Standard
3545,Lea,Schwarz,lea.schwarz3545@example.com,Dortmund,Germany,2025-05-06,Premium
3546,Tom,Fischer,tom.fischer3546@example.com,Hanover,Germany,2025-12-16,Standard
3547,Max,Braun,max.braun3547@example.com,Bremen,Germany,2025-08-25,Standard
3548,Julia,Neumann,julia.neumann3548@example.com,Stuttgart,Germany,2025-06-22,Standard
3549,Hannah,Wagner,hannah.wagner3549@example.com,Duisburg,Germany,2024-08-23,Standard
3550,Leon,Koch,leon.koch3550@example.com,Hanover,Germany,2024-05-12,Standard
3551,Clara,Bauer,clara.bauer3551@example.com,Leipzig,Germany,2024-04-17,Premium
3552,Sophie,Fischer,sophie.fischer3552@example.com,Leipzig,Germany,2024-05-08,Standard
3553,Tom,Klein,tom.klein3553@example.com,Hamburg,Germany,2025-01-11,Standard
3554,Felix,Schwarz,felix.schwarz3554@example.com,Hamburg,Germany,2025-11-01,Standard
3555,Felix,Schroeder,felix.schroeder3555@example.com,Leipzig,Germany,2024-04-16,Standard
3556,Jonas,Becker,jonas.becker3556@example.com,Duisburg,Germany,2023-09-14,Standard
3557,Finn,Becker,finn.becker3557@example.com,Bremen,Germany,2025-04-14,Standard
3558,Sarah,Weber,sarah.weber3558@example.com,Hanover,Germany,2024-06-17,Standard
3559,Lukas,Koch,lukas.koch3559@example.com,Hamburg,Germany,2024-10-04,Standard
3560,Lena,Klein,lena.klein3560@example.com,Dortmund,Germany,2025-05-12,Standard
3561,Mia,Zimmermann,mia.zimmermann3561@example.com,Bremen,Germany,2025-10-09,Standard
3562,Clara,Wagner,clara.wagner3562@example.com,Duisburg,Germany,2024-01-04,Premium
3563,Marie,Mueller,marie.mueller3563@example.com,Hamburg,Germany,2023-12-08,Standard
3564,Jonas,Schulz,jonas.schulz3564@example.com,Dresden,Germany,2025-08-20,Standard
3565,Paul,Weber,paul.weber3565@example.com,Nuremberg,Germany,2023-03-11,Standard
3566,Jonas,Mueller,jonas.mueller3566@example.com,Hamburg,Germany,2023-12-08,Premium
3567,Mia,Neumann,mia.neumann3567@example.com,Duisburg,Germany,2025-12-20,Standard
3568,Laura,Klein,laura.klein3568@example.com,Munich,Germany,2024-12-26,Premium
3569,Laura,Schwarz,laura.schwarz3569@example.com,Dresden,Germany,2024-05-09,Premium
3570,Lukas,Fischer,lukas.fischer3570@example.com,Duisburg,Germany,2024-11-20,Premium
3571,Sophie,Zimmermann,sophie.zimmermann3571@example.com,Dresden,Germany,2023-08-09,Standard
3572,Max,Schneider,max.schneider3572@example.com,Leipzig,Germany,2024-12-27,Standard
3573,Jonas,Wolf,jonas.wolf3573@example.com,Frankfurt,Germany,2025-06-11,Premium
3574,Clara,Schroeder,clara.schroeder3574@example.com,Dresden,Germany,2023-10-03,Business
3575,Ben,Zimmermann,ben.zimmermann3575@example.com,Hamburg,Germany,2025-11-09,Premium
3576,Mia,Mueller,mia.mueller3576@example.com,Bremen,Germany,2025-01-27,Standard
3577,Lea,Wolf,lea.wolf3577@example.com,Stuttgart,Germany,2025-02-15,Standard
3578,Marie,Meyer,marie.meyer3578@example.com,Dresden,Germany,2025-11-07,Standard
3579,Sarah,Schulz,sarah.schulz3579@example.com,Cologne,Germany,2023-07-18,Premium
3580,Lukas,Schroeder,lukas.schroeder3580@example.com,Berlin,Germany,2024-11-29,Standard
3581,Sarah,Neumann,sarah.neumann3581@example.com,Essen,Germany,2025-12-11,Standard
3582,Julia,Klein,julia.klein3582@example.com,Stuttgart,Germany,2024-08-07,Premium
3583,Laura,Koch,laura.koch3583@example.com,Munich,Germany,2024-01-01,Standard
3584,Max,Wagner,max.wagner3584@example.com,Dortmund,Germany,2025-05-31,Premium
3585,Hannah,Zimmermann,hannah.zimmermann3585@example.com,Hamburg,Germany,2024-10-05,Standard
3586,Felix,Hoffmann,felix.hoffmann3586@example.com,Hamburg,Germany,2023-12-06,Standard
3587,Lukas,Schulz,lukas.schulz3587@example.com,Leipzig,Germany,2025-09-23,Standard
3588,Leon,Meyer,leon.meyer3588@example.com,Duisburg,Germany,2024-08-13,Premium
3589,Hannah,Braun,hannah.braun3589@example.com,Duisburg,Germany,2023-08-06,Standard
3590,Leon,Schulz,leon.schulz3590@example.com,Hamburg,Germany,2023-10-16,Standard
3591,Emma,Schwarz,emma.schwarz3591@example.com,Hanover,Germany,2025-11-07,Business
3592,Ben,Mueller,ben.mueller3592@example.com,Duisburg,Germany,2023-03-23,Standard
3593,Finn,Schwarz,finn.schwarz3593@example.com,Berlin,Germany,2024-02-04,Standard
3594,Tim,Mueller,tim.mueller3594@example.com,Cologne,Germany,2025-01-26,Standard
3595,Lukas,Zimmermann,lukas.zimmermann3595@example.com,Dresden,Germany,2025-05-23,Standard
3596,Marie,Neumann,marie.neumann3596@example.com,Nuremberg,Germany,2023-09-16,Standard
3597,Marie,Hoffmann,marie.hoffmann3597@example.com,Dresden,Germany,2023-08-13,Standard
3598,Nina,Fischer,nina.fischer3598@example.com,Duisburg,Germany,2025-06-29,Standard
3599,Jonas,Schroeder,jonas.schroeder3599@example.com,Hamburg,Germany,2024-06-22,Standard
3600,Mia,Schulz,mia.schulz3600@example.com,Stuttgart,Germany,2023-08-27,Premium
3601,Lena,Becker,lena.becker3601@example.com,Stuttgart,Germany,2023-06-02,Standard
3602,Ben,Neumann,ben.neumann3602@example.com,Frankfurt,Germany,2024-11-17,Standard
3603,Marie,Neumann,marie.neumann3603@example.com,Dresden,Germany,2023-06-01,Standard
3604,Nina,Koch,nina.koch3604@example.com,Duesseldorf,Germany,2023-03-20,Standard
3605,Paul,Neumann,paul.neumann3605@example.com,Cologne,Germany,2024-10-12,Standard
3606,Finn,Schmidt,finn.schmidt3606@example.com,Cologne,Germany,2023-01-17,Standard
3607,Mia,Zimmermann,mia.zimmermann3607@example.com,Nuremberg,Germany,2025-02-09,Premium
3608,Leon,Wagner,leon.wagner3608@example.com,Leipzig,Germany,2024-06-27,Standard
3609,Mia,Schroeder,mia.schroeder3609@example.com,Dresden,Germany,2024-01-19,Business
3610,Tim,Hoffmann,tim.hoffmann3610@example.com,Cologne,Germany,2023-09-27,Business
3611,Lea,Schneider,lea.schneider3611@example.com,Nuremberg,Germany,2025-11-23,Standard
3612,Tom,Wagner,tom.wagner3612@example.com,Duesseldorf,Germany,2023-01-07,Standard
3613,Lena,Schroeder,lena.schroeder3613@example.com,Dresden,Germany,2024-03-03,Standard
3614,Ben,Schmidt,ben.schmidt3614@example.com,Dresden,Germany,2025-05-06,Premium
3615,Hannah,Braun,hannah.braun3615@example.com,Bremen,Germany,2025-02-17,Standard
3616,Sarah,Becker,sarah.becker3616@example.com,Leipzig,Germany,2024-12-15,Standard
3617,Julia,Meyer,julia.meyer3617@example.com,Nuremberg,Germany,2024-09-06,Standard
3618,Leon,Hoffmann,leon.hoffmann3618@example.com,Leipzig,Germany,2025-09-20,Premium
3619,Lea,Richter,lea.richter3619@example.com,Dortmund,Germany,2025-01-01,Premium
3620,Tim,Hoffmann,tim.hoffmann3620@example.com,Cologne,Germany,2023-07-17,Standard
3621,Paul,Hoffmann,paul.hoffmann3621@example.com,Leipzig,Germany,2025-05-09,Premium
3622,Sophie,Becker,sophie.becker3622@example.com,Hamburg,Germany,2025-05-20,Standard
3623,Ben,Wolf,ben.wolf3623@example.com,Bremen,Germany,2024-10-15,Standard
3624,Paul,Bauer,paul.bauer3624@example.com,Dresden,Germany,2025-03-26,Premium
3625,Mia,Schroeder,mia.schroeder3625@example.com,Essen,Germany,2025-09-28,Standard
3626,Jonas,Becker,jonas.becker3626@example.com,Frankfurt,Germany,2023-03-01,Standard
3627,Hannah,Neumann,hannah.neumann3627@example.com,Duisburg,Germany,2024-03-16,Standard
3628,Jonas,Schmidt,jonas.schmidt3628@example.com,Frankfurt,Germany,2024-10-23,Premium
3629,David,Koch,david.koch3629@example.com,Duesseldorf,Germany,2025-04-22,Premium
3630,Marie,Klein,marie.klein3630@example.com,Frankfurt,Germany,2025-03-27,Standard
3631,Max,Schulz,max.schulz3631@example.com,Dresden,Germany,2025-09-21,Premium
3632,Leon,Koch,leon.koch3632@example.com,Frankfurt,Germany,2023-04-04,Standard
3633,Marie,Klein,marie.klein3633@example.com,Essen,Germany,2024-03-29,Standard
3634,Ben,Schwarz,ben.schwarz3634@example.com,Hanover,Germany,2024-02-27,Standard
3635,Lea,Fischer,lea.fischer3635@example.com,Munich,Germany,2024-11-06,Standard
3636,Niklas,Schwarz,niklas.schwarz3636@example.com,Dresden,Germany,2023-02-10,Standard
3637,Anna,Richter,anna.richter3637@example.com,Hanover,Germany,2023-07-04,Business
3638,Nina,Koch,nina.koch3638@example.com,Hanover,Germany,2024-12-23,Standard
3639,Clara,Schwarz,clara.schwarz3639@example.com,Bremen,Germany,2023-05-10,Standard
3640,Max,Neumann,max.neumann3640@example.com,Stuttgart,Germany,2024-03-07,Standard
3641,Finn,Wagner,finn.wagner3641@example.com,Nuremberg,Germany,2023-11-18,Standard
3642,Finn,Richter,finn.richter3642@example.com,Frankfurt,Germany,2024-04-14,Business
3643,Ben,Bauer,ben.bauer3643@example.com,Duesseldorf,Germany,2024-11-09,Standard
3644,Emma,Schwarz,emma.schwarz3644@example.com,Berlin,Germany,2024-05-24,Standard
3645,Max,Mueller,max.mueller3645@example.com,Hamburg,Germany,2025-12-14,Premium
3646,Julia,Richter,julia.richter3646@example.com,Berlin,Germany,2025-09-20,Standard
3647,Ben,Hoffmann,ben.hoffmann3647@example.com,Berlin,Germany,2024-09-09,Standard
3648,Leon,Becker,leon.becker3648@example.com,Frankfurt,Germany,2023-03-11,Standard
3649,Tom,Fischer,tom.fischer3649@example.com,Bremen,Germany,2025-02-12,Standard
3650,Laura,Weber,laura.weber3650@example.com,Nuremberg,Germany,2024-07-06,Business
3651,Lena,Schneider,lena.schneider3651@example.com,Dortmund,Germany,2023-06-01,Premium
3652,Tom,Klein,tom.klein3652@example.com,Berlin,Germany,2023-02-11,Standard
3653,Tom,Schwarz,tom.schwarz3653@example.com,Hamburg,Germany,2023-11-07,Premium
3654,Tom,Zimmermann,tom.zimmermann3654@example.com,Cologne,Germany,2025-03-12,Standard
3655,Niklas,Hoffmann,niklas.hoffmann3655@example.com,Duesseldorf,Germany,2024-10-24,Standard
3656,Julia,Mueller,julia.mueller3656@example.com,Frankfurt,Germany,2024-09-10,Standard
3657,Marie,Wagner,marie.wagner3657@example.com,Frankfurt,Germany,2023-07-24,Standard
3658,Lea,Zimmermann,lea.zimmermann3658@example.com,Duesseldorf,Germany,2025-08-23,Standard
3659,Lukas,Klein,lukas.klein3659@example.com,Cologne,Germany,2023-07-10,Standard
3660,Jonas,Schwarz,jonas.schwarz3660@example.com,Leipzig,Germany,2024-07-24,Business
3661,Lukas,Schwarz,lukas.schwarz3661@example.com,Cologne,Germany,2025-11-03,Standard
3662,Laura,Mueller,laura.mueller3662@example.com,Dresden,Germany,2025-10-14,Standard
3663,Laura,Bauer,laura.bauer3663@example.com,Leipzig,Germany,2023-08-10,Standard
3664,Leon,Zimmermann,leon.zimmermann3664@example.com,Duesseldorf,Germany,2023-02-20,Standard
3665,Clara,Becker,clara.becker3665@example.com,Stuttgart,Germany,2025-07-04,Standard
3666,Tim,Zimmermann,tim.zimmermann3666@example.com,Bremen,Germany,2023-08-12,Standard
3667,Lukas,Koch,lukas.koch3667@example.com,Hanover,Germany,2023-10-22,Premium
3668,Lea,Schneider,lea.schneider3668@example.com,Dortmund,Germany,2023-07-15,Standard
3669,Ben,Wagner,ben.wagner3669@example.com,Essen,Germany,2025-09-30,Standard
3670,Leon,Schneider,leon.schneider3670@example.com,Duesseldorf,Germany,2023-10-17,Standard
3671,Niklas,Schroeder,niklas.schroeder3671@example.com,Dresden,Germany,2025-12-07,Standard
3672,Sarah,Becker,sarah.becker3672@example.com,Hanover,Germany,2023-05-01,Standard
3673,Tim,Schulz,tim.schulz3673@example.com,Frankfurt,Germany,2025-04-23,Premium
3674,Tom,Koch,tom.koch3674@example.com,Berlin,Germany,2023-11-05,Standard
3675,Sophie,Zimmermann,sophie.zimmermann3675@example.com,Nuremberg,Germany,2025-04-12,Standard
3676,Anna,Schulz,anna.schulz3676@example.com,Hanover,Germany,2024-03-04,Standard
3677,Finn,Schroeder,finn.schroeder3677@example.com,Stuttgart,Germany,2025-10-20,Standard
3678,Lea,Becker,lea.becker3678@example.com,Leipzig,Germany,2024-10-21,Standard
3679,Nina,Schroeder,nina.schroeder3679@example.com,Dortmund,Germany,2025-11-19,Premium
3680,Tom,Schneider,tom.schneider3680@example.com,Duesseldorf,Germany,2023-08-04,Standard
3681,Nina,Schneider,nina.schneider3681@example.com,Munich,Germany,2025-02-08,Premium
3682,Clara,Mueller,clara.mueller3682@example.com,Dortmund,Germany,2023-11-28,Standard
3683,Tom,Fischer,tom.fischer3683@example.com,Cologne,Germany,2023-12-07,Premium
3684,Marie,Fischer,marie.fischer3684@example.com,Duisburg,Germany,2023-03-21,Standard
3685,Jonas,Schroeder,jonas.schroeder3685@example.com,Bremen,Germany,2023-12-16,Premium
3686,Julia,Schroeder,julia.schroeder3686@example.com,Dresden,Germany,2023-10-14,Standard
3687,Finn,Klein,finn.klein3687@example.com,Berlin,Germany,2025-03-28,Business
3688,Lukas,Fischer,lukas.fischer3688@example.com,Frankfurt,Germany,2025-06-10,Standard
3689,Tom,Schulz,tom.schulz3689@example.com,Stuttgart,Germany,2025-12-06,Standard
3690,Niklas,Bauer,niklas.bauer3690@example.com,Munich,Germany,2023-12-06,Standard
3691,Lukas,Neumann,lukas.neumann3691@example.com,Hanover,Germany,2024-02-23,Premium
3692,Niklas,Bauer,niklas.bauer3692@example.com,Essen,Germany,2025-11-29,Standard
3693,Hannah,Schroeder,hannah.schroeder3693@example.com,Cologne,Germany,2025-08-05,Premium
3694,Sophie,Weber,sophie.weber3694@example.com,Dortmund,Germany,2023-12-03,Standard
3695,Nina,Schroeder,nina.schroeder3695@example.com,Stuttgart,Germany,2023-01-21,Standard
3696,Jonas,Meyer,jonas.meyer3696@example.com,Leipzig,Germany,2023-11-04,Standard
3697,Lena,Mueller,lena.mueller3697@example.com,Dresden,Germany,2024-09-30,Business
3698,Emma,Wagner,emma.wagner3698@example.com,Dortmund,Germany,2023-07-12,Premium
3699,Marie,Koch,marie.koch3699@example.com,Berlin,Germany,2023-07-13,Business
3700,Niklas,Wolf,niklas.wolf3700@example.com,Hamburg,Germany,2023-11-17,Standard
3701,Felix,Schwarz,felix.schwarz3701@example.com,Stuttgart,Germany,2024-04-07,Standard
3702,Lea,Mueller,lea.mueller3702@example.com,Frankfurt,Germany,2024-01-30,Premium
3703,Lukas,Klein,lukas.klein3703@example.com,Stuttgart,Germany,2024-09-18,Standard
3704,Niklas,Richter,niklas.richter3704@example.com,Dortmund,Germany,2024-06-05,Premium
3705,Finn,Wagner,finn.wagner3705@example.com,Essen,Germany,2023-06-08,Business
3706,Mia,Fischer,mia.fischer3706@example.com,Frankfurt,Germany,2024-03-19,Premium
3707,Ben,Schulz,ben.schulz3707@example.com,Munich,Germany,2023-07-29,Premium
3708,Julia,Zimmermann,julia.zimmermann3708@example.com,Stuttgart,Germany,2025-02-23,Standard
3709,Sarah,Zimmermann,sarah.zimmermann3709@example.com,Hanover,Germany,2024-07-21,Standard
3710,Tom,Braun,tom.braun3710@example.com,Cologne,Germany,2025-08-27,Business
3711,Ben,Mueller,ben.mueller3711@example.com,Cologne,Germany,2024-04-19,Standard
3712,Lena,Braun,lena.braun3712@example.com,Munich,Germany,2023-10-28,Premium
3713,Ben,Schroeder,ben.schroeder3713@example.com,Stuttgart,Germany,2023-01-01,Premium
3714,Lena,Schmidt,lena.schmidt3714@example.com,Dortmund,Germany,2023-10-08,Standard
3715,Marie,Klein,marie.klein3715@example.com,Stuttgart,Germany,2025-08-24,Business
3716,Lukas,Neumann,lukas.neumann3716@example.com,Cologne,Germany,2023-08-29,Standard
3717,Finn,Richter,finn.richter3717@example.com,Hanover,Germany,2025-02-11,Standard
3718,Laura,Schroeder,laura.schroeder3718@example.com,Frankfurt,Germany,2024-12-28,Standard
3719,Julia,Koch,julia.koch3719@example.com,Hamburg,Germany,2025-12-22,Standard
3720,Niklas,Wagner,niklas.wagner3720@example.com,Bremen,Germany,2023-12-07,Standard
3721,Hannah,Weber,hannah.weber3721@example.com,Dortmund,Germany,2025-06-14,Standard
3722,Marie,Schroeder,marie.schroeder3722@example.com,Bremen,Germany,2024-05-28,Premium
3723,Paul,Schwarz,paul.schwarz3723@example.com,Bremen,Germany,2025-06-10,Business
3724,Felix,Meyer,felix.meyer3724@example.com,Nuremberg,Germany,2023-02-21,Standard
3725,Felix,Wolf,felix.wolf3725@example.com,Dresden,Germany,2024-12-09,Standard
3726,Jonas,Wagner,jonas.wagner3726@example.com,Duesseldorf,Germany,2024-01-27,Business
3727,Felix,Meyer,felix.meyer3727@example.com,Cologne,Germany,2023-01-22,Standard
3728,Marie,Bauer,marie.bauer3728@example.com,Cologne,Germany,2025-12-13,Standard
3729,Anna,Zimmermann,anna.zimmermann3729@example.com,Stuttgart,Germany,2024-09-27,Standard
3730,Paul,Bauer,paul.bauer3730@example.com,Dortmund,Germany,2024-06-03,Standard
3731,Anna,Braun,anna.braun3731@example.com,Berlin,Germany,2024-07-13,Standard
3732,Lea,Schulz,lea.schulz3732@example.com,Duesseldorf,Germany,2025-09-07,Business
3733,Max,Schulz,max.schulz3733@example.com,Bremen,Germany,2024-07-15,Standard
3734,Max,Zimmermann,max.zimmermann3734@example.com,Nuremberg,Germany,2023-03-04,Standard
3735,Nina,Schroeder,nina.schroeder3735@example.com,Leipzig,Germany,2025-07-19,Standard
3736,Ben,Schroeder,ben.schroeder3736@example.com,Berlin,Germany,2023-08-01,Standard
3737,Felix,Mueller,felix.mueller3737@example.com,Dresden,Germany,2023-11-10,Premium
3738,Tom,Meyer,tom.meyer3738@example.com,Hamburg,Germany,2023-09-27,Premium
3739,Jonas,Fischer,jonas.fischer3739@example.com,Leipzig,Germany,2023-04-25,Premium
3740,Lea,Schmidt,lea.schmidt3740@example.com,Hamburg,Germany,2024-10-05,Standard
3741,Finn,Schulz,finn.schulz3741@example.com,Bremen,Germany,2024-02-02,Business
3742,Niklas,Mueller,niklas.mueller3742@example.com,Nuremberg,Germany,2024-11-12,Premium
3743,David,Koch,david.koch3743@example.com,Duisburg,Germany,2023-12-13,Premium
3744,Sarah,Bauer,sarah.bauer3744@example.com,Berlin,Germany,2025-11-23,Standard
3745,David,Richter,david.richter3745@example.com,Nuremberg,Germany,2025-05-02,Standard
3746,David,Schmidt,david.schmidt3746@example.com,Cologne,Germany,2023-05-14,Standard
3747,Clara,Neumann,clara.neumann3747@example.com,Dresden,Germany,2023-10-30,Premium
3748,Hannah,Schneider,hannah.schneider3748@example.com,Leipzig,Germany,2023-12-20,Standard
3749,Max,Schulz,max.schulz3749@example.com,Dresden,Germany,2024-02-11,Standard
3750,Julia,Klein,julia.klein3750@example.com,Bremen,Germany,2023-12-21,Premium
3751,Tom,Mueller,tom.mueller3751@example.com,Frankfurt,Germany,2024-09-29,Premium
3752,Finn,Bauer,finn.bauer3752@example.com,Stuttgart,Germany,2023-08-30,Business
3753,Marie,Zimmermann,marie.zimmermann3753@example.com,Essen,Germany,2023-06-26,Standard
3754,Marie,Schneider,marie.schneider3754@example.com,Duisburg,Germany,2023-08-27,Premium
3755,Lena,Meyer,lena.meyer3755@example.com,Munich,Germany,2023-06-26,Standard
3756,Sophie,Zimmermann,sophie.zimmermann3756@example.com,Hanover,Germany,2023-02-11,Standard
3757,Ben,Mueller,ben.mueller3757@example.com,Bremen,Germany,2024-03-21,Standard
3758,Felix,Wolf,felix.wolf3758@example.com,Duisburg,Germany,2023-06-16,Standard
3759,Tom,Becker,tom.becker3759@example.com,Nuremberg,Germany,2024-09-22,Standard
3760,David,Wagner,david.wagner3760@example.com,Frankfurt,Germany,2023-09-29,Premium
3761,Max,Richter,max.richter3761@example.com,Munich,Germany,2024-08-10,Standard
3762,Hannah,Weber,hannah.weber3762@example.com,Duesseldorf,Germany,2024-10-08,Premium
3763,Leon,Wagner,leon.wagner3763@example.com,Duisburg,Germany,2024-07-12,Standard
3764,Emma,Meyer,emma.meyer3764@example.com,Frankfurt,Germany,2024-08-27,Standard
3765,Nina,Wolf,nina.wolf3765@example.com,Hamburg,Germany,2024-06-25,Standard
3766,Tim,Bauer,tim.bauer3766@example.com,Stuttgart,Germany,2025-01-14,Standard
3767,Clara,Neumann,clara.neumann3767@example.com,Nuremberg,Germany,2025-07-09,Standard
3768,Lea,Meyer,lea.meyer3768@example.com,Nuremberg,Germany,2023-03-17,Standard
3769,Sarah,Richter,sarah.richter3769@example.com,Dortmund,Germany,2023-11-15,Standard
3770,Sarah,Wagner,sarah.wagner3770@example.com,Stuttgart,Germany,2025-06-07,Standard
3771,Lea,Hoffmann,lea.hoffmann3771@example.com,Stuttgart,Germany,2024-02-29,Standard
3772,Nina,Neumann,nina.neumann3772@example.com,Hamburg,Germany,2024-07-04,Business
3773,Julia,Wagner,julia.wagner3773@example.com,Cologne,Germany,2024-06-12,Standard
3774,Marie,Schulz,marie.schulz3774@example.com,Duisburg,Germany,2023-03-06,Premium
3775,Paul,Neumann,paul.neumann3775@example.com,Leipzig,Germany,2024-01-17,Premium
3776,Mia,Wolf,mia.wolf3776@example.com,Stuttgart,Germany,2024-10-23,Business
3777,Sarah,Richter,sarah.richter3777@example.com,Stuttgart,Germany,2023-03-11,Premium
3778,Nina,Fischer,nina.fischer3778@example.com,Nuremberg,Germany,2025-01-04,Standard
3779,Anna,Meyer,anna.meyer3779@example.com,Leipzig,Germany,2025-05-13,Premium
3780,Sophie,Koch,sophie.koch3780@example.com,Munich,Germany,2023-07-25,Premium
3781,Felix,Hoffmann,felix.hoffmann3781@example.com,Leipzig,Germany,2023-11-30,Standard
3782,Finn,Meyer,finn.meyer3782@example.com,Leipzig,Germany,2023-02-14,Standard
3783,Niklas,Wolf,niklas.wolf3783@example.com,Dresden,Germany,2025-06-09,Standard
3784,Laura,Schroeder,laura.schroeder3784@example.com,Frankfurt,Germany,2024-05-13,Premium
3785,Tom,Bauer,tom.bauer3785@example.com,Leipzig,Germany,2024-11-22,Premium
3786,David,Richter,david.richter3786@example.com,Berlin,Germany,2024-09-06,Standard
3787,Leon,Neumann,leon.neumann3787@example.com,Duesseldorf,Germany,2023-08-09,Standard
3788,Jonas,Schulz,jonas.schulz3788@example.com,Essen,Germany,2025-03-31,Standard
3789,Anna,Meyer,anna.meyer3789@example.com,Munich,Germany,2025-11-14,Standard
3790,Lukas,Braun,lukas.braun3790@example.com,Cologne,Germany,2025-12-09,Business
3791,Sarah,Weber,sarah.weber3791@example.com,Bremen,Germany,2023-09-24,Standard
3792,Sophie,Schmidt,sophie.schmidt3792@example.com,Frankfurt,Germany,2023-07-05,Standard
3793,Clara,Weber,clara.weber3793@example.com,Leipzig,Germany,2024-12-09,Standard
3794,Laura,Meyer,laura.meyer3794@example.com,Berlin,Germany,2025-08-01,Premium
3795,David,Weber,david.weber3795@example.com,Duisburg,Germany,2024-02-15,Standard
3796,Ben,Hoffmann,ben.hoffmann3796@example.com,Hamburg,Germany,2024-09-21,Premium
3797,Ben,Becker,ben.becker3797@example.com,Duesseldorf,Germany,2024-02-21,Standard
3798,Lena,Becker,lena.becker3798@example.com,Bremen,Germany,2023-11-12,Standard
3799,Finn,Bauer,finn.bauer3799@example.com,Leipzig,Germany,2023-01-11,Standard
3800,Ben,Bauer,ben.bauer3800@example.com,Leipzig,Germany,2023-07-24,Standard
3801,Finn,Richter,finn.richter3801@example.com,Duisburg,Germany,2024-03-11,Standard
3802,Tim,Richter,tim.richter3802@example.com,Dresden,Germany,2025-08-07,Business
3803,Leon,Fischer,leon.fischer3803@example.com,Munich,Germany,2025-03-04,Premium
3804,Sophie,Weber,sophie.weber3804@example.com,Hanover,Germany,2025-03-29,Business
3805,Sophie,Hoffmann,sophie.hoffmann3805@example.com,Essen,Germany,2025-05-19,Standard
3806,Laura,Schwarz,laura.schwarz3806@example.com,Stuttgart,Germany,2023-05-27,Business
3807,Tim,Zimmermann,tim.zimmermann3807@example.com,Cologne,Germany,2023-02-25,Standard
3808,Niklas,Meyer,niklas.meyer3808@example.com,Stuttgart,Germany,2024-04-26,Standard
3809,Felix,Koch,felix.koch3809@example.com,Nuremberg,Germany,2025-10-23,Standard
3810,Anna,Braun,anna.braun3810@example.com,Duisburg,Germany,2025-03-26,Standard
3811,Lena,Becker,lena.becker3811@example.com,Leipzig,Germany,2023-10-10,Premium
3812,Emma,Schmidt,emma.schmidt3812@example.com,Frankfurt,Germany,2024-03-08,Standard
3813,Jonas,Schneider,jonas.schneider3813@example.com,Duesseldorf,Germany,2024-11-26,Standard
3814,Lea,Meyer,lea.meyer3814@example.com,Munich,Germany,2025-05-21,Standard
3815,Lukas,Hoffmann,lukas.hoffmann3815@example.com,Bremen,Germany,2025-03-03,Standard
3816,Tim,Schmidt,tim.schmidt3816@example.com,Duesseldorf,Germany,2024-06-18,Standard
3817,Ben,Meyer,ben.meyer3817@example.com,Bremen,Germany,2025-03-26,Standard
3818,Julia,Fischer,julia.fischer3818@example.com,Hanover,Germany,2025-08-10,Premium
3819,Lena,Bauer,lena.bauer3819@example.com,Bremen,Germany,2023-07-27,Premium
3820,Laura,Mueller,laura.mueller3820@example.com,Stuttgart,Germany,2023-11-26,Standard
3821,Mia,Zimmermann,mia.zimmermann3821@example.com,Duesseldorf,Germany,2025-11-04,Standard
3822,David,Wolf,david.wolf3822@example.com,Leipzig,Germany,2023-01-24,Standard
3823,Lea,Richter,lea.richter3823@example.com,Hanover,Germany,2025-05-15,Premium
3824,Max,Hoffmann,max.hoffmann3824@example.com,Frankfurt,Germany,2025-05-20,Standard
3825,Tom,Fischer,tom.fischer3825@example.com,Dortmund,Germany,2025-07-11,Standard
3826,Felix,Schroeder,felix.schroeder3826@example.com,Nuremberg,Germany,2024-11-17,Standard
3827,Finn,Bauer,finn.bauer3827@example.com,Hanover,Germany,2023-08-17,Standard
3828,Ben,Klein,ben.klein3828@example.com,Hanover,Germany,2025-12-24,Standard
3829,Laura,Schneider,laura.schneider3829@example.com,Berlin,Germany,2023-11-04,Premium
3830,Sophie,Zimmermann,sophie.zimmermann3830@example.com,Cologne,Germany,2024-06-12,Standard
3831,Julia,Braun,julia.braun3831@example.com,Duesseldorf,Germany,2025-07-20,Standard
3832,Max,Wolf,max.wolf3832@example.com,Berlin,Germany,2024-07-30,Premium
3833,Paul,Schroeder,paul.schroeder3833@example.com,Stuttgart,Germany,2025-07-31,Premium
3834,Max,Braun,max.braun3834@example.com,Frankfurt,Germany,2025-01-26,Standard
3835,Jonas,Koch,jonas.koch3835@example.com,Hanover,Germany,2024-08-29,Standard
3836,Anna,Schwarz,anna.schwarz3836@example.com,Munich,Germany,2024-07-01,Standard
3837,Lukas,Bauer,lukas.bauer3837@example.com,Berlin,Germany,2025-05-04,Business
3838,Marie,Koch,marie.koch3838@example.com,Bremen,Germany,2024-09-01,Standard
3839,Max,Braun,max.braun3839@example.com,Stuttgart,Germany,2023-08-17,Business
3840,Tom,Schmidt,tom.schmidt3840@example.com,Dresden,Germany,2025-12-24,Premium
3841,Laura,Becker,laura.becker3841@example.com,Hamburg,Germany,2023-12-25,Standard
3842,Finn,Fischer,finn.fischer3842@example.com,Dresden,Germany,2023-09-16,Standard
3843,Mia,Schroeder,mia.schroeder3843@example.com,Duisburg,Germany,2025-06-01,Standard
3844,Hannah,Bauer,hannah.bauer3844@example.com,Dresden,Germany,2025-07-27,Standard
3845,Niklas,Becker,niklas.becker3845@example.com,Essen,Germany,2025-12-08,Standard
3846,Marie,Schmidt,marie.schmidt3846@example.com,Stuttgart,Germany,2023-06-06,Premium
3847,Felix,Schmidt,felix.schmidt3847@example.com,Essen,Germany,2023-10-28,Business
3848,Tom,Fischer,tom.fischer3848@example.com,Dortmund,Germany,2025-02-21,Standard
3849,Tom,Schneider,tom.schneider3849@example.com,Duisburg,Germany,2024-11-22,Premium
3850,Lea,Hoffmann,lea.hoffmann3850@example.com,Duesseldorf,Germany,2025-05-15,Standard
3851,Anna,Meyer,anna.meyer3851@example.com,Dresden,Germany,2024-06-10,Standard
3852,Lea,Schneider,lea.schneider3852@example.com,Hamburg,Germany,2025-06-06,Standard
3853,Emma,Zimmermann,emma.zimmermann3853@example.com,Frankfurt,Germany,2024-06-18,Standard
3854,Niklas,Neumann,niklas.neumann3854@example.com,Dresden,Germany,2024-05-14,Business
3855,Max,Bauer,max.bauer3855@example.com,Cologne,Germany,2025-08-26,Premium
3856,Clara,Klein,clara.klein3856@example.com,Dresden,Germany,2024-07-16,Standard
3857,Nina,Meyer,nina.meyer3857@example.com,Dortmund,Germany,2024-07-20,Standard
3858,David,Schmidt,david.schmidt3858@example.com,Duisburg,Germany,2025-03-27,Standard
3859,Ben,Hoffmann,ben.hoffmann3859@example.com,Berlin,Germany,2024-07-12,Standard
3860,Jonas,Wagner,jonas.wagner3860@example.com,Hanover,Germany,2023-02-08,Premium
3861,Jonas,Weber,jonas.weber3861@example.com,Frankfurt,Germany,2024-07-16,Premium
3862,Marie,Braun,marie.braun3862@example.com,Hamburg,Germany,2024-10-13,Standard
3863,Leon,Becker,leon.becker3863@example.com,Dresden,Germany,2023-02-07,Standard
3864,Sophie,Becker,sophie.becker3864@example.com,Essen,Germany,2023-05-11,Standard
3865,Lukas,Braun,lukas.braun3865@example.com,Essen,Germany,2025-08-01,Standard
3866,Jonas,Braun,jonas.braun3866@example.com,Dortmund,Germany,2024-11-04,Standard
3867,Laura,Schroeder,laura.schroeder3867@example.com,Stuttgart,Germany,2023-01-26,Standard
3868,Sophie,Koch,sophie.koch3868@example.com,Nuremberg,Germany,2024-12-10,Premium
3869,Marie,Weber,marie.weber3869@example.com,Nuremberg,Germany,2025-08-04,Premium
3870,Tom,Schroeder,tom.schroeder3870@example.com,Dortmund,Germany,2024-03-07,Standard
3871,Nina,Meyer,nina.meyer3871@example.com,Frankfurt,Germany,2025-03-09,Standard
3872,Laura,Schmidt,laura.schmidt3872@example.com,Bremen,Germany,2023-06-10,Standard
3873,Tim,Schwarz,tim.schwarz3873@example.com,Hamburg,Germany,2024-12-08,Standard
3874,Emma,Neumann,emma.neumann3874@example.com,Frankfurt,Germany,2025-01-26,Premium
3875,Lukas,Koch,lukas.koch3875@example.com,Bremen,Germany,2025-07-13,Standard
3876,Marie,Mueller,marie.mueller3876@example.com,Essen,Germany,2023-11-16,Standard
3877,Sarah,Meyer,sarah.meyer3877@example.com,Essen,Germany,2024-12-21,Standard
3878,Jonas,Klein,jonas.klein3878@example.com,Hanover,Germany,2023-02-17,Premium
3879,Lukas,Schwarz,lukas.schwarz3879@example.com,Cologne,Germany,2025-10-02,Standard
3880,Laura,Schwarz,laura.schwarz3880@example.com,Duesseldorf,Germany,2023-09-27,Standard
3881,Niklas,Fischer,niklas.fischer3881@example.com,Duesseldorf,Germany,2023-07-18,Standard
3882,Emma,Wagner,emma.wagner3882@example.com,Essen,Germany,2023-08-15,Premium
3883,Lukas,Meyer,lukas.meyer3883@example.com,Hanover,Germany,2023-11-22,Business
3884,Clara,Richter,clara.richter3884@example.com,Stuttgart,Germany,2025-04-16,Standard
3885,Clara,Wagner,clara.wagner3885@example.com,Duisburg,Germany,2025-05-06,Premium
3886,Niklas,Schulz,niklas.schulz3886@example.com,Hanover,Germany,2024-10-16,Business
3887,Felix,Fischer,felix.fischer3887@example.com,Dortmund,Germany,2024-10-12,Business
3888,Finn,Schwarz,finn.schwarz3888@example.com,Cologne,Germany,2025-03-14,Standard
3889,Laura,Schroeder,laura.schroeder3889@example.com,Frankfurt,Germany,2025-08-08,Standard
3890,Marie,Meyer,marie.meyer3890@example.com,Duesseldorf,Germany,2023-12-30,Standard
3891,Lukas,Mueller,lukas.mueller3891@example.com,Nuremberg,Germany,2025-12-26,Premium
3892,Sophie,Wolf,sophie.wolf3892@example.com,Bremen,Germany,2023-12-19,Standard
3893,Paul,Richter,paul.richter3893@example.com,Duesseldorf,Germany,2025-05-06,Premium
3894,Jonas,Wagner,jonas.wagner3894@example.com,Essen,Germany,2023-03-01,Standard
3895,Leon,Weber,leon.weber3895@example.com,Hamburg,Germany,2025-10-27,Premium
3896,Niklas,Zimmermann,niklas.zimmermann3896@example.com,Berlin,Germany,2025-04-17,Premium
3897,Sophie,Braun,sophie.braun3897@example.com,Munich,Germany,2024-05-26,Standard
3898,Sarah,Schroeder,sarah.schroeder3898@example.com,Stuttgart,Germany,2023-07-06,Premium
3899,Anna,Braun,anna.braun3899@example.com,Dortmund,Germany,2025-03-08,Standard
3900,Julia,Wagner,julia.wagner3900@example.com,Leipzig,Germany,2023-11-27,Premium
3901,Felix,Becker,felix.becker3901@example.com,Leipzig,Germany,2023-12-25,Standard
3902,Nina,Wagner,nina.wagner3902@example.com,Munich,Germany,2024-10-22,Standard
3903,Lukas,Schneider,lukas.schneider3903@example.com,Cologne,Germany,2023-03-05,Business
3904,Sarah,Wolf,sarah.wolf3904@example.com,Cologne,Germany,2025-07-29,Standard
3905,David,Braun,david.braun3905@example.com,Cologne,Germany,2025-06-27,Premium
3906,Ben,Wolf,ben.wolf3906@example.com,Bremen,Germany,2025-10-21,Standard
3907,Paul,Braun,paul.braun3907@example.com,Nuremberg,Germany,2024-11-09,Standard
3908,Ben,Becker,ben.becker3908@example.com,Dresden,Germany,2025-08-04,Standard
3909,Lena,Mueller,lena.mueller3909@example.com,Bremen,Germany,2023-03-08,Standard
3910,David,Klein,david.klein3910@example.com,Leipzig,Germany,2025-11-30,Standard
3911,Laura,Schneider,laura.schneider3911@example.com,Frankfurt,Germany,2025-05-04,Standard
3912,Nina,Schwarz,nina.schwarz3912@example.com,Dresden,Germany,2023-09-05,Standard
3913,Clara,Braun,clara.braun3913@example.com,Dresden,Germany,2025-12-29,Standard
3914,Anna,Wolf,anna.wolf3914@example.com,Nuremberg,Germany,2025-09-11,Business
3915,Tom,Schmidt,tom.schmidt3915@example.com,Hanover,Germany,2024-08-22,Business
3916,Laura,Schmidt,laura.schmidt3916@example.com,Duesseldorf,Germany,2025-01-14,Standard
3917,Nina,Neumann,nina.neumann3917@example.com,Duesseldorf,Germany,2025-06-20,Premium
3918,Paul,Fischer,paul.fischer3918@example.com,Nuremberg,Germany,2023-10-26,Standard
3919,Hannah,Zimmermann,hannah.zimmermann3919@example.com,Dresden,Germany,2023-08-17,Premium
3920,Ben,Bauer,ben.bauer3920@example.com,Bremen,Germany,2025-04-25,Premium
3921,Sophie,Weber,sophie.weber3921@example.com,Hanover,Germany,2024-05-12,Business
3922,Tim,Wagner,tim.wagner3922@example.com,Hamburg,Germany,2024-06-25,Standard
3923,Sophie,Schneider,sophie.schneider3923@example.com,Duisburg,Germany,2025-07-27,Premium
3924,Nina,Schroeder,nina.schroeder3924@example.com,Hanover,Germany,2024-05-16,Standard
3925,Hannah,Koch,hannah.koch3925@example.com,Dresden,Germany,2024-08-27,Business
3926,Marie,Koch,marie.koch3926@example.com,Dresden,Germany,2025-07-11,Standard
3927,Hannah,Zimmermann,hannah.zimmermann3927@example.com,Essen,Germany,2024-07-17,Standard
3928,Max,Weber,max.weber3928@example.com,Dortmund,Germany,2023-10-31,Premium
3929,Lukas,Mueller,lukas.mueller3929@example.com,Duisburg,Germany,2024-03-28,Premium
3930,Felix,Zimmermann,felix.zimmermann3930@example.com,Dresden,Germany,2025-01-12,Standard
3931,Lukas,Hoffmann,lukas.hoffmann3931@example.com,Essen,Germany,2023-11-21,Business
3932,Lea,Hoffmann,lea.hoffmann3932@example.com,Dresden,Germany,2025-08-31,Standard
3933,Marie,Hoffmann,marie.hoffmann3933@example.com,Dresden,Germany,2023-11-13,Standard
3934,Nina,Weber,nina.weber3934@example.com,Essen,Germany,2023-10-28,Standard
3935,Lukas,Richter,lukas.richter3935@example.com,Bremen,Germany,2024-06-10,Standard
3936,Leon,Mueller,leon.mueller3936@example.com,Essen,Germany,2024-03-09,Standard
3937,Lukas,Weber,lukas.weber3937@example.com,Frankfurt,Germany,2023-01-25,Standard
3938,Felix,Neumann,felix.neumann3938@example.com,Duesseldorf,Germany,2025-11-24,Standard
3939,Tim,Braun,tim.braun3939@example.com,Stuttgart,Germany,2023-12-15,Standard
3940,Lea,Weber,lea.weber3940@example.com,Stuttgart,Germany,2025-10-23,Standard
3941,Julia,Bauer,julia.bauer3941@example.com,Nuremberg,Germany,2025-02-13,Premium
3942,Tim,Meyer,tim.meyer3942@example.com,Leipzig,Germany,2025-12-11,Premium
3943,Ben,Schroeder,ben.schroeder3943@example.com,Berlin,Germany,2025-02-16,Standard
3944,David,Schneider,david.schneider3944@example.com,Cologne,Germany,2024-12-02,Standard
3945,Lukas,Wagner,lukas.wagner3945@example.com,Munich,Germany,2024-04-04,Standard
3946,Hannah,Braun,hannah.braun3946@example.com,Bremen,Germany,2023-09-02,Standard
3947,Emma,Bauer,emma.bauer3947@example.com,Leipzig,Germany,2025-10-18,Premium
3948,Sarah,Mueller,sarah.mueller3948@example.com,Duisburg,Germany,2025-12-09,Standard
3949,Leon,Wagner,leon.wagner3949@example.com,Bremen,Germany,2025-01-14,Standard
3950,Max,Richter,max.richter3950@example.com,Stuttgart,Germany,2023-07-22,Standard
3951,Julia,Schneider,julia.schneider3951@example.com,Dortmund,Germany,2024-07-09,Standard
3952,Finn,Schwarz,finn.schwarz3952@example.com,Hanover,Germany,2023-06-12,Premium
3953,Max,Wolf,max.wolf3953@example.com,Cologne,Germany,2025-12-06,Business
3954,Leon,Schulz,leon.schulz3954@example.com,Dresden,Germany,2024-01-10,Standard
3955,Lea,Becker,lea.becker3955@example.com,Dresden,Germany,2024-04-12,Standard
3956,Nina,Wolf,nina.wolf3956@example.com,Berlin,Germany,2023-12-30,Premium
3957,Niklas,Schulz,niklas.schulz3957@example.com,Hamburg,Germany,2024-07-22,Business
3958,Tom,Wagner,tom.wagner3958@example.com,Duisburg,Germany,2023-05-11,Standard
3959,Mia,Neumann,mia.neumann3959@example.com,Berlin,Germany,2024-09-12,Standard
3960,Emma,Becker,emma.becker3960@example.com,Essen,Germany,2024-05-14,Standard
3961,Clara,Zimmermann,clara.zimmermann3961@example.com,Leipzig,Germany,2025-09-04,Standard
3962,Paul,Schwarz,paul.schwarz3962@example.com,Stuttgart,Germany,2023-04-15,Standard
3963,Lea,Schneider,lea.schneider3963@example.com,Leipzig,Germany,2024-02-07,Standard
3964,Paul,Wolf,paul.wolf3964@example.com,Leipzig,Germany,2023-06-20,Standard
3965,Emma,Fischer,emma.fischer3965@example.com,Essen,Germany,2024-03-16,Standard
3966,Tim,Hoffmann,tim.hoffmann3966@example.com,Essen,Germany,2023-01-20,Premium
3967,Jonas,Fischer,jonas.fischer3967@example.com,Hanover,Germany,2025-06-25,Standard
3968,Lea,Wagner,lea.wagner3968@example.com,Berlin,Germany,2025-07-23,Standard
3969,Hannah,Klein,hannah.klein3969@example.com,Leipzig,Germany,2024-07-08,Standard
3970,Lea,Meyer,lea.meyer3970@example.com,Dortmund,Germany,2024-11-04,Standard
3971,Tim,Neumann,tim.neumann3971@example.com,Bremen,Germany,2024-08-04,Business
3972,Lukas,Schulz,lukas.schulz3972@example.com,Cologne,Germany,2025-12-25,Standard
3973,Sophie,Schulz,sophie.schulz3973@example.com,Frankfurt,Germany,2025-10-27,Standard
3974,Lea,Wolf,lea.wolf3974@example.com,Hanover,Germany,2023-08-17,Premium
3975,Ben,Schroeder,ben.schroeder3975@example.com,Stuttgart,Germany,2023-01-14,Standard
3976,Julia,Schroeder,julia.schroeder3976@example.com,Munich,Germany,2025-10-12,Business
3977,Ben,Schneider,ben.schneider3977@example.com,Bremen,Germany,2025-06-03,Standard
3978,Lukas,Fischer,lukas.fischer3978@example.com,Stuttgart,Germany,2025-06-26,Standard
3979,Lea,Schwarz,lea.schwarz3979@example.com,Cologne,Germany,2024-01-10,Standard
3980,Clara,Fischer,clara.fischer3980@example.com,Cologne,Germany,2024-04-19,Standard
3981,Lukas,Neumann,lukas.neumann3981@example.com,Stuttgart,Germany,2024-09-17,Premium
3982,Clara,Neumann,clara.neumann3982@example.com,Hamburg,Germany,2025-08-24,Premium
3983,David,Hoffmann,david.hoffmann3983@example.com,Essen,Germany,2024-03-06,Standard
3984,David,Weber,david.weber3984@example.com,Munich,Germany,2024-10-25,Standard
3985,Emma,Richter,emma.richter3985@example.com,Nuremberg,Germany,2023-12-18,Premium
3986,Ben,Braun,ben.braun3986@example.com,Stuttgart,Germany,2023-11-18,Business
3987,Julia,Schroeder,julia.schroeder3987@example.com,Hanover,Germany,2025-05-03,Standard
3988,Tom,Schulz,tom.schulz3988@example.com,Duisburg,Germany,2024-04-13,Standard
3989,Hannah,Schroeder,hannah.schroeder3989@example.com,Stuttgart,Germany,2024-09-13,Standard
3990,Mia,Hoffmann,mia.hoffmann3990@example.com,Dresden,Germany,2024-11-14,Premium
3991,Felix,Koch,felix.koch3991@example.com,Frankfurt,Germany,2025-07-10,Standard
3992,Jonas,Zimmermann,jonas.zimmermann3992@example.com,Hanover,Germany,2025-03-16,Standard
3993,Jonas,Mueller,jonas.mueller3993@example.com,Berlin,Germany,2025-04-07,Premium
3994,Jonas,Bauer,jonas.bauer3994@example.com,Leipzig,Germany,2023-10-14,Standard
3995,Clara,Schulz,clara.schulz3995@example.com,Nuremberg,Germany,2023-02-09,Standard
3996,Nina,Wagner,nina.wagner3996@example.com,Bremen,Germany,2024-03-03,Standard
3997,Nina,Schulz,nina.schulz3997@example.com,Nuremberg,Germany,2024-08-26,Standard
3998,Felix,Mueller,felix.mueller3998@example.com,Duesseldorf,Germany,2024-10-21,Standard
3999,Laura,Koch,laura.koch3999@example.com,Hanover,Germany,2024-02-13,Standard
4000,Emma,Braun,emma.braun4000@example.com,Leipzig,Germany,2025-10-27,Standard
4001,Hannah,Fischer,hannah.fischer4001@example.com,Cologne,Germany,2023-06-02,Standard
4002,Ben,Koch,ben.koch4002@example.com,Dresden,Germany,2025-09-09,Premium
4003,Sarah,Schroeder,sarah.schroeder4003@example.com,Hanover,Germany,2023-04-05,Premium
4004,David,Richter,david.richter4004@example.com,Cologne,Germany,2025-09-24,Standard
4005,Hannah,Braun,hannah.braun4005@example.com,Berlin,Germany,2025-02-07,Standard
4006,Paul,Schmidt,paul.schmidt4006@example.com,Frankfurt,Germany,2024-12-02,Standard
4007,Finn,Bauer,finn.bauer4007@example.com,Duisburg,Germany,2025-06-16,Standard
4008,Lukas,Fischer,lukas.fischer4008@example.com,Munich,Germany,2025-08-24,Standard
4009,Tom,Schneider,tom.schneider4009@example.com,Hanover,Germany,2024-10-26,Premium
4010,Tom,Klein,tom.klein4010@example.com,Nuremberg,Germany,2023-11-07,Standard
4011,Mia,Zimmermann,mia.zimmermann4011@example.com,Essen,Germany,2024-09-04,Standard
4012,Emma,Schwarz,emma.schwarz4012@example.com,Leipzig,Germany,2023-06-30,Standard
4013,Leon,Koch,leon.koch4013@example.com,Dortmund,Germany,2024-06-17,Premium
4014,Julia,Hoffmann,julia.hoffmann4014@example.com,Munich,Germany,2023-02-14,Standard
4015,Clara,Schneider,clara.schneider4015@example.com,Nuremberg,Germany,2024-10-04,Standard
4016,Felix,Wolf,felix.wolf4016@example.com,Munich,Germany,2024-03-15,Standard
4017,Sophie,Wolf,sophie.wolf4017@example.com,Leipzig,Germany,2024-04-11,Premium
4018,Felix,Koch,felix.koch4018@example.com,Bremen,Germany,2024-02-12,Premium
4019,Nina,Schulz,nina.schulz4019@example.com,Essen,Germany,2024-06-06,Standard
4020,Tom,Mueller,tom.mueller4020@example.com,Hamburg,Germany,2023-10-15,Standard
4021,Lea,Klein,lea.klein4021@example.com,Duesseldorf,Germany,2025-05-25,Standard
4022,Tim,Schmidt,tim.schmidt4022@example.com,Berlin,Germany,2025-12-18,Standard
4023,Julia,Bauer,julia.bauer4023@example.com,Essen,Germany,2023-02-03,Premium
4024,Jonas,Schmidt,jonas.schmidt4024@example.com,Nuremberg,Germany,2025-10-29,Premium
4025,Sophie,Schwarz,sophie.schwarz4025@example.com,Frankfurt,Germany,2025-10-04,Premium
4026,Sarah,Koch,sarah.koch4026@example.com,Dresden,Germany,2023-05-18,Premium
4027,Lena,Zimmermann,lena.zimmermann4027@example.com,Dortmund,Germany,2023-07-08,Standard
4028,Clara,Fischer,clara.fischer4028@example.com,Munich,Germany,2025-12-25,Standard
4029,Julia,Schneider,julia.schneider4029@example.com,Essen,Germany,2025-08-17,Premium
4030,Lea,Wagner,lea.wagner4030@example.com,Hanover,Germany,2023-05-30,Standard
4031,David,Klein,david.klein4031@example.com,Leipzig,Germany,2024-07-21,Premium
4032,Marie,Weber,marie.weber4032@example.com,Hamburg,Germany,2024-11-07,Standard
4033,Ben,Zimmermann,ben.zimmermann4033@example.com,Leipzig,Germany,2024-11-26,Standard
4034,Julia,Klein,julia.klein4034@example.com,Duesseldorf,Germany,2023-02-13,Business
4035,Sarah,Hoffmann,sarah.hoffmann4035@example.com,Essen,Germany,2023-01-14,Standard
4036,Laura,Mueller,laura.mueller4036@example.com,Cologne,Germany,2023-01-18,Business
4037,Sophie,Klein,sophie.klein4037@example.com,Frankfurt,Germany,2023-11-05,Business
4038,Leon,Zimmermann,leon.zimmermann4038@example.com,Dortmund,Germany,2024-10-30,Premium
4039,Marie,Wagner,marie.wagner4039@example.com,Duisburg,Germany,2024-12-27,Premium
4040,Nina,Zimmermann,nina.zimmermann4040@example.com,Cologne,Germany,2023-11-09,Standard
4041,Clara,Weber,clara.weber4041@example.com,Frankfurt,Germany,2024-02-27,Premium
4042,Ben,Fischer,ben.fischer4042@example.com,Dortmund,Germany,2023-02-23,Standard
4043,Niklas,Schmidt,niklas.schmidt4043@example.com,Dortmund,Germany,2023-09-18,Standard
4044,Felix,Schneider,felix.schneider4044@example.com,Nuremberg,Germany,2024-11-01,Standard
4045,Sophie,Becker,sophie.becker4045@example.com,Cologne,Germany,2024-03-03,Standard
4046,Lukas,Meyer,lukas.meyer4046@example.com,Frankfurt,Germany,2025-05-18,Standard
4047,Leon,Wagner,leon.wagner4047@example.com,Berlin,Germany,2024-12-28,Standard
4048,Mia,Wolf,mia.wolf4048@example.com,Nuremberg,Germany,2023-09-10,Standard
4049,Laura,Mueller,laura.mueller4049@example.com,Nuremberg,Germany,2025-06-28,Premium
4050,Tom,Wagner,tom.wagner4050@example.com,Berlin,Germany,2025-02-18,Standard
4051,Marie,Wolf,marie.wolf4051@example.com,Cologne,Germany,2025-03-28,Business
4052,Emma,Richter,emma.richter4052@example.com,Hamburg,Germany,2023-09-13,Premium
4053,Ben,Neumann,ben.neumann4053@example.com,Hamburg,Germany,2025-11-23,Premium
4054,Ben,Wagner,ben.wagner4054@example.com,Leipzig,Germany,2023-09-04,Standard
4055,Tom,Braun,tom.braun4055@example.com,Dresden,Germany,2025-01-03,Premium
4056,Sophie,Klein,sophie.klein4056@example.com,Cologne,Germany,2024-01-27,Standard
4057,Lena,Neumann,lena.neumann4057@example.com,Leipzig,Germany,2025-01-06,Premium
4058,Hannah,Neumann,hannah.neumann4058@example.com,Leipzig,Germany,2023-08-18,Standard
4059,Anna,Mueller,anna.mueller4059@example.com,Hanover,Germany,2025-02-17,Premium
4060,Jonas,Richter,jonas.richter4060@example.com,Stuttgart,Germany,2023-07-24,Business
4061,Felix,Hoffmann,felix.hoffmann4061@example.com,Duesseldorf,Germany,2023-05-14,Standard
4062,Lea,Hoffmann,lea.hoffmann4062@example.com,Dresden,Germany,2024-04-14,Standard
4063,Lena,Richter,lena.richter4063@example.com,Berlin,Germany,2025-08-23,Premium
4064,Hannah,Koch,hannah.koch4064@example.com,Munich,Germany,2023-04-03,Standard
4065,Leon,Meyer,leon.meyer4065@example.com,Munich,Germany,2023-01-19,Premium
4066,Julia,Weber,julia.weber4066@example.com,Dresden,Germany,2023-10-15,Standard
4067,Tim,Schmidt,tim.schmidt4067@example.com,Essen,Germany,2023-05-06,Standard
4068,Emma,Hoffmann,emma.hoffmann4068@example.com,Essen,Germany,2025-01-31,Business
4069,Jonas,Meyer,jonas.meyer4069@example.com,Munich,Germany,2025-05-08,Premium
4070,Ben,Neumann,ben.neumann4070@example.com,Dresden,Germany,2023-11-07,Premium
4071,David,Meyer,david.meyer4071@example.com,Duisburg,Germany,2025-01-17,Standard
4072,Paul,Meyer,paul.meyer4072@example.com,Leipzig,Germany,2023-03-03,Premium
4073,Emma,Hoffmann,emma.hoffmann4073@example.com,Bremen,Germany,2025-04-06,Standard
4074,Felix,Schulz,felix.schulz4074@example.com,Berlin,Germany,2024-10-19,Standard
4075,Anna,Koch,anna.koch4075@example.com,Duisburg,Germany,2023-02-28,Premium
4076,Tim,Schmidt,tim.schmidt4076@example.com,Duisburg,Germany,2023-10-23,Standard
4077,Jonas,Schmidt,jonas.schmidt4077@example.com,Hanover,Germany,2025-02-11,Standard
4078,Niklas,Neumann,niklas.neumann4078@example.com,Munich,Germany,2023-12-14,Standard
4079,Paul,Mueller,paul.mueller4079@example.com,Duisburg,Germany,2024-12-15,Premium
4080,Leon,Schneider,leon.schneider4080@example.com,Hamburg,Germany,2025-05-09,Standard
4081,Paul,Schroeder,paul.schroeder4081@example.com,Duesseldorf,Germany,2025-08-09,Premium
4082,Finn,Wolf,finn.wolf4082@example.com,Nuremberg,Germany,2023-10-03,Standard
4083,Niklas,Mueller,niklas.mueller4083@example.com,Leipzig,Germany,2024-09-29,Standard
4084,Tim,Schulz,tim.schulz4084@example.com,Stuttgart,Germany,2023-09-20,Premium
4085,David,Schwarz,david.schwarz4085@example.com,Essen,Germany,2025-01-18,Standard
4086,David,Fischer,david.fischer4086@example.com,Leipzig,Germany,2025-09-05,Standard
4087,Tom,Zimmermann,tom.zimmermann4087@example.com,Munich,Germany,2024-02-06,Standard
4088,Leon,Neumann,leon.neumann4088@example.com,Hanover,Germany,2023-09-23,Standard
4089,Mia,Becker,mia.becker4089@example.com,Dresden,Germany,2023-06-18,Premium
4090,Paul,Richter,paul.richter4090@example.com,Duisburg,Germany,2024-08-01,Standard
4091,Niklas,Fischer,niklas.fischer4091@example.com,Cologne,Germany,2024-05-26,Premium
4092,Hannah,Meyer,hannah.meyer4092@example.com,Stuttgart,Germany,2024-09-08,Standard
4093,Nina,Wolf,nina.wolf4093@example.com,Dortmund,Germany,2025-11-30,Standard
4094,Sarah,Schulz,sarah.schulz4094@example.com,Stuttgart,Germany,2023-09-27,Business
4095,Jonas,Bauer,jonas.bauer4095@example.com,Essen,Germany,2023-10-25,Standard
4096,Tom,Schmidt,tom.schmidt4096@example.com,Bremen,Germany,2025-02-27,Standard
4097,Max,Wagner,max.wagner4097@example.com,Berlin,Germany,2024-01-09,Standard
4098,Mia,Schmidt,mia.schmidt4098@example.com,Munich,Germany,2024-05-02,Standard
4099,Laura,Koch,laura.koch4099@example.com,Essen,Germany,2023-01-24,Standard
4100,Tim,Schroeder,tim.schroeder4100@example.com,Cologne,Germany,2024-12-05,Standard
4101,Lea,Zimmermann,lea.zimmermann4101@example.com,Leipzig,Germany,2025-04-10,Standard
4102,Emma,Wolf,emma.wolf4102@example.com,Dortmund,Germany,2024-06-22,Standard
4103,Marie,Fischer,marie.fischer4103@example.com,Bremen,Germany,2024-07-26,Standard
4104,Clara,Neumann,clara.neumann4104@example.com,Stuttgart,Germany,2024-11-21,Standard
4105,Ben,Schulz,ben.schulz4105@example.com,Hanover,Germany,2024-11-29,Standard
4106,Tim,Schwarz,tim.schwarz4106@example.com,Bremen,Germany,2025-07-23,Premium
4107,Paul,Koch,paul.koch4107@example.com,Frankfurt,Germany,2025-11-29,Business
4108,Lena,Bauer,lena.bauer4108@example.com,Bremen,Germany,2025-05-23,Standard
4109,Anna,Schwarz,anna.schwarz4109@example.com,Hamburg,Germany,2023-09-16,Premium
4110,Leon,Wolf,leon.wolf4110@example.com,Hamburg,Germany,2023-08-16,Standard
4111,Finn,Hoffmann,finn.hoffmann4111@example.com,Nuremberg,Germany,2023-09-16,Standard
4112,Felix,Hoffmann,felix.hoffmann4112@example.com,Duesseldorf,Germany,2025-07-15,Standard
4113,Finn,Schneider,finn.schneider4113@example.com,Munich,Germany,2025-10-30,Standard
4114,Laura,Neumann,laura.neumann4114@example.com,Munich,Germany,2024-02-04,Standard
4115,David,Becker,david.becker4115@example.com,Cologne,Germany,2023-02-04,Standard
4116,Tom,Bauer,tom.bauer4116@example.com,Essen,Germany,2025-12-12,Standard
4117,Clara,Weber,clara.weber4117@example.com,Dortmund,Germany,2025-12-22,Business
4118,Max,Schwarz,max.schwarz4118@example.com,Dortmund,Germany,2025-01-12,Standard
4119,Leon,Neumann,leon.neumann4119@example.com,Stuttgart,Germany,2023-12-08,Standard
4120,Ben,Fischer,ben.fischer4120@example.com,Bremen,Germany,2023-12-06,Premium
4121,Lea,Braun,lea.braun4121@example.com,Nuremberg,Germany,2024-04-08,Standard
4122,Clara,Weber,clara.weber4122@example.com,Nuremberg,Germany,2025-05-18,Standard
4123,Emma,Schulz,emma.schulz4123@example.com,Duesseldorf,Germany,2023-04-11,Premium
4124,Lukas,Richter,lukas.richter4124@example.com,Duesseldorf,Germany,2025-12-04,Business
4125,Tim,Wolf,tim.wolf4125@example.com,Munich,Germany,2024-10-21,Premium
4126,Tom,Hoffmann,tom.hoffmann4126@example.com,Hamburg,Germany,2023-01-01,Premium
4127,Hannah,Schwarz,hannah.schwarz4127@example.com,Cologne,Germany,2024-09-30,Premium
4128,Tom,Braun,tom.braun4128@example.com,Berlin,Germany,2023-05-17,Business
4129,Clara,Klein,clara.klein4129@example.com,Munich,Germany,2023-10-15,Standard
4130,Tim,Meyer,tim.meyer4130@example.com,Duesseldorf,Germany,2024-05-11,Standard
4131,Ben,Klein,ben.klein4131@example.com,Essen,Germany,2025-03-11,Standard
4132,Emma,Becker,emma.becker4132@example.com,Hamburg,Germany,2024-12-18,Standard
4133,Leon,Schulz,leon.schulz4133@example.com,Duisburg,Germany,2023-10-15,Premium
4134,Laura,Fischer,laura.fischer4134@example.com,Cologne,Germany,2023-11-07,Standard
4135,Marie,Weber,marie.weber4135@example.com,Hanover,Germany,2024-07-18,Standard
4136,Sophie,Mueller,sophie.mueller4136@example.com,Dortmund,Germany,2023-08-29,Standard
4137,Lukas,Neumann,lukas.neumann4137@example.com,Hanover,Germany,2023-07-30,Premium
4138,Lea,Braun,lea.braun4138@example.com,Cologne,Germany,2025-08-22,Standard
4139,David,Wolf,david.wolf4139@example.com,Nuremberg,Germany,2024-09-03,Premium
4140,Paul,Schwarz,paul.schwarz4140@example.com,Munich,Germany,2025-07-19,Standard
4141,Lena,Koch,lena.koch4141@example.com,Berlin,Germany,2024-07-11,Standard
4142,Laura,Schulz,laura.schulz4142@example.com,Bremen,Germany,2023-08-20,Standard
4143,Marie,Klein,marie.klein4143@example.com,Duisburg,Germany,2023-12-11,Standard
4144,Nina,Schroeder,nina.schroeder4144@example.com,Cologne,Germany,2024-08-19,Premium
4145,Julia,Fischer,julia.fischer4145@example.com,Dresden,Germany,2023-07-01,Business
4146,Niklas,Braun,niklas.braun4146@example.com,Cologne,Germany,2025-01-12,Standard
4147,David,Schroeder,david.schroeder4147@example.com,Duesseldorf,Germany,2025-06-04,Standard
4148,Max,Fischer,max.fischer4148@example.com,Nuremberg,Germany,2024-07-27,Standard
4149,Tom,Schulz,tom.schulz4149@example.com,Bremen,Germany,2024-05-30,Premium
4150,Julia,Koch,julia.koch4150@example.com,Bremen,Germany,2025-05-09,Premium
4151,Hannah,Bauer,hannah.bauer4151@example.com,Berlin,Germany,2023-06-20,Standard
4152,Paul,Schroeder,paul.schroeder4152@example.com,Essen,Germany,2024-05-12,Standard
4153,Tim,Becker,tim.becker4153@example.com,Bremen,Germany,2025-06-07,Premium
4154,Hannah,Fischer,hannah.fischer4154@example.com,Dortmund,Germany,2025-09-26,Standard
4155,Niklas,Zimmermann,niklas.zimmermann4155@example.com,Essen,Germany,2025-02-08,Standard
4156,Julia,Richter,julia.richter4156@example.com,Essen,Germany,2023-03-28,Standard
4157,Paul,Zimmermann,paul.zimmermann4157@example.com,Essen,Germany,2023-07-21,Standard
4158,Paul,Fischer,paul.fischer4158@example.com,Stuttgart,Germany,2024-05-03,Premium
4159,Sarah,Braun,sarah.braun4159@example.com,Nuremberg,Germany,2025-05-13,Business
4160,Laura,Schmidt,laura.schmidt4160@example.com,Bremen,Germany,2024-12-12,Standard
4161,Marie,Wolf,marie.wolf4161@example.com,Berlin,Germany,2025-12-06,Standard
4162,Laura,Klein,laura.klein4162@example.com,Cologne,Germany,2023-02-22,Standard
4163,Sarah,Meyer,sarah.meyer4163@example.com,Bremen,Germany,2023-02-19,Standard
4164,Sophie,Fischer,sophie.fischer4164@example.com,Duisburg,Germany,2024-08-21,Standard
4165,Jonas,Mueller,jonas.mueller4165@example.com,Nuremberg,Germany,2025-07-24,Standard
4166,Hannah,Bauer,hannah.bauer4166@example.com,Stuttgart,Germany,2024-12-05,Standard
4167,Leon,Schulz,leon.schulz4167@example.com,Hanover,Germany,2025-07-02,Standard
4168,Max,Koch,max.koch4168@example.com,Dresden,Germany,2025-07-27,Standard
4169,Lea,Schulz,lea.schulz4169@example.com,Cologne,Germany,2023-11-25,Standard
4170,Finn,Schwarz,finn.schwarz4170@example.com,Dresden,Germany,2024-10-21,Standard
4171,Laura,Bauer,laura.bauer4171@example.com,Nuremberg,Germany,2023-12-19,Standard
4172,Tim,Schneider,tim.schneider4172@example.com,Stuttgart,Germany,2024-11-14,Business
4173,Niklas,Schwarz,niklas.schwarz4173@example.com,Stuttgart,Germany,2024-04-11,Standard
4174,Lukas,Fischer,lukas.fischer4174@example.com,Bremen,Germany,2023-07-05,Standard
4175,Laura,Koch,laura.koch4175@example.com,Bremen,Germany,2025-10-15,Premium
4176,Ben,Richter,ben.richter4176@example.com,Frankfurt,Germany,2024-02-19,Business
4177,Nina,Schroeder,nina.schroeder4177@example.com,Stuttgart,Germany,2024-12-19,Standard
4178,Marie,Bauer,marie.bauer4178@example.com,Munich,Germany,2023-11-23,Premium
4179,Sophie,Mueller,sophie.mueller4179@example.com,Cologne,Germany,2023-08-17,Standard
4180,Sarah,Hoffmann,sarah.hoffmann4180@example.com,Dresden,Germany,2025-11-02,Standard
4181,Lea,Schwarz,lea.schwarz4181@example.com,Hanover,Germany,2024-08-29,Standard
4182,Finn,Schwarz,finn.schwarz4182@example.com,Duesseldorf,Germany,2023-12-31,Premium
4183,Niklas,Schneider,niklas.schneider4183@example.com,Hamburg,Germany,2024-02-11,Premium
4184,Lena,Braun,lena.braun4184@example.com,Nuremberg,Germany,2025-04-08,Standard
4185,Hannah,Weber,hannah.weber4185@example.com,Dortmund,Germany,2024-11-27,Standard
4186,Felix,Richter,felix.richter4186@example.com,Duisburg,Germany,2023-09-30,Standard
4187,Laura,Fischer,laura.fischer4187@example.com,Essen,Germany,2024-08-24,Standard
4188,Sarah,Schneider,sarah.schneider4188@example.com,Cologne,Germany,2024-10-25,Standard
4189,Marie,Schmidt,marie.schmidt4189@example.com,Dortmund,Germany,2024-05-18,Premium
4190,Mia,Schulz,mia.schulz4190@example.com,Leipzig,Germany,2023-02-23,Premium
4191,Leon,Becker,leon.becker4191@example.com,Duisburg,Germany,2024-05-17,Premium
4192,Leon,Wolf,leon.wolf4192@example.com,Munich,Germany,2024-03-18,Premium
4193,Anna,Hoffmann,anna.hoffmann4193@example.com,Berlin,Germany,2024-05-14,Standard
4194,Niklas,Schroeder,niklas.schroeder4194@example.com,Duesseldorf,Germany,2025-06-17,Premium
4195,Finn,Schwarz,finn.schwarz4195@example.com,Duesseldorf,Germany,2024-01-29,Standard
4196,Ben,Neumann,ben.neumann4196@example.com,Bremen,Germany,2025-03-29,Standard
4197,Sarah,Richter,sarah.richter4197@example.com,Dresden,Germany,2024-06-19,Standard
4198,Felix,Schulz,felix.schulz4198@example.com,Stuttgart,Germany,2025-06-02,Standard
4199,Felix,Becker,felix.becker4199@example.com,Dortmund,Germany,2024-10-17,Standard
4200,Felix,Schneider,felix.schneider4200@example.com,Stuttgart,Germany,2023-10-03,Standard
4201,Nina,Becker,nina.becker4201@example.com,Hamburg,Germany,2023-09-21,Premium
4202,Julia,Schroeder,julia.schroeder4202@example.com,Hamburg,Germany,2024-10-04,Standard
4203,Niklas,Becker,niklas.becker4203@example.com,Dresden,Germany,2024-12-14,Standard
4204,Nina,Schwarz,nina.schwarz4204@example.com,Leipzig,Germany,2024-04-03,Business
4205,Hannah,Zimmermann,hannah.zimmermann4205@example.com,Leipzig,Germany,2023-04-19,Standard
4206,Niklas,Wolf,niklas.wolf4206@example.com,Essen,Germany,2025-10-15,Standard
4207,Jonas,Schneider,jonas.schneider4207@example.com,Berlin,Germany,2023-12-17,Standard
4208,Finn,Wolf,finn.wolf4208@example.com,Duisburg,Germany,2023-04-28,Standard
4209,Felix,Schroeder,felix.schroeder4209@example.com,Hamburg,Germany,2023-10-30,Standard
4210,David,Bauer,david.bauer4210@example.com,Dresden,Germany,2023-05-14,Standard
4211,Hannah,Zimmermann,hannah.zimmermann4211@example.com,Duisburg,Germany,2024-05-31,Standard
4212,Tom,Mueller,tom.mueller4212@example.com,Duesseldorf,Germany,2025-10-02,Standard
4213,Nina,Weber,nina.weber4213@example.com,Cologne,Germany,2025-03-22,Standard
4214,David,Wolf,david.wolf4214@example.com,Dortmund,Germany,2024-09-26,Standard
4215,Nina,Hoffmann,nina.hoffmann4215@example.com,Cologne,Germany,2024-11-07,Standard
4216,Sarah,Neumann,sarah.neumann4216@example.com,Munich,Germany,2025-04-13,Premium
4217,Clara,Schwarz,clara.schwarz4217@example.com,Nuremberg,Germany,2024-10-06,Standard
4218,Anna,Braun,anna.braun4218@example.com,Dresden,Germany,2023-04-19,Standard
4219,Clara,Bauer,clara.bauer4219@example.com,Hanover,Germany,2023-09-03,Premium
4220,Lena,Braun,lena.braun4220@example.com,Dortmund,Germany,2023-05-11,Standard
4221,Jonas,Meyer,jonas.meyer4221@example.com,Cologne,Germany,2024-02-03,Standard
4222,Niklas,Meyer,niklas.meyer4222@example.com,Berlin,Germany,2024-01-07,Standard
4223,Lea,Schroeder,lea.schroeder4223@example.com,Stuttgart,Germany,2023-09-02,Premium
4224,Lena,Fischer,lena.fischer4224@example.com,Essen,Germany,2025-04-06,Premium
4225,Nina,Richter,nina.richter4225@example.com,Duesseldorf,Germany,2025-04-14,Standard
4226,Nina,Schroeder,nina.schroeder4226@example.com,Nuremberg,Germany,2023-10-11,Premium
4227,Sophie,Meyer,sophie.meyer4227@example.com,Frankfurt,Germany,2023-07-16,Standard
4228,Felix,Meyer,felix.meyer4228@example.com,Duisburg,Germany,2025-05-31,Standard
4229,Hannah,Schroeder,hannah.schroeder4229@example.com,Munich,Germany,2023-07-05,Standard
4230,Hannah,Richter,hannah.richter4230@example.com,Cologne,Germany,2024-02-15,Standard
4231,Felix,Schneider,felix.schneider4231@example.com,Leipzig,Germany,2024-11-26,Premium
4232,Clara,Fischer,clara.fischer4232@example.com,Frankfurt,Germany,2025-12-08,Standard
4233,Anna,Braun,anna.braun4233@example.com,Dortmund,Germany,2023-05-05,Standard
4234,Max,Bauer,max.bauer4234@example.com,Munich,Germany,2023-07-15,Business
4235,Anna,Neumann,anna.neumann4235@example.com,Berlin,Germany,2023-01-26,Standard
4236,Sophie,Richter,sophie.richter4236@example.com,Berlin,Germany,2024-09-19,Standard
4237,Sarah,Zimmermann,sarah.zimmermann4237@example.com,Nuremberg,Germany,2025-02-06,Standard
4238,Lena,Meyer,lena.meyer4238@example.com,Bremen,Germany,2024-01-22,Premium
4239,Niklas,Schroeder,niklas.schroeder4239@example.com,Dortmund,Germany,2024-01-08,Premium
4240,Emma,Bauer,emma.bauer4240@example.com,Nuremberg,Germany,2023-07-18,Standard
4241,David,Weber,david.weber4241@example.com,Essen,Germany,2025-02-05,Premium
4242,Ben,Wolf,ben.wolf4242@example.com,Dortmund,Germany,2023-12-30,Standard
4243,Mia,Wolf,mia.wolf4243@example.com,Essen,Germany,2023-03-04,Premium
4244,Max,Schwarz,max.schwarz4244@example.com,Hanover,Germany,2023-09-04,Standard
4245,Lukas,Hoffmann,lukas.hoffmann4245@example.com,Stuttgart,Germany,2023-08-09,Standard
4246,David,Meyer,david.meyer4246@example.com,Munich,Germany,2025-11-27,Business
4247,Paul,Schroeder,paul.schroeder4247@example.com,Essen,Germany,2024-01-31,Standard
4248,Mia,Braun,mia.braun4248@example.com,Leipzig,Germany,2024-11-21,Standard
4249,David,Schwarz,david.schwarz4249@example.com,Hanover,Germany,2025-03-07,Standard
4250,Marie,Fischer,marie.fischer4250@example.com,Stuttgart,Germany,2023-05-15,Business
4251,Leon,Bauer,leon.bauer4251@example.com,Cologne,Germany,2023-10-17,Standard
4252,Tim,Wagner,tim.wagner4252@example.com,Berlin,Germany,2025-04-07,Standard
4253,Felix,Schmidt,felix.schmidt4253@example.com,Hanover,Germany,2025-09-10,Standard
4254,David,Zimmermann,david.zimmermann4254@example.com,Nuremberg,Germany,2023-07-22,Standard
4255,Julia,Schneider,julia.schneider4255@example.com,Duisburg,Germany,2024-10-18,Standard
4256,Julia,Zimmermann,julia.zimmermann4256@example.com,Dortmund,Germany,2025-12-25,Premium
4257,Laura,Schwarz,laura.schwarz4257@example.com,Frankfurt,Germany,2024-02-16,Business
4258,Sophie,Weber,sophie.weber4258@example.com,Hanover,Germany,2025-07-06,Standard
4259,Emma,Hoffmann,emma.hoffmann4259@example.com,Duesseldorf,Germany,2025-05-23,Standard
4260,Jonas,Richter,jonas.richter4260@example.com,Leipzig,Germany,2023-06-18,Standard
4261,Anna,Schroeder,anna.schroeder4261@example.com,Stuttgart,Germany,2023-08-02,Standard
4262,Finn,Schroeder,finn.schroeder4262@example.com,Frankfurt,Germany,2025-03-07,Premium
4263,Tim,Hoffmann,tim.hoffmann4263@example.com,Dortmund,Germany,2023-04-23,Standard
4264,Max,Wagner,max.wagner4264@example.com,Frankfurt,Germany,2023-07-02,Standard
4265,Sarah,Zimmermann,sarah.zimmermann4265@example.com,Bremen,Germany,2023-12-22,Premium
4266,Sophie,Schmidt,sophie.schmidt4266@example.com,Berlin,Germany,2025-12-30,Standard
4267,Max,Hoffmann,max.hoffmann4267@example.com,Cologne,Germany,2025-02-27,Standard
4268,Felix,Schwarz,felix.schwarz4268@example.com,Nuremberg,Germany,2023-04-18,Standard
4269,David,Klein,david.klein4269@example.com,Dortmund,Germany,2025-11-07,Premium
4270,Ben,Neumann,ben.neumann4270@example.com,Bremen,Germany,2025-01-29,Business
4271,Nina,Schmidt,nina.schmidt4271@example.com,Hamburg,Germany,2024-03-15,Standard
4272,Marie,Meyer,marie.meyer4272@example.com,Dresden,Germany,2024-03-29,Business
4273,Sophie,Schneider,sophie.schneider4273@example.com,Leipzig,Germany,2024-02-21,Standard
4274,Emma,Zimmermann,emma.zimmermann4274@example.com,Berlin,Germany,2023-02-01,Standard
4275,Laura,Wagner,laura.wagner4275@example.com,Duisburg,Germany,2023-08-27,Standard
4276,Lukas,Mueller,lukas.mueller4276@example.com,Bremen,Germany,2024-05-07,Standard
4277,Sophie,Meyer,sophie.meyer4277@example.com,Nuremberg,Germany,2025-03-09,Standard
4278,Leon,Bauer,leon.bauer4278@example.com,Berlin,Germany,2025-04-03,Standard
4279,Mia,Weber,mia.weber4279@example.com,Essen,Germany,2024-05-19,Standard
4280,David,Schulz,david.schulz4280@example.com,Bremen,Germany,2025-05-15,Standard
4281,Sarah,Hoffmann,sarah.hoffmann4281@example.com,Duisburg,Germany,2024-02-24,Standard
4282,Lea,Schulz,lea.schulz4282@example.com,Dresden,Germany,2025-04-18,Premium
4283,Anna,Klein,anna.klein4283@example.com,Duesseldorf,Germany,2025-04-27,Standard
4284,Hannah,Wagner,hannah.wagner4284@example.com,Frankfurt,Germany,2025-09-26,Standard
4285,Niklas,Mueller,niklas.mueller4285@example.com,Berlin,Germany,2025-03-20,Standard
4286,Nina,Wolf,nina.wolf4286@example.com,Bremen,Germany,2023-09-21,Standard
4287,Nina,Becker,nina.becker4287@example.com,Bremen,Germany,2023-05-25,Premium
4288,Paul,Fischer,paul.fischer4288@example.com,Duisburg,Germany,2023-11-22,Standard
4289,Tim,Schneider,tim.schneider4289@example.com,Dortmund,Germany,2024-01-11,Standard
4290,Sophie,Meyer,sophie.meyer4290@example.com,Bremen,Germany,2024-06-09,Premium
4291,Nina,Richter,nina.richter4291@example.com,Dortmund,Germany,2024-08-06,Standard
4292,Lukas,Hoffmann,lukas.hoffmann4292@example.com,Hamburg,Germany,2024-06-19,Standard
4293,Clara,Fischer,clara.fischer4293@example.com,Nuremberg,Germany,2025-03-19,Standard
4294,Emma,Schneider,emma.schneider4294@example.com,Cologne,Germany,2025-10-16,Business
4295,Mia,Neumann,mia.neumann4295@example.com,Leipzig,Germany,2023-03-15,Standard
4296,Tim,Fischer,tim.fischer4296@example.com,Cologne,Germany,2023-08-17,Standard
4297,Max,Richter,max.richter4297@example.com,Hamburg,Germany,2024-01-13,Standard
4298,Clara,Schneider,clara.schneider4298@example.com,Duesseldorf,Germany,2024-05-10,Standard
4299,Niklas,Bauer,niklas.bauer4299@example.com,Dresden,Germany,2025-06-16,Standard
4300,Mia,Wolf,mia.wolf4300@example.com,Bremen,Germany,2023-03-26,Standard
4301,Julia,Wagner,julia.wagner4301@example.com,Dresden,Germany,2024-03-06,Standard
4302,Sophie,Schmidt,sophie.schmidt4302@example.com,Munich,Germany,2023-01-30,Business
4303,Sophie,Schulz,sophie.schulz4303@example.com,Stuttgart,Germany,2023-12-26,Premium
4304,Marie,Wagner,marie.wagner4304@example.com,Duesseldorf,Germany,2023-04-26,Standard
4305,Laura,Weber,laura.weber4305@example.com,Dortmund,Germany,2024-08-20,Premium
4306,Lena,Becker,lena.becker4306@example.com,Bremen,Germany,2024-01-12,Standard
4307,Emma,Koch,emma.koch4307@example.com,Berlin,Germany,2025-06-17,Standard
4308,Marie,Schneider,marie.schneider4308@example.com,Essen,Germany,2024-05-18,Standard
4309,Julia,Hoffmann,julia.hoffmann4309@example.com,Munich,Germany,2023-11-26,Premium
4310,Finn,Koch,finn.koch4310@example.com,Hamburg,Germany,2023-04-27,Premium
4311,David,Schneider,david.schneider4311@example.com,Dortmund,Germany,2025-04-19,Standard
4312,Finn,Mueller,finn.mueller4312@example.com,Dresden,Germany,2023-12-14,Business
4313,Sophie,Bauer,sophie.bauer4313@example.com,Munich,Germany,2023-03-20,Standard
4314,Paul,Becker,paul.becker4314@example.com,Duesseldorf,Germany,2023-01-13,Premium
4315,Anna,Zimmermann,anna.zimmermann4315@example.com,Nuremberg,Germany,2023-04-30,Business
4316,Laura,Zimmermann,laura.zimmermann4316@example.com,Nuremberg,Germany,2023-09-03,Standard
4317,Leon,Schmidt,leon.schmidt4317@example.com,Berlin,Germany,2023-06-01,Premium
4318,Lea,Schroeder,lea.schroeder4318@example.com,Frankfurt,Germany,2025-03-01,Standard
4319,David,Braun,david.braun4319@example.com,Leipzig,Germany,2025-03-03,Standard
4320,Tom,Becker,tom.becker4320@example.com,Essen,Germany,2025-10-01,Standard
4321,Hannah,Bauer,hannah.bauer4321@example.com,Leipzig,Germany,2025-07-20,Standard
4322,Mia,Wolf,mia.wolf4322@example.com,Cologne,Germany,2025-01-07,Business
4323,Mia,Hoffmann,mia.hoffmann4323@example.com,Duesseldorf,Germany,2023-12-24,Premium
4324,Hannah,Meyer,hannah.meyer4324@example.com,Dresden,Germany,2025-01-23,Standard
4325,Anna,Klein,anna.klein4325@example.com,Munich,Germany,2024-09-06,Premium
4326,Max,Wolf,max.wolf4326@example.com,Dresden,Germany,2025-04-20,Business
4327,Finn,Becker,finn.becker4327@example.com,Munich,Germany,2025-04-03,Standard
4328,Lea,Bauer,lea.bauer4328@example.com,Duesseldorf,Germany,2024-03-02,Business
4329,Jonas,Klein,jonas.klein4329@example.com,Dresden,Germany,2025-08-01,Standard
4330,Marie,Wolf,marie.wolf4330@example.com,Leipzig,Germany,2025-03-06,Premium
4331,Felix,Koch,felix.koch4331@example.com,Bremen,Germany,2024-10-29,Standard
4332,Laura,Weber,laura.weber4332@example.com,Cologne,Germany,2025-12-21,Standard
4333,Leon,Wagner,leon.wagner4333@example.com,Essen,Germany,2024-01-27,Standard
4334,Emma,Braun,emma.braun4334@example.com,Duisburg,Germany,2025-01-14,Standard
4335,Marie,Schwarz,marie.schwarz4335@example.com,Stuttgart,Germany,2025-04-16,Standard
4336,Lea,Hoffmann,lea.hoffmann4336@example.com,Duesseldorf,Germany,2024-03-13,Standard
4337,Mia,Schroeder,mia.schroeder4337@example.com,Dortmund,Germany,2023-08-11,Standard
4338,Lea,Wolf,lea.wolf4338@example.com,Duisburg,Germany,2024-09-07,Business
4339,Clara,Braun,clara.braun4339@example.com,Berlin,Germany,2025-04-24,Standard
4340,Emma,Wagner,emma.wagner4340@example.com,Dortmund,Germany,2024-11-22,Standard
4341,Ben,Richter,ben.richter4341@example.com,Duesseldorf,Germany,2025-11-25,Standard
4342,Ben,Wolf,ben.wolf4342@example.com,Dresden,Germany,2023-02-18,Standard
4343,Emma,Richter,emma.richter4343@example.com,Frankfurt,Germany,2023-12-19,Premium
4344,Tom,Zimmermann,tom.zimmermann4344@example.com,Bremen,Germany,2023-11-16,Premium
4345,Laura,Zimmermann,laura.zimmermann4345@example.com,Munich,Germany,2024-02-10,Standard
4346,Jonas,Koch,jonas.koch4346@example.com,Cologne,Germany,2025-08-17,Standard
4347,Tom,Weber,tom.weber4347@example.com,Stuttgart,Germany,2025-09-23,Premium
4348,Niklas,Braun,niklas.braun4348@example.com,Dresden,Germany,2025-12-22,Standard
4349,Lea,Schmidt,lea.schmidt4349@example.com,Hanover,Germany,2023-07-18,Premium
4350,Lena,Schneider,lena.schneider4350@example.com,Berlin,Germany,2023-02-13,Standard
4351,Max,Koch,max.koch4351@example.com,Stuttgart,Germany,2023-07-04,Premium
4352,Felix,Wagner,felix.wagner4352@example.com,Cologne,Germany,2023-11-05,Standard
4353,Lukas,Schneider,lukas.schneider4353@example.com,Essen,Germany,2025-01-13,Standard
4354,Sophie,Zimmermann,sophie.zimmermann4354@example.com,Leipzig,Germany,2025-07-03,Business
4355,Sophie,Meyer,sophie.meyer4355@example.com,Frankfurt,Germany,2024-08-16,Standard
4356,Paul,Schwarz,paul.schwarz4356@example.com,Duisburg,Germany,2023-11-24,Standard
4357,Mia,Meyer,mia.meyer4357@example.com,Hamburg,Germany,2025-04-30,Standard
4358,Finn,Braun,finn.braun4358@example.com,Munich,Germany,2025-04-19,Standard
4359,Finn,Schwarz,finn.schwarz4359@example.com,Dresden,Germany,2025-08-19,Standard
4360,Hannah,Becker,hannah.becker4360@example.com,Bremen,Germany,2023-08-21,Standard
4361,Mia,Wolf,mia.wolf4361@example.com,Hanover,Germany,2023-07-18,Standard
4362,Max,Weber,max.weber4362@example.com,Leipzig,Germany,2025-02-19,Standard
4363,Laura,Schroeder,laura.schroeder4363@example.com,Hanover,Germany,2023-12-16,Premium
4364,Anna,Zimmermann,anna.zimmermann4364@example.com,Duisburg,Germany,2025-01-12,Standard
4365,Marie,Zimmermann,marie.zimmermann4365@example.com,Leipzig,Germany,2024-01-08,Standard
4366,Anna,Schroeder,anna.schroeder4366@example.com,Duisburg,Germany,2024-12-05,Premium
4367,Sophie,Schneider,sophie.schneider4367@example.com,Hamburg,Germany,2025-01-27,Standard
4368,Ben,Weber,ben.weber4368@example.com,Bremen,Germany,2024-09-06,Standard
4369,Laura,Weber,laura.weber4369@example.com,Duisburg,Germany,2023-08-16,Standard
4370,David,Wagner,david.wagner4370@example.com,Frankfurt,Germany,2024-10-18,Standard
4371,Nina,Schneider,nina.schneider4371@example.com,Essen,Germany,2024-12-27,Standard
4372,Tim,Mueller,tim.mueller4372@example.com,Munich,Germany,2025-05-05,Standard
4373,Felix,Schulz,felix.schulz4373@example.com,Dortmund,Germany,2024-01-29,Standard
4374,Hannah,Neumann,hannah.neumann4374@example.com,Leipzig,Germany,2023-02-18,Standard
4375,Sophie,Meyer,sophie.meyer4375@example.com,Bremen,Germany,2023-04-17,Standard
4376,Leon,Hoffmann,leon.hoffmann4376@example.com,Leipzig,Germany,2024-06-22,Standard
4377,Jonas,Koch,jonas.koch4377@example.com,Frankfurt,Germany,2023-03-24,Standard
4378,Tom,Wolf,tom.wolf4378@example.com,Stuttgart,Germany,2023-06-14,Premium
4379,Finn,Schmidt,finn.schmidt4379@example.com,Nuremberg,Germany,2023-09-25,Standard
4380,Niklas,Mueller,niklas.mueller4380@example.com,Frankfurt,Germany,2023-02-09,Standard
4381,Laura,Wagner,laura.wagner4381@example.com,Duesseldorf,Germany,2025-08-20,Standard
4382,Laura,Schmidt,laura.schmidt4382@example.com,Dresden,Germany,2024-07-07,Standard
4383,Laura,Koch,laura.koch4383@example.com,Hanover,Germany,2025-01-21,Standard
4384,Julia,Klein,julia.klein4384@example.com,Dresden,Germany,2025-04-13,Standard
4385,Sophie,Weber,sophie.weber4385@example.com,Dresden,Germany,2024-12-10,Premium
4386,Hannah,Schwarz,hannah.schwarz4386@example.com,Leipzig,Germany,2024-01-31,Standard
4387,Lukas,Schulz,lukas.schulz4387@example.com,Duisburg,Germany,2023-06-20,Business
4388,Marie,Schneider,marie.schneider4388@example.com,Nuremberg,Germany,2024-10-14,Standard
4389,Julia,Fischer,julia.fischer4389@example.com,Hanover,Germany,2023-02-17,Standard
4390,Mia,Fischer,mia.fischer4390@example.com,Hamburg,Germany,2024-05-12,Standard
4391,Ben,Bauer,ben.bauer4391@example.com,Munich,Germany,2023-05-14,Standard
4392,Sarah,Becker,sarah.becker4392@example.com,Nuremberg,Germany,2023-06-28,Standard
4393,Lena,Mueller,lena.mueller4393@example.com,Dresden,Germany,2023-01-28,Standard
4394,Sophie,Braun,sophie.braun4394@example.com,Munich,Germany,2023-05-25,Standard
4395,Sarah,Wolf,sarah.wolf4395@example.com,Hanover,Germany,2024-11-08,Business
4396,David,Fischer,david.fischer4396@example.com,Berlin,Germany,2023-09-07,Premium
4397,Nina,Weber,nina.weber4397@example.com,Duisburg,Germany,2024-02-13,Standard
4398,Tom,Schneider,tom.schneider4398@example.com,Hamburg,Germany,2024-01-16,Standard
4399,Nina,Schneider,nina.schneider4399@example.com,Duesseldorf,Germany,2023-01-08,Standard
4400,David,Becker,david.becker4400@example.com,Berlin,Germany,2024-03-06,Standard
4401,Nina,Schneider,nina.schneider4401@example.com,Stuttgart,Germany,2025-03-03,Standard
4402,Lea,Neumann,lea.neumann4402@example.com,Leipzig,Germany,2024-01-30,Standard
4403,Emma,Schroeder,emma.schroeder4403@example.com,Leipzig,Germany,2024-01-17,Standard
4404,Lukas,Zimmermann,lukas.zimmermann4404@example.com,Leipzig,Germany,2023-05-06,Standard
4405,Ben,Neumann,ben.neumann4405@example.com,Hamburg,Germany,2023-01-13,Business
4406,Ben,Wagner,ben.wagner4406@example.com,Munich,Germany,2024-06-23,Premium
4407,Finn,Zimmermann,finn.zimmermann4407@example.com,Dresden,Germany,2024-01-23,Business
4408,Paul,Schneider,paul.schneider4408@example.com,Munich,Germany,2024-01-21,Standard
4409,Sophie,Becker,sophie.becker4409@example.com,Duesseldorf,Germany,2023-11-29,Standard
4410,Lea,Zimmermann,lea.zimmermann4410@example.com,Essen,Germany,2024-08-30,Standard
4411,Jonas,Neumann,jonas.neumann4411@example.com,Cologne,Germany,2024-08-07,Standard
4412,Jonas,Schulz,jonas.schulz4412@example.com,Dresden,Germany,2024-12-07,Standard
4413,Leon,Neumann,leon.neumann4413@example.com,Bremen,Germany,2023-01-15,Premium
4414,David,Schulz,david.schulz4414@example.com,Hanover,Germany,2024-07-30,Standard
4415,Ben,Schneider,ben.schneider4415@example.com,Hamburg,Germany,2023-05-07,Standard
4416,Tim,Bauer,tim.bauer4416@example.com,Essen,Germany,2023-05-04,Standard
4417,Clara,Klein,clara.klein4417@example.com,Bremen,Germany,2023-06-13,Standard
4418,Clara,Wolf,clara.wolf4418@example.com,Dresden,Germany,2023-01-25,Standard
4419,David,Schneider,david.schneider4419@example.com,Essen,Germany,2024-10-14,Standard
4420,Clara,Bauer,clara.bauer4420@example.com,Essen,Germany,2023-05-15,Standard
4421,Hannah,Koch,hannah.koch4421@example.com,Stuttgart,Germany,2025-07-12,Standard
4422,Tom,Schroeder,tom.schroeder4422@example.com,Leipzig,Germany,2025-01-28,Business
4423,Lukas,Schroeder,lukas.schroeder4423@example.com,Dortmund,Germany,2024-10-03,Standard
4424,Tom,Wagner,tom.wagner4424@example.com,Essen,Germany,2024-04-12,Premium
4425,Ben,Schmidt,ben.schmidt4425@example.com,Duesseldorf,Germany,2024-12-23,Standard
4426,Marie,Wolf,marie.wolf4426@example.com,Duisburg,Germany,2024-10-26,Standard
4427,Laura,Wolf,laura.wolf4427@example.com,Leipzig,Germany,2025-08-09,Standard
4428,Mia,Weber,mia.weber4428@example.com,Duesseldorf,Germany,2025-02-28,Standard
4429,Anna,Weber,anna.weber4429@example.com,Duesseldorf,Germany,2024-10-10,Standard
4430,Lea,Weber,lea.weber4430@example.com,Stuttgart,Germany,2025-03-29,Premium
4431,Anna,Klein,anna.klein4431@example.com,Munich,Germany,2023-12-20,Premium
4432,Sarah,Meyer,sarah.meyer4432@example.com,Hamburg,Germany,2024-03-20,Standard
4433,Anna,Richter,anna.richter4433@example.com,Munich,Germany,2025-08-25,Standard
4434,Hannah,Koch,hannah.koch4434@example.com,Berlin,Germany,2024-02-10,Business
4435,Tim,Richter,tim.richter4435@example.com,Frankfurt,Germany,2023-11-21,Standard
4436,Finn,Schulz,finn.schulz4436@example.com,Cologne,Germany,2024-04-11,Standard
4437,Tim,Braun,tim.braun4437@example.com,Duesseldorf,Germany,2025-10-19,Standard
4438,Jonas,Meyer,jonas.meyer4438@example.com,Bremen,Germany,2025-09-25,Premium
4439,Max,Bauer,max.bauer4439@example.com,Hamburg,Germany,2023-08-06,Business
4440,Sophie,Schroeder,sophie.schroeder4440@example.com,Munich,Germany,2024-08-15,Standard
4441,Leon,Neumann,leon.neumann4441@example.com,Hanover,Germany,2025-10-09,Premium
4442,Emma,Klein,emma.klein4442@example.com,Berlin,Germany,2025-10-01,Premium
4443,Lukas,Meyer,lukas.meyer4443@example.com,Bremen,Germany,2024-11-24,Standard
4444,Lukas,Braun,lukas.braun4444@example.com,Essen,Germany,2025-05-28,Standard
4445,Paul,Braun,paul.braun4445@example.com,Dortmund,Germany,2023-09-23,Standard
4446,Lukas,Koch,lukas.koch4446@example.com,Hanover,Germany,2025-02-03,Business
4447,Nina,Weber,nina.weber4447@example.com,Essen,Germany,2025-01-26,Standard
4448,Tim,Schneider,tim.schneider4448@example.com,Leipzig,Germany,2023-02-06,Premium
4449,Felix,Klein,felix.klein4449@example.com,Cologne,Germany,2024-05-19,Standard
4450,Sophie,Becker,sophie.becker4450@example.com,Bremen,Germany,2024-10-02,Premium
4451,Tim,Schulz,tim.schulz4451@example.com,Essen,Germany,2024-11-28,Standard
4452,Sophie,Wagner,sophie.wagner4452@example.com,Stuttgart,Germany,2023-09-18,Standard
4453,Lea,Zimmermann,lea.zimmermann4453@example.com,Dresden,Germany,2024-04-13,Premium
4454,Sarah,Braun,sarah.braun4454@example.com,Nuremberg,Germany,2024-04-30,Premium
4455,Leon,Schroeder,leon.schroeder4455@example.com,Duisburg,Germany,2025-08-20,Premium
4456,Anna,Koch,anna.koch4456@example.com,Duisburg,Germany,2025-11-12,Standard
4457,Paul,Richter,paul.richter4457@example.com,Essen,Germany,2023-10-31,Premium
4458,Sophie,Schneider,sophie.schneider4458@example.com,Leipzig,Germany,2025-12-19,Standard
4459,Marie,Braun,marie.braun4459@example.com,Hamburg,Germany,2024-06-28,Standard
4460,Marie,Richter,marie.richter4460@example.com,Hanover,Germany,2024-01-31,Standard
4461,Clara,Schulz,clara.schulz4461@example.com,Stuttgart,Germany,2023-10-21,Standard
4462,Clara,Schmidt,clara.schmidt4462@example.com,Cologne,Germany,2025-08-28,Standard
4463,Leon,Mueller,leon.mueller4463@example.com,Stuttgart,Germany,2024-11-01,Business
4464,Niklas,Schroeder,niklas.schroeder4464@example.com,Hanover,Germany,2023-10-27,Standard
4465,Hannah,Koch,hannah.koch4465@example.com,Stuttgart,Germany,2025-09-19,Premium
4466,Niklas,Schwarz,niklas.schwarz4466@example.com,Nuremberg,Germany,2024-02-14,Standard
4467,Lea,Wagner,lea.wagner4467@example.com,Frankfurt,Germany,2023-09-04,Standard
4468,Tom,Schmidt,tom.schmidt4468@example.com,Dortmund,Germany,2024-02-04,Standard
4469,Julia,Hoffmann,julia.hoffmann4469@example.com,Hanover,Germany,2024-05-23,Business
4470,Laura,Klein,laura.klein4470@example.com,Frankfurt,Germany,2023-01-23,Premium
4471,Hannah,Wagner,hannah.wagner4471@example.com,Frankfurt,Germany,2023-10-23,Business
4472,Anna,Mueller,anna.mueller4472@example.com,Hamburg,Germany,2025-05-13,Business
4473,Felix,Wolf,felix.wolf4473@example.com,Leipzig,Germany,2023-10-30,Standard
4474,Lea,Richter,lea.richter4474@example.com,Essen,Germany,2023-11-18,Standard
4475,Marie,Koch,marie.koch4475@example.com,Duisburg,Germany,2023-08-09,Premium
4476,Hannah,Wolf,hannah.wolf4476@example.com,Cologne,Germany,2024-07-19,Standard
4477,Nina,Braun,nina.braun4477@example.com,Frankfurt,Germany,2025-07-17,Standard
4478,Ben,Zimmermann,ben.zimmermann4478@example.com,Stuttgart,Germany,2023-09-21,Standard
4479,Anna,Fischer,anna.fischer4479@example.com,Nuremberg,Germany,2023-04-18,Standard
4480,Sophie,Schwarz,sophie.schwarz4480@example.com,Stuttgart,Germany,2025-09-04,Standard
4481,Mia,Koch,mia.koch4481@example.com,Dortmund,Germany,2025-02-07,Standard
4482,Anna,Klein,anna.klein4482@example.com,Duesseldorf,Germany,2024-10-25,Standard
4483,Ben,Koch,ben.koch4483@example.com,Bremen,Germany,2023-03-12,Standard
4484,Lukas,Koch,lukas.koch4484@example.com,Duisburg,Germany,2023-03-22,Standard
4485,Julia,Schmidt,julia.schmidt4485@example.com,Leipzig,Germany,2023-09-28,Standard
4486,Lena,Schneider,lena.schneider4486@example.com,Munich,Germany,2023-10-14,Premium
4487,Paul,Neumann,paul.neumann4487@example.com,Dresden,Germany,2023-12-01,Standard
4488,Leon,Schneider,leon.schneider4488@example.com,Stuttgart,Germany,2025-01-07,Standard
4489,Sophie,Schneider,sophie.schneider4489@example.com,Stuttgart,Germany,2025-04-25,Premium
4490,Clara,Schneider,clara.schneider4490@example.com,Duesseldorf,Germany,2025-10-05,Standard
4491,Finn,Schmidt,finn.schmidt4491@example.com,Duesseldorf,Germany,2025-12-10,Standard
4492,Lea,Richter,lea.richter4492@example.com,Dortmund,Germany,2023-11-14,Premium
4493,Lena,Wagner,lena.wagner4493@example.com,Munich,Germany,2025-07-07,Standard
4494,Paul,Schulz,paul.schulz4494@example.com,Cologne,Germany,2024-04-10,Premium
4495,Max,Schwarz,max.schwarz4495@example.com,Berlin,Germany,2023-02-19,Premium
4496,Lea,Becker,lea.becker4496@example.com,Berlin,Germany,2025-09-07,Standard
4497,Max,Becker,max.becker4497@example.com,Munich,Germany,2024-04-21,Standard
4498,Mia,Neumann,mia.neumann4498@example.com,Stuttgart,Germany,2024-10-16,Standard
4499,Laura,Richter,laura.richter4499@example.com,Dortmund,Germany,2023-02-09,Standard
4500,Clara,Hoffmann,clara.hoffmann4500@example.com,Berlin,Germany,2025-10-05,Standard
4501,David,Klein,david.klein4501@example.com,Berlin,Germany,2023-05-20,Standard
4502,Emma,Zimmermann,emma.zimmermann4502@example.com,Cologne,Germany,2023-03-15,Standard
4503,Leon,Zimmermann,leon.zimmermann4503@example.com,Berlin,Germany,2025-10-03,Standard
4504,Felix,Schneider,felix.schneider4504@example.com,Dortmund,Germany,2025-01-23,Standard
4505,Ben,Richter,ben.richter4505@example.com,Munich,Germany,2024-03-11,Standard
4506,Finn,Mueller,finn.mueller4506@example.com,Frankfurt,Germany,2024-07-30,Standard
4507,Finn,Bauer,finn.bauer4507@example.com,Duesseldorf,Germany,2025-11-12,Premium
4508,Ben,Wagner,ben.wagner4508@example.com,Stuttgart,Germany,2024-06-08,Standard
4509,Emma,Koch,emma.koch4509@example.com,Duesseldorf,Germany,2024-06-17,Standard
4510,Paul,Hoffmann,paul.hoffmann4510@example.com,Berlin,Germany,2025-07-13,Business
4511,Marie,Braun,marie.braun4511@example.com,Hanover,Germany,2025-11-14,Standard
4512,Laura,Wagner,laura.wagner4512@example.com,Hamburg,Germany,2024-01-14,Standard
4513,Max,Richter,max.richter4513@example.com,Dresden,Germany,2023-08-07,Standard
4514,Emma,Wagner,emma.wagner4514@example.com,Nuremberg,Germany,2024-09-03,Standard
4515,Nina,Wagner,nina.wagner4515@example.com,Stuttgart,Germany,2024-09-13,Standard
4516,Marie,Schmidt,marie.schmidt4516@example.com,Essen,Germany,2024-04-15,Standard
4517,Hannah,Wagner,hannah.wagner4517@example.com,Berlin,Germany,2025-11-12,Standard
4518,Lukas,Mueller,lukas.mueller4518@example.com,Nuremberg,Germany,2024-03-19,Premium
4519,Ben,Koch,ben.koch4519@example.com,Leipzig,Germany,2024-02-27,Standard
4520,Tom,Richter,tom.richter4520@example.com,Leipzig,Germany,2024-11-01,Standard
4521,Laura,Braun,laura.braun4521@example.com,Duisburg,Germany,2023-12-05,Premium
4522,Tim,Schroeder,tim.schroeder4522@example.com,Hanover,Germany,2024-08-07,Standard
4523,David,Becker,david.becker4523@example.com,Essen,Germany,2023-06-09,Premium
4524,Paul,Mueller,paul.mueller4524@example.com,Essen,Germany,2023-03-05,Standard
4525,Max,Mueller,max.mueller4525@example.com,Duisburg,Germany,2024-07-15,Premium
4526,Anna,Hoffmann,anna.hoffmann4526@example.com,Duesseldorf,Germany,2025-06-30,Standard
4527,Tom,Zimmermann,tom.zimmermann4527@example.com,Hamburg,Germany,2023-11-23,Premium
4528,Max,Bauer,max.bauer4528@example.com,Bremen,Germany,2024-03-16,Business
4529,Emma,Klein,emma.klein4529@example.com,Hamburg,Germany,2025-02-02,Standard
4530,Hannah,Klein,hannah.klein4530@example.com,Frankfurt,Germany,2023-02-15,Standard
4531,Clara,Schmidt,clara.schmidt4531@example.com,Frankfurt,Germany,2023-09-03,Standard
4532,Mia,Schulz,mia.schulz4532@example.com,Duisburg,Germany,2025-07-24,Standard
4533,Emma,Fischer,emma.fischer4533@example.com,Duisburg,Germany,2023-03-04,Standard
4534,Tim,Meyer,tim.meyer4534@example.com,Hamburg,Germany,2023-01-30,Standard
4535,Lena,Becker,lena.becker4535@example.com,Nuremberg,Germany,2025-07-21,Standard
4536,Sarah,Schwarz,sarah.schwarz4536@example.com,Frankfurt,Germany,2024-07-13,Standard
4537,Anna,Zimmermann,anna.zimmermann4537@example.com,Hamburg,Germany,2025-09-09,Standard
4538,Tom,Weber,tom.weber4538@example.com,Hamburg,Germany,2024-03-17,Standard
4539,Laura,Richter,laura.richter4539@example.com,Berlin,Germany,2023-03-03,Standard
4540,Tim,Klein,tim.klein4540@example.com,Duesseldorf,Germany,2025-08-11,Standard
4541,Ben,Mueller,ben.mueller4541@example.com,Bremen,Germany,2023-04-01,Standard
4542,Lena,Schulz,lena.schulz4542@example.com,Dresden,Germany,2024-07-30,Standard
4543,Tim,Wagner,tim.wagner4543@example.com,Berlin,Germany,2024-07-01,Standard
4544,David,Schulz,david.schulz4544@example.com,Cologne,Germany,2024-01-21,Standard
4545,Nina,Wolf,nina.wolf4545@example.com,Bremen,Germany,2023-01-04,Standard
4546,Max,Zimmermann,max.zimmermann4546@example.com,Dortmund,Germany,2025-06-10,Premium
4547,Nina,Schroeder,nina.schroeder4547@example.com,Dresden,Germany,2024-04-19,Standard
4548,Tom,Schmidt,tom.schmidt4548@example.com,Stuttgart,Germany,2024-08-09,Standard
4549,Lena,Braun,lena.braun4549@example.com,Leipzig,Germany,2025-01-22,Premium
4550,Tim,Schwarz,tim.schwarz4550@example.com,Stuttgart,Germany,2023-12-02,Premium
4551,David,Bauer,david.bauer4551@example.com,Stuttgart,Germany,2023-10-26,Business
4552,Tom,Bauer,tom.bauer4552@example.com,Munich,Germany,2025-04-13,Standard
4553,Sarah,Richter,sarah.richter4553@example.com,Leipzig,Germany,2025-02-01,Standard
4554,Felix,Hoffmann,felix.hoffmann4554@example.com,Nuremberg,Germany,2023-10-30,Premium
4555,David,Schroeder,david.schroeder4555@example.com,Stuttgart,Germany,2025-04-15,Standard
4556,Jonas,Schneider,jonas.schneider4556@example.com,Duisburg,Germany,2024-06-02,Standard
4557,Mia,Koch,mia.koch4557@example.com,Bremen,Germany,2025-01-04,Premium
4558,Marie,Wolf,marie.wolf4558@example.com,Duisburg,Germany,2023-12-03,Premium
4559,Max,Koch,max.koch4559@example.com,Duisburg,Germany,2025-11-03,Business
4560,Lea,Weber,lea.weber4560@example.com,Dortmund,Germany,2024-11-30,Business
4561,Lea,Meyer,lea.meyer4561@example.com,Nuremberg,Germany,2023-10-13,Premium
4562,Emma,Richter,emma.richter4562@example.com,Nuremberg,Germany,2023-06-17,Standard
4563,Jonas,Fischer,jonas.fischer4563@example.com,Dortmund,Germany,2025-10-23,Premium
4564,Max,Neumann,max.neumann4564@example.com,Essen,Germany,2023-08-01,Standard
4565,Anna,Schulz,anna.schulz4565@example.com,Dresden,Germany,2023-12-04,Standard
4566,Leon,Koch,leon.koch4566@example.com,Hamburg,Germany,2025-09-28,Premium
4567,Sophie,Bauer,sophie.bauer4567@example.com,Dortmund,Germany,2025-03-19,Standard
4568,David,Richter,david.richter4568@example.com,Essen,Germany,2024-03-24,Standard
4569,Felix,Klein,felix.klein4569@example.com,Cologne,Germany,2023-08-06,Standard
4570,Lea,Wolf,lea.wolf4570@example.com,Nuremberg,Germany,2023-11-15,Premium
4571,Nina,Wagner,nina.wagner4571@example.com,Duisburg,Germany,2023-01-02,Standard
4572,Julia,Fischer,julia.fischer4572@example.com,Munich,Germany,2025-10-11,Premium
4573,Lena,Hoffmann,lena.hoffmann4573@example.com,Hanover,Germany,2024-05-10,Standard
4574,Laura,Hoffmann,laura.hoffmann4574@example.com,Dortmund,Germany,2024-03-04,Premium
4575,Lea,Fischer,lea.fischer4575@example.com,Berlin,Germany,2024-01-27,Premium
4576,Anna,Mueller,anna.mueller4576@example.com,Hamburg,Germany,2024-08-28,Standard
4577,Emma,Meyer,emma.meyer4577@example.com,Hamburg,Germany,2023-05-27,Standard
4578,Hannah,Wolf,hannah.wolf4578@example.com,Duesseldorf,Germany,2023-09-01,Standard
4579,Felix,Richter,felix.richter4579@example.com,Dresden,Germany,2023-01-22,Business
4580,Niklas,Hoffmann,niklas.hoffmann4580@example.com,Duesseldorf,Germany,2024-12-03,Standard
4581,Felix,Wagner,felix.wagner4581@example.com,Duesseldorf,Germany,2024-09-14,Business
4582,Niklas,Zimmermann,niklas.zimmermann4582@example.com,Bremen,Germany,2025-09-06,Standard
4583,Niklas,Zimmermann,niklas.zimmermann4583@example.com,Bremen,Germany,2023-03-27,Premium
4584,Tim,Schmidt,tim.schmidt4584@example.com,Stuttgart,Germany,2025-10-20,Premium
4585,Felix,Mueller,felix.mueller4585@example.com,Dresden,Germany,2024-06-07,Premium
4586,Tim,Richter,tim.richter4586@example.com,Duesseldorf,Germany,2023-07-20,Business
4587,Nina,Zimmermann,nina.zimmermann4587@example.com,Bremen,Germany,2024-12-19,Standard
4588,Tim,Mueller,tim.mueller4588@example.com,Berlin,Germany,2025-02-17,Standard
4589,Tim,Schneider,tim.schneider4589@example.com,Frankfurt,Germany,2025-08-30,Premium
4590,Finn,Schneider,finn.schneider4590@example.com,Cologne,Germany,2023-06-19,Premium
4591,Tom,Fischer,tom.fischer4591@example.com,Duesseldorf,Germany,2025-07-20,Standard
4592,Tom,Koch,tom.koch4592@example.com,Essen,Germany,2024-05-09,Standard
4593,Tim,Schmidt,tim.schmidt4593@example.com,Frankfurt,Germany,2024-10-23,Standard
4594,Finn,Wolf,finn.wolf4594@example.com,Essen,Germany,2024-03-19,Standard
4595,Jonas,Fischer,jonas.fischer4595@example.com,Bremen,Germany,2023-01-22,Standard
4596,Mia,Zimmermann,mia.zimmermann4596@example.com,Duisburg,Germany,2023-02-27,Standard
4597,Julia,Wolf,julia.wolf4597@example.com,Dortmund,Germany,2023-05-22,Premium
4598,Ben,Wolf,ben.wolf4598@example.com,Dresden,Germany,2024-07-16,Standard
4599,Sarah,Richter,sarah.richter4599@example.com,Frankfurt,Germany,2023-04-10,Standard
4600,Sarah,Fischer,sarah.fischer4600@example.com,Leipzig,Germany,2025-11-24,Standard
4601,Ben,Wolf,ben.wolf4601@example.com,Nuremberg,Germany,2024-08-23,Standard
4602,Ben,Schmidt,ben.schmidt4602@example.com,Essen,Germany,2024-08-17,Premium
4603,Sophie,Klein,sophie.klein4603@example.com,Bremen,Germany,2023-08-13,Business
4604,Mia,Schneider,mia.schneider4604@example.com,Leipzig,Germany,2024-02-12,Standard
4605,Tim,Becker,tim.becker4605@example.com,Duesseldorf,Germany,2023-01-12,Premium
4606,Clara,Meyer,clara.meyer4606@example.com,Berlin,Germany,2025-02-10,Premium
4607,Lukas,Meyer,lukas.meyer4607@example.com,Stuttgart,Germany,2024-04-02,Premium
4608,David,Zimmermann,david.zimmermann4608@example.com,Cologne,Germany,2025-10-07,Standard
4609,Nina,Wolf,nina.wolf4609@example.com,Hamburg,Germany,2023-08-26,Business
4610,Ben,Weber,ben.weber4610@example.com,Dresden,Germany,2023-09-28,Standard
4611,Niklas,Zimmermann,niklas.zimmermann4611@example.com,Leipzig,Germany,2023-02-18,Standard
4612,Tim,Bauer,tim.bauer4612@example.com,Berlin,Germany,2025-05-30,Standard
4613,Nina,Neumann,nina.neumann4613@example.com,Bremen,Germany,2025-01-24,Standard
4614,Finn,Fischer,finn.fischer4614@example.com,Leipzig,Germany,2025-05-07,Standard
4615,Max,Schulz,max.schulz4615@example.com,Dortmund,Germany,2025-06-12,Standard
4616,Nina,Klein,nina.klein4616@example.com,Hamburg,Germany,2023-05-18,Standard
4617,Lena,Schulz,lena.schulz4617@example.com,Leipzig,Germany,2025-01-02,Premium
4618,Laura,Neumann,laura.neumann4618@example.com,Duisburg,Germany,2024-05-13,Premium
4619,Mia,Fischer,mia.fischer4619@example.com,Munich,Germany,2023-02-19,Standard
4620,Lena,Zimmermann,lena.zimmermann4620@example.com,Bremen,Germany,2024-01-18,Premium
4621,Emma,Wolf,emma.wolf4621@example.com,Dortmund,Germany,2025-02-03,Premium
4622,Hannah,Schroeder,hannah.schroeder4622@example.com,Hanover,Germany,2023-05-17,Premium
4623,David,Meyer,david.meyer4623@example.com,Hamburg,Germany,2025-04-26,Standard
4624,Finn,Schmidt,finn.schmidt4624@example.com,Cologne,Germany,2024-04-20,Premium
4625,Mia,Hoffmann,mia.hoffmann4625@example.com,Dresden,Germany,2023-09-30,Business
4626,Nina,Richter,nina.richter4626@example.com,Stuttgart,Germany,2023-01-23,Premium
4627,Max,Neumann,max.neumann4627@example.com,Hamburg,Germany,2023-01-25,Standard
4628,Julia,Schulz,julia.schulz4628@example.com,Berlin,Germany,2025-12-22,Standard
4629,Lukas,Weber,lukas.weber4629@example.com,Duisburg,Germany,2024-10-16,Standard
4630,Leon,Schroeder,leon.schroeder4630@example.com,Cologne,Germany,2024-03-13,Standard
4631,David,Schroeder,david.schroeder4631@example.com,Leipzig,Germany,2025-09-06,Standard
4632,Emma,Fischer,emma.fischer4632@example.com,Duesseldorf,Germany,2023-12-20,Standard
4633,Finn,Schwarz,finn.schwarz4633@example.com,Munich,Germany,2023-05-26,Premium
4634,David,Weber,david.weber4634@example.com,Munich,Germany,2025-11-10,Premium
4635,Clara,Schneider,clara.schneider4635@example.com,Dortmund,Germany,2025-09-05,Standard
4636,Lena,Zimmermann,lena.zimmermann4636@example.com,Cologne,Germany,2023-12-04,Business
4637,Lea,Klein,lea.klein4637@example.com,Cologne,Germany,2025-01-10,Standard
4638,Hannah,Klein,hannah.klein4638@example.com,Hanover,Germany,2023-05-03,Premium
4639,Jonas,Schmidt,jonas.schmidt4639@example.com,Hanover,Germany,2024-10-18,Premium
4640,Laura,Mueller,laura.mueller4640@example.com,Bremen,Germany,2024-01-30,Premium
4641,Tom,Bauer,tom.bauer4641@example.com,Leipzig,Germany,2025-03-11,Business
4642,Niklas,Becker,niklas.becker4642@example.com,Leipzig,Germany,2023-09-18,Standard
4643,Niklas,Neumann,niklas.neumann4643@example.com,Bremen,Germany,2025-04-12,Premium
4644,Clara,Meyer,clara.meyer4644@example.com,Essen,Germany,2024-05-09,Standard
4645,Julia,Hoffmann,julia.hoffmann4645@example.com,Hanover,Germany,2025-10-15,Premium
4646,Lena,Klein,lena.klein4646@example.com,Duesseldorf,Germany,2023-03-05,Premium
4647,Lena,Schwarz,lena.schwarz4647@example.com,Dresden,Germany,2023-06-23,Premium
4648,Clara,Weber,clara.weber4648@example.com,Stuttgart,Germany,2023-03-23,Standard
4649,Hannah,Richter,hannah.richter4649@example.com,Leipzig,Germany,2024-07-29,Premium
4650,Lea,Koch,lea.koch4650@example.com,Nuremberg,Germany,2024-09-13,Standard
4651,Finn,Braun,finn.braun4651@example.com,Duisburg,Germany,2024-10-31,Standard
4652,Lukas,Schroeder,lukas.schroeder4652@example.com,Leipzig,Germany,2025-11-13,Premium
4653,Laura,Zimmermann,laura.zimmermann4653@example.com,Leipzig,Germany,2023-10-09,Standard
4654,Sophie,Schneider,sophie.schneider4654@example.com,Stuttgart,Germany,2025-09-29,Premium
4655,Finn,Neumann,finn.neumann4655@example.com,Frankfurt,Germany,2023-05-09,Standard
4656,Lea,Schulz,lea.schulz4656@example.com,Nuremberg,Germany,2024-07-09,Standard
4657,Lukas,Braun,lukas.braun4657@example.com,Cologne,Germany,2025-11-17,Premium
4658,Sophie,Koch,sophie.koch4658@example.com,Essen,Germany,2024-05-05,Standard
4659,Emma,Bauer,emma.bauer4659@example.com,Cologne,Germany,2024-09-19,Standard
4660,Sophie,Neumann,sophie.neumann4660@example.com,Frankfurt,Germany,2025-04-22,Premium
4661,Hannah,Braun,hannah.braun4661@example.com,Bremen,Germany,2025-05-18,Standard
4662,David,Wagner,david.wagner4662@example.com,Hanover,Germany,2023-10-13,Standard
4663,Clara,Hoffmann,clara.hoffmann4663@example.com,Bremen,Germany,2024-01-25,Standard
4664,David,Bauer,david.bauer4664@example.com,Cologne,Germany,2024-10-19,Premium
4665,Marie,Zimmermann,marie.zimmermann4665@example.com,Munich,Germany,2025-12-01,Premium
4666,Paul,Hoffmann,paul.hoffmann4666@example.com,Cologne,Germany,2024-05-20,Premium
4667,Niklas,Koch,niklas.koch4667@example.com,Duisburg,Germany,2024-01-10,Standard
4668,Lea,Schroeder,lea.schroeder4668@example.com,Cologne,Germany,2025-02-06,Premium
4669,Laura,Schroeder,laura.schroeder4669@example.com,Duisburg,Germany,2024-07-08,Premium
4670,Sarah,Wolf,sarah.wolf4670@example.com,Munich,Germany,2024-11-30,Premium
4671,Hannah,Braun,hannah.braun4671@example.com,Frankfurt,Germany,2023-05-28,Standard
4672,Paul,Richter,paul.richter4672@example.com,Berlin,Germany,2025-03-16,Premium
4673,Lena,Wagner,lena.wagner4673@example.com,Duisburg,Germany,2024-06-05,Premium
4674,Tim,Wolf,tim.wolf4674@example.com,Dortmund,Germany,2024-07-21,Standard
4675,Sarah,Klein,sarah.klein4675@example.com,Frankfurt,Germany,2024-02-12,Standard
4676,Max,Klein,max.klein4676@example.com,Essen,Germany,2025-09-29,Premium
4677,Paul,Schroeder,paul.schroeder4677@example.com,Duesseldorf,Germany,2025-06-14,Standard
4678,Sophie,Fischer,sophie.fischer4678@example.com,Munich,Germany,2023-10-14,Business
4679,Paul,Bauer,paul.bauer4679@example.com,Berlin,Germany,2023-04-22,Premium
4680,Lena,Schulz,lena.schulz4680@example.com,Dortmund,Germany,2023-08-09,Standard
4681,Finn,Schulz,finn.schulz4681@example.com,Hanover,Germany,2023-09-18,Standard
4682,Paul,Klein,paul.klein4682@example.com,Berlin,Germany,2024-02-24,Standard
4683,David,Zimmermann,david.zimmermann4683@example.com,Berlin,Germany,2023-05-03,Business
4684,Paul,Koch,paul.koch4684@example.com,Frankfurt,Germany,2024-07-21,Standard
4685,Jonas,Becker,jonas.becker4685@example.com,Cologne,Germany,2024-04-17,Premium
4686,Niklas,Braun,niklas.braun4686@example.com,Duisburg,Germany,2024-06-30,Standard
4687,Finn,Bauer,finn.bauer4687@example.com,Munich,Germany,2024-04-29,Standard
4688,Anna,Schwarz,anna.schwarz4688@example.com,Hanover,Germany,2024-10-10,Standard
4689,Leon,Meyer,leon.meyer4689@example.com,Cologne,Germany,2025-02-23,Standard
4690,Finn,Braun,finn.braun4690@example.com,Munich,Germany,2023-02-05,Business
4691,Lena,Zimmermann,lena.zimmermann4691@example.com,Hanover,Germany,2024-07-06,Standard
4692,Tim,Fischer,tim.fischer4692@example.com,Cologne,Germany,2023-07-15,Standard
4693,Jonas,Becker,jonas.becker4693@example.com,Leipzig,Germany,2024-05-10,Standard
4694,Niklas,Meyer,niklas.meyer4694@example.com,Duisburg,Germany,2023-12-22,Standard
4695,Leon,Schulz,leon.schulz4695@example.com,Berlin,Germany,2023-08-08,Standard
4696,Leon,Hoffmann,leon.hoffmann4696@example.com,Essen,Germany,2025-06-10,Premium
4697,Niklas,Richter,niklas.richter4697@example.com,Cologne,Germany,2025-07-02,Standard
4698,Leon,Fischer,leon.fischer4698@example.com,Duesseldorf,Germany,2023-06-17,Standard
4699,Nina,Wolf,nina.wolf4699@example.com,Munich,Germany,2025-06-25,Standard
4700,Tom,Richter,tom.richter4700@example.com,Berlin,Germany,2025-02-17,Business
4701,Finn,Schulz,finn.schulz4701@example.com,Duisburg,Germany,2024-02-25,Standard
4702,David,Schroeder,david.schroeder4702@example.com,Hanover,Germany,2025-06-13,Standard
4703,Julia,Koch,julia.koch4703@example.com,Berlin,Germany,2024-10-21,Premium
4704,Tim,Neumann,tim.neumann4704@example.com,Nuremberg,Germany,2025-03-05,Standard
4705,Marie,Braun,marie.braun4705@example.com,Stuttgart,Germany,2024-02-25,Standard
4706,Mia,Schneider,mia.schneider4706@example.com,Munich,Germany,2025-02-12,Standard
4707,Laura,Wagner,laura.wagner4707@example.com,Stuttgart,Germany,2024-03-22,Premium
4708,Felix,Richter,felix.richter4708@example.com,Cologne,Germany,2024-07-15,Standard
4709,Nina,Hoffmann,nina.hoffmann4709@example.com,Duesseldorf,Germany,2024-04-17,Premium
4710,Niklas,Schroeder,niklas.schroeder4710@example.com,Bremen,Germany,2023-02-19,Standard
4711,Sarah,Becker,sarah.becker4711@example.com,Leipzig,Germany,2023-05-13,Standard
4712,Nina,Mueller,nina.mueller4712@example.com,Essen,Germany,2025-03-07,Standard
4713,Felix,Bauer,felix.bauer4713@example.com,Berlin,Germany,2025-02-19,Standard
4714,Tim,Klein,tim.klein4714@example.com,Duisburg,Germany,2025-07-01,Premium
4715,Jonas,Schneider,jonas.schneider4715@example.com,Frankfurt,Germany,2025-06-14,Standard
4716,Felix,Becker,felix.becker4716@example.com,Stuttgart,Germany,2024-07-05,Standard
4717,Hannah,Schroeder,hannah.schroeder4717@example.com,Munich,Germany,2023-11-20,Standard
4718,Leon,Zimmermann,leon.zimmermann4718@example.com,Essen,Germany,2025-11-25,Business
4719,Julia,Wagner,julia.wagner4719@example.com,Duesseldorf,Germany,2023-03-16,Standard
4720,Felix,Schmidt,felix.schmidt4720@example.com,Hamburg,Germany,2024-04-13,Business
4721,Nina,Meyer,nina.meyer4721@example.com,Essen,Germany,2023-07-09,Standard
4722,Nina,Schwarz,nina.schwarz4722@example.com,Frankfurt,Germany,2023-04-13,Standard
4723,Lena,Neumann,lena.neumann4723@example.com,Leipzig,Germany,2024-06-06,Standard
4724,Mia,Hoffmann,mia.hoffmann4724@example.com,Nuremberg,Germany,2023-10-18,Standard
4725,Jonas,Schulz,jonas.schulz4725@example.com,Cologne,Germany,2024-01-16,Standard
4726,Jonas,Hoffmann,jonas.hoffmann4726@example.com,Dortmund,Germany,2023-12-08,Standard
4727,Lena,Becker,lena.becker4727@example.com,Essen,Germany,2023-07-08,Business
4728,Max,Zimmermann,max.zimmermann4728@example.com,Frankfurt,Germany,2023-12-27,Premium
4729,Finn,Schroeder,finn.schroeder4729@example.com,Duisburg,Germany,2025-05-16,Premium
4730,Ben,Becker,ben.becker4730@example.com,Hanover,Germany,2023-02-05,Standard
4731,Emma,Braun,emma.braun4731@example.com,Hamburg,Germany,2023-06-07,Standard
4732,Clara,Fischer,clara.fischer4732@example.com,Nuremberg,Germany,2024-07-05,Standard
4733,Ben,Schwarz,ben.schwarz4733@example.com,Hanover,Germany,2023-09-12,Premium
4734,Marie,Schwarz,marie.schwarz4734@example.com,Dresden,Germany,2025-01-25,Business
4735,Ben,Weber,ben.weber4735@example.com,Duisburg,Germany,2025-12-28,Standard
4736,Ben,Becker,ben.becker4736@example.com,Stuttgart,Germany,2023-01-18,Standard
4737,Ben,Schulz,ben.schulz4737@example.com,Nuremberg,Germany,2025-11-17,Standard
4738,Anna,Neumann,anna.neumann4738@example.com,Duisburg,Germany,2025-10-30,Standard
4739,Max,Richter,max.richter4739@example.com,Munich,Germany,2023-10-04,Standard
4740,Max,Schroeder,max.schroeder4740@example.com,Nuremberg,Germany,2023-11-16,Standard
4741,Mia,Becker,mia.becker4741@example.com,Essen,Germany,2025-01-22,Premium
4742,Hannah,Wolf,hannah.wolf4742@example.com,Leipzig,Germany,2024-05-18,Standard
4743,Ben,Fischer,ben.fischer4743@example.com,Munich,Germany,2024-05-23,Standard
4744,Lea,Braun,lea.braun4744@example.com,Hamburg,Germany,2023-03-28,Business
4745,Laura,Weber,laura.weber4745@example.com,Frankfurt,Germany,2023-01-02,Standard
4746,Marie,Neumann,marie.neumann4746@example.com,Bremen,Germany,2025-09-30,Standard
4747,Clara,Richter,clara.richter4747@example.com,Duisburg,Germany,2025-04-07,Standard
4748,Julia,Wolf,julia.wolf4748@example.com,Stuttgart,Germany,2025-11-30,Standard
4749,Niklas,Zimmermann,niklas.zimmermann4749@example.com,Hanover,Germany,2025-04-09,Standard
4750,Hannah,Neumann,hannah.neumann4750@example.com,Munich,Germany,2025-04-14,Premium
4751,Julia,Schroeder,julia.schroeder4751@example.com,Hanover,Germany,2023-09-16,Standard
4752,Max,Wagner,max.wagner4752@example.com,Essen,Germany,2023-05-31,Standard
4753,Felix,Hoffmann,felix.hoffmann4753@example.com,Essen,Germany,2023-08-25,Premium
4754,Jonas,Richter,jonas.richter4754@example.com,Frankfurt,Germany,2025-02-08,Standard
4755,Felix,Mueller,felix.mueller4755@example.com,Leipzig,Germany,2024-10-06,Premium
4756,Emma,Mueller,emma.mueller4756@example.com,Duesseldorf,Germany,2024-03-17,Premium
4757,Clara,Weber,clara.weber4757@example.com,Nuremberg,Germany,2025-07-10,Standard
4758,Sarah,Weber,sarah.weber4758@example.com,Duesseldorf,Germany,2024-09-10,Premium
4759,Leon,Weber,leon.weber4759@example.com,Duisburg,Germany,2023-02-03,Standard
4760,Leon,Wolf,leon.wolf4760@example.com,Leipzig,Germany,2024-06-01,Business
4761,Laura,Wolf,laura.wolf4761@example.com,Stuttgart,Germany,2025-08-10,Standard
4762,Emma,Wolf,emma.wolf4762@example.com,Duesseldorf,Germany,2023-09-25,Business
4763,Max,Becker,max.becker4763@example.com,Duisburg,Germany,2023-10-26,Premium
4764,Lea,Fischer,lea.fischer4764@example.com,Stuttgart,Germany,2024-08-28,Standard
4765,Max,Bauer,max.bauer4765@example.com,Duisburg,Germany,2025-08-10,Standard
4766,Laura,Klein,laura.klein4766@example.com,Essen,Germany,2023-06-09,Business
4767,Lukas,Bauer,lukas.bauer4767@example.com,Dortmund,Germany,2025-11-15,Premium
4768,Tim,Schmidt,tim.schmidt4768@example.com,Hamburg,Germany,2025-09-08,Standard
4769,Felix,Koch,felix.koch4769@example.com,Frankfurt,Germany,2024-02-01,Premium
4770,Julia,Meyer,julia.meyer4770@example.com,Hamburg,Germany,2023-01-23,Standard
4771,Mia,Schwarz,mia.schwarz4771@example.com,Berlin,Germany,2024-07-06,Standard
4772,Anna,Neumann,anna.neumann4772@example.com,Bremen,Germany,2024-03-23,Standard
4773,Julia,Bauer,julia.bauer4773@example.com,Leipzig,Germany,2023-02-19,Standard
4774,Laura,Koch,laura.koch4774@example.com,Stuttgart,Germany,2025-07-31,Premium
4775,Niklas,Koch,niklas.koch4775@example.com,Stuttgart,Germany,2024-08-06,Standard
4776,Max,Neumann,max.neumann4776@example.com,Duisburg,Germany,2023-09-10,Premium
4777,Marie,Schroeder,marie.schroeder4777@example.com,Hanover,Germany,2025-06-06,Standard
4778,Julia,Schmidt,julia.schmidt4778@example.com,Hamburg,Germany,2025-11-02,Standard
4779,Mia,Richter,mia.richter4779@example.com,Bremen,Germany,2024-11-07,Standard
4780,Nina,Wolf,nina.wolf4780@example.com,Munich,Germany,2024-07-01,Standard
4781,Mia,Wagner,mia.wagner4781@example.com,Essen,Germany,2023-07-10,Standard
4782,Laura,Schulz,laura.schulz4782@example.com,Cologne,Germany,2025-03-18,Standard
4783,Max,Schmidt,max.schmidt4783@example.com,Berlin,Germany,2024-09-12,Standard
4784,Mia,Wagner,mia.wagner4784@example.com,Essen,Germany,2025-05-06,Standard
4785,Emma,Klein,emma.klein4785@example.com,Duesseldorf,Germany,2023-11-07,Standard
4786,Finn,Zimmermann,finn.zimmermann4786@example.com,Duisburg,Germany,2024-06-06,Standard
4787,Emma,Mueller,emma.mueller4787@example.com,Munich,Germany,2023-05-16,Premium
4788,Max,Schulz,max.schulz4788@example.com,Hanover,Germany,2025-09-15,Business
4789,Lena,Becker,lena.becker4789@example.com,Duisburg,Germany,2025-08-17,Standard
4790,Ben,Schroeder,ben.schroeder4790@example.com,Hamburg,Germany,2023-08-22,Standard
4791,David,Wolf,david.wolf4791@example.com,Essen,Germany,2024-12-02,Standard
4792,Tom,Bauer,tom.bauer4792@example.com,Frankfurt,Germany,2025-08-18,Business
4793,Sarah,Schwarz,sarah.schwarz4793@example.com,Bremen,Germany,2024-11-08,Standard
4794,David,Koch,david.koch4794@example.com,Munich,Germany,2025-12-14,Standard
4795,David,Zimmermann,david.zimmermann4795@example.com,Bremen,Germany,2025-12-01,Standard
4796,Hannah,Braun,hannah.braun4796@example.com,Cologne,Germany,2024-05-17,Standard
4797,Anna,Klein,anna.klein4797@example.com,Frankfurt,Germany,2025-09-16,Standard
4798,Sophie,Neumann,sophie.neumann4798@example.com,Leipzig,Germany,2024-09-07,Premium
4799,Tom,Richter,tom.richter4799@example.com,Essen,Germany,2023-04-16,Standard
4800,Lukas,Schulz,lukas.schulz4800@example.com,Nuremberg,Germany,2023-08-07,Standard
4801,Mia,Schwarz,mia.schwarz4801@example.com,Nuremberg,Germany,2024-04-02,Standard
4802,Leon,Becker,leon.becker4802@example.com,Duisburg,Germany,2025-08-08,Standard
4803,Mia,Fischer,mia.fischer4803@example.com,Stuttgart,Germany,2025-11-01,Business
4804,Jonas,Richter,jonas.richter4804@example.com,Essen,Germany,2025-05-08,Standard
4805,Sophie,Hoffmann,sophie.hoffmann4805@example.com,Cologne,Germany,2023-06-16,Premium
4806,Ben,Braun,ben.braun4806@example.com,Duisburg,Germany,2025-09-12,Standard
4807,David,Schneider,david.schneider4807@example.com,Duisburg,Germany,2024-10-04,Standard
4808,Max,Klein,max.klein4808@example.com,Nuremberg,Germany,2025-04-11,Business
4809,Jonas,Weber,jonas.weber4809@example.com,Leipzig,Germany,2025-04-28,Standard
4810,Anna,Koch,anna.koch4810@example.com,Hamburg,Germany,2025-01-28,Premium
4811,Lukas,Becker,lukas.becker4811@example.com,Duisburg,Germany,2025-09-23,Standard
4812,Tim,Richter,tim.richter4812@example.com,Duesseldorf,Germany,2024-03-14,Premium
4813,Jonas,Becker,jonas.becker4813@example.com,Cologne,Germany,2024-08-09,Standard
4814,Niklas,Meyer,niklas.meyer4814@example.com,Munich,Germany,2024-11-19,Standard
4815,Niklas,Koch,niklas.koch4815@example.com,Nuremberg,Germany,2025-02-10,Premium
4816,Lena,Fischer,lena.fischer4816@example.com,Hamburg,Germany,2023-06-18,Business
4817,Tom,Mueller,tom.mueller4817@example.com,Dortmund,Germany,2023-11-04,Business
4818,Jonas,Schroeder,jonas.schroeder4818@example.com,Duisburg,Germany,2023-07-09,Premium
4819,Nina,Weber,nina.weber4819@example.com,Berlin,Germany,2023-04-16,Premium
4820,Tim,Meyer,tim.meyer4820@example.com,Munich,Germany,2023-03-08,Standard
4821,Lukas,Bauer,lukas.bauer4821@example.com,Bremen,Germany,2025-01-01,Standard
4822,Sarah,Schneider,sarah.schneider4822@example.com,Munich,Germany,2023-03-24,Standard
4823,Lukas,Koch,lukas.koch4823@example.com,Berlin,Germany,2023-07-24,Standard
4824,Sarah,Schneider,sarah.schneider4824@example.com,Essen,Germany,2023-03-22,Standard
4825,Anna,Wagner,anna.wagner4825@example.com,Duisburg,Germany,2023-12-15,Standard
4826,Laura,Schroeder,laura.schroeder4826@example.com,Frankfurt,Germany,2023-08-09,Standard
4827,Sarah,Hoffmann,sarah.hoffmann4827@example.com,Hamburg,Germany,2025-12-13,Premium
4828,Niklas,Hoffmann,niklas.hoffmann4828@example.com,Hamburg,Germany,2023-10-11,Standard
4829,Marie,Braun,marie.braun4829@example.com,Munich,Germany,2024-06-16,Standard
4830,Lea,Neumann,lea.neumann4830@example.com,Leipzig,Germany,2023-07-16,Standard
4831,Niklas,Becker,niklas.becker4831@example.com,Berlin,Germany,2024-08-04,Premium
4832,Laura,Koch,laura.koch4832@example.com,Dresden,Germany,2023-11-30,Premium
4833,Tim,Wolf,tim.wolf4833@example.com,Dortmund,Germany,2025-01-04,Standard
4834,Lukas,Hoffmann,lukas.hoffmann4834@example.com,Duesseldorf,Germany,2025-04-01,Standard
4835,Leon,Hoffmann,leon.hoffmann4835@example.com,Cologne,Germany,2024-10-30,Standard
4836,Leon,Wolf,leon.wolf4836@example.com,Dresden,Germany,2023-11-01,Standard
4837,Mia,Schmidt,mia.schmidt4837@example.com,Berlin,Germany,2023-06-12,Standard
4838,Sarah,Fischer,sarah.fischer4838@example.com,Hamburg,Germany,2023-10-30,Standard
4839,Marie,Weber,marie.weber4839@example.com,Dresden,Germany,2023-11-02,Standard
4840,Lena,Hoffmann,lena.hoffmann4840@example.com,Dresden,Germany,2024-11-12,Standard
4841,Sophie,Zimmermann,sophie.zimmermann4841@example.com,Dresden,Germany,2024-05-04,Business
4842,Tim,Klein,tim.klein4842@example.com,Hamburg,Germany,2025-04-19,Business
4843,Lea,Schwarz,lea.schwarz4843@example.com,Duisburg,Germany,2024-09-11,Standard
4844,Nina,Wagner,nina.wagner4844@example.com,Bremen,Germany,2025-08-27,Standard
4845,Max,Bauer,max.bauer4845@example.com,Duesseldorf,Germany,2023-11-17,Standard
4846,Emma,Bauer,emma.bauer4846@example.com,Berlin,Germany,2023-05-16,Standard
4847,Max,Schulz,max.schulz4847@example.com,Munich,Germany,2025-03-08,Business
4848,Tim,Wolf,tim.wolf4848@example.com,Hanover,Germany,2025-03-25,Standard
4849,Nina,Koch,nina.koch4849@example.com,Munich,Germany,2025-07-09,Premium
4850,Sophie,Klein,sophie.klein4850@example.com,Duisburg,Germany,2024-10-06,Standard
4851,Clara,Zimmermann,clara.zimmermann4851@example.com,Berlin,Germany,2024-01-12,Business
4852,Ben,Schulz,ben.schulz4852@example.com,Hamburg,Germany,2025-05-01,Standard
4853,Tim,Koch,tim.koch4853@example.com,Berlin,Germany,2023-10-31,Premium
4854,Mia,Becker,mia.becker4854@example.com,Essen,Germany,2025-11-16,Standard
4855,Tim,Schulz,tim.schulz4855@example.com,Dresden,Germany,2024-02-19,Standard
4856,Ben,Klein,ben.klein4856@example.com,Hanover,Germany,2023-03-20,Standard
4857,Anna,Bauer,anna.bauer4857@example.com,Hanover,Germany,2024-12-03,Standard
4858,Niklas,Bauer,niklas.bauer4858@example.com,Berlin,Germany,2024-11-21,Business
4859,Paul,Schroeder,paul.schroeder4859@example.com,Cologne,Germany,2025-10-23,Business
4860,Emma,Weber,emma.weber4860@example.com,Bremen,Germany,2024-11-11,Premium
4861,David,Neumann,david.neumann4861@example.com,Dortmund,Germany,2024-07-14,Standard
4862,Laura,Neumann,laura.neumann4862@example.com,Duesseldorf,Germany,2024-02-07,Premium
4863,Clara,Schmidt,clara.schmidt4863@example.com,Dresden,Germany,2025-07-20,Standard
4864,Sarah,Schwarz,sarah.schwarz4864@example.com,Dortmund,Germany,2024-08-17,Standard
4865,Clara,Wolf,clara.wolf4865@example.com,Frankfurt,Germany,2023-04-02,Standard
4866,Sophie,Mueller,sophie.mueller4866@example.com,Essen,Germany,2025-04-14,Standard
4867,Lea,Schneider,lea.schneider4867@example.com,Nuremberg,Germany,2025-08-29,Standard
4868,Jonas,Wolf,jonas.wolf4868@example.com,Duisburg,Germany,2024-04-17,Standard
4869,Sophie,Zimmermann,sophie.zimmermann4869@example.com,Leipzig,Germany,2024-04-01,Standard
4870,Hannah,Hoffmann,hannah.hoffmann4870@example.com,Nuremberg,Germany,2023-03-21,Premium
4871,Leon,Zimmermann,leon.zimmermann4871@example.com,Duesseldorf,Germany,2024-06-04,Standard
4872,Hannah,Mueller,hannah.mueller4872@example.com,Cologne,Germany,2025-12-22,Standard
4873,Max,Becker,max.becker4873@example.com,Cologne,Germany,2025-07-09,Standard
4874,Laura,Mueller,laura.mueller4874@example.com,Berlin,Germany,2025-05-30,Standard
4875,Lena,Schulz,lena.schulz4875@example.com,Berlin,Germany,2025-05-03,Standard
4876,Julia,Hoffmann,julia.hoffmann4876@example.com,Leipzig,Germany,2023-04-15,Standard
4877,Sarah,Wagner,sarah.wagner4877@example.com,Bremen,Germany,2025-12-29,Standard
4878,Finn,Hoffmann,finn.hoffmann4878@example.com,Nuremberg,Germany,2023-08-26,Premium
4879,Leon,Richter,leon.richter4879@example.com,Munich,Germany,2024-11-03,Standard
4880,Finn,Wagner,finn.wagner4880@example.com,Bremen,Germany,2023-01-30,Premium
4881,Jonas,Schneider,jonas.schneider4881@example.com,Bremen,Germany,2024-11-04,Standard
4882,Leon,Schroeder,leon.schroeder4882@example.com,Hamburg,Germany,2023-02-12,Standard
4883,Mia,Schulz,mia.schulz4883@example.com,Bremen,Germany,2023-12-13,Premium
4884,Lukas,Schulz,lukas.schulz4884@example.com,Munich,Germany,2025-05-01,Standard
4885,Jonas,Wagner,jonas.wagner4885@example.com,Stuttgart,Germany,2023-12-02,Standard
4886,Paul,Hoffmann,paul.hoffmann4886@example.com,Dortmund,Germany,2024-09-25,Premium
4887,Nina,Schwarz,nina.schwarz4887@example.com,Hamburg,Germany,2023-05-21,Standard
4888,Mia,Fischer,mia.fischer4888@example.com,Cologne,Germany,2023-01-07,Premium
4889,Lena,Schulz,lena.schulz4889@example.com,Hamburg,Germany,2024-01-02,Standard
4890,Clara,Wolf,clara.wolf4890@example.com,Hamburg,Germany,2024-11-22,Premium
4891,Julia,Schwarz,julia.schwarz4891@example.com,Dortmund,Germany,2025-08-10,Standard
4892,Paul,Schroeder,paul.schroeder4892@example.com,Hanover,Germany,2024-07-23,Standard
4893,Lena,Bauer,lena.bauer4893@example.com,Stuttgart,Germany,2023-07-08,Standard
4894,Ben,Richter,ben.richter4894@example.com,Dortmund,Germany,2024-01-23,Standard
4895,Hannah,Mueller,hannah.mueller4895@example.com,Hamburg,Germany,2023-06-26,Standard
4896,Ben,Weber,ben.weber4896@example.com,Munich,Germany,2024-12-01,Standard
4897,Julia,Schwarz,julia.schwarz4897@example.com,Leipzig,Germany,2024-02-02,Standard
4898,Clara,Bauer,clara.bauer4898@example.com,Stuttgart,Germany,2023-03-03,Standard
4899,Laura,Klein,laura.klein4899@example.com,Hanover,Germany,2023-08-01,Standard
4900,Julia,Richter,julia.richter4900@example.com,Munich,Germany,2024-03-10,Business
4901,Emma,Braun,emma.braun4901@example.com,Hanover,Germany,2025-09-17,Standard
4902,Sarah,Schneider,sarah.schneider4902@example.com,Nuremberg,Germany,2024-04-09,Standard
4903,David,Schroeder,david.schroeder4903@example.com,Duesseldorf,Germany,2025-07-26,Standard
4904,Sophie,Bauer,sophie.bauer4904@example.com,Duisburg,Germany,2024-02-12,Standard
4905,Max,Schmidt,max.schmidt4905@example.com,Cologne,Germany,2025-07-16,Business
4906,Anna,Zimmermann,anna.zimmermann4906@example.com,Berlin,Germany,2024-12-28,Standard
4907,David,Bauer,david.bauer4907@example.com,Duesseldorf,Germany,2024-11-24,Business
4908,Tom,Mueller,tom.mueller4908@example.com,Nuremberg,Germany,2024-10-07,Standard
4909,Marie,Schneider,marie.schneider4909@example.com,Nuremberg,Germany,2023-10-02,Premium
4910,Paul,Braun,paul.braun4910@example.com,Dortmund,Germany,2025-12-02,Standard
4911,Clara,Fischer,clara.fischer4911@example.com,Leipzig,Germany,2023-10-06,Premium
4912,Tim,Schwarz,tim.schwarz4912@example.com,Hamburg,Germany,2024-11-28,Standard
4913,Niklas,Schmidt,niklas.schmidt4913@example.com,Cologne,Germany,2024-10-11,Standard
4914,Lukas,Schwarz,lukas.schwarz4914@example.com,Frankfurt,Germany,2025-05-21,Standard
4915,Max,Fischer,max.fischer4915@example.com,Frankfurt,Germany,2023-04-23,Standard
4916,David,Weber,david.weber4916@example.com,Nuremberg,Germany,2024-06-12,Business
4917,Laura,Weber,laura.weber4917@example.com,Stuttgart,Germany,2024-07-28,Standard
4918,Jonas,Schneider,jonas.schneider4918@example.com,Stuttgart,Germany,2025-12-23,Standard
4919,Lena,Schroeder,lena.schroeder4919@example.com,Dresden,Germany,2024-09-23,Premium
4920,Lukas,Klein,lukas.klein4920@example.com,Berlin,Germany,2023-02-16,Standard
4921,Lukas,Koch,lukas.koch4921@example.com,Dresden,Germany,2024-01-14,Business
4922,Lena,Weber,lena.weber4922@example.com,Essen,Germany,2025-12-11,Premium
4923,Niklas,Fischer,niklas.fischer4923@example.com,Hamburg,Germany,2025-01-12,Standard
4924,Paul,Schulz,paul.schulz4924@example.com,Stuttgart,Germany,2024-11-14,Premium
4925,Paul,Meyer,paul.meyer4925@example.com,Essen,Germany,2024-03-10,Standard
4926,Lena,Becker,lena.becker4926@example.com,Frankfurt,Germany,2023-04-11,Standard
4927,Lukas,Schwarz,lukas.schwarz4927@example.com,Hanover,Germany,2023-06-13,Standard
4928,Nina,Schwarz,nina.schwarz4928@example.com,Duisburg,Germany,2024-08-31,Standard
4929,Finn,Hoffmann,finn.hoffmann4929@example.com,Duisburg,Germany,2023-07-25,Premium
4930,Laura,Schmidt,laura.schmidt4930@example.com,Duisburg,Germany,2024-09-30,Business
4931,Jonas,Schneider,jonas.schneider4931@example.com,Frankfurt,Germany,2024-11-13,Standard
4932,Tom,Schmidt,tom.schmidt4932@example.com,Hamburg,Germany,2023-10-08,Standard
4933,Paul,Zimmermann,paul.zimmermann4933@example.com,Hamburg,Germany,2023-01-09,Business
4934,Tim,Schmidt,tim.schmidt4934@example.com,Hanover,Germany,2025-08-18,Standard
4935,Felix,Richter,felix.richter4935@example.com,Frankfurt,Germany,2023-08-07,Standard
4936,Ben,Zimmermann,ben.zimmermann4936@example.com,Hamburg,Germany,2024-05-22,Standard
4937,Sophie,Meyer,sophie.meyer4937@example.com,Bremen,Germany,2024-01-15,Business
4938,Sarah,Fischer,sarah.fischer4938@example.com,Leipzig,Germany,2023-02-04,Standard
4939,Emma,Weber,emma.weber4939@example.com,Dresden,Germany,2023-12-13,Premium
4940,David,Neumann,david.neumann4940@example.com,Duesseldorf,Germany,2024-05-03,Premium
4941,Anna,Neumann,anna.neumann4941@example.com,Essen,Germany,2024-07-13,Standard
4942,Tom,Wagner,tom.wagner4942@example.com,Dortmund,Germany,2025-10-05,Standard
4943,Leon,Schmidt,leon.schmidt4943@example.com,Cologne,Germany,2025-05-30,Premium
4944,Niklas,Richter,niklas.richter4944@example.com,Nuremberg,Germany,2024-01-30,Standard
4945,Julia,Hoffmann,julia.hoffmann4945@example.com,Munich,Germany,2024-12-06,Premium
4946,Laura,Zimmermann,laura.zimmermann4946@example.com,Duisburg,Germany,2025-04-22,Business
4947,Sarah,Hoffmann,sarah.hoffmann4947@example.com,Cologne,Germany,2024-07-05,Standard
4948,Niklas,Fischer,niklas.fischer4948@example.com,Frankfurt,Germany,2025-05-10,Premium
4949,Lea,Braun,lea.braun4949@example.com,Berlin,Germany,2025-10-16,Premium
4950,Paul,Richter,paul.richter4950@example.com,Dresden,Germany,2024-01-27,Premium
4951,Hannah,Weber,hannah.weber4951@example.com,Nuremberg,Germany,2024-01-13,Standard
4952,Lea,Zimmermann,lea.zimmermann4952@example.com,Bremen,Germany,2023-09-03,Standard
4953,Leon,Weber,leon.weber4953@example.com,Cologne,Germany,2023-03-24,Standard
4954,Leon,Schmidt,leon.schmidt4954@example.com,Bremen,Germany,2023-05-28,Premium
4955,Laura,Weber,laura.weber4955@example.com,Frankfurt,Germany,2024-03-22,Standard
4956,Paul,Zimmermann,paul.zimmermann4956@example.com,Bremen,Germany,2023-01-06,Premium
4957,Emma,Fischer,emma.fischer4957@example.com,Duesseldorf,Germany,2023-01-29,Standard
4958,Paul,Koch,paul.koch4958@example.com,Leipzig,Germany,2024-02-27,Standard
4959,Mia,Weber,mia.weber4959@example.com,Nuremberg,Germany,2023-09-10,Standard
4960,Felix,Koch,felix.koch4960@example.com,Duesseldorf,Germany,2025-04-21,Premium
4961,David,Neumann,david.neumann4961@example.com,Leipzig,Germany,2024-07-17,Standard
4962,David,Wagner,david.wagner4962@example.com,Cologne,Germany,2023-10-26,Standard
4963,Laura,Bauer,laura.bauer4963@example.com,Nuremberg,Germany,2024-01-21,Standard
4964,David,Becker,david.becker4964@example.com,Leipzig,Germany,2025-09-30,Premium
4965,Hannah,Klein,hannah.klein4965@example.com,Frankfurt,Germany,2023-04-11,Standard
4966,Anna,Klein,anna.klein4966@example.com,Munich,Germany,2025-08-07,Standard
4967,Max,Schmidt,max.schmidt4967@example.com,Dortmund,Germany,2025-07-28,Business
4968,Lukas,Wagner,lukas.wagner4968@example.com,Hamburg,Germany,2025-04-26,Premium
4969,Lukas,Weber,lukas.weber4969@example.com,Frankfurt,Germany,2024-08-03,Business
4970,Ben,Klein,ben.klein4970@example.com,Leipzig,Germany,2023-01-29,Standard
4971,Clara,Neumann,clara.neumann4971@example.com,Essen,Germany,2023-05-14,Standard
4972,Marie,Bauer,marie.bauer4972@example.com,Bremen,Germany,2024-09-12,Premium
4973,Leon,Wolf,leon.wolf4973@example.com,Dresden,Germany,2024-02-16,Standard
4974,Hannah,Schroeder,hannah.schroeder4974@example.com,Frankfurt,Germany,2025-03-10,Premium
4975,Ben,Schroeder,ben.schroeder4975@example.com,Leipzig,Germany,2024-03-27,Standard
4976,Mia,Mueller,mia.mueller4976@example.com,Bremen,Germany,2024-04-25,Standard
4977,Tim,Richter,tim.richter4977@example.com,Dortmund,Germany,2024-03-24,Standard
4978,Julia,Weber,julia.weber4978@example.com,Frankfurt,Germany,2023-08-13,Standard
4979,Tom,Bauer,tom.bauer4979@example.com,Frankfurt,Germany,2025-12-05,Standard
4980,Nina,Fischer,nina.fischer4980@example.com,Nuremberg,Germany,2024-07-10,Standard
4981,David,Neumann,david.neumann4981@example.com,Dresden,Germany,2024-09-27,Business
4982,Laura,Mueller,laura.mueller4982@example.com,Essen,Germany,2023-05-09,Standard
4983,Paul,Becker,paul.becker4983@example.com,Frankfurt,Germany,2024-08-02,Premium
4984,Leon,Schwarz,leon.schwarz4984@example.com,Duisburg,Germany,2025-12-21,Premium
4985,Ben,Schroeder,ben.schroeder4985@example.com,Berlin,Germany,2025-12-18,Standard
4986,Mia,Mueller,mia.mueller4986@example.com,Hanover,Germany,2024-11-01,Standard
4987,Nina,Schwarz,nina.schwarz4987@example.com,Essen,Germany,2025-05-09,Premium
4988,Sophie,Mueller,sophie.mueller4988@example.com,Cologne,Germany,2025-09-12,Standard
4989,Ben,Fischer,ben.fischer4989@example.com,Dresden,Germany,2024-09-19,Premium
4990,Clara,Klein,clara.klein4990@example.com,Dresden,Germany,2024-05-29,Premium
4991,Hannah,Zimmermann,hannah.zimmermann4991@example.com,Bremen,Germany,2024-02-13,Business
4992,Laura,Braun,laura.braun4992@example.com,Hamburg,Germany,2024-12-31,Standard
4993,Laura,Schroeder,laura.schroeder4993@example.com,Duisburg,Germany,2024-02-06,Standard
4994,Leon,Koch,leon.koch4994@example.com,Nuremberg,Germany,2023-04-04,Standard
4995,Sophie,Bauer,sophie.bauer4995@example.com,Hanover,Germany,2025-08-23,Standard
4996,Leon,Schwarz,leon.schwarz4996@example.com,Leipzig,Germany,2024-11-13,Premium
4997,Leon,Klein,leon.klein4997@example.com,Dresden,Germany,2023-02-03,Standard
4998,Lena,Fischer,lena.fischer4998@example.com,Cologne,Germany,2023-10-08,Standard
4999,Jonas,Schmidt,jonas.schmidt4999@example.com,Leipzig,Germany,2024-02-24,Premium
5000,Jonas,Schwarz,jonas.schwarz5000@example.com,Hamburg,Germany,2023-05-29,Standard
