order_id,customer_id,order_date,payment_method,order_status
1,464,2024-07-22,PayPal,Completed
2,1118,2024-10-24,Bank Transfer,Cancelled
3,2577,2025-09-29,Credit Card,Completed
4,2932,2024-05-21,PayPal,Completed
5,384,2025-10-13,Credit Card,Completed
6,2093,2023-06-11,Invoice,Completed
7,1402,2025-07-22,PayPal,Completed
8,3148,2025-09-23,Bank Transfer,Completed
9,4182,2023-11-11,Invoice,Completed
10,91,2024-09-03,Bank Transfer,Completed
11,1684,2023-10-20,Credit Card,Completed
12,2357,2025-05-20,Bank Transfer,Returned
13,434,2024-12-11,Credit Card,Completed
14,544,2025-03-17,Credit Card,Completed
15,1396,2023-11-26,Credit Card,Cancelled
16,4274,2023-12-12,Invoice,Completed
17,981,2023-03-24,Bank Transfer,Completed
18,1761,2024-04-30,Bank Transfer,Completed
19,3764,2024-12-29,Bank Transfer,Completed
20,4295,2025-10-02,Invoice,Completed
21,2812,2025-04-15,Credit Card,Completed
22,1052,2024-09-09,Credit Card,Completed
23,2494,2025-12-05,PayPal,Completed
24,4508,2025-05-31,PayPal,Completed
25,3161,2025-11-23,Invoice,Returned
26,52,2024-12-05,Bank Transfer,Completed
27,24,2024-02-12,PayPal,Completed
28,4670,2023-04-12,Credit Card,Returned
29,2048,2025-06-06,Invoice,Returned
30,2805,2023-08-06,Bank Transfer,Completed
31,4387,2024-04-07,Invoice,Completed
32,4296,2024-12-09,Invoice,Completed
33,2670,2025-01-02,PayPal,Returned
34,3617,2025-02-11,Bank Transfer,Returned
35,3332,2023-10-21,PayPal,Completed
36,3584,2024-07-06,PayPal,Completed
37,1306,2025-03-01,Bank Transfer,Cancelled
38,4950,2025-12-15,Bank Transfer,Completed
39,2324,2025-06-08,Bank Transfer,Completed
40,3625,2025-11-18,PayPal,Returned
41,1146,2025-07-09,Credit Card,Completed
42,122,2025-02-01,Bank Transfer,Completed
43,2898,2023-11-22,Credit Card,Completed
44,58,2025-04-14,Invoice,Completed
45,3368,2025-03-07,Invoice,Completed
46,39,2025-02-13,PayPal,Completed
47,1610,2024-11-08,Credit Card,Cancelled
48,2966,2024-12-06,Bank Transfer,Completed
49,3971,2024-05-14,Credit Card,Completed
50,4715,2024-11-29,Invoice,Completed
51,1951,2023-11-27,PayPal,Returned
52,851,2025-08-16,Bank Transfer,Completed
53,1216,2023-11-15,Invoice,Completed
54,1147,2023-06-05,PayPal,Completed
55,4640,2024-09-10,Credit Card,Completed
56,250,2025-04-07,Credit Card,Completed
57,1316,2024-09-12,Credit Card,Completed
58,2838,2024-03-08,PayPal,Completed
59,3112,2024-12-28,Bank Transfer,Returned
60,1766,2024-05-29,Bank Transfer,Completed
61,2763,2025-11-24,Invoice,Completed
62,3491,2025-11-18,Credit Card,Completed
63,3889,2024-11-17,Credit Card,Completed
64,1672,2024-05-06,Invoice,Completed
65,2301,2025-06-16,Bank Transfer,Completed
66,3700,2023-03-16,Credit Card,Cancelled
67,688,2024-10-25,Bank Transfer,Completed
68,519,2024-05-16,Bank Transfer,Completed
69,3515,2025-11-17,Invoice,Completed
70,3722,2023-01-26,Bank Transfer,Completed
71,3556,2024-12-24,Bank Transfer,Completed
72,4184,2025-06-20,PayPal,Completed
73,1527,2024-11-04,Invoice,Cancelled
74,3366,2023-06-06,Invoice,Completed
75,1640,2025-12-16,Invoice,Completed
76,4007,2024-11-28,Invoice,Returned
77,1475,2025-02-26,Invoice,Completed
78,2951,2024-01-11,Invoice,Completed
79,4341,2024-11-03,Invoice,Completed
80,1323,2024-09-02,Credit Card,Returned
81,991,2023-05-19,Invoice,Completed
82,1904,2023-07-11,Credit Card,Completed
83,3219,2025-09-14,PayPal,Completed
84,4580,2024-01-15,PayPal,Cancelled
85,1937,2023-11-25,Invoice,Completed
86,4639,2024-11-19,Invoice,Cancelled
87,4718,2025-07-15,Bank Transfer,Completed
88,1747,2023-04-27,PayPal,Completed
89,2206,2025-01-15,Invoice,Completed
90,1518,2023-08-03,Invoice,Returned
91,1169,2023-03-15,Invoice,Completed
92,30,2023-04-12,Credit Card,Completed
93,2027,2025-09-11,Credit Card,Completed
94,4173,2023-07-31,Invoice,Completed
95,3926,2023-03-30,Bank Transfer,Completed
96,2108,2024-09-12,Bank Transfer,Completed
97,3922,2025-09-20,PayPal,Completed
98,4017,2024-02-17,PayPal,Completed
99,1176,2024-08-24,Credit Card,Completed
100,1081,2023-03-21,Credit Card,Completed
101,3453,2024-09-25,PayPal,Completed
102,3232,2025-01-16,Invoice,Returned
103,1373,2025-01-09,PayPal,Completed
104,3715,2024-05-12,PayPal,Completed
105,3032,2024-04-22,PayPal,Completed
106,940,2023-07-12,PayPal,Completed
107,1213,2024-06-21,PayPal,Returned
108,309,2023-06-30,PayPal,Completed
109,1078,2025-07-13,Bank Transfer,Completed
110,2914,2025-12-13,Invoice,Completed
111,3442,2025-12-15,PayPal,Completed
112,787,2025-10-09,Bank Transfer,Completed
113,554,2025-02-11,Credit Card,Completed
114,3980,2025-05-15,Credit Card,Completed
115,3689,2024-03-17,Bank Transfer,Completed
116,2513,2025-03-13,Bank Transfer,Completed
117,1841,2024-10-03,Invoice,Completed
118,1629,2024-11-02,Credit Card,Completed
119,3006,2025-07-05,PayPal,Completed
120,4519,2024-03-14,PayPal,Completed
121,454,2024-04-25,Credit Card,Completed
122,3606,2025-11-19,Credit Card,Completed
123,758,2023-04-18,Bank Transfer,Completed
124,3029,2024-11-05,PayPal,Completed
125,3861,2025-11-13,Bank Transfer,Completed
126,3757,2025-02-22,PayPal,Completed
127,540,2024-12-19,Credit Card,Completed
128,4159,2024-01-30,Bank Transfer,Completed
129,2322,2024-05-24,Invoice,Completed
130,2214,2025-09-27,Invoice,Returned
131,4056,2024-12-28,Bank Transfer,Completed
132,711,2024-11-26,Invoice,Returned
133,4696,2023-06-30,Invoice,Completed
134,4414,2023-02-03,PayPal,Returned
135,2590,2025-12-11,PayPal,Completed
136,1620,2024-07-03,Invoice,Completed
137,1481,2025-02-14,Invoice,Completed
138,2465,2023-05-28,Invoice,Completed
139,3947,2025-04-29,Invoice,Returned
140,2227,2025-11-24,Bank Transfer,Completed
141,1368,2025-01-14,PayPal,Completed
142,1383,2023-08-14,Invoice,Completed
143,2680,2025-01-21,Invoice,Cancelled
144,2662,2025-07-12,Invoice,Completed
145,1678,2024-08-06,PayPal,Cancelled
146,1041,2025-10-22,PayPal,Completed
147,1063,2025-03-29,Credit Card,Completed
148,706,2025-11-05,Bank Transfer,Completed
149,628,2025-03-07,Invoice,Completed
150,1541,2023-08-23,Credit Card,Completed
151,606,2024-04-15,Bank Transfer,Completed
152,484,2023-12-02,Bank Transfer,Returned
153,892,2025-11-11,PayPal,Completed
154,1853,2025-07-07,Credit Card,Completed
155,1695,2025-04-23,Credit Card,Cancelled
156,1936,2024-04-05,Credit Card,Completed
157,3179,2023-11-13,Bank Transfer,Completed
158,2055,2025-07-04,Invoice,Returned
159,84,2024-10-25,Bank Transfer,Cancelled
160,2491,2023-12-27,PayPal,Completed
161,1740,2025-03-01,Credit Card,Completed
162,4031,2023-03-22,Bank Transfer,Completed
163,4975,2024-05-04,Invoice,Completed
164,4432,2024-10-18,Invoice,Completed
165,1971,2023-09-20,Invoice,Completed
166,3772,2025-12-23,Bank Transfer,Completed
167,3474,2023-12-10,Invoice,Completed
168,1387,2023-08-21,Invoice,Completed
169,4644,2023-12-04,Invoice,Completed
170,1613,2025-07-15,PayPal,Completed
171,2995,2024-08-29,PayPal,Returned
172,1489,2025-01-03,PayPal,Completed
173,3823,2023-02-14,Credit Card,Completed
174,4577,2023-03-12,Credit Card,Completed
175,4509,2024-09-21,Credit Card,Completed
176,2898,2025-08-26,Bank Transfer,Completed
177,2428,2025-10-27,Credit Card,Completed
178,2652,2023-06-08,Invoice,Completed
179,3317,2024-12-13,Bank Transfer,Completed
180,4938,2025-11-13,Invoice,Completed
181,4506,2024-07-16,Bank Transfer,Completed
182,1615,2025-09-07,Credit Card,Completed
183,3202,2023-08-27,Invoice,Completed
184,2502,2025-11-25,Invoice,Completed
185,3130,2025-06-29,PayPal,Completed
186,4992,2025-11-29,Bank Transfer,Completed
187,3167,2025-04-23,Invoice,Completed
188,1878,2024-06-17,Bank Transfer,Completed
189,2409,2025-11-27,Credit Card,Completed
190,2696,2024-03-06,Invoice,Completed
191,4916,2024-05-11,PayPal,Completed
192,4447,2025-05-15,Bank Transfer,Completed
193,2917,2025-07-12,Invoice,Completed
194,1591,2025-11-22,Invoice,Returned
195,4421,2023-12-05,PayPal,Completed
196,4651,2025-08-10,Credit Card,Returned
197,2098,2025-06-18,Credit Card,Completed
198,2973,2023-05-01,Bank Transfer,Completed
199,3973,2024-07-15,Invoice,Completed
200,4818,2024-03-15,PayPal,Completed
201,4211,2024-04-09,PayPal,Completed
202,4150,2025-12-22,PayPal,Completed
203,3779,2025-03-24,PayPal,Completed
204,2056,2025-05-30,PayPal,Completed
205,3300,2025-12-18,Credit Card,Completed
206,2043,2024-07-03,Credit Card,Completed
207,1154,2025-08-13,PayPal,Completed
208,3134,2024-09-08,Credit Card,Completed
209,1303,2025-10-13,Invoice,Completed
210,4380,2023-11-09,PayPal,Completed
211,457,2025-12-02,Bank Transfer,Completed
212,1929,2023-12-20,Invoice,Completed
213,2608,2024-05-04,Invoice,Completed
214,1109,2025-07-03,PayPal,Completed
215,3239,2024-07-22,PayPal,Completed
216,4756,2025-02-19,PayPal,Cancelled
217,3117,2024-09-20,Credit Card,Completed
218,2191,2025-06-21,Bank Transfer,Completed
219,4669,2023-12-30,Bank Transfer,Completed
220,142,2023-04-21,Invoice,Completed
221,273,2024-04-04,PayPal,Completed
222,4781,2024-10-25,Invoice,Completed
223,2546,2023-10-24,Credit Card,Returned
224,2492,2024-06-07,Credit Card,Completed
225,3019,2024-07-30,Credit Card,Returned
226,2062,2023-04-20,Invoice,Completed
227,1439,2025-01-23,Bank Transfer,Completed
228,2063,2025-10-26,Bank Transfer,Completed
229,1699,2023-09-27,Bank Transfer,Completed
230,598,2025-02-08,Credit Card,Completed
231,1198,2025-04-13,Invoice,Cancelled
232,1409,2024-08-21,Invoice,Completed
233,1614,2025-05-15,Credit Card,Completed
234,877,2024-08-11,PayPal,Returned
235,2614,2024-11-18,Bank Transfer,Completed
236,1646,2023-01-16,Invoice,Completed
237,2178,2025-05-07,Credit Card,Completed
238,3458,2025-04-10,Credit Card,Completed
239,3160,2023-03-18,Bank Transfer,Completed
240,3649,2024-06-23,Invoice,Completed
241,1215,2025-12-20,PayPal,Completed
242,3963,2024-08-23,Credit Card,Completed
243,3042,2024-11-16,Invoice,Completed
244,1202,2025-11-11,Credit Card,Completed
245,2230,2025-05-30,Credit Card,Completed
246,915,2025-01-21,Bank Transfer,Completed
247,1641,2025-08-10,PayPal,Completed
248,3313,2025-10-08,Credit Card,Completed
249,296,2024-10-04,Bank Transfer,Completed
250,4874,2024-10-26,Invoice,Completed
251,4250,2024-07-13,Bank Transfer,Completed
252,195,2025-12-13,PayPal,Completed
253,3467,2025-05-12,Invoice,Returned
254,3274,2023-06-03,Bank Transfer,Completed
255,3833,2025-10-07,Bank Transfer,Completed
256,1396,2024-11-01,Bank Transfer,Completed
257,778,2023-05-09,Invoice,Completed
258,593,2024-12-21,Invoice,Completed
259,4763,2024-08-19,Credit Card,Completed
260,4673,2025-10-20,Invoice,Completed
261,2894,2023-12-04,Invoice,Completed
262,3507,2025-09-04,PayPal,Completed
263,2347,2024-12-27,Credit Card,Completed
264,118,2023-04-15,PayPal,Completed
265,4945,2025-12-16,Credit Card,Completed
266,3002,2024-11-24,Invoice,Completed
267,3361,2024-03-24,Bank Transfer,Completed
268,2255,2024-10-19,Bank Transfer,Completed
269,1108,2025-10-02,PayPal,Completed
270,2603,2024-04-09,Invoice,Completed
271,2992,2023-11-22,PayPal,Cancelled
272,1051,2023-08-19,Bank Transfer,Returned
273,4654,2024-04-01,Credit Card,Completed
274,1953,2025-07-25,Invoice,Completed
275,171,2024-10-22,Credit Card,Completed
276,3780,2023-12-29,PayPal,Completed
277,4126,2023-10-21,PayPal,Completed
278,4118,2024-05-12,Bank Transfer,Completed
279,911,2025-11-28,Bank Transfer,Returned
280,375,2024-05-24,PayPal,Completed
281,1405,2025-12-25,Credit Card,Completed
282,4819,2024-11-04,Credit Card,Completed
283,2115,2023-11-08,PayPal,Completed
284,1078,2025-11-01,Bank Transfer,Completed
285,3185,2024-10-08,Bank Transfer,Completed
286,2210,2025-05-23,PayPal,Completed
287,2983,2025-12-22,Credit Card,Completed
288,137,2023-04-07,Bank Transfer,Cancelled
289,2128,2023-06-25,Credit Card,Cancelled
290,2254,2025-06-01,PayPal,Returned
291,585,2024-03-13,Bank Transfer,Completed
292,145,2023-11-13,PayPal,Completed
293,4066,2023-03-20,Credit Card,Completed
294,4547,2023-02-16,PayPal,Completed
295,4790,2025-07-20,PayPal,Completed
296,982,2023-08-28,Credit Card,Completed
297,988,2024-10-17,PayPal,Completed
298,3639,2025-02-17,PayPal,Completed
299,2382,2024-09-01,PayPal,Completed
300,4996,2023-02-27,Credit Card,Completed
301,1846,2025-07-28,Credit Card,Completed
302,3213,2023-01-23,Invoice,Completed
303,514,2025-07-08,Credit Card,Returned
304,2028,2025-11-02,Bank Transfer,Completed
305,1910,2024-09-06,Bank Transfer,Completed
306,1906,2024-12-11,Bank Transfer,Completed
307,4705,2024-10-28,Invoice,Completed
308,2512,2024-07-17,Invoice,Completed
309,1700,2025-10-29,Credit Card,Completed
310,3673,2025-11-02,PayPal,Cancelled
311,1420,2024-05-16,Invoice,Completed
312,4564,2025-02-27,Invoice,Completed
313,2345,2025-11-21,Bank Transfer,Completed
314,4658,2025-12-10,Bank Transfer,Completed
315,4566,2024-11-22,Invoice,Completed
316,4639,2024-09-30,Credit Card,Completed
317,302,2024-03-10,Invoice,Completed
318,3425,2025-12-09,Credit Card,Returned
319,2274,2023-09-12,PayPal,Completed
320,2507,2025-01-19,PayPal,Completed
321,4456,2024-03-14,Bank Transfer,Returned
322,908,2024-03-10,Credit Card,Completed
323,786,2024-08-05,PayPal,Completed
324,3462,2025-12-31,Bank Transfer,Cancelled
325,532,2023-04-16,PayPal,Completed
326,3679,2025-01-17,PayPal,Completed
327,2462,2023-06-01,Invoice,Completed
328,4820,2023-10-01,Credit Card,Completed
329,525,2024-09-14,Credit Card,Completed
330,1486,2024-11-23,PayPal,Completed
331,2654,2024-02-12,PayPal,Completed
332,2505,2024-04-23,PayPal,Completed
333,4158,2023-06-09,Invoice,Completed
334,4379,2024-04-08,Bank Transfer,Completed
335,1458,2025-12-13,PayPal,Completed
336,4707,2025-12-01,PayPal,Completed
337,3009,2024-05-15,Invoice,Cancelled
338,544,2025-01-09,Credit Card,Completed
339,2367,2025-11-11,PayPal,Completed
340,3700,2023-01-14,Bank Transfer,Completed
341,3283,2025-08-21,PayPal,Cancelled
342,3220,2025-12-03,Invoice,Completed
343,4778,2023-06-16,PayPal,Completed
344,3393,2023-10-13,Invoice,Completed
345,481,2025-12-10,Bank Transfer,Completed
346,3288,2024-12-13,Bank Transfer,Completed
347,4018,2023-01-31,Invoice,Completed
348,260,2024-02-10,Credit Card,Completed
349,1268,2024-09-26,Invoice,Completed
350,2092,2025-05-08,Invoice,Completed
351,2219,2025-06-13,Invoice,Completed
352,2361,2025-12-29,Invoice,Completed
353,3288,2024-03-20,Credit Card,Returned
354,849,2024-12-13,PayPal,Completed
355,2591,2024-12-09,PayPal,Completed
356,2713,2024-08-05,Bank Transfer,Completed
357,1900,2023-10-26,Bank Transfer,Completed
358,3891,2025-12-19,Invoice,Completed
359,2147,2025-09-28,PayPal,Completed
360,1215,2024-11-14,Credit Card,Completed
361,3796,2025-02-14,Credit Card,Completed
362,2241,2023-12-29,Bank Transfer,Completed
363,1836,2024-12-17,Credit Card,Returned
364,3258,2025-05-10,Invoice,Cancelled
365,1755,2024-11-26,PayPal,Completed
366,2817,2025-12-26,Invoice,Completed
367,3251,2025-02-23,Invoice,Completed
368,4969,2024-06-26,Invoice,Completed
369,4973,2025-07-18,Bank Transfer,Completed
370,3100,2023-10-29,PayPal,Completed
371,191,2024-07-12,Bank Transfer,Completed
372,397,2024-05-29,Invoice,Completed
373,1405,2024-09-05,Credit Card,Completed
374,599,2025-07-26,Bank Transfer,Returned
375,1917,2024-11-03,Bank Transfer,Completed
376,2166,2025-08-06,Invoice,Completed
377,1158,2025-01-15,Bank Transfer,Completed
378,235,2024-05-23,Bank Transfer,Cancelled
379,1485,2025-08-20,Credit Card,Completed
380,1787,2024-01-13,Invoice,Completed
381,1633,2023-12-26,PayPal,Completed
382,4009,2024-11-18,Credit Card,Completed
383,4095,2024-02-15,Bank Transfer,Completed
384,3210,2023-01-20,Credit Card,Completed
385,3091,2025-03-29,Invoice,Completed
386,3323,2024-11-23,Invoice,Completed
387,4554,2024-09-21,PayPal,Completed
388,182,2025-12-13,Bank Transfer,Completed
389,861,2025-01-09,Bank Transfer,Completed
390,1689,2025-10-07,Invoice,Cancelled
391,4129,2023-09-06,PayPal,Completed
392,2786,2025-01-07,Credit Card,Completed
393,4040,2025-10-11,Invoice,Completed
394,2539,2025-01-22,Invoice,Completed
395,923,2025-05-30,Invoice,Completed
396,428,2024-06-27,PayPal,Completed
397,4295,2023-06-18,Bank Transfer,Completed
398,3981,2024-10-06,Credit Card,Completed
399,2,2024-07-23,Credit Card,Completed
400,1169,2025-10-10,Credit Card,Completed
401,2255,2024-01-21,Credit Card,Completed
402,1648,2025-12-13,Invoice,Completed
403,1764,2025-12-08,Bank Transfer,Completed
404,3268,2024-01-27,Credit Card,Returned
405,112,2024-05-30,PayPal,Completed
406,507,2025-11-03,Bank Transfer,Completed
407,157,2025-12-13,Invoice,Completed
408,1644,2024-09-19,PayPal,Completed
409,507,2024-04-28,Bank Transfer,Completed
410,669,2024-12-04,PayPal,Completed
411,4622,2025-05-03,PayPal,Completed
412,2434,2024-03-04,PayPal,Completed
413,4310,2025-06-16,PayPal,Completed
414,1468,2023-04-10,Invoice,Returned
415,3019,2023-04-06,PayPal,Completed
416,3341,2024-07-14,PayPal,Completed
417,2208,2024-06-05,Credit Card,Completed
418,1078,2024-04-22,Credit Card,Completed
419,3862,2024-11-08,Bank Transfer,Completed
420,3736,2024-04-28,Credit Card,Completed
421,3556,2023-11-22,Credit Card,Completed
422,1516,2024-04-15,PayPal,Completed
423,2454,2025-12-17,Credit Card,Completed
424,4013,2024-08-12,Bank Transfer,Completed
425,148,2024-09-20,Bank Transfer,Completed
426,2536,2025-01-15,Invoice,Completed
427,620,2025-12-22,Credit Card,Completed
428,4319,2024-01-18,PayPal,Completed
429,4161,2025-04-27,Bank Transfer,Returned
430,3233,2025-05-28,Bank Transfer,Completed
431,4686,2025-02-18,Invoice,Returned
432,3340,2023-06-12,PayPal,Completed
433,4552,2025-04-24,PayPal,Completed
434,1671,2023-05-01,Bank Transfer,Completed
435,4674,2025-02-06,Invoice,Completed
436,4159,2025-06-19,Bank Transfer,Completed
437,4633,2023-12-12,Invoice,Completed
438,2266,2025-09-18,Bank Transfer,Completed
439,4422,2023-03-05,Bank Transfer,Completed
440,675,2025-09-20,PayPal,Returned
441,747,2024-10-08,Bank Transfer,Cancelled
442,4905,2023-12-19,Bank Transfer,Completed
443,2312,2023-08-27,PayPal,Returned
444,1426,2025-12-05,Credit Card,Completed
445,3895,2023-05-16,Invoice,Completed
446,4579,2023-11-29,Bank Transfer,Completed
447,4733,2024-05-30,Credit Card,Completed
448,3863,2025-03-04,Credit Card,Completed
449,293,2024-12-18,Credit Card,Completed
450,2952,2023-08-13,Bank Transfer,Completed
451,116,2024-03-23,PayPal,Completed
452,811,2024-01-14,Invoice,Completed
453,2500,2023-12-14,Bank Transfer,Completed
454,220,2024-08-12,PayPal,Returned
455,309,2025-05-18,Invoice,Completed
456,1969,2023-12-18,PayPal,Completed
457,2483,2024-06-21,Bank Transfer,Returned
458,661,2024-07-19,Invoice,Completed
459,165,2025-12-18,Bank Transfer,Completed
460,4544,2025-12-06,Credit Card,Completed
461,1733,2025-08-12,Credit Card,Completed
462,3734,2024-01-18,PayPal,Completed
463,869,2023-05-08,Bank Transfer,Completed
464,131,2024-04-24,Invoice,Completed
465,1584,2024-02-24,PayPal,Completed
466,1979,2024-11-19,Credit Card,Returned
467,416,2025-07-23,Invoice,Completed
468,4113,2025-10-03,Invoice,Completed
469,1395,2025-09-21,Invoice,Completed
470,3198,2024-06-13,Credit Card,Completed
471,4803,2025-05-03,PayPal,Completed
472,3465,2024-04-19,PayPal,Completed
473,680,2023-04-26,Invoice,Completed
474,4602,2025-05-16,Invoice,Completed
475,4426,2023-01-21,Invoice,Completed
476,792,2024-08-09,Bank Transfer,Completed
477,729,2024-05-08,Credit Card,Completed
478,2426,2025-05-08,Invoice,Returned
479,3082,2025-07-12,Invoice,Completed
480,2664,2024-04-09,Bank Transfer,Completed
481,3358,2025-08-22,Credit Card,Completed
482,1917,2024-03-28,Credit Card,Completed
483,4786,2024-09-22,Bank Transfer,Completed
484,4704,2025-06-07,Invoice,Completed
485,726,2025-05-08,Bank Transfer,Completed
486,1889,2025-12-24,Bank Transfer,Completed
487,3435,2023-12-27,Credit Card,Completed
488,4361,2025-04-11,Invoice,Returned
489,1648,2025-02-21,PayPal,Completed
490,4594,2025-11-14,Credit Card,Completed
491,3044,2023-10-05,Invoice,Completed
492,4826,2025-06-29,PayPal,Completed
493,3302,2025-01-06,Bank Transfer,Completed
494,692,2024-03-05,Credit Card,Completed
495,4227,2024-10-25,Credit Card,Cancelled
496,3535,2024-05-13,Credit Card,Completed
497,2046,2025-01-18,Bank Transfer,Completed
498,49,2025-10-30,Bank Transfer,Cancelled
499,3255,2025-01-07,Invoice,Completed
500,2521,2025-03-14,Credit Card,Returned
501,1593,2024-11-29,Bank Transfer,Completed
502,3284,2023-04-09,Invoice,Completed
503,4206,2024-01-05,Bank Transfer,Completed
504,3555,2024-11-09,Invoice,Completed
505,1672,2024-04-16,Bank Transfer,Completed
506,2730,2023-11-11,Credit Card,Completed
507,4404,2024-11-18,PayPal,Completed
508,4910,2024-04-30,Bank Transfer,Completed
509,67,2024-02-11,Bank Transfer,Completed
510,541,2024-10-13,PayPal,Completed
511,1694,2023-08-26,Credit Card,Completed
512,4471,2025-11-21,Invoice,Completed
513,2035,2025-10-11,Invoice,Completed
514,680,2025-05-21,Invoice,Completed
515,3128,2023-07-12,Bank Transfer,Completed
516,1074,2025-07-21,Bank Transfer,Completed
517,4419,2025-08-19,PayPal,Completed
518,2312,2025-07-14,PayPal,Completed
519,2616,2023-07-25,PayPal,Completed
520,2791,2025-03-25,Bank Transfer,Completed
521,3843,2025-09-11,PayPal,Completed
522,2183,2025-01-16,Invoice,Completed
523,1127,2025-03-27,PayPal,Completed
524,2592,2024-10-06,Credit Card,Completed
525,1125,2024-12-06,Bank Transfer,Completed
526,4883,2023-03-12,Invoice,Completed
527,991,2025-03-21,Bank Transfer,Completed
528,3452,2023-05-30,Invoice,Cancelled
529,4317,2024-09-09,Invoice,Completed
530,3177,2024-03-26,Credit Card,Completed
531,1135,2024-12-18,PayPal,Completed
532,2766,2023-08-27,Invoice,Completed
533,2850,2025-05-07,Credit Card,Completed
534,949,2025-08-07,Bank Transfer,Completed
535,3236,2023-10-16,Credit Card,Completed
536,2848,2023-07-08,Bank Transfer,Completed
537,1385,2023-09-16,Credit Card,Completed
538,3662,2025-10-19,PayPal,Completed
539,4307,2024-12-06,Bank Transfer,Completed
540,587,2024-10-16,Bank Transfer,Completed
541,2390,2023-07-12,PayPal,Completed
542,291,2025-03-30,Bank Transfer,Completed
543,4670,2025-10-11,Credit Card,Completed
544,3208,2025-09-06,PayPal,Completed
545,1017,2025-03-09,Bank Transfer,Completed
546,848,2023-05-20,Credit Card,Completed
547,2091,2023-07-22,PayPal,Completed
548,4640,2023-04-06,Credit Card,Completed
549,3518,2024-02-10,Invoice,Completed
550,4084,2023-08-30,Credit Card,Completed
551,1553,2024-02-14,PayPal,Completed
552,3310,2024-07-12,Invoice,Completed
553,2428,2025-11-30,Credit Card,Completed
554,729,2025-02-22,Credit Card,Completed
555,516,2025-09-12,PayPal,Completed
556,1447,2025-05-23,Invoice,Completed
557,1405,2023-07-22,Credit Card,Completed
558,988,2025-06-15,Bank Transfer,Completed
559,823,2024-03-06,PayPal,Completed
560,2732,2025-03-21,PayPal,Completed
561,401,2024-05-22,PayPal,Completed
562,4145,2025-12-30,Invoice,Completed
563,523,2024-02-19,Invoice,Returned
564,1009,2024-03-10,Credit Card,Cancelled
565,2460,2025-11-23,Credit Card,Completed
566,1729,2023-02-22,Credit Card,Completed
567,1608,2025-05-11,Invoice,Completed
568,2572,2025-06-06,PayPal,Completed
569,1921,2025-09-13,PayPal,Completed
570,2124,2025-12-17,Credit Card,Completed
571,3769,2025-12-18,Invoice,Completed
572,4497,2023-05-03,Credit Card,Completed
573,4157,2025-08-31,PayPal,Completed
574,3802,2025-03-27,Bank Transfer,Completed
575,1611,2025-03-28,Invoice,Completed
576,3835,2023-08-18,Credit Card,Completed
577,3374,2025-03-31,Invoice,Completed
578,4031,2025-12-22,Invoice,Completed
579,466,2025-11-12,Bank Transfer,Completed
580,4540,2024-09-14,Bank Transfer,Completed
581,122,2023-03-21,Bank Transfer,Completed
582,650,2024-06-16,PayPal,Cancelled
583,1774,2025-09-04,Credit Card,Completed
584,3445,2025-05-16,Credit Card,Completed
585,3548,2024-10-07,Bank Transfer,Completed
586,3368,2023-04-16,Bank Transfer,Returned
587,4446,2024-08-30,Bank Transfer,Completed
588,607,2024-10-19,Invoice,Completed
589,4011,2025-11-22,Bank Transfer,Completed
590,4646,2025-03-23,Bank Transfer,Completed
591,4999,2024-04-17,Bank Transfer,Completed
592,1141,2024-12-04,Bank Transfer,Completed
593,1481,2023-05-04,Bank Transfer,Completed
594,299,2025-12-16,PayPal,Completed
595,1496,2024-06-13,Credit Card,Completed
596,4477,2024-10-29,Bank Transfer,Completed
597,533,2024-06-07,Invoice,Completed
598,4943,2025-04-29,PayPal,Completed
599,2847,2025-04-10,PayPal,Completed
600,1014,2025-05-28,Invoice,Completed
601,4902,2024-02-26,PayPal,Completed
602,949,2024-04-22,Invoice,Completed
603,4047,2023-08-13,Invoice,Completed
604,3515,2025-04-04,Credit Card,Completed
605,1361,2023-03-21,Credit Card,Completed
606,2586,2025-02-08,Credit Card,Completed
607,2125,2025-10-13,PayPal,Completed
608,2354,2025-11-01,Bank Transfer,Completed
609,4760,2024-09-25,Credit Card,Completed
610,4127,2024-10-07,PayPal,Completed
611,1903,2023-05-23,Invoice,Cancelled
612,2277,2025-04-18,PayPal,Completed
613,1091,2025-08-30,PayPal,Completed
614,3722,2024-01-22,PayPal,Completed
615,1728,2024-08-24,Bank Transfer,Completed
616,4734,2025-09-15,Bank Transfer,Returned
617,4411,2025-10-19,Bank Transfer,Completed
618,4586,2024-01-20,Bank Transfer,Completed
619,2400,2024-12-22,Bank Transfer,Completed
620,4569,2023-11-22,PayPal,Completed
621,1945,2023-07-04,Credit Card,Completed
622,2402,2025-11-12,Invoice,Completed
623,3370,2025-08-30,Invoice,Completed
624,2372,2025-07-07,PayPal,Completed
625,4117,2023-04-05,Credit Card,Completed
626,1141,2025-09-20,Credit Card,Completed
627,2944,2024-09-12,PayPal,Completed
628,4201,2024-05-23,Invoice,Completed
629,1632,2024-12-19,PayPal,Completed
630,1426,2023-06-16,PayPal,Completed
631,554,2025-07-04,Credit Card,Completed
632,338,2025-01-22,Invoice,Completed
633,1121,2023-11-16,PayPal,Completed
634,515,2023-11-17,Invoice,Completed
635,4232,2023-11-13,PayPal,Returned
636,2826,2023-04-19,Invoice,Completed
637,3323,2025-01-28,PayPal,Completed
638,1419,2025-09-17,PayPal,Completed
639,618,2023-02-07,Invoice,Completed
640,4986,2023-04-05,PayPal,Completed
641,117,2025-01-11,PayPal,Completed
642,941,2025-08-29,Credit Card,Cancelled
643,2937,2024-05-05,PayPal,Returned
644,1541,2024-06-01,Bank Transfer,Completed
645,523,2025-02-06,Invoice,Completed
646,698,2024-03-05,Invoice,Completed
647,3080,2023-02-26,PayPal,Returned
648,4933,2025-06-15,Invoice,Completed
649,951,2025-03-09,Invoice,Cancelled
650,645,2025-01-20,Invoice,Completed
651,3055,2025-06-20,Bank Transfer,Completed
652,2385,2025-04-22,Invoice,Completed
653,1477,2023-12-06,Invoice,Completed
654,57,2024-06-04,PayPal,Completed
655,1332,2023-08-14,Credit Card,Returned
656,1600,2023-08-21,Invoice,Completed
657,1553,2025-04-23,Invoice,Completed
658,2984,2025-10-03,Invoice,Completed
659,2942,2025-12-11,Bank Transfer,Completed
660,1058,2025-03-11,Credit Card,Returned
661,584,2023-11-13,Credit Card,Cancelled
662,376,2023-07-11,PayPal,Completed
663,2675,2025-08-23,Credit Card,Completed
664,1344,2025-01-18,PayPal,Completed
665,1634,2025-03-02,PayPal,Completed
666,2371,2025-07-26,Bank Transfer,Completed
667,4216,2025-05-17,Credit Card,Completed
668,474,2025-09-11,PayPal,Completed
669,2226,2023-04-18,PayPal,Returned
670,3324,2025-06-26,Invoice,Completed
671,1388,2025-09-26,Invoice,Completed
672,1913,2024-03-19,Credit Card,Completed
673,1173,2025-03-22,PayPal,Cancelled
674,2052,2024-04-20,Bank Transfer,Completed
675,2971,2025-12-08,PayPal,Completed
676,1245,2023-03-10,PayPal,Completed
677,4943,2025-01-19,Credit Card,Completed
678,4403,2023-10-22,Credit Card,Completed
679,641,2025-05-25,Credit Card,Completed
680,2013,2023-11-04,Bank Transfer,Completed
681,1322,2024-01-09,Bank Transfer,Completed
682,2662,2024-11-11,Credit Card,Completed
683,1032,2025-11-14,PayPal,Completed
684,4769,2023-12-12,Bank Transfer,Completed
685,2989,2023-09-14,PayPal,Completed
686,1375,2025-07-06,Bank Transfer,Completed
687,1769,2024-11-15,PayPal,Returned
688,4957,2025-11-12,Invoice,Completed
689,1040,2023-09-18,Bank Transfer,Completed
690,1229,2025-03-27,Credit Card,Completed
691,437,2024-01-05,Bank Transfer,Returned
692,734,2023-10-05,Bank Transfer,Completed
693,2816,2025-04-29,Credit Card,Completed
694,2121,2025-02-03,Credit Card,Completed
695,4161,2025-07-02,Bank Transfer,Completed
696,2273,2024-04-15,Invoice,Completed
697,1742,2024-09-24,Invoice,Completed
698,2931,2024-08-05,Bank Transfer,Completed
699,4450,2025-12-23,PayPal,Completed
700,2096,2024-03-26,Credit Card,Completed
701,4743,2024-03-29,Credit Card,Completed
702,3636,2024-06-07,PayPal,Cancelled
703,432,2025-01-02,Credit Card,Completed
704,19,2024-02-03,Credit Card,Completed
705,2129,2025-11-14,Invoice,Completed
706,3795,2024-02-22,PayPal,Completed
707,356,2025-11-03,PayPal,Completed
708,2050,2023-07-07,Invoice,Completed
709,3304,2025-04-05,Credit Card,Completed
710,515,2025-11-10,Bank Transfer,Completed
711,603,2023-10-26,Bank Transfer,Completed
712,2480,2025-12-14,PayPal,Completed
713,1199,2024-09-30,Bank Transfer,Completed
714,3540,2025-12-01,Credit Card,Completed
715,1007,2025-04-23,PayPal,Completed
716,3774,2024-04-06,PayPal,Completed
717,289,2023-11-18,Credit Card,Completed
718,1842,2024-04-08,PayPal,Completed
719,319,2023-06-19,Bank Transfer,Completed
720,4107,2023-09-13,Invoice,Completed
721,2495,2023-07-09,Credit Card,Completed
722,3259,2024-08-26,Invoice,Completed
723,1932,2025-08-08,Bank Transfer,Completed
724,4010,2023-09-09,Invoice,Completed
725,4448,2023-08-21,Invoice,Completed
726,1538,2025-03-25,Invoice,Completed
727,4144,2023-11-27,Bank Transfer,Cancelled
728,3276,2023-06-27,PayPal,Completed
729,4808,2023-10-22,Bank Transfer,Completed
730,4024,2025-11-19,PayPal,Cancelled
731,1186,2025-08-31,Credit Card,Completed
732,2401,2024-06-06,Credit Card,Completed
733,3178,2025-04-05,Credit Card,Completed
734,1913,2024-12-12,Invoice,Completed
735,4178,2025-04-24,PayPal,Cancelled
736,4187,2025-04-29,Credit Card,Completed
737,2136,2025-03-12,Bank Transfer,Completed
738,2950,2024-02-23,Invoice,Completed
739,3468,2023-03-19,Credit Card,Completed
740,615,2024-10-03,PayPal,Completed
741,4241,2025-11-01,PayPal,Completed
742,1546,2025-01-07,Bank Transfer,Completed
743,419,2025-09-09,Invoice,Completed
744,1512,2025-12-27,Bank Transfer,Completed
745,2691,2023-10-17,Credit Card,Completed
746,2501,2025-05-07,Credit Card,Completed
747,1887,2025-04-21,Invoice,Cancelled
748,1335,2025-12-20,PayPal,Completed
749,1039,2025-12-23,Bank Transfer,Completed
750,3772,2025-05-02,PayPal,Completed
751,1779,2024-01-21,Invoice,Completed
752,4861,2025-08-10,Bank Transfer,Completed
753,2150,2023-07-13,Bank Transfer,Completed
754,2369,2025-07-25,PayPal,Completed
755,3893,2025-11-11,Invoice,Completed
756,1076,2024-07-10,Bank Transfer,Completed
757,4132,2025-03-13,Credit Card,Completed
758,4470,2024-09-03,PayPal,Completed
759,3132,2024-09-12,Invoice,Completed
760,1501,2024-04-16,Credit Card,Completed
761,2411,2025-07-09,Invoice,Cancelled
762,3948,2025-11-26,Invoice,Completed
763,2785,2025-11-28,Bank Transfer,Completed
764,547,2023-11-03,PayPal,Completed
765,3760,2025-10-17,PayPal,Completed
766,1129,2025-06-17,Bank Transfer,Cancelled
767,2966,2024-02-03,Credit Card,Completed
768,3346,2023-05-06,Credit Card,Completed
769,2336,2024-02-25,PayPal,Completed
770,3719,2025-11-12,Bank Transfer,Cancelled
771,4970,2025-03-16,Bank Transfer,Completed
772,726,2025-06-02,Bank Transfer,Completed
773,3195,2024-02-10,Invoice,Completed
774,1807,2025-06-01,Bank Transfer,Completed
775,4622,2023-03-01,Credit Card,Completed
776,3824,2024-07-01,Invoice,Completed
777,1459,2025-03-10,Bank Transfer,Completed
778,3191,2023-09-17,Bank Transfer,Cancelled
779,1959,2025-09-01,Invoice,Completed
780,1676,2024-01-08,Invoice,Completed
781,1457,2025-04-02,PayPal,Completed
782,1990,2024-08-05,Credit Card,Completed
783,3861,2025-02-06,Bank Transfer,Returned
784,4127,2023-07-14,Credit Card,Completed
785,2987,2023-02-05,Invoice,Completed
786,2535,2025-11-11,PayPal,Completed
787,1992,2024-02-28,Bank Transfer,Cancelled
788,1376,2025-08-29,Invoice,Completed
789,3739,2025-12-31,Credit Card,Completed
790,3226,2023-12-12,Invoice,Completed
791,2578,2024-02-21,Invoice,Completed
792,1960,2025-04-11,PayPal,Completed
793,1373,2025-12-12,Credit Card,Completed
794,2734,2025-11-15,PayPal,Completed
795,2499,2024-11-17,Credit Card,Returned
796,272,2025-08-07,Invoice,Completed
797,44,2023-08-31,Bank Transfer,Completed
798,2116,2025-12-19,Bank Transfer,Completed
799,3536,2025-12-12,PayPal,Completed
800,2797,2023-10-17,Invoice,Completed
801,3775,2024-04-03,Invoice,Completed
802,442,2023-07-01,PayPal,Completed
803,3491,2024-03-02,Bank Transfer,Completed
804,3094,2025-08-26,PayPal,Completed
805,3159,2024-07-04,Invoice,Completed
806,2961,2023-06-11,Invoice,Cancelled
807,2335,2024-05-23,Invoice,Completed
808,43,2025-12-21,Bank Transfer,Completed
809,98,2025-03-12,Invoice,Completed
810,612,2024-08-18,Invoice,Completed
811,1255,2023-10-22,Bank Transfer,Completed
812,952,2025-12-24,Invoice,Completed
813,3300,2025-08-30,Invoice,Completed
814,4871,2024-03-13,PayPal,Completed
815,2239,2023-05-11,PayPal,Completed
816,1052,2023-04-18,Bank Transfer,Completed
817,1385,2023-08-05,Credit Card,Completed
818,1067,2025-01-20,PayPal,Completed
819,2053,2025-11-22,PayPal,Completed
820,3268,2024-11-13,Invoice,Completed
821,3124,2025-09-19,Bank Transfer,Cancelled
822,3986,2024-09-21,PayPal,Completed
823,1554,2025-05-22,Invoice,Completed
824,2439,2025-06-12,Invoice,Completed
825,2487,2023-11-02,Bank Transfer,Completed
826,3671,2024-06-14,PayPal,Completed
827,1671,2025-03-19,Credit Card,Completed
828,2321,2023-05-12,PayPal,Completed
829,4657,2024-06-15,Bank Transfer,Completed
830,943,2024-12-10,Invoice,Completed
831,4330,2025-12-29,Credit Card,Completed
832,3116,2024-10-25,Invoice,Completed
833,3709,2025-08-26,Invoice,Completed
834,4724,2024-09-05,Credit Card,Completed
835,4486,2025-08-08,Credit Card,Completed
836,1053,2025-02-05,PayPal,Completed
837,2370,2025-10-28,Bank Transfer,Returned
838,2612,2024-08-12,Bank Transfer,Completed
839,2486,2025-02-15,PayPal,Returned
840,440,2025-03-13,Credit Card,Completed
841,2946,2024-08-19,PayPal,Completed
842,1791,2023-09-14,Credit Card,Cancelled
843,1066,2023-06-20,Bank Transfer,Completed
844,384,2023-02-05,Credit Card,Completed
845,300,2025-10-16,Bank Transfer,Completed
846,3337,2024-01-10,Invoice,Completed
847,3163,2023-12-12,Bank Transfer,Completed
848,4365,2025-06-15,Credit Card,Completed
849,3995,2024-04-27,Bank Transfer,Completed
850,2705,2024-11-19,Credit Card,Completed
851,300,2023-10-15,PayPal,Returned
852,4971,2025-12-09,Invoice,Completed
853,684,2025-09-27,Bank Transfer,Completed
854,2057,2025-10-07,Bank Transfer,Completed
855,3947,2024-08-07,Credit Card,Completed
856,801,2025-07-09,Credit Card,Completed
857,3712,2023-09-13,PayPal,Cancelled
858,3079,2023-01-19,Credit Card,Completed
859,199,2023-02-12,Credit Card,Returned
860,141,2025-01-26,PayPal,Cancelled
861,507,2024-10-03,Credit Card,Completed
862,221,2024-11-28,Bank Transfer,Completed
863,2143,2023-01-16,Invoice,Completed
864,628,2024-08-25,Invoice,Completed
865,3364,2025-05-30,Invoice,Cancelled
866,68,2024-09-18,Invoice,Completed
867,2786,2025-06-12,Invoice,Completed
868,2074,2024-01-05,Invoice,Completed
869,2466,2025-08-23,Credit Card,Completed
870,4263,2025-01-28,Bank Transfer,Completed
871,144,2023-12-11,Bank Transfer,Completed
872,3786,2024-01-11,Credit Card,Completed
873,1248,2025-03-11,PayPal,Cancelled
874,2603,2025-09-07,Credit Card,Completed
875,967,2024-08-17,Credit Card,Completed
876,1674,2024-02-11,Invoice,Completed
877,643,2025-10-10,PayPal,Completed
878,3776,2025-04-17,PayPal,Completed
879,2901,2024-09-24,Credit Card,Completed
880,3694,2024-11-06,PayPal,Completed
881,4800,2023-12-04,Invoice,Completed
882,222,2025-03-10,PayPal,Completed
883,4497,2024-06-11,Credit Card,Completed
884,3218,2025-12-29,Bank Transfer,Cancelled
885,3321,2024-11-01,Invoice,Completed
886,2480,2024-11-05,Invoice,Completed
887,1582,2025-01-03,PayPal,Completed
888,2055,2025-11-15,PayPal,Returned
889,4897,2025-08-12,Credit Card,Returned
890,1373,2024-09-28,Bank Transfer,Completed
891,2805,2025-05-31,Invoice,Completed
892,3294,2025-01-26,Invoice,Completed
893,2689,2024-11-09,Bank Transfer,Completed
894,744,2023-11-22,PayPal,Completed
895,4654,2024-10-13,Credit Card,Completed
896,2195,2024-01-24,Credit Card,Returned
897,4687,2025-11-14,Credit Card,Completed
898,1303,2024-05-15,Bank Transfer,Completed
899,3409,2025-12-05,Bank Transfer,Completed
900,763,2024-12-09,Bank Transfer,Completed
901,125,2025-03-14,Invoice,Completed
902,1721,2024-12-16,Invoice,Completed
903,1237,2023-08-20,PayPal,Completed
904,267,2024-07-01,Credit Card,Completed
905,3016,2023-06-30,Invoice,Completed
906,2093,2025-03-06,Credit Card,Completed
907,4025,2024-09-23,PayPal,Completed
908,3722,2025-07-23,Credit Card,Completed
909,2373,2023-12-22,Credit Card,Returned
910,3151,2023-10-19,PayPal,Completed
911,4404,2024-08-06,Bank Transfer,Completed
912,4256,2025-11-21,PayPal,Completed
913,3651,2025-05-23,PayPal,Completed
914,4905,2024-08-21,Credit Card,Completed
915,1521,2024-11-28,Credit Card,Completed
916,3794,2023-06-04,Credit Card,Completed
917,1618,2025-12-23,Credit Card,Completed
918,1762,2025-04-14,Bank Transfer,Completed
919,746,2024-03-18,Bank Transfer,Returned
920,2265,2025-01-25,Bank Transfer,Completed
921,505,2023-07-17,PayPal,Completed
922,3921,2025-12-12,Credit Card,Completed
923,1850,2023-11-03,Bank Transfer,Completed
924,1923,2025-03-29,Invoice,Completed
925,2353,2024-01-24,Invoice,Completed
926,2467,2025-05-30,Invoice,Completed
927,4372,2025-07-22,Invoice,Completed
928,4084,2025-04-20,Credit Card,Completed
929,731,2025-02-26,Credit Card,Completed
930,1781,2025-11-01,Bank Transfer,Cancelled
931,2066,2023-05-26,Credit Card,Completed
932,3739,2024-05-10,Bank Transfer,Completed
933,1652,2024-01-28,Credit Card,Completed
934,1803,2025-12-25,PayPal,Returned
935,371,2024-07-17,Invoice,Completed
936,1407,2025-06-12,Invoice,Completed
937,2626,2025-05-01,Bank Transfer,Completed
938,1441,2023-12-13,Bank Transfer,Completed
939,4243,2024-01-14,Bank Transfer,Returned
940,1944,2024-03-13,Invoice,Completed
941,2519,2024-08-12,Bank Transfer,Completed
942,3501,2024-01-07,Bank Transfer,Returned
943,4606,2023-02-11,PayPal,Completed
944,1343,2025-10-21,Credit Card,Completed
945,1262,2025-12-12,Bank Transfer,Completed
946,2886,2024-05-22,Bank Transfer,Completed
947,3583,2024-05-19,PayPal,Completed
948,2915,2023-01-16,Credit Card,Completed
949,2009,2025-04-27,Credit Card,Returned
950,743,2025-09-03,Invoice,Completed
951,4686,2023-09-18,Credit Card,Completed
952,853,2023-10-10,PayPal,Completed
953,82,2025-08-03,PayPal,Completed
954,3365,2025-02-28,Bank Transfer,Completed
955,3365,2023-03-29,Credit Card,Cancelled
956,1944,2025-03-06,Invoice,Cancelled
957,1080,2024-04-14,Credit Card,Completed
958,4960,2024-06-23,PayPal,Completed
959,3428,2025-07-15,Invoice,Completed
960,2810,2025-08-21,PayPal,Completed
961,548,2024-07-30,PayPal,Completed
962,3075,2025-12-02,Bank Transfer,Completed
963,4835,2024-08-06,Credit Card,Completed
964,261,2025-07-17,Bank Transfer,Completed
965,4553,2024-11-03,Credit Card,Returned
966,3981,2025-11-04,PayPal,Completed
967,3336,2025-11-10,Bank Transfer,Completed
968,2521,2023-06-10,Bank Transfer,Completed
969,4254,2025-11-26,Invoice,Completed
970,4299,2025-09-03,PayPal,Completed
971,1195,2025-08-04,PayPal,Completed
972,1404,2023-12-01,Invoice,Completed
973,2060,2025-08-16,Bank Transfer,Completed
974,1210,2025-09-25,Bank Transfer,Completed
975,3397,2024-03-22,PayPal,Completed
976,2480,2025-12-05,Invoice,Completed
977,592,2023-04-07,Invoice,Completed
978,366,2023-09-24,Bank Transfer,Completed
979,1143,2024-12-13,Bank Transfer,Completed
980,1284,2025-01-14,Invoice,Completed
981,2212,2025-03-26,Invoice,Completed
982,4889,2023-02-05,Invoice,Completed
983,4999,2025-12-09,PayPal,Completed
984,865,2023-03-29,PayPal,Completed
985,1704,2023-09-12,PayPal,Completed
986,3926,2023-01-30,Invoice,Completed
987,2991,2025-01-04,Bank Transfer,Completed
988,3876,2025-11-24,PayPal,Completed
989,890,2025-04-14,Invoice,Completed
990,1416,2025-09-01,PayPal,Completed
991,3841,2023-01-29,Bank Transfer,Completed
992,1380,2024-12-16,Invoice,Cancelled
993,3705,2024-10-07,Credit Card,Completed
994,4601,2024-11-14,Invoice,Returned
995,1962,2023-05-15,Credit Card,Returned
996,3300,2025-04-30,Credit Card,Completed
997,1996,2024-11-17,Credit Card,Completed
998,4545,2025-07-11,Invoice,Completed
999,416,2024-11-04,PayPal,Completed
1000,3671,2023-09-23,Invoice,Completed
1001,311,2025-03-29,Bank Transfer,Completed
1002,2830,2023-11-01,PayPal,Completed
1003,1094,2025-10-15,Bank Transfer,Completed
1004,1932,2025-02-25,Credit Card,Completed
1005,1125,2023-10-06,Invoice,Completed
1006,3138,2025-12-10,PayPal,Completed
1007,799,2024-11-28,Bank Transfer,Completed
1008,2006,2023-05-16,Bank Transfer,Completed
1009,4821,2025-03-10,Invoice,Completed
1010,3492,2024-02-04,Credit Card,Completed
1011,1515,2025-08-15,PayPal,Returned
1012,4748,2025-08-27,Credit Card,Completed
1013,1458,2025-12-20,Credit Card,Completed
1014,2144,2024-11-16,PayPal,Completed
1015,1604,2024-10-02,PayPal,Returned
1016,3157,2025-07-01,Bank Transfer,Completed
1017,169,2023-08-25,Bank Transfer,Completed
1018,1678,2024-12-19,PayPal,Completed
1019,2912,2024-12-19,PayPal,Completed
1020,4868,2023-06-13,PayPal,Completed
1021,268,2024-08-20,Credit Card,Completed
1022,305,2025-09-28,Credit Card,Completed
1023,3162,2025-10-01,Credit Card,Completed
1024,1611,2023-06-30,Invoice,Returned
1025,3789,2023-06-15,Bank Transfer,Completed
1026,4518,2024-02-18,Invoice,Completed
1027,1333,2025-10-17,PayPal,Completed
1028,4358,2023-08-19,Bank Transfer,Completed
1029,949,2025-06-01,Invoice,Completed
1030,122,2023-07-03,PayPal,Completed
1031,222,2025-03-07,PayPal,Completed
1032,413,2024-06-08,Credit Card,Completed
1033,1747,2025-08-02,PayPal,Cancelled
1034,4071,2024-01-06,Credit Card,Completed
1035,627,2025-03-21,Credit Card,Cancelled
1036,4524,2024-01-09,Bank Transfer,Completed
1037,4325,2025-05-26,Credit Card,Completed
1038,2095,2025-10-16,PayPal,Completed
1039,375,2023-08-15,Invoice,Completed
1040,1299,2025-10-10,Bank Transfer,Completed
1041,1144,2025-02-03,Bank Transfer,Completed
1042,4762,2023-08-16,Bank Transfer,Cancelled
1043,1546,2024-08-31,Bank Transfer,Completed
1044,1073,2023-10-12,Credit Card,Completed
1045,887,2025-05-14,PayPal,Completed
1046,3851,2025-07-06,Credit Card,Completed
1047,973,2023-07-11,Bank Transfer,Cancelled
1048,3226,2024-11-20,PayPal,Cancelled
1049,2153,2025-08-25,Credit Card,Completed
1050,4347,2025-11-26,PayPal,Completed
1051,3307,2024-11-25,Bank Transfer,Completed
1052,2027,2025-12-04,PayPal,Completed
1053,1234,2024-12-11,Credit Card,Completed
1054,1620,2024-07-23,Credit Card,Completed
1055,2700,2025-09-24,Bank Transfer,Completed
1056,262,2024-11-10,Invoice,Completed
1057,101,2024-10-22,Credit Card,Cancelled
1058,4798,2024-11-08,Bank Transfer,Completed
1059,2441,2025-09-22,Bank Transfer,Cancelled
1060,3041,2025-09-09,PayPal,Returned
1061,702,2024-08-03,Bank Transfer,Completed
1062,1440,2024-05-13,Credit Card,Completed
1063,530,2024-11-09,Invoice,Completed
1064,385,2025-01-11,Credit Card,Completed
1065,1559,2024-01-13,PayPal,Completed
1066,4129,2025-08-06,Credit Card,Completed
1067,845,2024-11-05,Invoice,Cancelled
1068,4924,2024-05-14,Credit Card,Completed
1069,4141,2023-07-13,PayPal,Completed
1070,1793,2024-01-14,Credit Card,Completed
1071,1242,2025-12-03,Credit Card,Completed
1072,184,2024-04-10,Bank Transfer,Completed
1073,2333,2023-10-26,Bank Transfer,Returned
1074,3296,2024-10-09,Invoice,Completed
1075,4534,2024-04-12,Credit Card,Completed
1076,1263,2023-03-13,Bank Transfer,Completed
1077,1557,2024-05-01,Credit Card,Completed
1078,4454,2024-12-17,Bank Transfer,Completed
1079,1464,2024-12-23,Credit Card,Completed
1080,3885,2024-06-09,PayPal,Completed
1081,4960,2024-09-23,Invoice,Completed
1082,4098,2025-12-12,Credit Card,Completed
1083,807,2024-07-03,PayPal,Completed
1084,4077,2024-02-11,Credit Card,Completed
1085,2351,2024-01-21,PayPal,Completed
1086,599,2024-10-05,Invoice,Completed
1087,1462,2025-07-06,Invoice,Returned
1088,3332,2023-12-06,Credit Card,Completed
1089,3444,2025-05-22,Bank Transfer,Completed
1090,4612,2023-02-14,Invoice,Completed
1091,41,2024-08-21,Credit Card,Completed
1092,2995,2025-07-21,Bank Transfer,Completed
1093,674,2024-05-19,Invoice,Completed
1094,4441,2025-01-01,Credit Card,Completed
1095,3074,2023-12-05,Bank Transfer,Completed
1096,538,2025-06-21,Bank Transfer,Completed
1097,147,2023-04-11,Invoice,Cancelled
1098,1104,2025-09-27,Invoice,Completed
1099,54,2023-11-28,Credit Card,Completed
1100,4995,2025-10-17,PayPal,Completed
1101,4072,2024-06-04,Credit Card,Returned
1102,2192,2025-06-03,PayPal,Returned
1103,3669,2024-04-26,Credit Card,Completed
1104,3747,2025-11-09,Credit Card,Completed
1105,1602,2023-08-15,Invoice,Completed
1106,2365,2023-11-07,Bank Transfer,Returned
1107,2509,2024-11-10,Invoice,Completed
1108,3776,2023-05-31,Invoice,Returned
1109,4138,2023-11-26,Invoice,Completed
1110,3557,2025-11-30,Invoice,Completed
1111,3771,2025-12-18,Bank Transfer,Completed
1112,3856,2024-07-02,Bank Transfer,Completed
1113,2206,2025-11-19,Credit Card,Returned
1114,3870,2024-12-18,Credit Card,Completed
1115,3080,2024-02-28,Credit Card,Completed
1116,256,2025-05-16,Invoice,Completed
1117,10,2025-04-07,Credit Card,Completed
1118,3523,2025-12-25,Credit Card,Completed
1119,1881,2024-02-21,Bank Transfer,Completed
1120,2877,2025-04-19,Bank Transfer,Completed
1121,3189,2023-04-11,PayPal,Completed
1122,4136,2023-07-24,PayPal,Returned
1123,2287,2023-01-09,Credit Card,Completed
1124,3779,2025-12-31,PayPal,Completed
1125,799,2025-08-14,Bank Transfer,Completed
1126,519,2025-07-31,Invoice,Completed
1127,2956,2024-11-22,Bank Transfer,Completed
1128,296,2024-04-04,Credit Card,Completed
1129,3551,2023-09-26,Bank Transfer,Completed
1130,4839,2024-03-17,PayPal,Completed
1131,3929,2024-07-02,Credit Card,Completed
1132,2479,2025-07-03,PayPal,Completed
1133,1564,2024-12-14,PayPal,Completed
1134,325,2023-05-24,Credit Card,Completed
1135,2124,2023-02-08,Invoice,Returned
1136,3298,2023-07-05,PayPal,Completed
1137,973,2024-08-11,PayPal,Completed
1138,2611,2025-11-24,Credit Card,Completed
1139,4365,2025-03-19,PayPal,Completed
1140,4495,2025-08-13,Credit Card,Returned
1141,111,2024-10-15,Invoice,Completed
1142,482,2024-06-15,PayPal,Completed
1143,1468,2023-07-15,Bank Transfer,Completed
1144,1027,2025-10-18,PayPal,Completed
1145,4714,2025-07-27,Invoice,Completed
1146,4566,2023-10-25,PayPal,Completed
1147,1264,2024-11-24,PayPal,Completed
1148,143,2024-11-06,Credit Card,Returned
1149,2588,2025-03-08,Credit Card,Completed
1150,365,2025-12-01,Invoice,Returned
1151,3205,2025-01-19,Credit Card,Completed
1152,3714,2024-12-14,PayPal,Completed
1153,3216,2023-04-08,Credit Card,Returned
1154,3829,2023-04-29,Bank Transfer,Completed
1155,2794,2023-11-17,PayPal,Completed
1156,1038,2023-03-08,PayPal,Completed
1157,2865,2025-06-22,PayPal,Completed
1158,1227,2025-06-04,Invoice,Completed
1159,3640,2023-08-31,Credit Card,Completed
1160,2998,2025-09-13,PayPal,Completed
1161,3123,2023-10-02,Invoice,Completed
1162,1742,2024-04-05,Bank Transfer,Completed
1163,4922,2024-01-29,Bank Transfer,Returned
1164,22,2024-06-27,Bank Transfer,Completed
1165,1141,2024-02-06,Bank Transfer,Completed
1166,2712,2024-11-07,Bank Transfer,Completed
1167,914,2024-08-07,Credit Card,Completed
1168,209,2025-12-24,Invoice,Returned
1169,902,2023-04-17,Credit Card,Completed
1170,4463,2023-09-11,Invoice,Completed
1171,3761,2023-04-12,PayPal,Completed
1172,4665,2025-03-09,Invoice,Completed
1173,3568,2023-04-15,Invoice,Completed
1174,3617,2025-09-13,PayPal,Completed
1175,3305,2024-11-24,Invoice,Completed
1176,4735,2024-12-05,PayPal,Returned
1177,532,2024-12-30,Bank Transfer,Completed
1178,3621,2023-10-29,Credit Card,Completed
1179,2879,2023-11-28,PayPal,Completed
1180,4446,2024-04-26,Invoice,Completed
1181,3031,2025-02-03,PayPal,Completed
1182,72,2023-12-11,Invoice,Completed
1183,1583,2023-07-29,Bank Transfer,Completed
1184,3700,2025-12-15,PayPal,Completed
1185,2541,2023-02-16,Credit Card,Cancelled
1186,3824,2025-08-14,Bank Transfer,Completed
1187,479,2025-08-01,Invoice,Completed
1188,3248,2024-03-31,Credit Card,Completed
1189,2379,2023-08-30,Credit Card,Cancelled
1190,3947,2023-09-16,Invoice,Completed
1191,4534,2025-05-12,Invoice,Cancelled
1192,755,2025-03-24,Bank Transfer,Completed
1193,1915,2025-07-27,Invoice,Completed
1194,3542,2025-11-27,Credit Card,Completed
1195,4989,2025-05-07,Bank Transfer,Completed
1196,4847,2023-10-04,Invoice,Completed
1197,2431,2024-01-21,Bank Transfer,Cancelled
1198,1435,2025-09-18,PayPal,Completed
1199,3284,2023-12-10,Invoice,Completed
1200,445,2023-05-15,Invoice,Completed
1201,1492,2025-05-17,Bank Transfer,Completed
1202,4137,2024-08-02,Invoice,Completed
1203,1169,2025-11-17,Credit Card,Completed
1204,2238,2025-03-31,Credit Card,Completed
1205,1811,2023-06-15,Credit Card,Returned
1206,1166,2025-12-02,Credit Card,Completed
1207,4523,2024-02-12,PayPal,Cancelled
1208,4646,2024-05-17,Credit Card,Completed
1209,2550,2024-08-01,Credit Card,Completed
1210,2868,2023-04-09,Credit Card,Completed
1211,3102,2024-11-12,Credit Card,Completed
1212,444,2023-08-10,Bank Transfer,Completed
1213,666,2024-07-31,Bank Transfer,Completed
1214,227,2024-06-02,PayPal,Completed
1215,4196,2025-07-18,Credit Card,Completed
1216,3167,2025-08-14,Credit Card,Cancelled
1217,3164,2023-09-30,Bank Transfer,Completed
1218,881,2024-06-21,PayPal,Completed
1219,1744,2024-06-29,Credit Card,Completed
1220,785,2023-09-26,Bank Transfer,Completed
1221,1163,2025-08-10,Credit Card,Completed
1222,2922,2025-05-21,PayPal,Completed
1223,1874,2023-11-20,Bank Transfer,Completed
1224,4866,2024-06-21,Credit Card,Completed
1225,4584,2023-07-11,Invoice,Completed
1226,4835,2025-03-11,PayPal,Completed
1227,2107,2023-08-06,Credit Card,Returned
1228,948,2025-12-24,Credit Card,Completed
1229,1725,2025-07-25,Credit Card,Cancelled
1230,2877,2024-07-18,Invoice,Completed
1231,2826,2025-01-17,Credit Card,Completed
1232,3619,2025-11-12,Invoice,Completed
1233,1554,2024-12-25,Credit Card,Returned
1234,1824,2023-11-03,Bank Transfer,Completed
1235,1460,2024-07-05,PayPal,Returned
1236,1078,2025-09-19,PayPal,Completed
1237,1985,2025-03-25,Invoice,Completed
1238,4396,2025-03-31,Invoice,Returned
1239,4918,2025-10-10,Credit Card,Completed
1240,1361,2025-11-02,Bank Transfer,Completed
1241,3092,2025-11-17,PayPal,Completed
1242,4151,2023-06-22,Invoice,Completed
1243,4917,2024-12-17,Credit Card,Completed
1244,488,2025-06-19,PayPal,Completed
1245,2476,2025-07-04,PayPal,Completed
1246,1018,2025-02-18,Bank Transfer,Completed
1247,3812,2023-10-22,PayPal,Completed
1248,733,2025-08-09,Invoice,Completed
1249,3922,2025-06-01,Credit Card,Completed
1250,1336,2023-06-07,Bank Transfer,Completed
1251,4940,2024-10-12,Invoice,Completed
1252,2080,2023-11-02,Bank Transfer,Completed
1253,592,2024-05-18,Bank Transfer,Completed
1254,1295,2023-02-08,PayPal,Completed
1255,719,2024-07-30,PayPal,Completed
1256,4680,2024-12-22,Invoice,Completed
1257,716,2025-03-03,Bank Transfer,Completed
1258,226,2025-04-12,Credit Card,Completed
1259,3141,2025-09-13,Credit Card,Completed
1260,3293,2023-12-16,PayPal,Completed
1261,1238,2023-08-05,PayPal,Cancelled
1262,864,2025-09-27,Invoice,Completed
1263,3453,2023-10-05,Bank Transfer,Completed
1264,498,2025-12-17,PayPal,Completed
1265,4183,2025-09-18,Credit Card,Completed
1266,4204,2024-11-16,Bank Transfer,Completed
1267,3773,2025-12-21,Invoice,Completed
1268,2105,2023-06-27,Credit Card,Completed
1269,31,2024-04-07,Invoice,Completed
1270,1692,2025-03-20,Invoice,Completed
1271,2053,2024-06-01,PayPal,Completed
1272,4505,2025-11-22,Bank Transfer,Completed
1273,4724,2023-05-04,Bank Transfer,Completed
1274,384,2024-12-21,Credit Card,Completed
1275,2892,2025-01-31,Bank Transfer,Completed
1276,3708,2025-04-02,Bank Transfer,Completed
1277,1124,2024-02-07,Credit Card,Completed
1278,420,2024-06-18,PayPal,Completed
1279,1663,2025-09-19,Bank Transfer,Completed
1280,3499,2023-11-25,PayPal,Completed
1281,1500,2025-09-04,Invoice,Cancelled
1282,2672,2024-12-31,PayPal,Returned
1283,4919,2025-07-09,Credit Card,Completed
1284,2576,2025-05-26,PayPal,Completed
1285,2535,2023-12-08,Invoice,Completed
1286,3456,2025-01-06,Credit Card,Completed
1287,654,2025-10-11,PayPal,Returned
1288,3006,2024-09-05,Bank Transfer,Returned
1289,2243,2025-12-13,PayPal,Completed
1290,4011,2024-09-29,Bank Transfer,Returned
1291,2469,2023-09-12,Credit Card,Completed
1292,3075,2024-07-17,Credit Card,Completed
1293,4496,2025-12-05,PayPal,Completed
1294,4080,2024-04-27,PayPal,Completed
1295,3431,2025-10-11,Bank Transfer,Completed
1296,1120,2025-10-23,Bank Transfer,Completed
1297,2470,2024-06-01,PayPal,Completed
1298,1478,2023-06-03,Credit Card,Completed
1299,3371,2025-06-05,PayPal,Completed
1300,2500,2024-04-17,Invoice,Completed
1301,4716,2025-07-27,Invoice,Completed
1302,4478,2024-09-18,Bank Transfer,Completed
1303,3558,2024-11-04,Credit Card,Completed
1304,2780,2025-07-23,Credit Card,Completed
1305,3368,2024-07-09,Bank Transfer,Completed
1306,929,2024-09-18,Credit Card,Completed
1307,4743,2024-07-02,Credit Card,Completed
1308,2957,2024-06-22,Invoice,Completed
1309,1267,2024-12-04,Invoice,Completed
1310,110,2025-08-19,Credit Card,Completed
1311,738,2024-06-15,Bank Transfer,Completed
1312,4852,2024-12-03,Bank Transfer,Completed
1313,2046,2025-04-18,Invoice,Completed
1314,3193,2024-02-28,Bank Transfer,Completed
1315,2900,2024-03-08,Credit Card,Completed
1316,4124,2025-11-24,Credit Card,Completed
1317,2699,2025-06-04,Bank Transfer,Completed
1318,2810,2025-01-16,Bank Transfer,Completed
1319,2030,2025-03-28,Invoice,Completed
1320,2761,2023-03-03,Invoice,Cancelled
1321,767,2025-03-02,Invoice,Completed
1322,266,2024-11-22,Credit Card,Completed
1323,248,2024-12-19,Invoice,Completed
1324,3259,2024-06-12,Bank Transfer,Completed
1325,4270,2023-05-31,Bank Transfer,Completed
1326,4762,2023-11-23,PayPal,Completed
1327,2086,2025-12-04,Credit Card,Cancelled
1328,3264,2024-08-09,PayPal,Cancelled
1329,4068,2024-10-16,Credit Card,Completed
1330,468,2023-04-12,Invoice,Returned
1331,4570,2023-03-17,Invoice,Completed
1332,3327,2025-05-30,Credit Card,Completed
1333,147,2024-12-13,Bank Transfer,Completed
1334,4956,2024-11-21,PayPal,Completed
1335,4600,2024-01-20,PayPal,Completed
1336,2015,2025-06-23,Credit Card,Returned
1337,4952,2023-10-25,Bank Transfer,Completed
1338,1028,2023-11-19,Bank Transfer,Completed
1339,4591,2024-10-09,Invoice,Completed
1340,2109,2024-03-19,PayPal,Completed
1341,3619,2024-01-26,PayPal,Completed
1342,304,2025-03-26,Bank Transfer,Completed
1343,905,2025-03-31,Credit Card,Cancelled
1344,1947,2025-09-02,PayPal,Completed
1345,4308,2024-08-19,Credit Card,Returned
1346,4824,2023-05-16,PayPal,Completed
1347,3393,2024-03-04,PayPal,Completed
1348,1149,2025-12-20,Bank Transfer,Completed
1349,4203,2025-02-06,Invoice,Completed
1350,1673,2025-05-23,Credit Card,Completed
1351,515,2023-01-16,Bank Transfer,Returned
1352,177,2024-11-28,PayPal,Cancelled
1353,96,2023-03-17,PayPal,Completed
1354,572,2025-01-07,Invoice,Cancelled
1355,2140,2025-11-17,Bank Transfer,Completed
1356,1864,2025-12-14,Invoice,Returned
1357,2278,2024-12-15,Invoice,Completed
1358,4630,2024-10-06,PayPal,Completed
1359,4236,2025-12-01,Credit Card,Completed
1360,1518,2025-04-21,Credit Card,Completed
1361,2029,2023-05-02,PayPal,Returned
1362,1365,2024-10-15,Credit Card,Completed
1363,134,2024-01-16,PayPal,Completed
1364,875,2024-10-19,Invoice,Completed
1365,948,2024-10-03,Invoice,Completed
1366,895,2025-01-21,Bank Transfer,Returned
1367,793,2024-06-09,Bank Transfer,Completed
1368,897,2023-10-18,Credit Card,Cancelled
1369,2435,2024-11-18,Invoice,Completed
1370,3017,2025-09-07,PayPal,Cancelled
1371,1590,2025-04-12,Invoice,Completed
1372,928,2024-05-19,Invoice,Completed
1373,949,2025-11-26,PayPal,Completed
1374,3907,2025-11-12,PayPal,Completed
1375,851,2023-12-10,Invoice,Completed
1376,2470,2023-03-20,Invoice,Completed
1377,4408,2025-06-20,PayPal,Completed
1378,4474,2025-09-05,Credit Card,Completed
1379,3310,2025-12-14,PayPal,Completed
1380,4633,2025-10-31,Credit Card,Completed
1381,503,2025-02-11,Bank Transfer,Completed
1382,1414,2024-12-07,Invoice,Completed
1383,4006,2023-03-01,PayPal,Completed
1384,23,2024-01-25,Invoice,Completed
1385,141,2024-10-08,Bank Transfer,Completed
1386,1626,2025-03-11,Credit Card,Completed
1387,854,2024-12-27,Bank Transfer,Completed
1388,4734,2025-06-21,PayPal,Completed
1389,4507,2024-03-11,Bank Transfer,Completed
1390,4670,2025-01-02,Invoice,Completed
1391,4707,2023-06-11,Bank Transfer,Completed
1392,157,2024-08-15,PayPal,Completed
1393,4786,2025-06-28,Invoice,Completed
1394,2734,2025-05-08,Bank Transfer,Completed
1395,1087,2025-12-26,Bank Transfer,Returned
1396,4301,2024-03-09,Invoice,Completed
1397,2950,2024-11-14,PayPal,Completed
1398,2839,2024-05-08,Bank Transfer,Completed
1399,2711,2024-09-15,Invoice,Completed
1400,2473,2025-10-01,Bank Transfer,Completed
1401,504,2025-04-30,Credit Card,Completed
1402,3779,2025-10-24,PayPal,Cancelled
1403,2265,2023-12-04,Credit Card,Completed
1404,2359,2025-10-16,PayPal,Completed
1405,1890,2023-04-24,Invoice,Completed
1406,3342,2025-10-30,Invoice,Completed
1407,2596,2024-05-08,Bank Transfer,Completed
1408,1717,2024-04-21,Bank Transfer,Completed
1409,3806,2024-11-24,Credit Card,Completed
1410,135,2025-11-28,PayPal,Completed
1411,4528,2023-04-03,Credit Card,Completed
1412,4762,2024-06-04,Invoice,Completed
1413,1244,2025-10-01,Credit Card,Completed
1414,4264,2024-07-25,PayPal,Completed
1415,129,2023-11-29,Invoice,Completed
1416,266,2024-08-28,Invoice,Completed
1417,4850,2024-07-13,Bank Transfer,Completed
1418,1476,2025-11-14,Invoice,Completed
1419,337,2025-07-08,Bank Transfer,Completed
1420,4552,2024-11-19,Credit Card,Completed
1421,2171,2025-12-25,Bank Transfer,Completed
1422,2297,2024-10-14,Credit Card,Completed
1423,4083,2023-04-21,Credit Card,Completed
1424,1185,2024-02-17,Bank Transfer,Completed
1425,4490,2024-09-10,Bank Transfer,Returned
1426,3483,2023-10-06,Credit Card,Completed
1427,4087,2025-12-02,PayPal,Cancelled
1428,4607,2025-07-13,Invoice,Completed
1429,2657,2024-02-26,Invoice,Completed
1430,2429,2025-01-31,PayPal,Completed
1431,289,2025-06-02,Credit Card,Completed
1432,4951,2025-11-29,Invoice,Completed
1433,3259,2025-10-23,Invoice,Completed
1434,2286,2024-11-26,Invoice,Completed
1435,4304,2025-07-20,PayPal,Completed
1436,2132,2024-12-30,Credit Card,Completed
1437,138,2024-12-24,Invoice,Completed
1438,3466,2023-07-26,Bank Transfer,Completed
1439,4964,2023-08-14,PayPal,Completed
1440,4795,2024-12-07,Bank Transfer,Completed
1441,3246,2024-02-27,Invoice,Returned
1442,2501,2023-02-14,Bank Transfer,Completed
1443,284,2025-06-04,Credit Card,Completed
1444,1925,2023-03-08,Credit Card,Completed
1445,3991,2025-02-05,Credit Card,Completed
1446,4610,2024-12-14,Bank Transfer,Completed
1447,1819,2025-12-14,Invoice,Completed
1448,1953,2024-11-03,Credit Card,Completed
1449,4447,2023-04-30,Credit Card,Completed
1450,4224,2024-12-23,Credit Card,Completed
1451,297,2025-09-17,Bank Transfer,Completed
1452,3798,2025-12-30,Invoice,Cancelled
1453,453,2024-09-03,PayPal,Completed
1454,4182,2024-04-27,Bank Transfer,Completed
1455,2638,2025-11-09,Bank Transfer,Completed
1456,1946,2023-11-21,Credit Card,Completed
1457,1049,2025-02-27,Bank Transfer,Completed
1458,3299,2024-08-05,PayPal,Completed
1459,4794,2023-03-23,Credit Card,Completed
1460,1580,2024-05-29,Credit Card,Completed
1461,3619,2024-02-21,PayPal,Completed
1462,715,2025-05-02,Bank Transfer,Completed
1463,3898,2025-12-03,PayPal,Completed
1464,3056,2024-02-26,Invoice,Completed
1465,3002,2025-08-22,Credit Card,Completed
1466,1084,2023-04-16,Bank Transfer,Completed
1467,1825,2024-12-13,Invoice,Completed
1468,40,2023-05-12,Credit Card,Completed
1469,2346,2025-11-25,Invoice,Completed
1470,1223,2025-07-12,Invoice,Completed
1471,2249,2025-04-07,Invoice,Completed
1472,4588,2025-09-02,PayPal,Completed
1473,3552,2025-03-28,Credit Card,Returned
1474,4286,2025-12-14,Bank Transfer,Completed
1475,2480,2025-05-27,Invoice,Completed
1476,3107,2025-11-19,PayPal,Completed
1477,4346,2024-11-28,Bank Transfer,Returned
1478,4096,2023-07-30,Credit Card,Completed
1479,4559,2024-12-06,Invoice,Completed
1480,3422,2023-08-16,PayPal,Completed
1481,2537,2025-02-02,Invoice,Completed
1482,845,2024-11-02,Invoice,Completed
1483,3702,2025-03-06,Invoice,Completed
1484,1294,2023-01-22,Invoice,Completed
1485,2473,2023-11-25,PayPal,Completed
1486,4450,2024-11-09,PayPal,Completed
1487,4644,2025-12-04,Credit Card,Completed
1488,152,2024-07-11,Credit Card,Completed
1489,4888,2024-08-27,Bank Transfer,Returned
1490,326,2025-05-27,Invoice,Completed
1491,3994,2025-02-14,Bank Transfer,Completed
1492,130,2024-04-02,Credit Card,Completed
1493,565,2024-08-11,PayPal,Returned
1494,2998,2023-12-19,Invoice,Completed
1495,4880,2025-12-13,Credit Card,Returned
1496,651,2023-08-22,Invoice,Completed
1497,2664,2024-06-27,Bank Transfer,Completed
1498,1749,2023-02-24,Credit Card,Completed
1499,4362,2023-12-23,Invoice,Completed
1500,3180,2025-07-25,Bank Transfer,Completed
1501,854,2023-12-01,Invoice,Completed
1502,1524,2023-05-28,Bank Transfer,Completed
1503,4165,2024-10-25,PayPal,Completed
1504,1115,2023-01-22,Invoice,Completed
1505,2916,2023-06-05,Credit Card,Completed
1506,48,2025-08-18,PayPal,Completed
1507,3833,2025-07-17,Bank Transfer,Completed
1508,2378,2025-11-14,Bank Transfer,Completed
1509,775,2025-09-29,PayPal,Completed
1510,1442,2025-04-29,Bank Transfer,Completed
1511,4169,2023-04-11,Bank Transfer,Completed
1512,39,2025-07-27,Bank Transfer,Completed
1513,3847,2025-09-21,Bank Transfer,Cancelled
1514,2643,2025-08-11,Invoice,Completed
1515,1396,2024-11-21,Credit Card,Completed
1516,320,2024-01-05,Invoice,Completed
1517,2031,2025-09-21,Credit Card,Completed
1518,3254,2025-06-07,Invoice,Completed
1519,3890,2025-12-21,Invoice,Completed
1520,1913,2023-10-03,Bank Transfer,Completed
1521,2663,2023-12-27,Bank Transfer,Completed
1522,1050,2023-12-12,PayPal,Completed
1523,3469,2025-08-05,PayPal,Completed
1524,1778,2023-11-16,PayPal,Completed
1525,486,2023-05-05,Credit Card,Returned
1526,4752,2025-12-31,Bank Transfer,Completed
1527,4862,2023-02-22,Credit Card,Completed
1528,1879,2025-09-12,Bank Transfer,Completed
1529,2927,2024-06-19,Credit Card,Completed
1530,1438,2025-09-18,Credit Card,Completed
1531,2517,2024-12-25,Invoice,Completed
1532,4448,2025-11-07,Bank Transfer,Completed
1533,671,2025-11-20,Bank Transfer,Cancelled
1534,2635,2023-01-20,PayPal,Completed
1535,3368,2023-05-20,Bank Transfer,Completed
1536,3336,2024-01-31,Bank Transfer,Completed
1537,4561,2025-04-17,Invoice,Cancelled
1538,1434,2025-10-29,PayPal,Completed
1539,858,2024-10-08,Credit Card,Completed
1540,115,2025-02-18,Credit Card,Completed
1541,3439,2023-11-18,Bank Transfer,Cancelled
1542,2292,2025-08-16,Credit Card,Completed
1543,3370,2025-12-13,PayPal,Completed
1544,2274,2024-02-26,PayPal,Completed
1545,2126,2024-11-11,Credit Card,Completed
1546,1154,2023-06-07,Bank Transfer,Cancelled
1547,1105,2024-12-28,Invoice,Completed
1548,2920,2024-11-17,Bank Transfer,Completed
1549,4661,2023-09-14,Credit Card,Completed
1550,3784,2024-09-17,PayPal,Completed
1551,4631,2024-05-14,Bank Transfer,Completed
1552,3327,2024-12-01,Bank Transfer,Completed
1553,2315,2025-01-25,PayPal,Completed
1554,763,2023-01-19,Invoice,Completed
1555,1040,2025-07-08,Credit Card,Completed
1556,2055,2025-05-26,Bank Transfer,Completed
1557,2472,2024-06-20,PayPal,Completed
1558,2056,2023-04-12,Bank Transfer,Completed
1559,631,2025-07-02,Credit Card,Completed
1560,2886,2025-12-06,Credit Card,Completed
1561,4146,2024-01-16,Bank Transfer,Completed
1562,4574,2024-05-01,Credit Card,Completed
1563,3451,2023-11-13,Bank Transfer,Completed
1564,1728,2025-01-15,Invoice,Completed
1565,4236,2023-10-02,PayPal,Cancelled
1566,3414,2024-06-08,Credit Card,Completed
1567,767,2025-05-12,PayPal,Completed
1568,3273,2024-12-29,Invoice,Completed
1569,4638,2024-07-14,Bank Transfer,Completed
1570,3178,2024-08-22,Invoice,Completed
1571,4549,2024-12-30,Bank Transfer,Returned
1572,2916,2023-01-13,Invoice,Completed
1573,1858,2023-05-26,Credit Card,Completed
1574,1677,2025-10-23,Bank Transfer,Completed
1575,2786,2023-05-24,Invoice,Completed
1576,4845,2025-05-20,Invoice,Cancelled
1577,2868,2025-11-17,PayPal,Completed
1578,1285,2024-02-29,PayPal,Completed
1579,752,2024-06-25,Bank Transfer,Completed
1580,325,2025-01-07,PayPal,Completed
1581,1618,2025-10-23,Invoice,Returned
1582,4018,2025-11-29,Bank Transfer,Completed
1583,2801,2025-06-19,PayPal,Completed
1584,2528,2023-06-08,Invoice,Completed
1585,4861,2025-04-17,Bank Transfer,Completed
1586,3501,2024-08-11,PayPal,Completed
1587,641,2024-10-20,Credit Card,Completed
1588,3385,2023-04-06,Bank Transfer,Completed
1589,1968,2023-11-20,Invoice,Completed
1590,678,2025-08-03,Credit Card,Returned
1591,4891,2024-10-01,Invoice,Completed
1592,1672,2024-04-06,Invoice,Completed
1593,3334,2024-07-11,Bank Transfer,Completed
1594,2301,2025-09-29,Credit Card,Completed
1595,318,2025-06-27,PayPal,Completed
1596,2254,2024-03-02,Bank Transfer,Completed
1597,2844,2023-07-31,Credit Card,Completed
1598,2951,2024-02-02,Bank Transfer,Completed
1599,4758,2025-11-17,Bank Transfer,Completed
1600,138,2025-01-21,PayPal,Completed
1601,2205,2024-12-10,Invoice,Returned
1602,1154,2025-02-06,Invoice,Completed
1603,3610,2024-06-20,Credit Card,Completed
1604,4970,2025-08-18,Bank Transfer,Cancelled
1605,4064,2024-12-02,Bank Transfer,Completed
1606,1257,2023-07-29,PayPal,Returned
1607,2787,2023-08-19,Bank Transfer,Completed
1608,4414,2024-12-12,Invoice,Completed
1609,2923,2025-11-26,Invoice,Completed
1610,2621,2024-04-14,PayPal,Completed
1611,631,2025-10-13,Credit Card,Completed
1612,4657,2025-07-10,Invoice,Returned
1613,1595,2024-01-27,Bank Transfer,Completed
1614,3133,2023-03-15,Bank Transfer,Completed
1615,1302,2023-07-04,Invoice,Cancelled
1616,1744,2025-06-09,Invoice,Completed
1617,1675,2023-11-30,PayPal,Completed
1618,3593,2024-06-26,Credit Card,Completed
1619,1955,2024-11-16,Bank Transfer,Completed
1620,2767,2025-06-06,PayPal,Completed
1621,3720,2023-07-23,Invoice,Completed
1622,2497,2024-08-06,Credit Card,Completed
1623,2695,2024-11-04,Credit Card,Completed
1624,2136,2024-12-15,Invoice,Completed
1625,3132,2025-08-28,PayPal,Completed
1626,875,2023-10-31,PayPal,Completed
1627,2108,2025-08-18,PayPal,Returned
1628,437,2025-05-08,PayPal,Completed
1629,3425,2024-12-26,Credit Card,Returned
1630,1519,2025-05-14,Credit Card,Completed
1631,4859,2024-08-13,Bank Transfer,Completed
1632,4537,2023-09-04,Credit Card,Completed
1633,593,2025-04-14,Invoice,Completed
1634,2791,2024-12-03,PayPal,Completed
1635,4357,2025-03-21,PayPal,Completed
1636,1195,2024-05-18,Credit Card,Completed
1637,3651,2025-11-10,Bank Transfer,Completed
1638,1448,2025-01-27,Invoice,Completed
1639,4652,2023-06-06,Credit Card,Completed
1640,1054,2024-09-26,Bank Transfer,Completed
1641,1618,2025-07-04,Bank Transfer,Completed
1642,2453,2025-08-06,PayPal,Completed
1643,1200,2024-11-11,PayPal,Completed
1644,2593,2025-11-03,Credit Card,Completed
1645,3630,2024-02-25,PayPal,Completed
1646,2404,2024-08-11,Invoice,Completed
1647,2045,2025-11-05,PayPal,Completed
1648,1656,2025-11-04,PayPal,Completed
1649,4762,2025-05-01,PayPal,Completed
1650,4064,2025-10-03,Bank Transfer,Completed
1651,4959,2023-06-12,Bank Transfer,Completed
1652,3416,2025-10-09,Invoice,Completed
1653,1814,2024-04-28,Invoice,Completed
1654,4042,2023-11-07,Invoice,Completed
1655,1751,2024-01-15,Credit Card,Completed
1656,870,2024-08-20,PayPal,Completed
1657,4569,2024-02-01,Bank Transfer,Completed
1658,2965,2024-04-28,PayPal,Completed
1659,1476,2023-08-29,PayPal,Completed
1660,1629,2024-03-30,Credit Card,Completed
1661,2917,2025-01-10,Invoice,Completed
1662,987,2024-09-17,Credit Card,Completed
1663,1837,2024-05-28,Invoice,Completed
1664,273,2025-06-25,Invoice,Completed
1665,3711,2025-11-02,Bank Transfer,Returned
1666,980,2025-07-04,Invoice,Cancelled
1667,3477,2024-05-11,Credit Card,Completed
1668,1305,2025-06-23,Bank Transfer,Completed
1669,1032,2023-09-27,Invoice,Completed
1670,4448,2023-08-21,PayPal,Returned
1671,1620,2024-05-27,Credit Card,Completed
1672,3300,2025-08-18,Bank Transfer,Completed
1673,1565,2024-01-25,PayPal,Completed
1674,4969,2023-04-30,Bank Transfer,Completed
1675,204,2023-08-24,Invoice,Completed
1676,4929,2025-10-03,Bank Transfer,Completed
1677,3941,2025-03-16,PayPal,Returned
1678,353,2024-02-04,Invoice,Completed
1679,320,2024-12-25,Invoice,Completed
1680,2118,2024-12-05,Bank Transfer,Completed
1681,2938,2025-04-04,Credit Card,Returned
1682,320,2024-01-06,PayPal,Completed
1683,4664,2025-10-08,Credit Card,Completed
1684,3601,2024-04-15,Credit Card,Completed
1685,1235,2025-05-09,Credit Card,Completed
1686,816,2023-02-04,Bank Transfer,Completed
1687,1300,2024-06-28,Bank Transfer,Completed
1688,3215,2024-06-03,PayPal,Completed
1689,4495,2024-12-17,Credit Card,Completed
1690,1884,2023-05-16,Bank Transfer,Completed
1691,2833,2025-08-03,Credit Card,Cancelled
1692,3299,2023-12-19,Invoice,Completed
1693,4968,2025-04-24,Credit Card,Completed
1694,3466,2025-08-14,Bank Transfer,Completed
1695,2418,2024-12-30,PayPal,Returned
1696,2836,2025-06-20,Credit Card,Completed
1697,1874,2025-04-10,PayPal,Completed
1698,3379,2024-06-08,PayPal,Cancelled
1699,2822,2025-08-19,PayPal,Cancelled
1700,4318,2024-03-29,Invoice,Completed
1701,857,2025-01-09,Bank Transfer,Completed
1702,2865,2025-06-24,PayPal,Completed
1703,678,2024-07-05,Bank Transfer,Completed
1704,92,2024-04-07,Bank Transfer,Completed
1705,206,2024-10-07,Credit Card,Completed
1706,1592,2025-08-28,Bank Transfer,Completed
1707,48,2025-11-22,Bank Transfer,Completed
1708,652,2024-12-18,Credit Card,Completed
1709,2199,2025-04-10,PayPal,Completed
1710,3202,2025-11-08,Bank Transfer,Cancelled
1711,2049,2023-06-29,PayPal,Completed
1712,2160,2024-01-04,Invoice,Completed
1713,4466,2025-05-22,PayPal,Completed
1714,4467,2025-09-02,Bank Transfer,Completed
1715,3364,2025-10-01,Invoice,Completed
1716,3531,2024-08-16,PayPal,Returned
1717,131,2023-06-13,Bank Transfer,Completed
1718,3141,2024-09-12,Bank Transfer,Completed
1719,2743,2024-01-02,Credit Card,Completed
1720,2471,2024-03-24,Bank Transfer,Completed
1721,4972,2025-07-18,Bank Transfer,Returned
1722,3185,2023-05-20,Invoice,Completed
1723,4031,2025-09-05,Credit Card,Cancelled
1724,605,2024-08-31,Invoice,Completed
1725,825,2025-02-06,Invoice,Completed
1726,2803,2023-06-13,Bank Transfer,Completed
1727,1476,2024-05-17,Bank Transfer,Completed
1728,977,2023-06-14,Invoice,Completed
1729,3002,2025-12-10,Bank Transfer,Completed
1730,1057,2025-08-18,PayPal,Completed
1731,3094,2024-10-08,PayPal,Completed
1732,1136,2023-12-25,Invoice,Completed
1733,2662,2025-11-24,PayPal,Completed
1734,1023,2024-05-26,Bank Transfer,Completed
1735,2851,2023-10-12,Invoice,Cancelled
1736,207,2024-12-31,Bank Transfer,Completed
1737,11,2025-11-30,Invoice,Completed
1738,3335,2023-01-09,Credit Card,Completed
1739,973,2024-01-13,PayPal,Completed
1740,1201,2025-11-27,PayPal,Completed
1741,3498,2023-10-30,Credit Card,Returned
1742,1718,2023-07-23,Invoice,Completed
1743,4538,2025-01-08,PayPal,Completed
1744,4661,2025-10-06,Bank Transfer,Completed
1745,4323,2024-10-28,Invoice,Completed
1746,127,2025-12-28,Credit Card,Completed
1747,756,2025-04-26,Credit Card,Completed
1748,4206,2023-05-18,PayPal,Returned
1749,4318,2025-12-27,PayPal,Completed
1750,3189,2024-08-08,Credit Card,Completed
1751,466,2024-03-20,Credit Card,Completed
1752,805,2024-12-27,Credit Card,Completed
1753,937,2024-04-09,Credit Card,Completed
1754,1145,2023-06-08,Invoice,Completed
1755,797,2023-01-04,Invoice,Completed
1756,1629,2024-09-26,Credit Card,Completed
1757,4482,2025-09-13,Bank Transfer,Completed
1758,4444,2025-01-10,Invoice,Completed
1759,3367,2025-12-31,Bank Transfer,Completed
1760,3665,2024-03-19,Bank Transfer,Completed
1761,4996,2024-03-12,Bank Transfer,Completed
1762,4129,2023-10-10,Credit Card,Completed
1763,2115,2023-10-18,Bank Transfer,Completed
1764,3270,2024-03-17,PayPal,Completed
1765,1098,2025-08-05,Credit Card,Completed
1766,3074,2025-11-09,Credit Card,Completed
1767,232,2025-12-18,Bank Transfer,Returned
1768,444,2024-01-04,PayPal,Completed
1769,362,2025-10-23,Invoice,Completed
1770,2289,2024-05-07,Credit Card,Completed
1771,1402,2023-07-23,PayPal,Completed
1772,2079,2025-10-13,Bank Transfer,Completed
1773,345,2025-03-18,Invoice,Completed
1774,3361,2023-10-19,Bank Transfer,Completed
1775,3148,2024-09-03,Bank Transfer,Completed
1776,971,2024-03-20,PayPal,Completed
1777,179,2025-06-16,Credit Card,Completed
1778,4315,2024-09-30,Bank Transfer,Completed
1779,4271,2025-12-26,Bank Transfer,Completed
1780,801,2023-04-15,Bank Transfer,Completed
1781,4927,2024-06-07,Invoice,Completed
1782,592,2024-11-02,Invoice,Completed
1783,1496,2024-11-17,Invoice,Completed
1784,118,2024-04-22,Invoice,Completed
1785,1316,2025-06-09,Invoice,Completed
1786,3460,2025-10-17,Credit Card,Completed
1787,2932,2025-11-27,Bank Transfer,Completed
1788,311,2025-08-16,PayPal,Completed
1789,1649,2025-09-26,Bank Transfer,Completed
1790,2741,2024-12-22,Bank Transfer,Completed
1791,3510,2025-09-04,Invoice,Completed
1792,2723,2024-04-08,Bank Transfer,Completed
1793,3370,2024-07-28,PayPal,Completed
1794,3475,2024-04-24,Invoice,Cancelled
1795,353,2024-10-17,PayPal,Completed
1796,4806,2024-03-18,PayPal,Completed
1797,1487,2025-12-10,Bank Transfer,Completed
1798,4269,2024-04-19,Invoice,Completed
1799,945,2023-06-28,Bank Transfer,Completed
1800,2311,2024-12-05,Invoice,Completed
1801,922,2023-04-19,Bank Transfer,Completed
1802,215,2023-07-19,Bank Transfer,Completed
1803,628,2023-12-21,Credit Card,Completed
1804,4387,2024-10-13,Credit Card,Completed
1805,3404,2024-09-07,Credit Card,Cancelled
1806,1673,2025-08-11,Credit Card,Completed
1807,4646,2025-06-18,Bank Transfer,Completed
1808,3746,2024-08-30,Invoice,Completed
1809,3790,2024-05-13,Credit Card,Completed
1810,3574,2024-04-23,Credit Card,Completed
1811,2874,2025-07-19,Bank Transfer,Cancelled
1812,2532,2023-04-11,Bank Transfer,Completed
1813,1519,2023-01-28,Bank Transfer,Cancelled
1814,3516,2025-08-08,Bank Transfer,Completed
1815,1995,2024-10-28,Bank Transfer,Completed
1816,1915,2023-08-22,Bank Transfer,Completed
1817,4843,2024-01-09,PayPal,Completed
1818,15,2025-11-24,Invoice,Returned
1819,4766,2025-10-04,Invoice,Completed
1820,3922,2025-05-23,PayPal,Completed
1821,2510,2024-11-02,Bank Transfer,Completed
1822,3631,2024-11-30,Credit Card,Returned
1823,895,2025-12-18,Credit Card,Completed
1824,2701,2025-12-12,Invoice,Completed
1825,2836,2023-12-16,Credit Card,Completed
1826,1653,2025-08-21,Invoice,Completed
1827,1786,2023-11-27,Bank Transfer,Completed
1828,991,2023-12-14,Bank Transfer,Completed
1829,2964,2025-04-23,Bank Transfer,Cancelled
1830,4683,2024-08-05,Credit Card,Completed
1831,4082,2025-11-23,Bank Transfer,Completed
1832,2415,2023-06-12,Bank Transfer,Completed
1833,3423,2024-11-23,Invoice,Returned
1834,667,2025-11-16,PayPal,Completed
1835,4734,2025-11-08,Credit Card,Completed
1836,1094,2023-10-05,Credit Card,Completed
1837,1003,2024-06-21,Invoice,Completed
1838,3139,2025-03-03,Bank Transfer,Returned
1839,4106,2023-10-10,Credit Card,Completed
1840,814,2025-12-14,Bank Transfer,Completed
1841,2968,2025-11-14,Invoice,Returned
1842,2952,2023-10-23,Credit Card,Completed
1843,2442,2023-08-06,Bank Transfer,Completed
1844,842,2023-06-06,Invoice,Completed
1845,2816,2025-11-11,PayPal,Completed
1846,1648,2023-11-23,Invoice,Completed
1847,4984,2024-08-18,PayPal,Completed
1848,4358,2024-09-25,Bank Transfer,Completed
1849,4557,2025-02-09,Credit Card,Completed
1850,4220,2023-05-14,Invoice,Completed
1851,3458,2023-12-28,PayPal,Completed
1852,1829,2025-11-23,Bank Transfer,Completed
1853,375,2025-11-10,Invoice,Completed
1854,732,2025-07-26,Invoice,Completed
1855,2185,2023-02-11,PayPal,Completed
1856,2875,2024-05-05,Invoice,Completed
1857,2748,2025-03-11,Invoice,Completed
1858,2505,2024-03-06,Credit Card,Completed
1859,1434,2025-11-11,Invoice,Completed
1860,4190,2025-03-16,Invoice,Completed
1861,1710,2023-05-14,Invoice,Completed
1862,2057,2025-11-11,Invoice,Completed
1863,2235,2025-12-08,Credit Card,Completed
1864,103,2023-05-24,PayPal,Completed
1865,87,2024-12-09,PayPal,Completed
1866,348,2024-04-08,Invoice,Completed
1867,1460,2024-07-21,Bank Transfer,Completed
1868,1607,2023-11-08,PayPal,Cancelled
1869,2543,2025-01-17,PayPal,Completed
1870,4234,2025-12-08,Credit Card,Completed
1871,1835,2024-11-17,Credit Card,Completed
1872,397,2023-06-02,Invoice,Completed
1873,2435,2025-03-04,Bank Transfer,Completed
1874,7,2024-05-21,Bank Transfer,Completed
1875,2216,2025-09-30,Credit Card,Returned
1876,1860,2024-09-08,PayPal,Completed
1877,2324,2023-11-22,PayPal,Completed
1878,862,2023-11-21,Invoice,Completed
1879,4525,2025-07-15,PayPal,Completed
1880,1036,2024-02-22,PayPal,Completed
1881,13,2025-07-13,Credit Card,Completed
1882,513,2023-12-06,PayPal,Completed
1883,4009,2024-04-29,Credit Card,Completed
1884,593,2024-10-14,Invoice,Completed
1885,3105,2025-11-30,PayPal,Completed
1886,2888,2025-11-23,Invoice,Completed
1887,4441,2023-12-07,Invoice,Completed
1888,1473,2024-06-11,PayPal,Cancelled
1889,525,2023-09-23,Credit Card,Completed
1890,1585,2024-11-22,PayPal,Completed
1891,1385,2024-10-09,Bank Transfer,Completed
1892,3130,2025-11-06,PayPal,Completed
1893,1616,2025-11-22,Invoice,Completed
1894,3481,2024-07-11,Invoice,Completed
1895,1185,2024-11-09,Bank Transfer,Returned
1896,4447,2025-11-04,Invoice,Completed
1897,2378,2025-08-17,Invoice,Completed
1898,3377,2023-01-08,Credit Card,Completed
1899,3147,2024-04-27,Credit Card,Completed
1900,137,2024-08-24,PayPal,Completed
1901,4292,2023-12-31,Invoice,Cancelled
1902,2518,2023-11-30,Credit Card,Completed
1903,1415,2023-03-17,Invoice,Completed
1904,1104,2025-03-25,Invoice,Completed
1905,3363,2024-02-17,Credit Card,Completed
1906,1064,2023-04-11,PayPal,Completed
1907,784,2024-01-02,Invoice,Completed
1908,533,2025-08-13,Credit Card,Completed
1909,1481,2025-09-26,Invoice,Returned
1910,3942,2024-11-03,Bank Transfer,Completed
1911,1666,2024-08-18,Bank Transfer,Completed
1912,4235,2025-12-19,Credit Card,Completed
1913,650,2023-12-01,PayPal,Completed
1914,4447,2023-12-16,PayPal,Completed
1915,3168,2024-03-25,Invoice,Completed
1916,463,2023-11-01,PayPal,Completed
1917,4016,2024-07-06,Invoice,Completed
1918,4922,2025-11-12,Credit Card,Completed
1919,3692,2025-02-27,Credit Card,Completed
1920,185,2024-08-13,Bank Transfer,Completed
1921,738,2025-11-25,Invoice,Completed
1922,4327,2023-04-05,Invoice,Completed
1923,3822,2023-12-11,Bank Transfer,Completed
1924,1679,2025-01-03,Bank Transfer,Completed
1925,4796,2025-02-28,Credit Card,Cancelled
1926,74,2023-03-20,PayPal,Completed
1927,1089,2024-08-02,Bank Transfer,Completed
1928,3841,2025-03-30,Credit Card,Completed
1929,1833,2025-05-12,Credit Card,Completed
1930,3432,2025-03-20,Credit Card,Completed
1931,4389,2024-04-28,Invoice,Completed
1932,1469,2023-06-20,Invoice,Completed
1933,1551,2024-08-30,Credit Card,Completed
1934,4280,2023-08-19,Credit Card,Completed
1935,2160,2025-12-02,PayPal,Completed
1936,4479,2024-10-26,PayPal,Completed
1937,2752,2024-04-24,Bank Transfer,Returned
1938,4600,2025-07-12,Credit Card,Completed
1939,1283,2024-11-14,Bank Transfer,Returned
1940,4301,2024-04-15,Credit Card,Completed
1941,4385,2025-08-22,Invoice,Completed
1942,4167,2025-10-10,Bank Transfer,Completed
1943,2896,2025-04-20,Bank Transfer,Completed
1944,759,2023-04-02,Invoice,Completed
1945,300,2025-01-04,Credit Card,Completed
1946,1814,2025-07-10,PayPal,Completed
1947,420,2023-09-01,Bank Transfer,Completed
1948,1788,2023-12-30,PayPal,Completed
1949,1620,2025-10-24,Bank Transfer,Completed
1950,624,2023-02-12,Invoice,Completed
1951,2070,2025-06-30,Bank Transfer,Completed
1952,2446,2024-10-24,Invoice,Completed
1953,1887,2024-09-22,PayPal,Completed
1954,2337,2023-01-16,PayPal,Completed
1955,834,2025-08-29,Bank Transfer,Completed
1956,557,2024-06-13,PayPal,Completed
1957,2517,2024-12-15,Credit Card,Completed
1958,2894,2025-04-24,Invoice,Returned
1959,1664,2025-05-17,Credit Card,Completed
1960,2636,2025-12-07,Bank Transfer,Completed
1961,2640,2024-12-08,Credit Card,Completed
1962,4368,2024-07-29,Invoice,Completed
1963,481,2025-12-06,PayPal,Completed
1964,232,2025-03-23,Invoice,Returned
1965,1426,2024-04-02,PayPal,Completed
1966,4509,2023-08-15,Invoice,Completed
1967,1180,2025-09-18,Invoice,Completed
1968,2448,2024-06-15,Credit Card,Completed
1969,16,2025-04-09,Bank Transfer,Completed
1970,857,2024-10-21,Invoice,Returned
1971,4938,2023-11-29,Invoice,Completed
1972,1473,2025-02-12,PayPal,Completed
1973,2449,2023-04-25,Invoice,Completed
1974,1241,2024-08-14,Credit Card,Returned
1975,4506,2024-12-19,Credit Card,Completed
1976,2592,2024-09-10,Bank Transfer,Completed
1977,2222,2025-06-27,Bank Transfer,Completed
1978,3583,2025-09-05,Bank Transfer,Completed
1979,1278,2025-07-17,Invoice,Completed
1980,2164,2023-03-19,Credit Card,Completed
1981,1808,2023-11-24,PayPal,Completed
1982,2553,2024-12-12,PayPal,Completed
1983,2775,2025-11-25,Bank Transfer,Completed
1984,1921,2025-09-12,Bank Transfer,Completed
1985,285,2025-09-18,Bank Transfer,Returned
1986,4073,2024-04-07,Invoice,Completed
1987,4733,2024-09-02,PayPal,Completed
1988,828,2024-10-20,Credit Card,Completed
1989,2497,2023-10-06,PayPal,Completed
1990,4600,2023-03-06,PayPal,Completed
1991,504,2025-12-02,Invoice,Completed
1992,3382,2024-01-17,Invoice,Returned
1993,1421,2024-01-15,Credit Card,Completed
1994,4003,2023-06-03,Invoice,Cancelled
1995,1964,2025-11-22,Credit Card,Returned
1996,4323,2025-01-19,PayPal,Completed
1997,4315,2025-04-15,Invoice,Completed
1998,2166,2025-11-12,Credit Card,Completed
1999,431,2024-05-27,Invoice,Completed
2000,3678,2025-03-05,Bank Transfer,Completed
2001,1465,2023-03-19,Invoice,Completed
2002,912,2023-11-16,PayPal,Returned
2003,4997,2025-09-08,Bank Transfer,Completed
2004,3724,2025-07-13,Credit Card,Returned
2005,2221,2024-06-02,PayPal,Completed
2006,4349,2024-07-03,PayPal,Completed
2007,3568,2024-12-10,Credit Card,Completed
2008,1462,2023-01-01,PayPal,Completed
2009,1867,2024-01-17,Invoice,Completed
2010,2169,2023-12-09,Credit Card,Completed
2011,4837,2024-01-31,PayPal,Completed
2012,449,2025-08-17,Bank Transfer,Completed
2013,4181,2024-03-11,Bank Transfer,Completed
2014,2950,2023-11-21,Credit Card,Completed
2015,844,2024-11-18,Bank Transfer,Completed
2016,3352,2025-10-09,Credit Card,Completed
2017,578,2024-01-17,Credit Card,Completed
2018,1489,2023-05-26,Credit Card,Completed
2019,2001,2024-06-09,Credit Card,Completed
2020,4094,2025-06-26,Bank Transfer,Completed
2021,2448,2024-12-22,PayPal,Completed
2022,1988,2025-08-26,Credit Card,Completed
2023,901,2025-12-09,Credit Card,Completed
2024,1458,2025-08-05,PayPal,Completed
2025,2457,2025-02-14,Invoice,Completed
2026,3173,2024-11-10,PayPal,Completed
2027,1525,2023-03-21,Bank Transfer,Completed
2028,3255,2025-12-23,Invoice,Completed
2029,626,2024-07-10,Invoice,Completed
2030,4553,2023-09-28,Bank Transfer,Completed
2031,3596,2025-04-14,PayPal,Completed
2032,1323,2024-03-16,PayPal,Completed
2033,4330,2025-01-25,Invoice,Completed
2034,4984,2025-01-26,Invoice,Completed
2035,497,2024-09-21,Bank Transfer,Completed
2036,657,2025-09-13,Invoice,Completed
2037,3233,2024-02-21,Invoice,Completed
2038,2899,2024-09-25,Bank Transfer,Completed
2039,2951,2024-12-13,Credit Card,Completed
2040,78,2025-04-12,Credit Card,Completed
2041,3261,2025-07-28,Invoice,Cancelled
2042,3723,2024-07-24,Invoice,Completed
2043,3673,2025-03-27,Invoice,Completed
2044,2587,2023-09-25,Credit Card,Completed
2045,4276,2025-11-24,Invoice,Completed
2046,2214,2024-07-10,Credit Card,Completed
2047,1074,2025-06-10,Invoice,Completed
2048,2950,2023-02-13,Bank Transfer,Completed
2049,1106,2023-12-05,Bank Transfer,Completed
2050,3688,2024-11-06,Invoice,Completed
2051,3850,2025-10-20,Invoice,Completed
2052,3082,2024-12-05,Credit Card,Completed
2053,4065,2025-11-22,PayPal,Completed
2054,605,2024-11-03,Credit Card,Completed
2055,644,2024-11-08,Bank Transfer,Completed
2056,1387,2023-08-03,Invoice,Completed
2057,3840,2025-08-14,Invoice,Returned
2058,3978,2024-01-26,Credit Card,Completed
2059,3780,2025-11-05,Invoice,Completed
2060,2790,2025-11-12,Invoice,Completed
2061,4173,2025-11-30,Invoice,Completed
2062,3287,2024-11-30,PayPal,Completed
2063,4169,2025-04-24,Bank Transfer,Cancelled
2064,81,2025-07-23,Invoice,Completed
2065,3288,2023-08-23,Credit Card,Completed
2066,737,2025-02-11,Invoice,Completed
2067,2162,2023-03-11,Bank Transfer,Completed
2068,1293,2024-11-13,Credit Card,Completed
2069,377,2023-10-02,Invoice,Cancelled
2070,56,2023-11-12,Invoice,Completed
2071,4236,2024-06-19,PayPal,Completed
2072,241,2024-09-06,Invoice,Completed
2073,4539,2025-03-07,PayPal,Cancelled
2074,999,2023-05-19,Invoice,Completed
2075,4644,2024-11-18,Bank Transfer,Completed
2076,2941,2023-11-12,Bank Transfer,Completed
2077,1334,2025-01-12,PayPal,Completed
2078,3657,2025-03-19,Credit Card,Completed
2079,1108,2024-12-27,PayPal,Completed
2080,279,2025-06-17,Credit Card,Completed
2081,625,2024-05-15,PayPal,Completed
2082,4282,2025-07-11,Invoice,Completed
2083,2581,2024-09-06,PayPal,Returned
2084,136,2024-11-03,Credit Card,Completed
2085,1292,2025-03-29,Credit Card,Completed
2086,3919,2023-02-08,Credit Card,Completed
2087,2513,2025-04-03,Bank Transfer,Completed
2088,535,2025-03-02,Credit Card,Completed
2089,3688,2024-04-15,Credit Card,Completed
2090,1096,2023-06-07,Bank Transfer,Completed
2091,4265,2023-06-16,Credit Card,Returned
2092,2128,2025-11-19,Invoice,Returned
2093,4580,2025-05-05,PayPal,Completed
2094,2087,2023-08-16,PayPal,Completed
2095,1979,2024-06-09,Bank Transfer,Completed
2096,2251,2025-02-02,PayPal,Completed
2097,3114,2025-09-12,Credit Card,Cancelled
2098,3074,2023-03-27,Credit Card,Completed
2099,1198,2024-01-11,Bank Transfer,Completed
2100,4965,2025-10-31,PayPal,Returned
2101,457,2023-01-20,PayPal,Returned
2102,4224,2023-12-01,Bank Transfer,Returned
2103,2629,2025-12-09,Credit Card,Completed
2104,3585,2025-02-25,Credit Card,Completed
2105,3114,2024-02-16,Invoice,Completed
2106,1478,2023-05-06,Bank Transfer,Completed
2107,4253,2023-03-01,Bank Transfer,Completed
2108,3705,2024-01-22,PayPal,Completed
2109,1326,2025-10-23,Bank Transfer,Completed
2110,572,2024-08-17,Bank Transfer,Completed
2111,4349,2025-06-01,Invoice,Completed
2112,370,2025-11-16,Credit Card,Completed
2113,3192,2024-08-08,PayPal,Completed
2114,4986,2023-11-21,Credit Card,Completed
2115,528,2024-11-28,Invoice,Completed
2116,2529,2025-11-10,Invoice,Cancelled
2117,2038,2025-08-15,Bank Transfer,Completed
2118,3744,2023-05-04,Bank Transfer,Completed
2119,1308,2025-05-08,Invoice,Completed
2120,162,2025-01-10,Invoice,Completed
2121,3352,2025-11-10,Bank Transfer,Completed
2122,3837,2023-08-08,Credit Card,Returned
2123,1494,2024-12-10,Bank Transfer,Completed
2124,3960,2025-10-21,PayPal,Completed
2125,2955,2024-08-10,PayPal,Completed
2126,4029,2024-11-02,Invoice,Completed
2127,4685,2023-05-12,Invoice,Cancelled
2128,3920,2024-03-09,Invoice,Completed
2129,2628,2024-05-02,Bank Transfer,Completed
2130,2444,2025-12-01,PayPal,Completed
2131,3938,2024-03-14,Invoice,Completed
2132,801,2024-10-09,Credit Card,Completed
2133,2559,2025-04-19,Invoice,Completed
2134,3357,2023-10-14,Bank Transfer,Completed
2135,874,2024-11-05,Credit Card,Returned
2136,1425,2025-06-18,Invoice,Completed
2137,4634,2025-10-10,PayPal,Completed
2138,1239,2025-03-09,Credit Card,Returned
2139,2541,2025-04-17,PayPal,Returned
2140,87,2023-08-15,PayPal,Completed
2141,1323,2025-12-01,Bank Transfer,Completed
2142,1684,2023-08-25,Invoice,Completed
2143,1360,2025-07-20,Credit Card,Completed
2144,2432,2024-02-21,Credit Card,Completed
2145,1553,2025-11-24,Credit Card,Completed
2146,2657,2025-06-01,Bank Transfer,Completed
2147,2889,2025-07-01,Bank Transfer,Completed
2148,939,2023-12-20,Invoice,Completed
2149,950,2024-09-18,Invoice,Cancelled
2150,2729,2025-03-02,Invoice,Completed
2151,2980,2025-07-16,Credit Card,Completed
2152,87,2023-07-08,PayPal,Completed
2153,4911,2025-12-10,Credit Card,Completed
2154,177,2025-10-31,PayPal,Completed
2155,631,2024-02-29,PayPal,Completed
2156,3729,2025-09-01,Invoice,Completed
2157,1599,2024-11-28,Credit Card,Completed
2158,158,2024-10-10,Invoice,Completed
2159,4056,2024-04-21,Bank Transfer,Completed
2160,508,2025-01-20,Bank Transfer,Completed
2161,4349,2025-06-10,Invoice,Completed
2162,1036,2024-08-12,Bank Transfer,Completed
2163,1705,2025-03-12,PayPal,Completed
2164,2699,2025-05-14,Invoice,Completed
2165,4837,2025-05-24,PayPal,Completed
2166,4817,2023-04-10,PayPal,Completed
2167,3794,2025-10-04,PayPal,Returned
2168,189,2024-10-06,Invoice,Completed
2169,2445,2024-02-17,Invoice,Completed
2170,4106,2024-01-18,Bank Transfer,Completed
2171,587,2024-11-03,Bank Transfer,Completed
2172,3055,2025-10-28,PayPal,Completed
2173,4308,2024-07-04,Invoice,Completed
2174,4256,2025-06-28,PayPal,Completed
2175,398,2023-06-26,Invoice,Completed
2176,2952,2024-10-27,PayPal,Completed
2177,4570,2025-12-27,Bank Transfer,Completed
2178,134,2025-07-16,Credit Card,Completed
2179,3654,2023-12-11,Invoice,Completed
2180,4657,2024-11-16,Credit Card,Returned
2181,4398,2024-01-06,Credit Card,Completed
2182,4740,2024-08-10,Invoice,Completed
2183,1083,2025-07-25,PayPal,Completed
2184,3703,2025-07-17,PayPal,Completed
2185,3964,2023-12-30,PayPal,Completed
2186,4539,2025-11-18,PayPal,Completed
2187,2341,2025-02-02,Bank Transfer,Completed
2188,4635,2024-07-06,PayPal,Completed
2189,2523,2024-11-16,Invoice,Completed
2190,2334,2025-02-16,Invoice,Completed
2191,4909,2024-12-29,Invoice,Completed
2192,754,2024-11-05,Credit Card,Completed
2193,1103,2024-11-19,Bank Transfer,Completed
2194,4310,2023-11-05,PayPal,Completed
2195,3053,2025-08-23,PayPal,Completed
2196,1812,2024-12-16,Credit Card,Completed
2197,515,2023-08-23,Invoice,Completed
2198,230,2025-07-12,Credit Card,Completed
2199,3150,2025-11-24,Invoice,Completed
2200,219,2025-12-02,Credit Card,Completed
2201,1153,2024-06-23,Credit Card,Completed
2202,3370,2023-08-30,Invoice,Completed
2203,2864,2024-11-29,Invoice,Completed
2204,306,2023-07-22,Invoice,Completed
2205,3716,2025-11-25,PayPal,Completed
2206,4300,2023-11-13,Credit Card,Completed
2207,2795,2024-02-03,Invoice,Completed
2208,772,2024-08-07,PayPal,Returned
2209,4447,2024-07-10,Bank Transfer,Completed
2210,4343,2025-08-07,PayPal,Returned
2211,4046,2024-10-04,PayPal,Completed
2212,1710,2023-10-29,PayPal,Returned
2213,2354,2024-02-24,Credit Card,Cancelled
2214,4964,2024-11-22,Invoice,Completed
2215,1172,2023-09-19,Bank Transfer,Returned
2216,24,2025-02-23,Credit Card,Completed
2217,4261,2025-01-03,Credit Card,Completed
2218,2270,2025-05-27,Invoice,Completed
2219,4824,2025-11-27,Credit Card,Completed
2220,1513,2025-11-13,Credit Card,Completed
2221,4815,2025-12-01,Invoice,Completed
2222,4969,2024-01-22,PayPal,Completed
2223,3433,2023-08-24,Invoice,Completed
2224,1298,2024-04-06,Invoice,Completed
2225,2268,2025-11-03,PayPal,Completed
2226,3639,2025-12-16,Invoice,Completed
2227,4621,2025-10-03,Bank Transfer,Completed
2228,4797,2023-07-18,Credit Card,Completed
2229,786,2025-12-02,Invoice,Completed
2230,1913,2024-08-26,PayPal,Completed
2231,1242,2023-01-20,Invoice,Completed
2232,1349,2024-09-17,PayPal,Completed
2233,67,2023-03-31,Invoice,Completed
2234,733,2024-12-17,Invoice,Returned
2235,1500,2024-05-19,Invoice,Completed
2236,3644,2024-10-24,Bank Transfer,Completed
2237,2756,2025-02-25,Bank Transfer,Completed
2238,863,2025-10-12,Bank Transfer,Completed
2239,2822,2025-04-10,Credit Card,Completed
2240,1343,2024-09-08,PayPal,Completed
2241,769,2025-08-29,PayPal,Returned
2242,457,2025-11-09,Invoice,Completed
2243,4589,2023-08-04,Invoice,Cancelled
2244,217,2024-12-08,Bank Transfer,Completed
2245,1063,2024-03-17,PayPal,Completed
2246,168,2023-04-02,Credit Card,Returned
2247,1335,2025-04-16,PayPal,Completed
2248,2453,2025-10-07,PayPal,Completed
2249,1054,2023-10-16,PayPal,Cancelled
2250,4441,2025-08-23,Invoice,Completed
2251,1981,2025-09-28,Credit Card,Completed
2252,1496,2025-11-14,PayPal,Completed
2253,4484,2024-02-22,Invoice,Completed
2254,2621,2025-11-08,Invoice,Completed
2255,3879,2024-04-28,Credit Card,Completed
2256,2309,2024-12-23,PayPal,Completed
2257,1145,2023-04-08,Credit Card,Returned
2258,1148,2023-03-28,Bank Transfer,Completed
2259,1232,2025-06-01,Bank Transfer,Cancelled
2260,1928,2024-09-20,Credit Card,Cancelled
2261,988,2024-02-08,Bank Transfer,Completed
2262,4431,2023-11-20,Credit Card,Cancelled
2263,3364,2025-04-17,PayPal,Completed
2264,563,2023-01-01,Bank Transfer,Completed
2265,2551,2025-08-17,Invoice,Completed
2266,4431,2023-05-27,Invoice,Completed
2267,1888,2023-11-21,PayPal,Returned
2268,4639,2024-07-14,Credit Card,Completed
2269,3662,2024-11-04,Invoice,Completed
2270,2050,2024-06-07,PayPal,Completed
2271,3578,2024-04-28,Credit Card,Completed
2272,4269,2025-12-11,PayPal,Completed
2273,1168,2025-03-23,Bank Transfer,Completed
2274,2093,2023-02-19,Bank Transfer,Completed
2275,2948,2024-09-03,PayPal,Completed
2276,4054,2025-10-17,Credit Card,Completed
2277,4724,2024-04-05,Credit Card,Returned
2278,937,2023-06-22,PayPal,Returned
2279,601,2025-07-05,Bank Transfer,Completed
2280,3724,2025-02-17,Invoice,Completed
2281,1725,2025-01-08,Invoice,Completed
2282,4164,2023-04-13,PayPal,Completed
2283,4951,2023-09-08,Credit Card,Completed
2284,1240,2025-03-06,PayPal,Completed
2285,1311,2023-12-08,PayPal,Completed
2286,2012,2024-11-18,PayPal,Completed
2287,3575,2024-12-18,Credit Card,Completed
2288,3103,2024-03-15,PayPal,Completed
2289,980,2025-12-03,Invoice,Completed
2290,4486,2025-09-18,Invoice,Completed
2291,184,2025-06-03,Invoice,Cancelled
2292,3159,2023-05-25,Invoice,Completed
2293,3263,2023-07-11,Invoice,Completed
2294,4121,2024-11-10,Bank Transfer,Completed
2295,1132,2023-10-12,PayPal,Completed
2296,1391,2025-12-19,Bank Transfer,Completed
2297,3710,2023-10-08,Bank Transfer,Completed
2298,1199,2024-11-06,Credit Card,Completed
2299,412,2024-06-18,Credit Card,Completed
2300,1972,2025-03-21,PayPal,Completed
2301,918,2023-08-19,Invoice,Completed
2302,1825,2024-09-03,Bank Transfer,Returned
2303,3295,2024-03-05,Invoice,Completed
2304,4818,2025-10-29,PayPal,Completed
2305,4995,2023-03-22,Invoice,Completed
2306,2938,2025-11-13,PayPal,Completed
2307,2105,2025-09-10,Bank Transfer,Completed
2308,2373,2024-04-01,PayPal,Completed
2309,2795,2025-08-02,Invoice,Completed
2310,554,2023-03-06,Credit Card,Completed
2311,3671,2025-12-13,Invoice,Completed
2312,1467,2024-12-04,Credit Card,Completed
2313,4964,2024-04-08,PayPal,Completed
2314,2295,2024-06-16,PayPal,Completed
2315,3794,2023-05-05,PayPal,Completed
2316,1229,2025-12-26,Bank Transfer,Completed
2317,1684,2023-03-20,PayPal,Completed
2318,1239,2025-04-04,Invoice,Returned
2319,1075,2024-09-18,PayPal,Completed
2320,4699,2025-12-03,PayPal,Completed
2321,599,2024-01-24,Invoice,Completed
2322,1241,2024-12-09,Credit Card,Completed
2323,4130,2024-11-02,Credit Card,Completed
2324,309,2025-05-17,Credit Card,Completed
2325,322,2023-05-08,Bank Transfer,Completed
2326,158,2023-11-23,Invoice,Completed
2327,1025,2023-12-15,Invoice,Completed
2328,1573,2025-06-17,Invoice,Cancelled
2329,2221,2023-11-18,Bank Transfer,Completed
2330,2647,2025-01-12,Credit Card,Completed
2331,2330,2023-12-16,Bank Transfer,Completed
2332,4657,2025-10-06,Invoice,Completed
2333,1577,2025-11-29,Bank Transfer,Completed
2334,4756,2024-11-29,PayPal,Returned
2335,295,2024-06-04,Credit Card,Completed
2336,4903,2024-01-07,Bank Transfer,Completed
2337,4826,2023-04-07,PayPal,Completed
2338,4900,2024-02-26,Bank Transfer,Completed
2339,3292,2025-04-03,PayPal,Completed
2340,2902,2024-12-10,Credit Card,Completed
2341,2726,2025-11-30,Bank Transfer,Cancelled
2342,2927,2024-07-25,Credit Card,Completed
2343,517,2025-05-09,Invoice,Completed
2344,3900,2024-11-07,Invoice,Completed
2345,1560,2024-11-24,Bank Transfer,Returned
2346,3906,2024-02-25,PayPal,Completed
2347,963,2024-10-02,Credit Card,Completed
2348,4497,2024-10-21,Credit Card,Returned
2349,1143,2025-05-20,PayPal,Completed
2350,186,2025-11-28,PayPal,Completed
2351,1356,2024-05-08,PayPal,Returned
2352,4340,2023-03-25,Bank Transfer,Returned
2353,3770,2024-11-12,PayPal,Completed
2354,724,2024-12-18,PayPal,Completed
2355,1423,2023-10-25,Invoice,Completed
2356,1691,2025-07-07,Credit Card,Completed
2357,1355,2025-12-23,Credit Card,Completed
2358,575,2025-12-01,PayPal,Completed
2359,3941,2023-11-27,PayPal,Completed
2360,1836,2025-10-18,Bank Transfer,Completed
2361,2076,2025-05-18,Bank Transfer,Completed
2362,4344,2024-10-01,Bank Transfer,Completed
2363,1681,2024-12-15,Invoice,Completed
2364,381,2025-09-25,PayPal,Completed
2365,4964,2024-11-01,Invoice,Completed
2366,2607,2024-06-28,Invoice,Returned
2367,4500,2024-11-10,Invoice,Cancelled
2368,168,2025-01-18,Credit Card,Completed
2369,4948,2023-11-18,Bank Transfer,Completed
2370,1557,2025-11-06,Invoice,Completed
2371,1194,2025-04-21,Invoice,Completed
2372,4486,2025-03-16,PayPal,Completed
2373,4762,2023-06-30,Bank Transfer,Completed
2374,4462,2025-02-15,Bank Transfer,Completed
2375,3502,2023-08-06,Invoice,Completed
2376,2552,2023-05-26,Bank Transfer,Completed
2377,988,2024-12-05,PayPal,Completed
2378,3736,2024-08-02,Credit Card,Completed
2379,4407,2025-01-29,PayPal,Completed
2380,421,2023-06-13,Invoice,Completed
2381,445,2024-09-04,Bank Transfer,Completed
2382,4564,2023-11-03,Invoice,Completed
2383,1996,2025-12-24,Bank Transfer,Completed
2384,3325,2024-12-30,Invoice,Completed
2385,3334,2025-05-03,Credit Card,Returned
2386,3019,2024-05-03,Invoice,Completed
2387,997,2023-06-22,Credit Card,Completed
2388,220,2025-12-18,Bank Transfer,Completed
2389,1278,2024-03-19,Bank Transfer,Completed
2390,2360,2024-08-27,Invoice,Completed
2391,1902,2025-03-30,Bank Transfer,Completed
2392,2657,2023-02-22,Invoice,Cancelled
2393,1251,2025-08-21,Bank Transfer,Completed
2394,4654,2024-12-12,PayPal,Completed
2395,4584,2024-03-09,Bank Transfer,Completed
2396,3908,2023-04-27,Credit Card,Completed
2397,443,2023-10-15,PayPal,Completed
2398,3920,2025-11-03,Invoice,Cancelled
2399,808,2025-05-02,PayPal,Completed
2400,1411,2024-01-30,PayPal,Completed
2401,3374,2023-05-04,Invoice,Completed
2402,1081,2025-05-06,PayPal,Completed
2403,4846,2025-01-10,Credit Card,Completed
2404,3725,2024-08-04,Invoice,Completed
2405,4853,2024-06-17,Bank Transfer,Completed
2406,1507,2023-12-18,PayPal,Completed
2407,2833,2025-04-17,PayPal,Completed
2408,1926,2025-12-15,Bank Transfer,Completed
2409,219,2023-11-04,Invoice,Completed
2410,474,2025-02-07,Bank Transfer,Completed
2411,3747,2024-08-27,Invoice,Completed
2412,558,2024-09-22,Bank Transfer,Completed
2413,3743,2024-02-05,Credit Card,Completed
2414,4430,2025-09-03,Invoice,Cancelled
2415,2661,2024-11-04,Bank Transfer,Returned
2416,4928,2024-12-17,Bank Transfer,Returned
2417,1445,2024-04-09,PayPal,Completed
2418,1281,2023-11-11,Invoice,Completed
2419,1157,2023-06-07,Invoice,Completed
2420,1327,2025-05-27,Bank Transfer,Completed
2421,1360,2023-11-26,PayPal,Completed
2422,3751,2025-05-05,Invoice,Completed
2423,2588,2024-07-18,Invoice,Completed
2424,1156,2024-08-17,Invoice,Completed
2425,1081,2024-10-19,Bank Transfer,Completed
2426,3978,2024-06-22,Credit Card,Completed
2427,1231,2023-07-02,Invoice,Completed
2428,853,2024-04-15,Invoice,Cancelled
2429,1782,2025-04-12,Bank Transfer,Returned
2430,4137,2025-04-14,Credit Card,Completed
2431,1577,2024-03-19,Credit Card,Completed
2432,4527,2024-10-08,Bank Transfer,Returned
2433,518,2023-11-23,PayPal,Completed
2434,4311,2023-12-11,Bank Transfer,Completed
2435,83,2023-02-18,Invoice,Completed
2436,2779,2025-11-04,Invoice,Completed
2437,4060,2023-12-11,Invoice,Completed
2438,1199,2023-12-29,Credit Card,Completed
2439,949,2024-03-11,Credit Card,Completed
2440,3292,2023-08-16,Invoice,Completed
2441,4591,2025-03-21,PayPal,Returned
2442,258,2023-05-20,Invoice,Cancelled
2443,1095,2023-08-28,Bank Transfer,Completed
2444,1308,2025-03-26,PayPal,Completed
2445,592,2024-05-20,Bank Transfer,Completed
2446,3172,2025-05-21,Invoice,Completed
2447,1967,2024-12-27,Credit Card,Completed
2448,3610,2024-02-08,Credit Card,Completed
2449,827,2025-03-31,Bank Transfer,Cancelled
2450,2675,2023-07-29,Invoice,Completed
2451,3767,2024-12-12,Bank Transfer,Completed
2452,4488,2024-09-11,Credit Card,Cancelled
2453,2922,2024-02-25,PayPal,Completed
2454,3658,2025-02-15,Credit Card,Completed
2455,1164,2025-10-14,Invoice,Completed
2456,1758,2025-12-31,Credit Card,Returned
2457,1748,2025-02-19,PayPal,Completed
2458,3612,2024-08-04,Invoice,Completed
2459,3406,2023-12-27,Credit Card,Completed
2460,4793,2024-02-10,Credit Card,Completed
2461,1618,2024-10-31,PayPal,Completed
2462,1780,2024-06-21,Invoice,Completed
2463,1806,2025-11-13,Invoice,Completed
2464,352,2024-06-23,Bank Transfer,Cancelled
2465,3528,2024-06-29,Bank Transfer,Completed
2466,4788,2024-07-10,Bank Transfer,Completed
2467,4015,2025-09-13,Invoice,Completed
2468,638,2025-03-31,Credit Card,Completed
2469,4469,2025-02-26,Credit Card,Completed
2470,2561,2024-05-14,PayPal,Completed
2471,2541,2025-08-27,Credit Card,Completed
2472,3891,2023-03-18,Invoice,Returned
2473,3719,2025-10-14,Invoice,Completed
2474,3212,2024-11-24,Invoice,Completed
2475,2701,2024-07-28,Credit Card,Cancelled
2476,340,2024-11-13,Invoice,Completed
2477,2311,2025-04-15,PayPal,Completed
2478,952,2023-01-28,PayPal,Completed
2479,640,2025-10-14,Credit Card,Returned
2480,131,2024-09-22,Bank Transfer,Returned
2481,1782,2024-05-24,PayPal,Completed
2482,4279,2023-09-04,PayPal,Completed
2483,4431,2024-09-14,Invoice,Completed
2484,3255,2024-11-12,Invoice,Completed
2485,2120,2024-08-03,Bank Transfer,Completed
2486,3676,2025-04-25,Invoice,Completed
2487,1573,2024-08-23,PayPal,Completed
2488,671,2025-12-10,PayPal,Cancelled
2489,3604,2025-02-09,Credit Card,Completed
2490,1563,2025-08-18,Credit Card,Completed
2491,1096,2023-07-17,PayPal,Completed
2492,4986,2024-07-27,PayPal,Completed
2493,3989,2024-05-17,Bank Transfer,Completed
2494,4261,2025-01-07,Credit Card,Completed
2495,1558,2025-10-05,Invoice,Completed
2496,1649,2023-05-25,PayPal,Completed
2497,512,2023-05-15,Bank Transfer,Returned
2498,1208,2025-09-25,Credit Card,Completed
2499,2223,2023-12-14,Credit Card,Completed
2500,1465,2025-04-16,PayPal,Completed
2501,2773,2024-12-16,PayPal,Completed
2502,2045,2025-09-10,Credit Card,Completed
2503,358,2023-08-13,Bank Transfer,Completed
2504,1730,2023-08-21,PayPal,Returned
2505,4950,2024-12-27,PayPal,Completed
2506,2234,2025-12-02,Invoice,Returned
2507,2503,2024-08-16,Credit Card,Completed
2508,1227,2024-05-05,Invoice,Completed
2509,2284,2025-02-18,Bank Transfer,Completed
2510,999,2025-11-23,Bank Transfer,Completed
2511,3985,2025-09-13,PayPal,Completed
2512,3713,2025-12-29,Credit Card,Completed
2513,4425,2023-02-17,Bank Transfer,Returned
2514,4577,2023-07-23,Credit Card,Completed
2515,216,2025-02-21,PayPal,Returned
2516,4776,2025-08-30,PayPal,Completed
2517,2034,2024-03-17,PayPal,Completed
2518,3721,2024-01-14,PayPal,Completed
2519,4964,2025-07-31,Credit Card,Completed
2520,281,2023-04-18,Bank Transfer,Completed
2521,1850,2024-06-24,Bank Transfer,Completed
2522,1510,2024-11-19,Credit Card,Completed
2523,260,2024-12-29,PayPal,Returned
2524,3723,2025-06-09,Bank Transfer,Completed
2525,3381,2024-06-07,PayPal,Completed
2526,259,2025-02-24,PayPal,Completed
2527,1720,2025-01-25,Credit Card,Completed
2528,3007,2024-12-20,Credit Card,Completed
2529,2626,2025-03-22,Invoice,Completed
2530,4910,2024-02-13,Credit Card,Completed
2531,2927,2023-06-05,PayPal,Completed
2532,356,2023-08-03,Invoice,Completed
2533,3192,2023-12-26,Bank Transfer,Completed
2534,4300,2024-11-15,PayPal,Completed
2535,1368,2025-09-17,PayPal,Completed
2536,4182,2025-05-15,Invoice,Completed
2537,2123,2025-08-02,PayPal,Completed
2538,2433,2024-06-02,PayPal,Completed
2539,2637,2024-08-04,Bank Transfer,Completed
2540,4930,2024-07-22,PayPal,Completed
2541,1159,2023-11-21,Invoice,Completed
2542,4347,2023-04-26,PayPal,Completed
2543,3952,2025-01-31,Bank Transfer,Completed
2544,2007,2025-12-25,Credit Card,Completed
2545,2364,2023-10-22,Credit Card,Completed
2546,3414,2023-04-02,Credit Card,Completed
2547,2241,2025-07-24,Bank Transfer,Completed
2548,1219,2024-02-03,Bank Transfer,Cancelled
2549,1808,2025-09-07,Bank Transfer,Completed
2550,1161,2025-05-18,Bank Transfer,Completed
2551,1564,2025-12-01,PayPal,Completed
2552,1366,2024-08-09,Credit Card,Completed
2553,4818,2025-04-10,Bank Transfer,Completed
2554,1128,2024-10-14,Bank Transfer,Returned
2555,2963,2025-03-13,PayPal,Completed
2556,544,2024-09-26,Invoice,Completed
2557,4805,2023-11-18,Bank Transfer,Completed
2558,4714,2024-11-21,Invoice,Returned
2559,3677,2024-12-06,Bank Transfer,Completed
2560,2916,2025-08-21,Invoice,Completed
2561,4608,2025-06-15,PayPal,Completed
2562,4763,2025-04-12,Invoice,Completed
2563,3667,2023-07-24,Invoice,Completed
2564,2476,2025-06-02,Credit Card,Completed
2565,2616,2024-11-15,PayPal,Completed
2566,1061,2025-11-02,Credit Card,Returned
2567,18,2025-11-17,PayPal,Returned
2568,3213,2023-04-16,PayPal,Returned
2569,413,2025-08-30,Credit Card,Completed
2570,4400,2023-03-17,Credit Card,Completed
2571,1437,2024-06-21,PayPal,Cancelled
2572,1283,2024-12-16,Bank Transfer,Completed
2573,2066,2023-09-21,Bank Transfer,Completed
2574,2198,2025-06-25,Invoice,Completed
2575,2092,2023-01-18,Credit Card,Completed
2576,29,2023-10-25,Invoice,Completed
2577,1572,2025-01-20,Credit Card,Completed
2578,3796,2025-05-27,Credit Card,Completed
2579,678,2025-11-15,Invoice,Completed
2580,1282,2025-05-19,PayPal,Completed
2581,3385,2025-04-19,Credit Card,Completed
2582,1796,2024-07-23,Bank Transfer,Completed
2583,35,2023-01-03,Invoice,Returned
2584,3880,2023-08-04,Credit Card,Completed
2585,1042,2024-12-10,Invoice,Completed
2586,63,2025-04-22,PayPal,Completed
2587,3104,2024-08-19,Credit Card,Completed
2588,3063,2025-06-11,Credit Card,Completed
2589,2067,2024-12-01,Credit Card,Completed
2590,4495,2023-05-18,Bank Transfer,Returned
2591,4117,2023-11-22,PayPal,Completed
2592,2723,2025-09-16,Credit Card,Completed
2593,2891,2025-06-05,PayPal,Completed
2594,4711,2025-11-03,Credit Card,Completed
2595,205,2023-07-31,Bank Transfer,Completed
2596,4380,2025-12-26,Bank Transfer,Completed
2597,110,2023-12-10,Bank Transfer,Completed
2598,2074,2023-01-25,Bank Transfer,Completed
2599,1597,2025-12-30,Credit Card,Completed
2600,553,2024-03-13,PayPal,Completed
2601,302,2025-04-16,Credit Card,Completed
2602,344,2023-11-05,PayPal,Completed
2603,2014,2025-01-19,PayPal,Returned
2604,1050,2025-11-08,Invoice,Completed
2605,2417,2024-04-27,Bank Transfer,Completed
2606,127,2025-04-18,PayPal,Returned
2607,4446,2023-11-17,Bank Transfer,Cancelled
2608,4575,2025-03-08,Invoice,Completed
2609,2821,2024-05-16,Credit Card,Completed
2610,2898,2023-12-12,PayPal,Completed
2611,1239,2024-04-19,Bank Transfer,Completed
2612,1141,2023-11-08,Credit Card,Completed
2613,233,2025-11-07,PayPal,Completed
2614,2428,2024-07-26,Invoice,Completed
2615,3077,2024-01-23,Credit Card,Completed
2616,4799,2024-09-24,Bank Transfer,Completed
2617,3910,2024-04-28,Invoice,Completed
2618,2031,2025-06-23,Invoice,Completed
2619,4624,2025-12-15,PayPal,Completed
2620,589,2024-09-12,Bank Transfer,Completed
2621,3557,2025-10-05,Invoice,Completed
2622,3316,2025-01-03,PayPal,Completed
2623,3808,2023-10-06,Credit Card,Completed
2624,3059,2025-05-06,Invoice,Completed
2625,1988,2024-11-25,Bank Transfer,Completed
2626,886,2025-03-31,PayPal,Completed
2627,1262,2025-10-31,Bank Transfer,Completed
2628,3854,2024-09-15,PayPal,Completed
2629,4282,2025-11-06,PayPal,Cancelled
2630,283,2025-06-28,Bank Transfer,Completed
2631,1168,2024-11-07,Credit Card,Cancelled
2632,4330,2025-02-14,Invoice,Completed
2633,3325,2024-05-04,PayPal,Completed
2634,106,2025-12-22,Credit Card,Completed
2635,2759,2025-04-15,PayPal,Completed
2636,2542,2023-03-28,Bank Transfer,Completed
2637,3298,2024-05-05,PayPal,Completed
2638,2147,2025-03-07,Invoice,Completed
2639,4689,2023-04-18,Invoice,Completed
2640,4308,2023-02-20,Credit Card,Completed
2641,2219,2024-09-26,PayPal,Completed
2642,3730,2024-05-12,Invoice,Completed
2643,34,2024-09-13,Bank Transfer,Completed
2644,1461,2024-02-18,Credit Card,Cancelled
2645,1674,2023-10-19,Credit Card,Completed
2646,1687,2025-05-04,Credit Card,Completed
2647,2028,2024-11-26,Bank Transfer,Completed
2648,1475,2023-11-30,Bank Transfer,Completed
2649,3977,2024-04-27,Bank Transfer,Completed
2650,3624,2025-02-01,Credit Card,Completed
2651,3868,2023-05-15,Bank Transfer,Returned
2652,4788,2023-09-19,Invoice,Completed
2653,3368,2023-05-17,PayPal,Completed
2654,35,2025-08-22,Bank Transfer,Returned
2655,4637,2025-06-30,Bank Transfer,Completed
2656,1124,2025-07-01,Bank Transfer,Completed
2657,690,2025-05-29,Credit Card,Cancelled
2658,3129,2025-04-17,PayPal,Completed
2659,3638,2024-10-28,Bank Transfer,Completed
2660,803,2025-03-24,Bank Transfer,Returned
2661,711,2023-03-18,Invoice,Returned
2662,746,2025-03-05,Credit Card,Completed
2663,3757,2025-07-23,Bank Transfer,Returned
2664,940,2024-11-15,PayPal,Completed
2665,4597,2024-06-10,Bank Transfer,Completed
2666,3125,2024-03-08,Credit Card,Completed
2667,1822,2025-03-24,Invoice,Completed
2668,3038,2025-05-08,PayPal,Completed
2669,4103,2025-10-14,Credit Card,Returned
2670,2056,2024-05-23,Invoice,Completed
2671,4925,2025-07-15,Credit Card,Completed
2672,2528,2024-12-30,PayPal,Completed
2673,3721,2025-10-24,PayPal,Completed
2674,4846,2024-12-05,Invoice,Completed
2675,2075,2024-11-28,Invoice,Completed
2676,1472,2025-01-17,Bank Transfer,Returned
2677,4241,2025-06-27,Bank Transfer,Returned
2678,1161,2025-12-12,Credit Card,Completed
2679,3366,2023-05-17,Credit Card,Returned
2680,4872,2023-04-13,PayPal,Completed
2681,1686,2025-11-27,Bank Transfer,Completed
2682,3620,2024-12-07,Invoice,Returned
2683,409,2025-02-27,Bank Transfer,Completed
2684,838,2024-11-02,Invoice,Completed
2685,1733,2023-06-20,Credit Card,Completed
2686,1819,2025-07-14,PayPal,Completed
2687,4035,2025-06-25,Bank Transfer,Completed
2688,1134,2024-04-17,Credit Card,Completed
2689,2118,2024-04-11,PayPal,Completed
2690,1969,2025-09-14,Bank Transfer,Completed
2691,2367,2023-05-15,Bank Transfer,Completed
2692,1710,2025-10-23,Credit Card,Cancelled
2693,4991,2024-02-09,Invoice,Cancelled
2694,1208,2025-02-02,PayPal,Completed
2695,4764,2025-11-26,Bank Transfer,Returned
2696,3075,2025-04-25,Credit Card,Completed
2697,2960,2024-08-16,Credit Card,Completed
2698,363,2025-05-05,Invoice,Completed
2699,1365,2024-05-25,Credit Card,Returned
2700,1477,2024-03-08,PayPal,Completed
2701,903,2025-12-30,PayPal,Completed
2702,2981,2025-06-29,Invoice,Completed
2703,3654,2025-03-26,PayPal,Cancelled
2704,1616,2024-06-07,Invoice,Returned
2705,2199,2023-04-06,Bank Transfer,Completed
2706,199,2023-03-06,Credit Card,Completed
2707,316,2024-12-25,PayPal,Completed
2708,3211,2025-07-09,Invoice,Completed
2709,3103,2024-12-12,PayPal,Completed
2710,4820,2025-09-17,Credit Card,Completed
2711,4697,2023-03-10,Invoice,Completed
2712,2121,2024-06-21,Bank Transfer,Cancelled
2713,128,2024-01-11,Credit Card,Completed
2714,4961,2024-09-23,PayPal,Completed
2715,2790,2023-05-15,PayPal,Completed
2716,2863,2025-12-06,Invoice,Completed
2717,4712,2023-12-25,PayPal,Completed
2718,2628,2025-11-18,Credit Card,Completed
2719,1251,2024-08-29,PayPal,Returned
2720,4198,2025-12-23,Credit Card,Completed
2721,2859,2024-12-25,Credit Card,Returned
2722,1542,2025-11-23,Bank Transfer,Completed
2723,1351,2023-01-12,Invoice,Completed
2724,1936,2025-06-26,Bank Transfer,Completed
2725,3295,2025-11-07,Credit Card,Completed
2726,4972,2023-09-06,Invoice,Completed
2727,4465,2023-06-24,Invoice,Completed
2728,4281,2024-08-28,Invoice,Completed
2729,2564,2025-11-24,Credit Card,Completed
2730,1680,2024-12-16,Credit Card,Returned
2731,4664,2024-12-05,Credit Card,Completed
2732,939,2023-09-09,Invoice,Completed
2733,3803,2023-01-02,PayPal,Completed
2734,646,2025-08-21,Invoice,Completed
2735,2212,2023-06-10,PayPal,Completed
2736,1709,2025-03-16,PayPal,Completed
2737,124,2025-11-14,Bank Transfer,Completed
2738,1485,2023-12-09,Credit Card,Completed
2739,2881,2025-04-13,Credit Card,Completed
2740,4787,2023-05-26,Credit Card,Completed
2741,1351,2025-02-14,Bank Transfer,Completed
2742,107,2023-10-17,Bank Transfer,Completed
2743,3710,2025-06-15,Invoice,Returned
2744,1187,2024-04-05,Bank Transfer,Completed
2745,309,2024-10-12,PayPal,Completed
2746,4428,2025-02-10,Bank Transfer,Completed
2747,156,2023-10-30,Invoice,Completed
2748,18,2025-06-20,Invoice,Completed
2749,2370,2024-04-07,Invoice,Completed
2750,1190,2025-04-11,Bank Transfer,Completed
2751,3373,2023-10-08,Invoice,Completed
2752,4810,2025-05-04,Bank Transfer,Completed
2753,2632,2023-08-18,Credit Card,Cancelled
2754,3965,2024-08-28,Credit Card,Completed
2755,4349,2024-01-26,Credit Card,Completed
2756,1148,2025-06-26,Credit Card,Completed
2757,2634,2024-02-17,Credit Card,Returned
2758,3315,2025-10-23,Invoice,Cancelled
2759,1313,2025-11-01,Credit Card,Completed
2760,4546,2023-11-26,Invoice,Completed
2761,1915,2025-02-26,Bank Transfer,Completed
2762,2873,2023-06-10,Invoice,Returned
2763,1990,2024-07-20,Invoice,Completed
2764,602,2025-05-26,PayPal,Completed
2765,599,2025-04-08,Bank Transfer,Completed
2766,3212,2025-03-08,PayPal,Completed
2767,2239,2024-03-14,Bank Transfer,Completed
2768,4607,2024-07-04,Bank Transfer,Cancelled
2769,1097,2023-07-06,Credit Card,Completed
2770,4881,2025-05-31,PayPal,Completed
2771,4011,2024-11-18,Invoice,Completed
2772,3283,2025-05-22,Credit Card,Completed
2773,985,2024-01-29,Bank Transfer,Cancelled
2774,388,2024-05-02,Invoice,Completed
2775,2095,2024-05-14,Credit Card,Completed
2776,4618,2023-02-24,Bank Transfer,Completed
2777,2168,2024-05-22,Credit Card,Returned
2778,1811,2025-08-14,Invoice,Completed
2779,3496,2025-11-04,Bank Transfer,Completed
2780,4639,2024-11-28,Invoice,Cancelled
2781,2996,2024-10-03,Credit Card,Completed
2782,4417,2023-03-06,Credit Card,Completed
2783,2685,2025-10-21,Invoice,Completed
2784,1289,2023-01-28,Bank Transfer,Completed
2785,4287,2025-12-01,PayPal,Completed
2786,4053,2024-11-07,Invoice,Completed
2787,846,2024-05-23,Invoice,Completed
2788,4184,2025-11-19,Credit Card,Completed
2789,2073,2023-02-21,Bank Transfer,Completed
2790,245,2025-01-20,Invoice,Completed
2791,1349,2024-12-21,Credit Card,Completed
2792,3339,2023-12-20,PayPal,Completed
2793,2659,2024-09-02,Invoice,Returned
2794,4859,2025-04-02,Bank Transfer,Completed
2795,4013,2025-06-07,Invoice,Cancelled
2796,259,2023-01-02,Bank Transfer,Completed
2797,4650,2025-11-26,Credit Card,Completed
2798,2669,2023-10-18,Invoice,Completed
2799,1939,2024-01-06,PayPal,Completed
2800,748,2024-02-19,PayPal,Completed
2801,3361,2023-03-17,Bank Transfer,Completed
2802,2655,2023-08-09,Invoice,Completed
2803,30,2025-12-24,Invoice,Completed
2804,1672,2024-04-22,Credit Card,Completed
2805,3356,2023-07-27,Credit Card,Completed
2806,399,2023-07-13,Credit Card,Returned
2807,3728,2025-06-01,Invoice,Completed
2808,3675,2025-09-29,PayPal,Completed
2809,4666,2024-02-09,Credit Card,Completed
2810,1420,2023-02-14,Credit Card,Completed
2811,1629,2023-12-24,PayPal,Completed
2812,1938,2023-04-18,Bank Transfer,Completed
2813,37,2023-07-07,Credit Card,Cancelled
2814,4725,2024-09-05,PayPal,Cancelled
2815,4993,2024-01-01,Credit Card,Returned
2816,18,2024-11-27,PayPal,Completed
2817,2359,2024-02-04,Invoice,Completed
2818,4572,2025-11-28,Invoice,Completed
2819,4648,2025-11-09,Credit Card,Returned
2820,2411,2025-01-04,Invoice,Completed
2821,1141,2024-06-06,PayPal,Completed
2822,3054,2024-07-08,Bank Transfer,Returned
2823,4659,2024-08-13,Credit Card,Completed
2824,4964,2025-06-08,PayPal,Completed
2825,2052,2024-09-28,Bank Transfer,Completed
2826,2370,2025-10-01,Invoice,Returned
2827,3327,2025-11-30,Invoice,Completed
2828,1699,2024-05-16,Credit Card,Completed
2829,4439,2024-12-29,PayPal,Completed
2830,470,2023-06-23,Credit Card,Completed
2831,4146,2023-11-30,Bank Transfer,Completed
2832,419,2024-08-15,Bank Transfer,Completed
2833,2650,2023-12-07,PayPal,Completed
2834,1273,2025-10-19,PayPal,Completed
2835,3603,2023-10-08,PayPal,Completed
2836,4641,2024-10-03,Bank Transfer,Completed
2837,2252,2025-02-17,Credit Card,Completed
2838,1028,2025-05-07,PayPal,Completed
2839,3940,2024-07-10,Credit Card,Completed
2840,3641,2025-10-12,Credit Card,Completed
2841,3897,2025-01-06,Invoice,Completed
2842,114,2024-09-14,Credit Card,Completed
2843,4013,2023-05-06,PayPal,Completed
2844,463,2024-10-13,Credit Card,Completed
2845,465,2025-08-30,PayPal,Completed
2846,2473,2025-02-26,Invoice,Returned
2847,123,2025-09-09,Invoice,Completed
2848,105,2024-11-11,PayPal,Completed
2849,4884,2023-08-01,Credit Card,Completed
2850,4144,2023-01-29,Bank Transfer,Completed
2851,4529,2024-04-07,Bank Transfer,Completed
2852,1595,2025-05-12,Bank Transfer,Returned
2853,2992,2025-08-03,Credit Card,Returned
2854,1556,2024-03-30,PayPal,Completed
2855,1673,2024-11-12,Bank Transfer,Completed
2856,708,2024-08-23,Bank Transfer,Returned
2857,4129,2024-08-11,Bank Transfer,Completed
2858,227,2024-01-03,Credit Card,Completed
2859,1767,2023-09-01,Credit Card,Completed
2860,1330,2023-11-26,Bank Transfer,Completed
2861,1429,2023-04-16,Credit Card,Completed
2862,2633,2023-11-28,Bank Transfer,Completed
2863,575,2023-01-20,Credit Card,Completed
2864,3726,2025-03-10,Bank Transfer,Completed
2865,3529,2024-04-23,PayPal,Completed
2866,3388,2025-12-17,PayPal,Completed
2867,3758,2023-11-23,PayPal,Completed
2868,2407,2024-05-27,Credit Card,Completed
2869,2825,2024-06-10,Bank Transfer,Completed
2870,3636,2023-01-18,Credit Card,Completed
2871,130,2025-09-16,Credit Card,Completed
2872,2507,2023-03-08,Bank Transfer,Completed
2873,869,2025-11-28,Bank Transfer,Completed
2874,4610,2025-11-01,PayPal,Cancelled
2875,520,2024-12-11,Invoice,Completed
2876,256,2024-12-17,Invoice,Returned
2877,3966,2025-04-03,Bank Transfer,Completed
2878,192,2024-07-15,Invoice,Completed
2879,2241,2025-03-28,Bank Transfer,Completed
2880,4574,2023-03-29,Credit Card,Completed
2881,2037,2023-04-14,PayPal,Completed
2882,1547,2024-10-05,PayPal,Completed
2883,3149,2024-12-21,Invoice,Returned
2884,3548,2025-10-29,Bank Transfer,Completed
2885,3774,2023-07-09,PayPal,Completed
2886,3140,2025-09-01,Invoice,Completed
2887,87,2023-12-11,Credit Card,Completed
2888,719,2024-07-23,PayPal,Completed
2889,4075,2024-04-23,Invoice,Completed
2890,2815,2024-07-30,Invoice,Completed
2891,1864,2023-09-25,Credit Card,Completed
2892,1287,2024-11-18,Bank Transfer,Cancelled
2893,3930,2025-08-13,Credit Card,Completed
2894,1925,2024-09-16,PayPal,Completed
2895,1769,2024-11-08,PayPal,Completed
2896,3363,2025-09-24,Invoice,Completed
2897,2787,2025-05-20,Credit Card,Completed
2898,1089,2024-11-08,PayPal,Completed
2899,2980,2024-02-10,Invoice,Completed
2900,105,2025-10-26,Credit Card,Completed
2901,1819,2025-01-16,Bank Transfer,Completed
2902,1476,2023-12-22,Invoice,Completed
2903,1243,2024-02-27,PayPal,Returned
2904,1373,2025-08-14,PayPal,Completed
2905,3716,2023-03-28,Bank Transfer,Completed
2906,2178,2025-12-27,PayPal,Completed
2907,21,2023-08-21,PayPal,Completed
2908,3981,2025-08-08,Credit Card,Completed
2909,4107,2024-07-24,Bank Transfer,Completed
2910,420,2024-11-09,Invoice,Completed
2911,3221,2025-10-23,Bank Transfer,Completed
2912,4159,2024-08-14,Credit Card,Returned
2913,3891,2024-12-12,Credit Card,Completed
2914,2929,2023-04-06,Bank Transfer,Completed
2915,676,2023-01-05,Invoice,Completed
2916,3285,2024-01-23,Invoice,Completed
2917,228,2025-04-27,Bank Transfer,Completed
2918,4210,2023-08-06,Credit Card,Completed
2919,4737,2023-07-24,Invoice,Completed
2920,3755,2024-08-12,Bank Transfer,Cancelled
2921,93,2025-03-29,Invoice,Completed
2922,2371,2025-05-25,Invoice,Completed
2923,578,2023-11-07,Bank Transfer,Completed
2924,3330,2023-05-27,Invoice,Completed
2925,972,2025-11-28,Credit Card,Completed
2926,3432,2024-02-15,Bank Transfer,Completed
2927,559,2025-09-28,Bank Transfer,Returned
2928,590,2025-10-07,Bank Transfer,Completed
2929,446,2025-07-18,Bank Transfer,Completed
2930,1837,2023-10-26,Credit Card,Returned
2931,3208,2025-08-31,PayPal,Completed
2932,4877,2025-07-15,Credit Card,Returned
2933,3584,2025-02-07,Credit Card,Completed
2934,1786,2024-05-17,PayPal,Completed
2935,1417,2024-02-17,Bank Transfer,Returned
2936,3514,2023-08-07,Bank Transfer,Completed
2937,938,2024-11-22,PayPal,Completed
2938,3566,2025-01-25,Credit Card,Completed
2939,4218,2024-06-12,Bank Transfer,Completed
2940,3170,2024-10-26,Credit Card,Completed
2941,2912,2024-06-17,Bank Transfer,Completed
2942,3896,2025-03-23,Bank Transfer,Completed
2943,3037,2025-11-06,Invoice,Completed
2944,2279,2023-10-17,Credit Card,Completed
2945,3683,2024-07-08,Invoice,Completed
2946,3065,2023-09-08,Credit Card,Returned
2947,4646,2025-03-08,Credit Card,Completed
2948,1925,2025-06-09,Invoice,Completed
2949,2158,2025-11-23,PayPal,Completed
2950,3392,2024-03-10,Invoice,Completed
2951,4667,2025-12-04,Invoice,Completed
2952,934,2023-04-30,PayPal,Completed
2953,3507,2025-02-14,Invoice,Completed
2954,3300,2023-04-19,PayPal,Completed
2955,4668,2025-11-02,Bank Transfer,Completed
2956,1142,2024-12-07,Credit Card,Completed
2957,3947,2025-04-17,Bank Transfer,Completed
2958,316,2025-09-09,PayPal,Completed
2959,71,2023-09-24,Credit Card,Completed
2960,3634,2023-03-19,Bank Transfer,Completed
2961,3920,2025-10-21,Credit Card,Cancelled
2962,674,2024-04-21,Bank Transfer,Completed
2963,1438,2023-08-19,Bank Transfer,Completed
2964,4747,2024-10-18,Invoice,Cancelled
2965,3146,2025-02-08,Credit Card,Completed
2966,2616,2023-03-06,Bank Transfer,Completed
2967,860,2024-03-05,Invoice,Completed
2968,587,2023-03-09,PayPal,Returned
2969,3747,2024-08-23,Credit Card,Completed
2970,4224,2025-11-03,Invoice,Returned
2971,3971,2025-12-22,Bank Transfer,Completed
2972,1826,2025-03-19,PayPal,Completed
2973,728,2023-10-14,Invoice,Completed
2974,41,2025-11-09,Credit Card,Completed
2975,3511,2024-11-27,Credit Card,Completed
2976,3272,2023-09-30,Invoice,Completed
2977,775,2025-11-18,Bank Transfer,Completed
2978,2377,2025-07-05,Invoice,Completed
2979,3854,2025-06-12,Bank Transfer,Completed
2980,1015,2025-05-22,PayPal,Completed
2981,2889,2023-11-30,Invoice,Returned
2982,1309,2023-12-12,PayPal,Completed
2983,483,2025-05-04,Invoice,Completed
2984,4322,2023-12-21,Credit Card,Cancelled
2985,3196,2024-09-13,Credit Card,Completed
2986,4578,2025-07-26,PayPal,Completed
2987,4541,2025-07-28,PayPal,Cancelled
2988,2260,2024-09-30,Bank Transfer,Completed
2989,2516,2025-08-05,Bank Transfer,Returned
2990,306,2025-09-15,Bank Transfer,Completed
2991,2994,2025-04-04,Credit Card,Completed
2992,1900,2023-12-30,PayPal,Completed
2993,4278,2024-03-04,Invoice,Completed
2994,4149,2024-04-21,Credit Card,Cancelled
2995,3174,2023-07-29,Credit Card,Completed
2996,4019,2024-03-03,Credit Card,Completed
2997,1119,2023-12-10,PayPal,Cancelled
2998,531,2024-10-02,Credit Card,Completed
2999,3288,2025-11-10,PayPal,Completed
3000,1767,2023-07-09,Credit Card,Completed
3001,581,2025-06-01,Invoice,Completed
3002,3835,2025-05-03,Credit Card,Completed
3003,3259,2023-06-24,Credit Card,Completed
3004,1000,2025-11-18,Bank Transfer,Completed
3005,3394,2025-01-06,Invoice,Completed
3006,3279,2024-06-17,Bank Transfer,Completed
3007,4557,2025-07-04,Credit Card,Completed
3008,3929,2024-02-10,Invoice,Completed
3009,42,2025-05-08,PayPal,Completed
3010,1771,2023-03-21,Invoice,Returned
3011,4665,2025-09-16,Credit Card,Completed
3012,669,2024-09-24,Invoice,Completed
3013,4347,2025-03-19,PayPal,Completed
3014,3862,2023-12-22,PayPal,Completed
3015,3722,2025-04-24,Bank Transfer,Completed
3016,2063,2025-07-18,Invoice,Completed
3017,3750,2024-10-23,PayPal,Completed
3018,4241,2025-03-02,PayPal,Completed
3019,3264,2024-10-04,Bank Transfer,Completed
3020,4840,2025-11-02,Bank Transfer,Completed
3021,76,2024-11-13,Credit Card,Returned
3022,4929,2025-09-18,PayPal,Completed
3023,3815,2025-08-13,Credit Card,Completed
3024,1493,2024-08-11,Credit Card,Completed
3025,2271,2024-01-01,Invoice,Cancelled
3026,2766,2024-08-06,PayPal,Returned
3027,823,2025-09-04,Invoice,Completed
3028,1775,2023-12-29,Bank Transfer,Completed
3029,2901,2024-12-03,Bank Transfer,Completed
3030,1310,2025-08-17,Invoice,Completed
3031,4207,2024-06-05,Bank Transfer,Completed
3032,4711,2025-03-24,Invoice,Completed
3033,322,2024-01-24,PayPal,Completed
3034,539,2023-07-17,Bank Transfer,Completed
3035,610,2025-08-06,Bank Transfer,Completed
3036,1561,2023-06-29,Credit Card,Cancelled
3037,3131,2024-03-01,Bank Transfer,Returned
3038,4407,2025-09-30,PayPal,Cancelled
3039,3406,2024-05-28,Bank Transfer,Cancelled
3040,462,2025-12-16,Invoice,Completed
3041,4468,2025-12-20,Invoice,Completed
3042,3611,2024-02-26,Invoice,Completed
3043,1893,2023-03-23,Invoice,Completed
3044,3646,2025-05-19,Credit Card,Completed
3045,1219,2024-09-27,PayPal,Completed
3046,3347,2023-07-02,Credit Card,Returned
3047,50,2025-05-21,PayPal,Returned
3048,829,2023-03-06,Bank Transfer,Completed
3049,1598,2025-10-13,Bank Transfer,Returned
3050,4468,2023-09-05,Credit Card,Completed
3051,3001,2023-08-16,PayPal,Returned
3052,257,2023-11-04,Bank Transfer,Completed
3053,4398,2025-12-09,Invoice,Returned
3054,3086,2025-05-08,Credit Card,Completed
3055,3370,2025-08-13,Invoice,Completed
3056,2206,2024-07-27,PayPal,Completed
3057,1255,2024-05-16,Invoice,Completed
3058,4579,2024-01-07,PayPal,Completed
3059,4245,2024-11-01,Bank Transfer,Completed
3060,1261,2024-12-23,Bank Transfer,Completed
3061,85,2025-03-14,Credit Card,Completed
3062,4042,2024-02-10,PayPal,Returned
3063,3896,2025-12-03,Bank Transfer,Completed
3064,2252,2023-10-27,PayPal,Completed
3065,2614,2025-12-12,Credit Card,Completed
3066,4042,2023-02-01,PayPal,Completed
3067,2723,2024-11-01,Invoice,Completed
3068,3120,2024-05-13,Invoice,Cancelled
3069,2128,2024-09-25,Invoice,Completed
3070,238,2025-01-08,Invoice,Returned
3071,4982,2024-09-09,Bank Transfer,Completed
3072,379,2024-08-16,Invoice,Cancelled
3073,4378,2025-06-12,Credit Card,Completed
3074,3650,2025-05-02,Bank Transfer,Completed
3075,4008,2025-09-10,Credit Card,Completed
3076,3071,2024-01-30,Bank Transfer,Completed
3077,621,2025-02-21,Invoice,Completed
3078,353,2025-01-25,Bank Transfer,Completed
3079,3395,2024-06-24,Invoice,Completed
3080,4517,2024-11-05,Credit Card,Completed
3081,2838,2024-04-20,Credit Card,Completed
3082,2938,2023-09-10,Credit Card,Completed
3083,445,2023-12-15,Credit Card,Completed
3084,3388,2023-07-10,Invoice,Completed
3085,4742,2025-04-29,Invoice,Completed
3086,4721,2025-04-09,Bank Transfer,Completed
3087,2795,2025-12-04,Bank Transfer,Completed
3088,4422,2025-06-10,Credit Card,Completed
3089,4853,2023-04-11,Invoice,Completed
3090,4657,2025-10-26,Credit Card,Completed
3091,496,2025-10-06,Bank Transfer,Completed
3092,1467,2024-09-18,Credit Card,Completed
3093,4961,2025-01-25,Bank Transfer,Completed
3094,4980,2025-12-18,PayPal,Completed
3095,1514,2024-12-09,Bank Transfer,Completed
3096,4469,2025-11-09,PayPal,Returned
3097,4814,2023-06-02,Bank Transfer,Completed
3098,2989,2023-11-20,PayPal,Completed
3099,738,2024-09-15,Invoice,Completed
3100,2531,2025-01-24,PayPal,Completed
3101,1051,2025-08-26,Credit Card,Completed
3102,4183,2025-12-25,Credit Card,Completed
3103,3302,2024-07-17,Bank Transfer,Returned
3104,4127,2023-04-03,PayPal,Returned
3105,3843,2025-08-13,PayPal,Completed
3106,1684,2025-02-15,Bank Transfer,Completed
3107,3898,2023-11-28,PayPal,Completed
3108,2407,2024-11-11,PayPal,Completed
3109,2016,2025-06-21,Invoice,Completed
3110,598,2025-07-16,Invoice,Completed
3111,3055,2024-11-15,PayPal,Completed
3112,86,2024-04-10,Credit Card,Returned
3113,3660,2025-12-17,PayPal,Completed
3114,1625,2025-04-11,Bank Transfer,Returned
3115,2161,2024-08-08,Credit Card,Completed
3116,3814,2024-03-12,PayPal,Completed
3117,2283,2025-06-11,PayPal,Completed
3118,2143,2024-01-19,PayPal,Completed
3119,4373,2023-10-31,Invoice,Completed
3120,4064,2024-12-07,Credit Card,Completed
3121,2365,2024-03-23,Invoice,Completed
3122,2011,2025-03-12,Bank Transfer,Completed
3123,259,2023-07-31,Credit Card,Returned
3124,3759,2025-04-04,Bank Transfer,Completed
3125,1754,2024-03-15,Credit Card,Cancelled
3126,1791,2023-01-01,PayPal,Completed
3127,2263,2023-08-16,PayPal,Completed
3128,4640,2025-11-24,Bank Transfer,Completed
3129,119,2025-10-11,Credit Card,Completed
3130,1672,2024-01-06,Invoice,Completed
3131,684,2025-07-23,PayPal,Completed
3132,224,2025-02-20,PayPal,Completed
3133,964,2025-12-15,Credit Card,Completed
3134,1626,2024-06-29,PayPal,Completed
3135,1477,2025-04-28,Invoice,Completed
3136,2481,2023-04-30,Invoice,Completed
3137,2853,2024-07-25,Credit Card,Completed
3138,2275,2025-12-11,PayPal,Completed
3139,2974,2024-12-14,Credit Card,Completed
3140,4747,2024-03-21,PayPal,Completed
3141,2021,2023-08-04,PayPal,Completed
3142,3713,2025-05-17,PayPal,Completed
3143,3707,2025-03-26,Credit Card,Cancelled
3144,304,2024-06-29,Credit Card,Completed
3145,2725,2025-12-04,PayPal,Completed
3146,2584,2023-02-17,Credit Card,Completed
3147,1331,2024-04-08,PayPal,Completed
3148,217,2025-11-17,Bank Transfer,Completed
3149,3610,2024-04-28,PayPal,Completed
3150,89,2024-02-02,PayPal,Completed
3151,227,2024-12-10,Bank Transfer,Cancelled
3152,451,2025-09-02,Credit Card,Cancelled
3153,402,2023-07-06,Invoice,Completed
3154,1640,2025-11-30,PayPal,Completed
3155,1225,2025-08-07,PayPal,Completed
3156,4230,2023-11-10,Credit Card,Completed
3157,3522,2025-05-25,Credit Card,Completed
3158,4256,2024-07-12,Credit Card,Completed
3159,2732,2024-08-01,Invoice,Returned
3160,1839,2025-07-28,Invoice,Completed
3161,4733,2025-12-11,Bank Transfer,Completed
3162,436,2023-08-15,PayPal,Completed
3163,1261,2024-08-23,PayPal,Returned
3164,265,2024-11-01,Credit Card,Cancelled
3165,893,2024-07-02,Invoice,Returned
3166,2764,2024-06-17,Credit Card,Returned
3167,1395,2023-04-11,Bank Transfer,Completed
3168,1229,2025-05-01,Bank Transfer,Completed
3169,382,2024-09-10,Bank Transfer,Completed
3170,2873,2023-11-24,Credit Card,Completed
3171,2595,2025-08-26,Invoice,Completed
3172,3614,2025-08-14,Bank Transfer,Completed
3173,843,2024-11-05,PayPal,Returned
3174,948,2024-04-02,Credit Card,Completed
3175,1997,2025-03-20,Credit Card,Returned
3176,1125,2024-03-21,Invoice,Completed
3177,4485,2024-01-10,Credit Card,Completed
3178,4134,2025-06-10,Credit Card,Completed
3179,4623,2023-03-22,Invoice,Completed
3180,4013,2023-06-22,Bank Transfer,Completed
3181,2968,2023-01-15,PayPal,Completed
3182,757,2023-09-29,PayPal,Returned
3183,1938,2023-05-09,PayPal,Completed
3184,1933,2025-12-29,Bank Transfer,Completed
3185,4487,2024-03-22,PayPal,Cancelled
3186,2254,2023-09-23,Credit Card,Completed
3187,2433,2024-01-17,Invoice,Completed
3188,10,2025-11-26,Bank Transfer,Completed
3189,316,2024-11-30,Invoice,Completed
3190,2299,2024-06-19,Credit Card,Completed
3191,4961,2025-10-16,Invoice,Completed
3192,2974,2024-07-24,Invoice,Completed
3193,989,2024-05-15,Credit Card,Completed
3194,3769,2023-12-08,Bank Transfer,Completed
3195,2536,2024-07-04,PayPal,Completed
3196,1728,2024-04-23,Credit Card,Completed
3197,1900,2025-04-24,Invoice,Completed
3198,4708,2024-03-23,Invoice,Completed
3199,4447,2025-01-16,PayPal,Completed
3200,4585,2023-05-04,Bank Transfer,Cancelled
3201,240,2023-11-21,PayPal,Completed
3202,1114,2024-08-07,Bank Transfer,Completed
3203,3297,2025-11-26,Credit Card,Completed
3204,4784,2024-07-03,Credit Card,Completed
3205,3845,2025-04-12,Bank Transfer,Completed
3206,89,2024-02-07,PayPal,Completed
3207,2372,2023-08-16,Credit Card,Completed
3208,4677,2023-04-22,PayPal,Completed
3209,931,2024-04-10,PayPal,Completed
3210,2600,2023-10-07,Bank Transfer,Completed
3211,1413,2023-11-02,PayPal,Completed
3212,4475,2025-07-07,PayPal,Completed
3213,3735,2023-02-03,Bank Transfer,Completed
3214,3539,2024-12-27,Credit Card,Completed
3215,3030,2024-07-06,Credit Card,Completed
3216,4950,2024-11-20,PayPal,Completed
3217,3365,2024-12-31,Bank Transfer,Completed
3218,3332,2024-04-19,Credit Card,Completed
3219,978,2024-03-29,Invoice,Completed
3220,1406,2025-06-13,Invoice,Completed
3221,1896,2025-10-14,PayPal,Completed
3222,1327,2023-11-22,Invoice,Completed
3223,4536,2023-06-27,Bank Transfer,Returned
3224,1474,2025-11-04,Invoice,Returned
3225,3951,2024-06-01,PayPal,Cancelled
3226,2718,2024-12-23,Bank Transfer,Completed
3227,3229,2024-06-12,Credit Card,Completed
3228,443,2023-08-14,Invoice,Completed
3229,4717,2025-01-29,Bank Transfer,Completed
3230,2179,2024-12-03,Bank Transfer,Completed
3231,4671,2023-12-03,Credit Card,Completed
3232,1206,2024-09-28,Invoice,Returned
3233,4227,2025-08-09,Invoice,Completed
3234,2941,2025-01-31,Bank Transfer,Completed
3235,532,2023-06-26,Credit Card,Completed
3236,4585,2024-12-20,Credit Card,Cancelled
3237,4732,2025-05-17,Bank Transfer,Completed
3238,1793,2025-08-05,PayPal,Completed
3239,2897,2025-03-12,Invoice,Returned
3240,1405,2023-09-28,Bank Transfer,Completed
3241,382,2025-05-23,Bank Transfer,Completed
3242,2175,2025-04-24,Invoice,Completed
3243,2161,2023-02-21,Credit Card,Completed
3244,2604,2024-08-12,Invoice,Completed
3245,822,2024-05-12,Credit Card,Returned
3246,1333,2025-04-17,Bank Transfer,Completed
3247,1306,2023-12-17,Invoice,Completed
3248,1640,2025-01-31,Invoice,Completed
3249,4240,2025-11-13,Invoice,Completed
3250,792,2025-08-10,Invoice,Completed
3251,3415,2025-11-18,Bank Transfer,Returned
3252,1868,2025-12-20,Invoice,Completed
3253,4473,2023-01-23,Credit Card,Completed
3254,1203,2025-03-06,Bank Transfer,Completed
3255,1535,2024-08-14,PayPal,Completed
3256,3477,2025-10-04,PayPal,Completed
3257,2624,2024-02-02,Invoice,Completed
3258,4603,2025-12-21,Invoice,Completed
3259,1285,2025-02-26,Credit Card,Completed
3260,1066,2025-08-06,Invoice,Completed
3261,4987,2023-06-07,Invoice,Completed
3262,1376,2023-11-12,PayPal,Completed
3263,3139,2025-07-05,PayPal,Completed
3264,2136,2023-02-16,Bank Transfer,Completed
3265,3506,2025-08-27,Credit Card,Completed
3266,3344,2023-01-30,Invoice,Completed
3267,4890,2025-04-06,Credit Card,Completed
3268,1306,2024-06-19,Credit Card,Completed
3269,1128,2025-02-23,Bank Transfer,Completed
3270,4150,2025-05-11,PayPal,Completed
3271,1156,2024-05-23,PayPal,Completed
3272,2291,2023-07-14,Bank Transfer,Returned
3273,3819,2023-05-10,PayPal,Completed
3274,4971,2025-01-29,Bank Transfer,Completed
3275,3931,2024-11-30,PayPal,Completed
3276,3333,2025-06-21,Invoice,Completed
3277,1720,2024-11-22,Bank Transfer,Completed
3278,1003,2024-08-25,PayPal,Returned
3279,2890,2024-07-28,PayPal,Completed
3280,147,2023-02-26,Credit Card,Returned
3281,3022,2024-05-15,Invoice,Returned
3282,3640,2025-12-18,PayPal,Completed
3283,327,2025-10-16,Invoice,Completed
3284,2680,2024-05-08,PayPal,Completed
3285,815,2025-01-28,Credit Card,Completed
3286,1884,2025-09-23,Invoice,Returned
3287,2485,2024-09-16,Invoice,Returned
3288,4836,2023-02-08,Bank Transfer,Completed
3289,3938,2023-05-19,Credit Card,Returned
3290,4958,2024-11-23,Invoice,Cancelled
3291,740,2025-12-14,Credit Card,Completed
3292,1996,2025-05-08,Bank Transfer,Completed
3293,4166,2023-05-13,Bank Transfer,Returned
3294,3780,2023-11-19,Invoice,Completed
3295,4981,2025-07-17,PayPal,Completed
3296,1201,2025-09-17,PayPal,Returned
3297,1471,2025-03-02,PayPal,Completed
3298,1367,2025-03-26,Bank Transfer,Completed
3299,2773,2023-03-01,Bank Transfer,Completed
3300,854,2025-09-06,Bank Transfer,Completed
3301,4644,2025-08-01,Credit Card,Completed
3302,3796,2024-02-12,Credit Card,Completed
3303,53,2025-05-22,Invoice,Completed
3304,3694,2023-12-16,Credit Card,Completed
3305,890,2023-03-22,Credit Card,Completed
3306,1004,2023-12-01,Credit Card,Completed
3307,4321,2023-11-07,Invoice,Cancelled
3308,460,2024-05-18,Credit Card,Completed
3309,1912,2024-08-20,Bank Transfer,Completed
3310,4702,2024-11-21,Invoice,Completed
3311,2871,2024-10-28,PayPal,Completed
3312,1167,2024-02-29,Invoice,Completed
3313,2221,2023-03-03,Bank Transfer,Completed
3314,521,2025-02-16,Credit Card,Completed
3315,1317,2024-07-25,Invoice,Returned
3316,4841,2024-04-02,Bank Transfer,Completed
3317,1402,2025-10-10,Credit Card,Cancelled
3318,1972,2025-06-25,Bank Transfer,Completed
3319,2960,2025-10-02,PayPal,Completed
3320,4424,2024-11-11,Invoice,Completed
3321,3797,2023-08-22,Bank Transfer,Completed
3322,422,2025-05-11,PayPal,Completed
3323,3537,2023-12-06,Bank Transfer,Completed
3324,738,2024-09-16,Invoice,Completed
3325,1233,2023-05-03,PayPal,Completed
3326,3300,2025-09-03,PayPal,Completed
3327,2691,2023-08-14,PayPal,Completed
3328,3096,2025-11-07,PayPal,Completed
3329,4604,2025-10-08,Credit Card,Completed
3330,594,2024-10-13,Credit Card,Completed
3331,313,2025-06-23,Bank Transfer,Completed
3332,1308,2025-03-03,Invoice,Completed
3333,4017,2025-08-14,Bank Transfer,Completed
3334,3914,2024-09-05,PayPal,Completed
3335,4372,2025-07-30,Invoice,Completed
3336,4456,2024-10-11,Credit Card,Completed
3337,1771,2025-11-29,PayPal,Cancelled
3338,2422,2024-11-05,Credit Card,Completed
3339,4584,2024-10-11,Invoice,Completed
3340,3290,2025-07-29,Credit Card,Completed
3341,3309,2025-08-31,PayPal,Completed
3342,1613,2024-12-25,Bank Transfer,Returned
3343,3524,2023-11-09,Bank Transfer,Completed
3344,1075,2024-10-17,Invoice,Completed
3345,3930,2025-12-14,PayPal,Completed
3346,3633,2025-07-01,Credit Card,Completed
3347,59,2025-08-21,Credit Card,Completed
3348,2699,2023-03-09,Invoice,Completed
3349,2718,2024-10-17,Credit Card,Cancelled
3350,2891,2025-03-28,Bank Transfer,Returned
3351,109,2025-09-07,PayPal,Completed
3352,1294,2023-04-06,PayPal,Completed
3353,2359,2025-09-27,Invoice,Completed
3354,2299,2024-12-20,Bank Transfer,Completed
3355,889,2023-11-27,Bank Transfer,Completed
3356,2406,2024-04-24,Bank Transfer,Completed
3357,2190,2024-03-14,PayPal,Completed
3358,3684,2024-12-08,Invoice,Completed
3359,1745,2023-04-10,Credit Card,Completed
3360,1854,2023-10-08,Bank Transfer,Completed
3361,2596,2025-08-23,Bank Transfer,Completed
3362,4192,2023-08-25,Bank Transfer,Completed
3363,4682,2024-01-06,Credit Card,Completed
3364,4443,2024-09-30,PayPal,Completed
3365,323,2024-11-28,Bank Transfer,Cancelled
3366,4881,2025-07-10,Invoice,Completed
3367,915,2024-09-23,Invoice,Returned
3368,3640,2025-08-02,Credit Card,Completed
3369,2399,2025-03-02,PayPal,Completed
3370,797,2023-07-23,Invoice,Completed
3371,4174,2023-10-05,Bank Transfer,Completed
3372,337,2024-09-11,Invoice,Completed
3373,1381,2024-07-26,Bank Transfer,Completed
3374,2543,2025-06-22,Bank Transfer,Completed
3375,1790,2025-01-20,Bank Transfer,Returned
3376,3089,2024-07-16,Credit Card,Completed
3377,4804,2023-10-29,Invoice,Completed
3378,1618,2023-12-28,PayPal,Completed
3379,2754,2025-01-14,Bank Transfer,Completed
3380,3649,2024-08-26,Credit Card,Returned
3381,2120,2024-11-26,Bank Transfer,Completed
3382,3310,2023-10-29,Bank Transfer,Completed
3383,3864,2025-04-11,PayPal,Completed
3384,4776,2025-09-27,Invoice,Completed
3385,1320,2024-02-11,PayPal,Completed
3386,483,2024-11-09,Bank Transfer,Completed
3387,3210,2025-12-18,Invoice,Completed
3388,2359,2024-05-13,Credit Card,Completed
3389,3238,2025-02-05,Bank Transfer,Completed
3390,1698,2023-06-14,Invoice,Returned
3391,2383,2025-02-17,Invoice,Completed
3392,197,2023-06-13,Invoice,Completed
3393,2907,2025-12-09,PayPal,Cancelled
3394,3874,2025-05-28,Bank Transfer,Completed
3395,2469,2025-08-01,Bank Transfer,Cancelled
3396,1709,2025-05-18,PayPal,Completed
3397,4057,2025-01-30,PayPal,Completed
3398,4123,2024-09-26,Bank Transfer,Completed
3399,1616,2025-10-03,PayPal,Completed
3400,1074,2025-12-07,Bank Transfer,Completed
3401,3787,2024-11-14,Invoice,Completed
3402,2817,2025-11-23,Credit Card,Completed
3403,366,2025-01-23,Invoice,Completed
3404,4396,2024-12-13,Credit Card,Returned
3405,1427,2024-10-02,Invoice,Cancelled
3406,1478,2023-12-10,Invoice,Completed
3407,2072,2023-01-08,Credit Card,Completed
3408,2410,2024-01-18,Invoice,Completed
3409,2120,2024-11-22,Bank Transfer,Completed
3410,1321,2024-07-06,Credit Card,Completed
3411,1277,2024-09-24,Invoice,Cancelled
3412,3842,2025-12-21,PayPal,Completed
3413,314,2024-06-02,PayPal,Completed
3414,2126,2024-09-29,Credit Card,Completed
3415,2787,2023-08-27,Credit Card,Completed
3416,3485,2023-04-04,PayPal,Completed
3417,2531,2025-07-21,Credit Card,Cancelled
3418,3746,2025-01-08,Invoice,Completed
3419,3827,2025-07-07,Credit Card,Cancelled
3420,3760,2023-09-24,Invoice,Completed
3421,922,2025-01-10,Bank Transfer,Completed
3422,4878,2024-02-04,PayPal,Completed
3423,3282,2023-12-30,Invoice,Completed
3424,3079,2023-01-25,Credit Card,Completed
3425,2549,2023-08-21,Invoice,Returned
3426,4486,2024-04-15,Bank Transfer,Returned
3427,1187,2023-07-30,Credit Card,Completed
3428,2378,2025-12-24,PayPal,Returned
3429,398,2024-04-14,Invoice,Completed
3430,2388,2023-08-21,Credit Card,Completed
3431,654,2023-11-29,PayPal,Completed
3432,2068,2025-01-27,Bank Transfer,Completed
3433,1614,2023-05-01,Bank Transfer,Completed
3434,4562,2025-10-06,Invoice,Completed
3435,3782,2025-12-10,Invoice,Completed
3436,2505,2024-01-25,Invoice,Completed
3437,2045,2024-09-26,Credit Card,Completed
3438,1995,2023-02-16,Bank Transfer,Completed
3439,293,2025-03-22,Invoice,Completed
3440,1194,2024-08-15,Credit Card,Completed
3441,4063,2024-02-28,Invoice,Completed
3442,4627,2023-12-07,Invoice,Completed
3443,4262,2025-04-03,Credit Card,Returned
3444,4250,2024-08-18,Credit Card,Returned
3445,2099,2023-11-08,PayPal,Completed
3446,3919,2025-05-04,PayPal,Completed
3447,738,2025-01-02,Credit Card,Completed
3448,1001,2025-10-03,Credit Card,Completed
3449,3572,2023-07-31,Bank Transfer,Completed
3450,3353,2025-07-30,PayPal,Completed
3451,432,2025-04-21,Invoice,Completed
3452,1332,2023-07-26,PayPal,Completed
3453,2376,2025-05-10,Credit Card,Returned
3454,2232,2024-09-16,Invoice,Completed
3455,2157,2025-12-01,Invoice,Completed
3456,3848,2023-09-10,Bank Transfer,Completed
3457,4673,2025-03-24,PayPal,Completed
3458,3622,2024-07-09,Invoice,Completed
3459,400,2025-12-07,PayPal,Completed
3460,1633,2024-05-09,Bank Transfer,Completed
3461,3253,2025-12-10,Invoice,Completed
3462,1137,2025-11-07,Credit Card,Cancelled
3463,2801,2024-02-29,Invoice,Completed
3464,3067,2025-08-15,Invoice,Completed
3465,103,2025-12-29,Credit Card,Cancelled
3466,3037,2024-02-03,Bank Transfer,Completed
3467,3227,2024-09-11,Credit Card,Returned
3468,4302,2024-11-30,Bank Transfer,Completed
3469,733,2024-03-29,Credit Card,Completed
3470,1708,2023-02-02,PayPal,Completed
3471,3845,2023-12-21,PayPal,Completed
3472,1457,2024-03-14,Bank Transfer,Completed
3473,2619,2024-09-19,Bank Transfer,Returned
3474,1824,2023-10-30,Invoice,Completed
3475,1552,2025-10-16,Bank Transfer,Completed
3476,4744,2025-05-19,Bank Transfer,Completed
3477,3495,2023-06-06,Bank Transfer,Completed
3478,4439,2025-03-31,Credit Card,Completed
3479,3093,2025-04-03,Invoice,Completed
3480,3835,2025-12-07,Invoice,Cancelled
3481,1837,2023-01-07,Credit Card,Cancelled
3482,3968,2024-01-27,PayPal,Completed
3483,4571,2025-11-21,PayPal,Returned
3484,1403,2025-11-24,Bank Transfer,Completed
3485,2908,2025-06-02,Bank Transfer,Completed
3486,445,2025-07-12,PayPal,Completed
3487,2710,2023-06-17,Credit Card,Completed
3488,2389,2024-11-25,Invoice,Completed
3489,1958,2024-01-03,Credit Card,Completed
3490,547,2023-11-10,Bank Transfer,Completed
3491,876,2025-08-21,Credit Card,Completed
3492,2963,2023-08-29,Invoice,Completed
3493,4090,2024-10-18,Invoice,Completed
3494,237,2025-11-27,Bank Transfer,Completed
3495,2515,2023-11-15,Invoice,Returned
3496,2849,2025-12-19,PayPal,Completed
3497,2440,2025-12-28,Bank Transfer,Completed
3498,352,2024-12-26,Bank Transfer,Completed
3499,1961,2023-10-28,Bank Transfer,Cancelled
3500,3453,2024-04-23,Bank Transfer,Completed
3501,4649,2024-08-27,Credit Card,Completed
3502,4563,2024-04-15,Invoice,Returned
3503,26,2024-03-12,Bank Transfer,Completed
3504,354,2025-12-16,PayPal,Completed
3505,416,2023-09-30,PayPal,Completed
3506,4447,2025-06-13,PayPal,Completed
3507,3110,2023-01-01,Bank Transfer,Completed
3508,960,2025-02-06,Invoice,Completed
3509,1972,2025-11-15,Invoice,Completed
3510,4595,2024-03-21,Bank Transfer,Completed
3511,4488,2023-11-15,Invoice,Completed
3512,3299,2025-04-01,Bank Transfer,Cancelled
3513,301,2025-05-25,Credit Card,Completed
3514,933,2025-05-03,Credit Card,Completed
3515,642,2024-04-26,Credit Card,Returned
3516,515,2024-02-02,Bank Transfer,Completed
3517,4126,2025-12-07,Invoice,Completed
3518,4754,2025-11-19,PayPal,Completed
3519,194,2024-10-05,Bank Transfer,Cancelled
3520,656,2025-09-22,PayPal,Completed
3521,1377,2024-09-29,Invoice,Completed
3522,1972,2024-08-27,PayPal,Completed
3523,4549,2023-10-05,PayPal,Completed
3524,1729,2024-08-30,Invoice,Completed
3525,546,2024-12-12,Credit Card,Completed
3526,764,2023-02-17,Credit Card,Completed
3527,1895,2024-09-19,Invoice,Completed
3528,1578,2025-07-26,PayPal,Returned
3529,4979,2025-04-26,PayPal,Returned
3530,78,2025-03-17,Invoice,Completed
3531,4324,2025-11-11,PayPal,Completed
3532,1329,2023-02-08,Bank Transfer,Completed
3533,1380,2024-12-27,Invoice,Completed
3534,1030,2025-07-31,Bank Transfer,Completed
3535,1767,2024-12-15,Credit Card,Completed
3536,2267,2024-05-02,Credit Card,Completed
3537,3503,2023-08-31,Bank Transfer,Completed
3538,615,2025-10-29,Credit Card,Completed
3539,4858,2024-10-21,PayPal,Returned
3540,3060,2025-10-20,Invoice,Completed
3541,3750,2025-01-25,Bank Transfer,Cancelled
3542,3415,2025-04-21,Invoice,Completed
3543,557,2025-08-15,PayPal,Completed
3544,2028,2025-04-08,Invoice,Completed
3545,4271,2024-07-27,PayPal,Returned
3546,1988,2024-11-25,Bank Transfer,Returned
3547,1761,2025-08-14,Invoice,Completed
3548,2129,2024-06-29,Bank Transfer,Returned
3549,4188,2024-07-16,Invoice,Completed
3550,1457,2023-06-24,Bank Transfer,Completed
3551,3292,2025-11-14,Invoice,Completed
3552,4943,2023-06-16,Credit Card,Completed
3553,2933,2025-03-29,Bank Transfer,Completed
3554,4668,2024-08-14,Bank Transfer,Completed
3555,3600,2024-08-05,PayPal,Completed
3556,3153,2025-04-26,Invoice,Completed
3557,4674,2023-05-06,Bank Transfer,Completed
3558,3600,2025-02-03,Bank Transfer,Completed
3559,3199,2025-07-18,Bank Transfer,Cancelled
3560,4273,2025-09-06,PayPal,Completed
3561,4450,2023-10-29,Credit Card,Completed
3562,2086,2025-11-04,Invoice,Completed
3563,3370,2025-04-05,PayPal,Completed
3564,2065,2025-10-24,Credit Card,Completed
3565,1366,2024-11-04,PayPal,Completed
3566,1009,2024-12-16,Invoice,Completed
3567,632,2025-11-16,Credit Card,Completed
3568,4202,2025-11-06,Invoice,Completed
3569,2959,2024-09-24,Bank Transfer,Cancelled
3570,287,2024-03-05,Bank Transfer,Completed
3571,894,2024-07-22,Invoice,Completed
3572,2355,2024-07-15,Invoice,Completed
3573,3130,2024-03-19,Invoice,Completed
3574,562,2024-02-26,Invoice,Completed
3575,431,2025-10-05,Credit Card,Completed
3576,2542,2023-05-11,PayPal,Completed
3577,2201,2025-04-24,Invoice,Completed
3578,2685,2023-11-01,Credit Card,Returned
3579,2785,2024-05-26,Invoice,Completed
3580,963,2023-04-27,PayPal,Completed
3581,1219,2024-02-28,Credit Card,Completed
3582,924,2025-07-14,Credit Card,Completed
3583,2416,2025-10-26,Bank Transfer,Completed
3584,757,2023-12-23,Bank Transfer,Completed
3585,4385,2024-10-12,Bank Transfer,Completed
3586,1592,2024-10-20,Invoice,Returned
3587,1726,2025-10-16,PayPal,Returned
3588,419,2025-07-09,Bank Transfer,Completed
3589,2421,2024-11-25,Invoice,Completed
3590,2161,2025-04-18,PayPal,Completed
3591,2396,2025-09-23,Bank Transfer,Completed
3592,4305,2023-01-21,Credit Card,Completed
3593,2060,2024-08-02,Credit Card,Completed
3594,777,2025-11-10,Credit Card,Completed
3595,4430,2025-06-19,Credit Card,Completed
3596,3245,2024-12-16,PayPal,Completed
3597,2078,2024-12-07,Bank Transfer,Completed
3598,3474,2024-05-30,Invoice,Completed
3599,3981,2024-11-30,Invoice,Completed
3600,4799,2025-04-04,Invoice,Completed
3601,1369,2024-08-20,Bank Transfer,Completed
3602,3881,2025-05-27,Invoice,Completed
3603,2564,2025-10-05,Bank Transfer,Completed
3604,3555,2023-10-02,Credit Card,Completed
3605,4977,2024-09-28,Invoice,Completed
3606,4981,2024-08-08,Invoice,Completed
3607,645,2025-05-03,Bank Transfer,Completed
3608,26,2024-01-30,Credit Card,Completed
3609,4610,2025-03-22,Credit Card,Completed
3610,359,2025-10-20,Invoice,Completed
3611,3923,2024-08-20,PayPal,Completed
3612,341,2025-11-12,Bank Transfer,Completed
3613,1836,2025-12-28,Bank Transfer,Completed
3614,531,2023-07-11,Bank Transfer,Completed
3615,1748,2024-01-05,PayPal,Completed
3616,3068,2025-12-04,Invoice,Completed
3617,1677,2025-12-08,Invoice,Completed
3618,155,2023-06-27,PayPal,Completed
3619,3750,2023-02-01,Bank Transfer,Completed
3620,2538,2023-10-13,Invoice,Completed
3621,3030,2025-12-29,Credit Card,Returned
3622,3993,2023-11-09,PayPal,Completed
3623,3618,2024-11-17,Invoice,Completed
3624,4793,2025-09-24,Invoice,Completed
3625,724,2023-02-13,Bank Transfer,Completed
3626,4241,2025-02-15,PayPal,Completed
3627,2826,2024-03-08,Invoice,Completed
3628,666,2025-10-06,Credit Card,Completed
3629,3883,2024-03-15,Invoice,Completed
3630,2770,2025-05-02,Invoice,Completed
3631,2084,2025-04-21,PayPal,Completed
3632,2325,2023-12-23,Bank Transfer,Completed
3633,391,2023-03-12,Bank Transfer,Completed
3634,1262,2024-08-10,Credit Card,Completed
3635,4790,2024-03-22,Invoice,Completed
3636,2922,2025-08-20,PayPal,Returned
3637,2109,2025-08-12,Credit Card,Completed
3638,3121,2024-10-04,Invoice,Completed
3639,517,2025-02-17,Invoice,Completed
3640,1932,2025-02-15,Bank Transfer,Completed
3641,1649,2025-09-05,Credit Card,Completed
3642,2482,2024-08-28,PayPal,Completed
3643,4744,2024-03-06,Bank Transfer,Completed
3644,3269,2024-02-21,Credit Card,Completed
3645,955,2024-12-12,Bank Transfer,Completed
3646,3766,2024-09-25,Bank Transfer,Completed
3647,2615,2024-09-15,Bank Transfer,Completed
3648,3154,2023-06-16,PayPal,Completed
3649,4641,2025-05-31,Bank Transfer,Returned
3650,4139,2023-12-15,Credit Card,Completed
3651,1763,2023-11-27,Bank Transfer,Completed
3652,4422,2024-08-14,Invoice,Completed
3653,1816,2023-12-29,Invoice,Completed
3654,4167,2025-01-23,Invoice,Completed
3655,3038,2024-06-26,PayPal,Completed
3656,4756,2024-09-25,Invoice,Completed
3657,770,2024-12-12,Bank Transfer,Completed
3658,281,2023-12-04,Credit Card,Completed
3659,4249,2023-10-04,Bank Transfer,Cancelled
3660,1606,2025-10-22,Credit Card,Completed
3661,1167,2024-09-07,Invoice,Completed
3662,1925,2024-08-13,PayPal,Completed
3663,4595,2023-03-14,Invoice,Completed
3664,4657,2024-11-14,Credit Card,Completed
3665,3511,2024-12-25,Credit Card,Completed
3666,3549,2024-12-28,Invoice,Completed
3667,3302,2025-05-20,PayPal,Completed
3668,667,2023-11-06,Credit Card,Completed
3669,228,2024-02-02,Bank Transfer,Cancelled
3670,3433,2025-08-21,Bank Transfer,Completed
3671,4408,2025-12-02,PayPal,Completed
3672,2196,2023-08-31,Invoice,Cancelled
3673,4321,2024-11-13,PayPal,Returned
3674,736,2023-12-15,Invoice,Completed
3675,1525,2023-04-24,PayPal,Completed
3676,4933,2024-05-04,PayPal,Completed
3677,1389,2023-09-13,Invoice,Completed
3678,1137,2025-05-23,Credit Card,Returned
3679,3519,2024-12-10,Invoice,Completed
3680,3259,2023-09-13,Invoice,Completed
3681,1194,2023-01-20,Bank Transfer,Returned
3682,366,2025-08-19,PayPal,Completed
3683,1385,2023-11-05,Credit Card,Completed
3684,4858,2025-02-17,Bank Transfer,Returned
3685,1498,2024-05-17,Credit Card,Returned
3686,1081,2025-01-25,Bank Transfer,Completed
3687,412,2024-04-22,Credit Card,Completed
3688,4803,2023-06-09,Invoice,Completed
3689,1649,2023-12-24,Credit Card,Completed
3690,1881,2023-11-17,Invoice,Completed
3691,2135,2024-09-01,Bank Transfer,Completed
3692,182,2025-04-07,Bank Transfer,Completed
3693,2795,2024-02-19,Bank Transfer,Completed
3694,157,2023-01-26,Invoice,Returned
3695,397,2024-11-29,Invoice,Completed
3696,2692,2025-02-17,Credit Card,Completed
3697,518,2025-12-11,Bank Transfer,Completed
3698,4137,2025-01-29,Bank Transfer,Completed
3699,2519,2024-10-21,Invoice,Completed
3700,2653,2025-01-12,Credit Card,Completed
3701,4805,2025-11-21,PayPal,Completed
3702,2862,2025-09-06,Invoice,Completed
3703,2594,2024-05-01,Invoice,Completed
3704,1061,2024-01-12,Credit Card,Completed
3705,4461,2024-02-18,Credit Card,Completed
3706,810,2024-11-18,PayPal,Completed
3707,2629,2025-06-23,Credit Card,Completed
3708,4196,2024-11-17,PayPal,Completed
3709,2620,2023-05-07,Invoice,Completed
3710,36,2025-06-04,Credit Card,Completed
3711,2498,2025-08-17,Bank Transfer,Completed
3712,4337,2024-03-22,Credit Card,Completed
3713,2243,2025-04-12,Bank Transfer,Completed
3714,3817,2024-08-30,Credit Card,Completed
3715,2300,2025-10-30,Credit Card,Completed
3716,2868,2025-09-21,Invoice,Completed
3717,3610,2024-12-04,Invoice,Completed
3718,950,2025-05-07,Bank Transfer,Completed
3719,1739,2025-10-25,Credit Card,Cancelled
3720,3126,2024-11-12,Credit Card,Returned
3721,4414,2024-04-19,Bank Transfer,Completed
3722,2351,2025-07-01,Bank Transfer,Returned
3723,276,2023-12-21,Bank Transfer,Completed
3724,4934,2024-07-16,Credit Card,Completed
3725,736,2025-10-09,PayPal,Completed
3726,2025,2025-06-05,Credit Card,Completed
3727,672,2024-08-03,Invoice,Completed
3728,4706,2023-12-16,Bank Transfer,Completed
3729,2746,2024-06-08,Bank Transfer,Completed
3730,3917,2024-03-16,PayPal,Completed
3731,3353,2023-11-05,PayPal,Cancelled
3732,1010,2025-06-22,PayPal,Completed
3733,96,2024-02-02,PayPal,Completed
3734,649,2024-10-01,Invoice,Completed
3735,3752,2024-07-13,Invoice,Completed
3736,4465,2025-12-21,Bank Transfer,Returned
3737,4618,2024-07-19,Bank Transfer,Completed
3738,4358,2023-05-28,PayPal,Completed
3739,1896,2023-06-14,Bank Transfer,Completed
3740,3913,2025-01-31,PayPal,Completed
3741,1160,2025-02-10,Bank Transfer,Completed
3742,4277,2024-08-21,Bank Transfer,Returned
3743,1528,2024-09-05,Bank Transfer,Completed
3744,166,2023-04-14,Bank Transfer,Completed
3745,1244,2024-11-27,Invoice,Completed
3746,398,2024-11-19,PayPal,Completed
3747,694,2023-09-23,Invoice,Completed
3748,4722,2023-07-07,PayPal,Completed
3749,3068,2023-08-10,PayPal,Completed
3750,2026,2023-07-03,Bank Transfer,Completed
3751,1663,2025-02-21,Credit Card,Completed
3752,8,2023-11-26,Bank Transfer,Completed
3753,868,2024-02-01,Invoice,Cancelled
3754,4009,2023-11-02,Bank Transfer,Completed
3755,4455,2025-12-08,Invoice,Completed
3756,812,2025-09-29,Invoice,Completed
3757,2761,2024-01-02,Bank Transfer,Completed
3758,1857,2024-05-06,Bank Transfer,Cancelled
3759,2734,2023-12-10,Credit Card,Completed
3760,2954,2024-11-09,Invoice,Returned
3761,2660,2023-02-11,Invoice,Completed
3762,1428,2025-04-19,PayPal,Completed
3763,1163,2024-12-02,PayPal,Completed
3764,79,2025-11-05,Invoice,Completed
3765,2773,2023-10-18,PayPal,Completed
3766,4215,2025-08-15,Bank Transfer,Completed
3767,611,2025-08-04,Invoice,Completed
3768,512,2023-08-16,Bank Transfer,Returned
3769,3997,2024-07-28,Credit Card,Completed
3770,4937,2023-10-28,PayPal,Completed
3771,2983,2024-02-06,Invoice,Completed
3772,4758,2024-02-19,Credit Card,Completed
3773,2944,2024-12-26,Bank Transfer,Completed
3774,4771,2024-08-12,Invoice,Completed
3775,1114,2025-12-02,PayPal,Returned
3776,3334,2023-08-15,Invoice,Completed
3777,3698,2025-12-17,PayPal,Completed
3778,2387,2024-01-02,Bank Transfer,Completed
3779,548,2025-07-18,Bank Transfer,Completed
3780,766,2024-05-19,Invoice,Completed
3781,550,2023-09-12,Bank Transfer,Returned
3782,4509,2025-10-02,Bank Transfer,Returned
3783,4538,2024-04-14,PayPal,Completed
3784,420,2025-04-07,PayPal,Completed
3785,4993,2025-01-04,Bank Transfer,Returned
3786,3858,2024-10-22,Invoice,Completed
3787,4141,2024-11-12,Bank Transfer,Completed
3788,4095,2025-06-12,Credit Card,Completed
3789,2512,2023-06-10,Invoice,Returned
3790,3635,2025-04-16,Credit Card,Completed
3791,2169,2025-11-03,Bank Transfer,Completed
3792,1770,2023-04-20,Credit Card,Completed
3793,345,2023-09-08,Invoice,Completed
3794,1065,2025-05-29,PayPal,Completed
3795,2224,2024-09-11,Credit Card,Completed
3796,4731,2024-08-03,Credit Card,Completed
3797,4929,2023-09-02,PayPal,Completed
3798,1002,2024-11-20,Credit Card,Completed
3799,2307,2023-08-15,Bank Transfer,Returned
3800,3618,2024-10-27,Bank Transfer,Completed
3801,3851,2025-07-10,PayPal,Completed
3802,2752,2024-02-11,Bank Transfer,Completed
3803,2073,2024-11-01,Bank Transfer,Completed
3804,2323,2025-12-27,PayPal,Completed
3805,3033,2025-05-02,Bank Transfer,Completed
3806,1553,2025-09-17,Credit Card,Completed
3807,3393,2024-08-16,Invoice,Completed
3808,2011,2025-07-14,PayPal,Returned
3809,3633,2023-03-22,Bank Transfer,Completed
3810,110,2023-08-09,PayPal,Completed
3811,2718,2023-12-03,Credit Card,Cancelled
3812,3476,2024-08-01,Bank Transfer,Completed
3813,1460,2025-09-21,Credit Card,Completed
3814,3177,2024-05-28,Invoice,Completed
3815,2996,2025-04-04,PayPal,Completed
3816,985,2025-05-23,Bank Transfer,Completed
3817,4184,2025-01-26,Bank Transfer,Completed
3818,3334,2024-06-10,Credit Card,Completed
3819,229,2025-01-16,Invoice,Completed
3820,2292,2024-05-23,PayPal,Completed
3821,296,2023-06-04,Bank Transfer,Returned
3822,3607,2025-12-27,Invoice,Returned
3823,3500,2023-08-16,Credit Card,Completed
3824,4549,2023-05-15,Bank Transfer,Completed
3825,4634,2025-10-21,PayPal,Returned
3826,4244,2024-04-06,Bank Transfer,Completed
3827,2657,2025-03-31,Invoice,Completed
3828,187,2024-05-08,Invoice,Completed
3829,2088,2024-07-20,Invoice,Completed
3830,2553,2024-02-17,Invoice,Completed
3831,602,2024-05-24,Bank Transfer,Completed
3832,1814,2024-08-11,Credit Card,Completed
3833,2989,2025-06-01,Bank Transfer,Cancelled
3834,298,2024-11-23,Bank Transfer,Completed
3835,3881,2025-11-30,Bank Transfer,Completed
3836,82,2023-03-24,Invoice,Completed
3837,116,2024-11-17,Bank Transfer,Cancelled
3838,2554,2025-01-24,Bank Transfer,Completed
3839,1452,2025-11-17,Bank Transfer,Completed
3840,1824,2023-04-06,Credit Card,Completed
3841,760,2025-01-12,Bank Transfer,Completed
3842,1806,2025-09-28,Invoice,Completed
3843,572,2024-01-18,Credit Card,Completed
3844,3596,2025-10-19,Invoice,Completed
3845,2785,2023-02-10,Credit Card,Completed
3846,4296,2025-06-12,Invoice,Returned
3847,3819,2025-11-24,Bank Transfer,Completed
3848,4206,2025-04-06,Invoice,Completed
3849,1647,2024-09-13,Bank Transfer,Completed
3850,3339,2023-03-29,Bank Transfer,Returned
3851,4935,2025-11-17,Bank Transfer,Completed
3852,2429,2024-10-20,PayPal,Completed
3853,1030,2023-03-03,PayPal,Completed
3854,3237,2025-05-05,Bank Transfer,Completed
3855,2576,2024-11-02,Bank Transfer,Completed
3856,2392,2023-08-11,PayPal,Completed
3857,117,2023-12-15,Bank Transfer,Returned
3858,4695,2023-05-02,PayPal,Completed
3859,1281,2025-01-13,Bank Transfer,Cancelled
3860,1474,2025-03-06,Credit Card,Completed
3861,1693,2024-11-19,Credit Card,Cancelled
3862,2945,2025-08-27,Credit Card,Completed
3863,3086,2025-10-05,PayPal,Completed
3864,1585,2025-02-28,Invoice,Completed
3865,2978,2023-01-28,Bank Transfer,Completed
3866,1553,2025-05-10,Bank Transfer,Completed
3867,1735,2024-08-20,Bank Transfer,Completed
3868,2733,2025-01-03,Invoice,Completed
3869,232,2025-03-30,Invoice,Completed
3870,157,2024-06-02,Bank Transfer,Completed
3871,516,2025-11-15,Invoice,Completed
3872,4635,2023-08-28,Bank Transfer,Completed
3873,1912,2025-04-19,PayPal,Completed
3874,117,2023-01-10,PayPal,Completed
3875,2934,2025-11-19,PayPal,Completed
3876,3800,2023-07-22,Credit Card,Completed
3877,2443,2023-06-22,Invoice,Returned
3878,3435,2024-05-12,Invoice,Completed
3879,4017,2024-06-29,PayPal,Cancelled
3880,893,2023-12-15,Credit Card,Completed
3881,3658,2025-01-25,Credit Card,Completed
3882,1905,2024-09-18,Invoice,Completed
3883,1326,2023-03-11,Credit Card,Returned
3884,3734,2024-04-27,PayPal,Completed
3885,4298,2025-08-21,Invoice,Completed
3886,3377,2025-05-05,PayPal,Completed
3887,2410,2025-06-05,Bank Transfer,Returned
3888,4116,2025-05-13,Invoice,Completed
3889,2962,2024-04-17,Bank Transfer,Completed
3890,48,2023-06-30,Credit Card,Completed
3891,3484,2024-03-03,Credit Card,Completed
3892,1311,2025-09-09,Invoice,Completed
3893,657,2025-12-21,PayPal,Completed
3894,1595,2024-11-11,Invoice,Completed
3895,203,2023-01-21,PayPal,Completed
3896,550,2023-09-07,Bank Transfer,Completed
3897,3955,2024-04-30,Bank Transfer,Completed
3898,241,2025-01-17,PayPal,Completed
3899,2849,2023-05-20,PayPal,Completed
3900,3589,2025-11-30,Invoice,Completed
3901,1404,2024-06-19,PayPal,Completed
3902,798,2025-11-13,Credit Card,Completed
3903,1370,2025-07-25,Credit Card,Completed
3904,4072,2025-07-03,Invoice,Completed
3905,2253,2025-02-18,Invoice,Returned
3906,4212,2025-03-10,Credit Card,Completed
3907,1279,2025-03-20,PayPal,Completed
3908,622,2025-03-12,PayPal,Completed
3909,3453,2024-12-24,Bank Transfer,Completed
3910,3171,2025-12-24,PayPal,Completed
3911,1448,2025-06-12,Credit Card,Completed
3912,2853,2025-07-22,PayPal,Completed
3913,3340,2025-10-15,Credit Card,Returned
3914,1121,2023-12-17,Invoice,Completed
3915,3817,2023-06-03,Bank Transfer,Completed
3916,4891,2024-11-03,PayPal,Completed
3917,3004,2024-11-25,Invoice,Completed
3918,1017,2025-09-07,Invoice,Completed
3919,3861,2024-09-19,Bank Transfer,Completed
3920,4391,2025-01-09,Credit Card,Completed
3921,2486,2024-12-05,Invoice,Returned
3922,1743,2023-03-18,Bank Transfer,Completed
3923,2652,2025-02-27,Credit Card,Completed
3924,938,2025-09-06,Credit Card,Completed
3925,2226,2023-10-07,Credit Card,Completed
3926,2005,2025-02-04,Bank Transfer,Completed
3927,2997,2025-02-03,Bank Transfer,Completed
3928,2542,2023-10-18,Invoice,Completed
3929,775,2023-08-10,Credit Card,Returned
3930,579,2025-12-20,Credit Card,Cancelled
3931,636,2024-07-22,Bank Transfer,Completed
3932,4992,2023-12-29,Invoice,Cancelled
3933,4739,2023-10-30,Bank Transfer,Completed
3934,1273,2025-04-15,Bank Transfer,Completed
3935,4146,2025-02-21,Invoice,Completed
3936,2836,2025-03-25,Invoice,Completed
3937,2977,2023-06-11,Bank Transfer,Completed
3938,4763,2025-11-02,Bank Transfer,Cancelled
3939,1931,2024-07-17,PayPal,Completed
3940,3324,2024-04-19,Credit Card,Completed
3941,3267,2024-10-11,Credit Card,Completed
3942,3007,2024-07-18,PayPal,Completed
3943,1691,2025-10-07,Invoice,Cancelled
3944,1465,2025-11-22,Bank Transfer,Completed
3945,3352,2024-04-08,Bank Transfer,Completed
3946,4098,2025-10-08,PayPal,Completed
3947,4040,2025-07-26,PayPal,Completed
3948,4302,2025-11-23,Invoice,Completed
3949,1391,2024-01-24,Bank Transfer,Completed
3950,1013,2025-01-16,Credit Card,Returned
3951,1699,2024-03-05,PayPal,Completed
3952,3598,2025-09-02,PayPal,Completed
3953,986,2023-01-12,Bank Transfer,Cancelled
3954,3628,2025-01-02,PayPal,Completed
3955,522,2024-05-20,Bank Transfer,Completed
3956,733,2024-04-30,Invoice,Completed
3957,3308,2025-03-26,Bank Transfer,Completed
3958,4588,2025-09-26,Invoice,Completed
3959,1653,2025-02-20,Invoice,Completed
3960,1202,2025-09-28,Invoice,Returned
3961,2353,2024-02-21,Bank Transfer,Completed
3962,3459,2024-11-29,Bank Transfer,Cancelled
3963,1010,2024-09-27,Credit Card,Completed
3964,760,2023-01-25,Credit Card,Completed
3965,2673,2024-12-27,Invoice,Completed
3966,2473,2025-04-10,Bank Transfer,Returned
3967,2000,2025-02-01,Bank Transfer,Completed
3968,4295,2025-06-16,Bank Transfer,Completed
3969,4489,2025-01-09,Credit Card,Completed
3970,4570,2023-05-06,Credit Card,Completed
3971,1976,2023-07-29,Invoice,Completed
3972,3900,2025-02-06,Credit Card,Completed
3973,4693,2024-03-05,Credit Card,Cancelled
3974,3406,2023-05-27,Invoice,Completed
3975,1785,2024-09-02,Credit Card,Returned
3976,2236,2024-12-25,Invoice,Completed
3977,1786,2024-05-07,Credit Card,Completed
3978,3208,2025-06-01,Bank Transfer,Completed
3979,1435,2025-03-25,PayPal,Completed
3980,3905,2024-05-12,Bank Transfer,Completed
3981,2425,2025-07-02,Credit Card,Completed
3982,4108,2025-03-29,PayPal,Completed
3983,3749,2025-03-19,Bank Transfer,Completed
3984,3056,2024-12-24,Credit Card,Completed
3985,4123,2023-01-25,Invoice,Completed
3986,624,2025-05-11,Invoice,Completed
3987,658,2024-07-02,Invoice,Completed
3988,2708,2025-11-29,PayPal,Completed
3989,2795,2025-08-28,Bank Transfer,Completed
3990,4955,2025-01-27,Invoice,Completed
3991,3007,2024-02-02,Invoice,Returned
3992,3183,2023-12-04,Invoice,Completed
3993,4843,2024-05-21,PayPal,Completed
3994,4725,2024-10-27,PayPal,Cancelled
3995,3504,2024-03-30,PayPal,Completed
3996,3338,2024-11-26,PayPal,Completed
3997,1816,2023-10-20,Bank Transfer,Completed
3998,3836,2025-12-19,Credit Card,Completed
3999,3130,2023-07-14,Bank Transfer,Completed
4000,2274,2025-11-24,Credit Card,Completed
4001,2099,2025-11-13,Bank Transfer,Completed
4002,231,2024-12-04,Invoice,Completed
4003,4004,2025-06-05,Bank Transfer,Completed
4004,4819,2024-09-10,Credit Card,Completed
4005,4875,2025-03-13,PayPal,Completed
4006,4860,2024-05-21,Bank Transfer,Completed
4007,3194,2024-04-05,Invoice,Cancelled
4008,462,2025-01-17,Invoice,Completed
4009,2467,2024-11-14,Bank Transfer,Completed
4010,4654,2025-01-18,Invoice,Returned
4011,2284,2024-03-19,PayPal,Completed
4012,4664,2024-06-21,Credit Card,Completed
4013,4505,2023-06-04,Invoice,Completed
4014,162,2023-04-11,PayPal,Completed
4015,1158,2024-02-04,Credit Card,Completed
4016,1845,2023-05-18,PayPal,Completed
4017,374,2023-07-07,PayPal,Completed
4018,4769,2025-08-23,Bank Transfer,Returned
4019,770,2023-03-19,Credit Card,Completed
4020,1362,2025-04-08,Invoice,Completed
4021,4395,2024-03-03,Credit Card,Completed
4022,2646,2025-10-14,Bank Transfer,Completed
4023,3286,2024-11-04,Invoice,Completed
4024,10,2024-04-10,Invoice,Cancelled
4025,1423,2024-11-28,Credit Card,Completed
4026,1600,2024-07-09,Invoice,Completed
4027,250,2025-01-01,Invoice,Completed
4028,3220,2023-07-26,PayPal,Completed
4029,1149,2025-12-30,Bank Transfer,Completed
4030,2603,2024-08-29,Invoice,Completed
4031,1599,2024-05-30,Invoice,Completed
4032,1650,2025-05-23,Credit Card,Returned
4033,4195,2024-06-18,PayPal,Completed
4034,3923,2025-09-10,Bank Transfer,Returned
4035,293,2024-10-01,Bank Transfer,Cancelled
4036,4547,2025-06-01,Credit Card,Completed
4037,1150,2023-07-14,Bank Transfer,Completed
4038,3179,2025-09-22,Credit Card,Cancelled
4039,4746,2025-06-15,Credit Card,Completed
4040,1168,2023-12-12,Invoice,Completed
4041,4119,2023-09-16,Credit Card,Completed
4042,3099,2024-04-23,PayPal,Completed
4043,4670,2025-12-18,Credit Card,Returned
4044,806,2024-02-09,Credit Card,Completed
4045,1063,2024-10-03,Bank Transfer,Completed
4046,2083,2023-03-04,Invoice,Completed
4047,718,2024-07-27,PayPal,Cancelled
4048,1447,2025-01-09,Bank Transfer,Completed
4049,1381,2025-12-05,Invoice,Completed
4050,2762,2024-11-27,Bank Transfer,Completed
4051,1381,2025-08-29,Credit Card,Completed
4052,977,2024-12-20,Invoice,Returned
4053,347,2023-03-23,Credit Card,Completed
4054,2268,2024-04-21,Bank Transfer,Completed
4055,1585,2025-01-14,Credit Card,Completed
4056,4385,2025-12-04,PayPal,Completed
4057,3291,2025-10-03,PayPal,Completed
4058,4194,2023-12-30,Credit Card,Completed
4059,2174,2023-12-21,PayPal,Completed
4060,1648,2023-12-01,PayPal,Completed
4061,1012,2025-11-18,Credit Card,Returned
4062,127,2025-09-28,Credit Card,Completed
4063,3466,2025-07-20,Invoice,Cancelled
4064,2692,2024-07-21,Credit Card,Completed
4065,1533,2024-11-18,PayPal,Completed
4066,984,2024-10-13,PayPal,Cancelled
4067,2719,2024-02-04,Bank Transfer,Completed
4068,4504,2024-11-19,Invoice,Returned
4069,2213,2023-03-05,Bank Transfer,Completed
4070,1428,2023-08-24,Bank Transfer,Completed
4071,3123,2025-10-28,Bank Transfer,Completed
4072,1945,2025-06-29,Bank Transfer,Completed
4073,3965,2024-08-26,Invoice,Completed
4074,4258,2024-11-28,Invoice,Completed
4075,1857,2024-06-25,Bank Transfer,Completed
4076,4631,2025-06-20,Credit Card,Completed
4077,1336,2025-07-28,Invoice,Completed
4078,3015,2025-07-10,Bank Transfer,Completed
4079,4153,2025-06-03,Invoice,Cancelled
4080,595,2023-12-05,Bank Transfer,Returned
4081,2929,2024-05-18,Credit Card,Returned
4082,3019,2024-10-19,Invoice,Completed
4083,2769,2024-05-10,Bank Transfer,Completed
4084,632,2025-07-02,PayPal,Completed
4085,2865,2024-05-08,PayPal,Completed
4086,4544,2023-09-04,PayPal,Cancelled
4087,4933,2024-07-29,Bank Transfer,Completed
4088,3405,2025-12-20,Invoice,Completed
4089,2619,2023-12-27,Bank Transfer,Completed
4090,4052,2025-02-24,PayPal,Cancelled
4091,1993,2024-09-06,Invoice,Completed
4092,4553,2023-05-13,Bank Transfer,Completed
4093,1513,2024-11-06,PayPal,Completed
4094,1057,2025-05-16,PayPal,Completed
4095,2224,2024-11-25,Bank Transfer,Completed
4096,3626,2025-10-15,Invoice,Completed
4097,2301,2024-03-22,Invoice,Completed
4098,935,2023-06-08,Credit Card,Completed
4099,3549,2025-11-26,Credit Card,Completed
4100,1732,2024-07-04,Invoice,Completed
4101,454,2025-01-15,Invoice,Completed
4102,2530,2025-08-04,Credit Card,Completed
4103,1108,2024-05-02,Credit Card,Completed
4104,4050,2025-05-29,Credit Card,Completed
4105,2271,2023-08-30,Invoice,Completed
4106,3244,2024-03-25,PayPal,Completed
4107,821,2023-09-15,Invoice,Completed
4108,1621,2025-08-22,Bank Transfer,Completed
4109,4198,2023-12-24,PayPal,Completed
4110,2742,2025-05-30,Credit Card,Completed
4111,3097,2025-11-30,Invoice,Completed
4112,4105,2024-12-05,PayPal,Completed
4113,487,2024-12-14,PayPal,Completed
4114,1438,2024-10-09,Invoice,Completed
4115,2090,2024-05-04,Credit Card,Completed
4116,906,2024-10-26,Bank Transfer,Completed
4117,1260,2025-02-13,Bank Transfer,Completed
4118,681,2025-12-24,PayPal,Completed
4119,4846,2025-11-27,Invoice,Completed
4120,3284,2025-10-06,Credit Card,Completed
4121,849,2025-10-30,PayPal,Cancelled
4122,2089,2024-10-17,Invoice,Completed
4123,407,2025-04-06,Invoice,Completed
4124,1495,2025-11-03,Bank Transfer,Completed
4125,4602,2024-07-22,Invoice,Returned
4126,2733,2025-12-10,Bank Transfer,Cancelled
4127,3081,2024-08-17,PayPal,Completed
4128,3938,2025-02-11,Invoice,Completed
4129,4702,2025-05-23,PayPal,Cancelled
4130,3452,2025-12-04,PayPal,Completed
4131,3964,2024-01-22,Credit Card,Completed
4132,781,2025-06-24,Invoice,Completed
4133,3214,2024-11-30,PayPal,Completed
4134,4138,2024-02-26,Credit Card,Completed
4135,1385,2025-07-22,Credit Card,Completed
4136,1943,2024-12-23,Bank Transfer,Completed
4137,3435,2025-04-09,Bank Transfer,Completed
4138,2380,2024-05-01,PayPal,Completed
4139,3094,2024-11-01,Invoice,Completed
4140,302,2025-03-01,Invoice,Returned
4141,1113,2024-08-04,Bank Transfer,Completed
4142,1813,2023-11-28,Invoice,Completed
4143,2779,2025-12-10,Invoice,Completed
4144,438,2024-11-23,Credit Card,Completed
4145,2473,2025-06-13,Bank Transfer,Returned
4146,69,2024-08-12,PayPal,Completed
4147,4916,2024-06-07,Bank Transfer,Completed
4148,1970,2024-08-07,Bank Transfer,Returned
4149,939,2024-08-10,Credit Card,Completed
4150,2299,2024-12-17,PayPal,Completed
4151,3260,2024-12-17,Credit Card,Completed
4152,309,2024-11-13,Invoice,Cancelled
4153,261,2023-08-29,Credit Card,Completed
4154,3553,2024-11-12,Invoice,Completed
4155,1547,2023-10-26,Invoice,Cancelled
4156,2141,2023-08-14,PayPal,Completed
4157,2665,2025-11-24,PayPal,Completed
4158,4514,2025-02-16,Credit Card,Completed
4159,2994,2025-04-08,Credit Card,Returned
4160,603,2024-08-01,PayPal,Completed
4161,116,2025-11-11,Bank Transfer,Returned
4162,3219,2025-03-20,Bank Transfer,Completed
4163,3739,2025-07-15,Bank Transfer,Completed
4164,2676,2024-06-23,Invoice,Returned
4165,4003,2025-12-09,PayPal,Completed
4166,1742,2025-08-30,Bank Transfer,Completed
4167,4616,2025-09-29,Credit Card,Completed
4168,3643,2023-10-31,Bank Transfer,Completed
4169,3167,2024-03-01,Credit Card,Returned
4170,689,2024-03-18,Bank Transfer,Completed
4171,2673,2024-03-01,Credit Card,Completed
4172,2256,2025-09-30,Credit Card,Completed
4173,4532,2023-03-07,PayPal,Completed
4174,4723,2023-05-21,Invoice,Completed
4175,344,2024-03-04,PayPal,Completed
4176,4646,2023-11-30,Bank Transfer,Completed
4177,3185,2024-01-04,PayPal,Completed
4178,3114,2025-08-10,Credit Card,Completed
4179,1123,2024-12-31,PayPal,Cancelled
4180,960,2023-01-13,Bank Transfer,Completed
4181,441,2024-09-02,Bank Transfer,Completed
4182,3326,2024-08-08,Bank Transfer,Completed
4183,421,2023-07-25,PayPal,Completed
4184,3901,2025-04-23,Bank Transfer,Completed
4185,3597,2025-05-16,Credit Card,Completed
4186,2244,2025-06-02,Bank Transfer,Completed
4187,1025,2025-06-09,Bank Transfer,Completed
4188,2138,2023-01-01,Credit Card,Completed
4189,4055,2025-12-06,Bank Transfer,Completed
4190,2397,2025-08-24,Bank Transfer,Completed
4191,797,2025-11-08,Invoice,Completed
4192,699,2023-02-03,Bank Transfer,Returned
4193,4256,2025-11-25,Credit Card,Returned
4194,1205,2025-08-20,Credit Card,Completed
4195,239,2025-09-14,Credit Card,Completed
4196,4738,2023-06-20,Credit Card,Completed
4197,4075,2025-06-18,Invoice,Completed
4198,4236,2025-12-09,Credit Card,Completed
4199,317,2025-04-25,Invoice,Completed
4200,3337,2025-01-08,PayPal,Completed
4201,4175,2025-12-01,Bank Transfer,Completed
4202,3751,2024-09-18,Invoice,Completed
4203,3519,2025-02-09,Invoice,Cancelled
4204,565,2024-10-27,Bank Transfer,Completed
4205,2236,2025-11-24,Bank Transfer,Completed
4206,1519,2023-05-21,Invoice,Completed
4207,530,2024-11-16,Bank Transfer,Completed
4208,2539,2025-05-03,Invoice,Completed
4209,553,2025-08-04,Bank Transfer,Completed
4210,1974,2025-01-22,Credit Card,Completed
4211,2992,2025-11-11,Bank Transfer,Completed
4212,4523,2025-11-29,PayPal,Completed
4213,3213,2023-05-01,Credit Card,Completed
4214,1921,2024-08-02,PayPal,Completed
4215,24,2023-02-19,Credit Card,Completed
4216,1945,2024-05-08,Credit Card,Completed
4217,2766,2024-12-12,Credit Card,Completed
4218,3885,2025-11-12,PayPal,Completed
4219,2006,2025-09-22,Invoice,Completed
4220,4888,2023-08-17,Bank Transfer,Completed
4221,580,2023-06-19,Credit Card,Completed
4222,513,2025-01-29,PayPal,Completed
4223,3386,2024-12-09,PayPal,Completed
4224,1922,2024-02-23,PayPal,Returned
4225,4577,2025-11-05,PayPal,Completed
4226,688,2025-11-21,Invoice,Completed
4227,4067,2024-08-02,Credit Card,Completed
4228,1469,2025-10-31,PayPal,Completed
4229,4920,2024-07-11,PayPal,Completed
4230,2743,2025-06-16,Bank Transfer,Completed
4231,3581,2024-10-27,Credit Card,Completed
4232,4241,2023-08-08,PayPal,Completed
4233,2154,2025-11-21,Bank Transfer,Completed
4234,4160,2024-10-01,Invoice,Cancelled
4235,3717,2025-06-14,Invoice,Completed
4236,2023,2024-06-21,Credit Card,Completed
4237,13,2023-02-10,PayPal,Completed
4238,466,2023-07-02,Credit Card,Returned
4239,4194,2024-11-12,Invoice,Returned
4240,2199,2025-05-05,PayPal,Completed
4241,762,2024-05-14,Bank Transfer,Completed
4242,4455,2025-05-10,Credit Card,Completed
4243,1582,2025-05-13,Bank Transfer,Completed
4244,4916,2025-05-18,Invoice,Completed
4245,1100,2024-11-10,Invoice,Completed
4246,2451,2025-11-14,Bank Transfer,Completed
4247,659,2024-11-07,Bank Transfer,Completed
4248,3862,2024-09-27,PayPal,Completed
4249,4279,2023-11-29,PayPal,Completed
4250,248,2024-04-13,Bank Transfer,Completed
4251,1556,2023-03-25,Invoice,Returned
4252,3609,2025-03-16,Credit Card,Completed
4253,4938,2024-01-28,Credit Card,Completed
4254,1141,2024-04-09,Bank Transfer,Completed
4255,1744,2025-07-16,Bank Transfer,Completed
4256,161,2024-05-06,Invoice,Completed
4257,1429,2024-01-19,Invoice,Completed
4258,168,2023-10-26,Bank Transfer,Completed
4259,3192,2025-07-20,Credit Card,Completed
4260,420,2023-08-20,Credit Card,Completed
4261,4566,2024-10-01,PayPal,Completed
4262,648,2024-11-20,Invoice,Completed
4263,1019,2025-05-03,Credit Card,Completed
4264,4426,2025-03-16,PayPal,Completed
4265,2390,2025-08-21,Credit Card,Completed
4266,1443,2023-03-29,PayPal,Completed
4267,4165,2024-03-31,Bank Transfer,Completed
4268,3974,2024-03-11,Bank Transfer,Completed
4269,4995,2023-09-17,Invoice,Completed
4270,1235,2024-03-22,PayPal,Completed
4271,3040,2024-04-15,Bank Transfer,Returned
4272,3157,2024-12-01,PayPal,Completed
4273,1811,2025-04-12,PayPal,Returned
4274,4688,2024-07-08,Credit Card,Completed
4275,538,2025-06-01,Credit Card,Completed
4276,2742,2024-05-16,Credit Card,Completed
4277,2503,2024-03-23,Invoice,Completed
4278,2377,2024-12-15,Bank Transfer,Completed
4279,1731,2023-02-20,Credit Card,Cancelled
4280,4402,2023-05-28,Credit Card,Completed
4281,3143,2024-08-20,Bank Transfer,Completed
4282,632,2025-11-30,Credit Card,Cancelled
4283,2605,2025-06-02,PayPal,Completed
4284,4062,2023-06-11,Bank Transfer,Cancelled
4285,807,2025-09-22,Credit Card,Completed
4286,1088,2025-06-12,Credit Card,Completed
4287,101,2025-02-22,PayPal,Completed
4288,3032,2025-08-30,PayPal,Returned
4289,1561,2024-08-04,Credit Card,Completed
4290,3953,2023-12-23,PayPal,Completed
4291,3741,2024-11-24,PayPal,Completed
4292,801,2024-12-21,Invoice,Completed
4293,2047,2024-12-13,Invoice,Completed
4294,2742,2025-01-02,PayPal,Completed
4295,4004,2025-12-03,Credit Card,Cancelled
4296,1203,2025-11-07,Invoice,Returned
4297,1536,2025-10-18,Credit Card,Completed
4298,1006,2025-08-13,PayPal,Completed
4299,848,2025-11-30,Credit Card,Completed
4300,3151,2023-06-28,Bank Transfer,Returned
4301,2156,2024-02-21,Bank Transfer,Completed
4302,2383,2024-11-11,PayPal,Completed
4303,2154,2025-09-22,PayPal,Completed
4304,4633,2024-11-19,PayPal,Completed
4305,2453,2025-06-26,Bank Transfer,Completed
4306,724,2023-09-05,Credit Card,Completed
4307,4713,2024-02-03,Bank Transfer,Completed
4308,4400,2025-06-12,Invoice,Completed
4309,3618,2023-10-19,Bank Transfer,Completed
4310,4844,2024-06-03,PayPal,Returned
4311,2661,2024-02-21,Bank Transfer,Cancelled
4312,4672,2024-06-01,Credit Card,Completed
4313,1159,2025-05-22,Bank Transfer,Completed
4314,3782,2024-06-22,Invoice,Completed
4315,2526,2024-12-25,Invoice,Completed
4316,3488,2023-07-01,Invoice,Completed
4317,2385,2025-08-16,Credit Card,Completed
4318,2536,2024-06-25,PayPal,Completed
4319,1068,2025-03-29,Invoice,Completed
4320,1402,2025-06-06,Bank Transfer,Completed
4321,220,2023-12-10,Credit Card,Completed
4322,1413,2025-10-26,Invoice,Completed
4323,70,2025-02-28,Bank Transfer,Completed
4324,1736,2024-09-01,Bank Transfer,Completed
4325,3425,2023-11-11,Invoice,Completed
4326,2990,2025-11-29,PayPal,Completed
4327,2478,2025-07-02,Credit Card,Returned
4328,2813,2023-12-08,Invoice,Cancelled
4329,891,2024-05-18,PayPal,Completed
4330,2790,2025-08-20,Bank Transfer,Cancelled
4331,3607,2025-05-10,Bank Transfer,Completed
4332,1441,2025-07-12,Bank Transfer,Completed
4333,2273,2024-09-16,Credit Card,Completed
4334,1409,2025-05-29,Invoice,Completed
4335,2254,2024-07-14,Bank Transfer,Completed
4336,2684,2023-12-12,Credit Card,Cancelled
4337,3958,2025-03-15,Invoice,Completed
4338,3337,2025-12-18,PayPal,Completed
4339,1637,2024-04-16,Bank Transfer,Cancelled
4340,4041,2024-10-09,Invoice,Completed
4341,913,2025-04-21,Credit Card,Completed
4342,1331,2024-12-15,Invoice,Completed
4343,4696,2025-09-19,Credit Card,Completed
4344,142,2025-07-08,PayPal,Completed
4345,424,2023-04-21,Invoice,Completed
4346,3283,2025-12-31,Invoice,Completed
4347,2247,2025-06-30,Bank Transfer,Cancelled
4348,1929,2025-10-08,Bank Transfer,Completed
4349,984,2025-04-01,Credit Card,Completed
4350,2880,2025-10-01,Bank Transfer,Completed
4351,1839,2023-07-22,Bank Transfer,Completed
4352,3475,2024-05-30,Invoice,Completed
4353,3023,2025-10-19,Invoice,Completed
4354,296,2023-12-02,Credit Card,Completed
4355,4079,2023-05-25,Credit Card,Completed
4356,10,2025-08-01,Credit Card,Completed
4357,4467,2025-09-12,Credit Card,Completed
4358,4077,2023-10-15,Invoice,Completed
4359,4256,2025-09-29,PayPal,Completed
4360,404,2025-05-02,Credit Card,Completed
4361,3376,2024-11-30,PayPal,Completed
4362,3696,2025-09-08,Invoice,Completed
4363,149,2024-08-21,PayPal,Completed
4364,1673,2023-11-24,Bank Transfer,Completed
4365,669,2024-03-17,Invoice,Completed
4366,756,2024-11-19,Bank Transfer,Completed
4367,2058,2024-12-08,PayPal,Completed
4368,4654,2025-08-16,PayPal,Completed
4369,1003,2025-08-04,PayPal,Completed
4370,1719,2025-01-20,Credit Card,Completed
4371,4193,2025-07-25,PayPal,Completed
4372,4360,2023-11-21,Credit Card,Completed
4373,2374,2023-04-07,PayPal,Completed
4374,1724,2025-10-16,Invoice,Completed
4375,2643,2023-05-21,Credit Card,Returned
4376,3939,2024-01-25,PayPal,Completed
4377,225,2025-05-10,Invoice,Completed
4378,420,2024-08-10,Bank Transfer,Completed
4379,3355,2025-10-19,PayPal,Completed
4380,1571,2024-04-01,Credit Card,Completed
4381,1440,2023-01-26,PayPal,Completed
4382,3671,2024-04-04,Bank Transfer,Completed
4383,917,2025-01-17,Invoice,Returned
4384,4081,2024-07-02,Invoice,Completed
4385,3131,2024-12-11,Invoice,Completed
4386,1393,2025-10-19,Bank Transfer,Completed
4387,3367,2025-11-13,Bank Transfer,Returned
4388,3926,2024-02-23,Credit Card,Completed
4389,1791,2024-10-10,Invoice,Cancelled
4390,907,2024-12-21,Bank Transfer,Completed
4391,1030,2025-12-03,Bank Transfer,Completed
4392,2681,2025-12-31,Credit Card,Completed
4393,3392,2024-01-09,Credit Card,Completed
4394,2580,2025-06-07,Credit Card,Returned
4395,2456,2024-07-04,PayPal,Completed
4396,3801,2023-01-18,Credit Card,Completed
4397,1845,2023-01-20,Invoice,Completed
4398,383,2024-10-09,PayPal,Completed
4399,4631,2024-11-07,PayPal,Completed
4400,3841,2023-02-17,Invoice,Completed
4401,400,2025-05-03,PayPal,Completed
4402,378,2024-03-28,Invoice,Completed
4403,766,2024-12-29,PayPal,Completed
4404,4879,2024-04-05,Bank Transfer,Completed
4405,539,2023-10-23,Invoice,Completed
4406,3323,2024-08-07,PayPal,Completed
4407,4415,2024-01-04,Invoice,Completed
4408,3214,2024-12-10,Credit Card,Returned
4409,4440,2023-11-29,PayPal,Returned
4410,3672,2024-11-21,Credit Card,Returned
4411,4073,2023-10-06,Invoice,Completed
4412,4861,2025-04-18,Bank Transfer,Completed
4413,2382,2025-07-01,Bank Transfer,Completed
4414,1585,2023-07-19,PayPal,Completed
4415,1725,2024-10-17,Bank Transfer,Completed
4416,735,2023-05-13,Bank Transfer,Completed
4417,686,2025-02-08,PayPal,Completed
4418,2345,2024-02-20,Invoice,Completed
4419,4571,2024-12-05,Credit Card,Returned
4420,3797,2024-11-28,Bank Transfer,Completed
4421,359,2025-11-19,Invoice,Completed
4422,768,2024-12-21,Credit Card,Completed
4423,3275,2025-01-22,Invoice,Completed
4424,491,2024-08-01,PayPal,Completed
4425,3566,2025-12-03,Credit Card,Completed
4426,4172,2025-07-22,Invoice,Completed
4427,973,2024-03-18,Bank Transfer,Completed
4428,3832,2025-09-20,Bank Transfer,Completed
4429,3782,2024-09-06,Invoice,Returned
4430,173,2025-09-06,Credit Card,Cancelled
4431,1429,2025-09-01,Credit Card,Completed
4432,685,2023-11-18,Invoice,Completed
4433,3106,2025-05-15,PayPal,Completed
4434,4525,2024-03-24,Bank Transfer,Completed
4435,4580,2024-04-01,Invoice,Completed
4436,724,2024-03-30,Bank Transfer,Completed
4437,2314,2025-06-06,Invoice,Completed
4438,3318,2024-01-01,PayPal,Completed
4439,2115,2023-01-02,Bank Transfer,Cancelled
4440,1703,2025-05-28,Invoice,Completed
4441,2055,2023-10-30,Bank Transfer,Completed
4442,772,2023-07-09,PayPal,Cancelled
4443,2444,2024-01-12,Invoice,Completed
4444,978,2024-07-06,Bank Transfer,Completed
4445,1310,2024-10-27,Credit Card,Completed
4446,48,2023-03-29,Invoice,Completed
4447,1653,2025-12-15,PayPal,Completed
4448,350,2025-05-29,PayPal,Completed
4449,505,2024-05-01,PayPal,Completed
4450,54,2024-04-26,Invoice,Completed
4451,710,2024-09-25,Bank Transfer,Completed
4452,2326,2025-03-09,Credit Card,Completed
4453,1916,2023-09-18,Invoice,Completed
4454,3426,2023-11-18,Credit Card,Completed
4455,1518,2025-10-04,Bank Transfer,Completed
4456,4815,2024-02-08,Invoice,Completed
4457,3660,2024-07-07,Invoice,Completed
4458,1907,2025-10-14,PayPal,Completed
4459,1991,2025-04-11,Invoice,Completed
4460,2118,2024-05-23,Invoice,Completed
4461,3698,2025-04-30,PayPal,Completed
4462,510,2023-02-11,PayPal,Returned
4463,4374,2025-06-15,PayPal,Completed
4464,374,2024-11-06,Credit Card,Completed
4465,206,2025-08-23,Credit Card,Completed
4466,74,2025-12-06,PayPal,Completed
4467,1832,2025-11-20,Invoice,Completed
4468,2037,2025-11-11,Credit Card,Completed
4469,3414,2024-11-24,PayPal,Completed
4470,2389,2024-06-13,Bank Transfer,Returned
4471,3817,2024-10-14,Bank Transfer,Completed
4472,4317,2025-05-05,Bank Transfer,Completed
4473,1305,2025-10-26,Invoice,Completed
4474,4951,2023-12-07,Invoice,Completed
4475,3330,2025-11-16,PayPal,Completed
4476,2749,2025-08-25,Bank Transfer,Completed
4477,4521,2025-12-20,Invoice,Completed
4478,1954,2025-10-22,Invoice,Completed
4479,1879,2024-03-11,PayPal,Completed
4480,4837,2023-07-11,Invoice,Cancelled
4481,1215,2023-07-22,Invoice,Completed
4482,1402,2024-03-24,Credit Card,Completed
4483,1111,2025-02-26,Credit Card,Completed
4484,4259,2025-08-15,Bank Transfer,Returned
4485,1347,2025-11-05,Bank Transfer,Completed
4486,796,2025-03-07,Invoice,Returned
4487,2050,2023-01-12,PayPal,Completed
4488,4939,2023-11-15,Invoice,Completed
4489,3579,2023-07-01,Credit Card,Completed
4490,3465,2024-06-17,PayPal,Completed
4491,4280,2024-11-16,Bank Transfer,Completed
4492,628,2023-03-27,Invoice,Returned
4493,1900,2024-05-30,Bank Transfer,Completed
4494,4426,2023-11-08,PayPal,Completed
4495,380,2025-03-28,Bank Transfer,Completed
4496,1496,2024-10-13,Invoice,Completed
4497,761,2024-11-12,Bank Transfer,Returned
4498,4201,2024-08-31,Credit Card,Completed
4499,3648,2025-12-07,Credit Card,Completed
4500,4814,2023-12-16,Bank Transfer,Completed
4501,1456,2024-11-27,Bank Transfer,Completed
4502,213,2025-06-15,Bank Transfer,Completed
4503,4053,2024-12-27,Credit Card,Completed
4504,1461,2025-11-22,PayPal,Completed
4505,1899,2024-07-04,PayPal,Completed
4506,570,2024-10-12,Credit Card,Cancelled
4507,972,2023-06-12,Credit Card,Returned
4508,2678,2025-02-20,Bank Transfer,Completed
4509,1504,2024-03-21,Bank Transfer,Completed
4510,551,2023-10-11,Bank Transfer,Completed
4511,1973,2024-12-18,Bank Transfer,Returned
4512,2675,2024-12-09,Invoice,Completed
4513,608,2023-05-21,Credit Card,Completed
4514,4463,2025-05-13,Bank Transfer,Returned
4515,448,2025-03-07,PayPal,Completed
4516,406,2023-11-18,PayPal,Completed
4517,233,2024-10-19,Invoice,Completed
4518,855,2025-06-01,PayPal,Returned
4519,355,2024-12-07,Bank Transfer,Completed
4520,4414,2024-07-24,Credit Card,Completed
4521,2906,2024-04-30,Invoice,Completed
4522,1581,2025-02-22,Invoice,Completed
4523,537,2025-11-28,PayPal,Completed
4524,476,2025-04-19,PayPal,Completed
4525,2662,2023-05-19,PayPal,Completed
4526,180,2024-10-09,PayPal,Completed
4527,479,2025-11-01,Credit Card,Completed
4528,4302,2023-06-22,Credit Card,Completed
4529,253,2025-12-25,Invoice,Completed
4530,2706,2025-12-03,PayPal,Completed
4531,4473,2023-05-25,Invoice,Completed
4532,4438,2025-11-24,Credit Card,Completed
4533,4768,2024-06-17,Bank Transfer,Completed
4534,3264,2025-09-20,Bank Transfer,Returned
4535,4523,2024-08-20,PayPal,Completed
4536,3819,2024-09-16,PayPal,Completed
4537,2174,2025-03-16,Credit Card,Cancelled
4538,1648,2025-07-20,Bank Transfer,Returned
4539,4952,2023-03-11,Bank Transfer,Completed
4540,4451,2025-02-03,Bank Transfer,Completed
4541,3491,2023-11-16,Invoice,Completed
4542,1621,2024-05-28,PayPal,Returned
4543,815,2024-05-30,Bank Transfer,Completed
4544,3378,2024-10-19,Invoice,Completed
4545,3640,2024-05-14,Credit Card,Completed
4546,43,2023-07-13,PayPal,Completed
4547,3749,2023-09-16,Invoice,Completed
4548,3191,2023-03-10,Bank Transfer,Completed
4549,1055,2024-10-20,Bank Transfer,Cancelled
4550,1747,2025-12-06,Invoice,Completed
4551,2843,2023-07-28,Invoice,Returned
4552,4750,2025-12-02,Invoice,Completed
4553,4436,2025-06-13,PayPal,Completed
4554,1335,2025-03-19,Credit Card,Completed
4555,844,2025-03-26,PayPal,Returned
4556,4449,2025-09-04,Bank Transfer,Completed
4557,1488,2023-07-13,Credit Card,Completed
4558,1149,2024-11-19,Credit Card,Completed
4559,3163,2025-05-12,Bank Transfer,Completed
4560,1244,2025-01-27,PayPal,Completed
4561,1095,2025-09-10,PayPal,Completed
4562,1390,2023-05-15,Bank Transfer,Completed
4563,2765,2025-05-06,Bank Transfer,Completed
4564,4378,2024-12-10,Invoice,Completed
4565,4061,2024-07-05,Invoice,Completed
4566,3355,2024-05-21,PayPal,Completed
4567,1590,2025-03-04,Credit Card,Completed
4568,4766,2025-11-01,Bank Transfer,Completed
4569,2863,2024-11-12,Bank Transfer,Completed
4570,1723,2025-09-03,Invoice,Completed
4571,1299,2024-08-01,PayPal,Returned
4572,4070,2023-07-05,Credit Card,Completed
4573,693,2023-04-27,PayPal,Returned
4574,3692,2023-04-09,Invoice,Completed
4575,1219,2024-07-07,PayPal,Completed
4576,3353,2024-05-17,PayPal,Completed
4577,62,2025-05-30,Bank Transfer,Completed
4578,3102,2025-06-21,Credit Card,Completed
4579,1789,2023-04-09,Invoice,Completed
4580,2994,2023-12-22,Bank Transfer,Returned
4581,2590,2024-03-05,Bank Transfer,Returned
4582,1126,2024-12-20,PayPal,Completed
4583,2958,2023-09-15,Credit Card,Completed
4584,1754,2023-08-28,Invoice,Completed
4585,2920,2025-11-30,Bank Transfer,Returned
4586,2481,2025-08-15,Credit Card,Completed
4587,4264,2023-11-09,PayPal,Completed
4588,431,2024-08-06,PayPal,Completed
4589,4301,2024-06-08,Invoice,Completed
4590,3143,2025-08-03,Invoice,Completed
4591,91,2024-11-23,Bank Transfer,Completed
4592,3894,2023-08-17,PayPal,Completed
4593,1666,2025-06-18,Bank Transfer,Returned
4594,3597,2024-07-26,Invoice,Completed
4595,4326,2024-02-18,Bank Transfer,Returned
4596,2547,2024-07-01,Bank Transfer,Returned
4597,3632,2024-11-13,Credit Card,Returned
4598,3114,2024-05-24,Invoice,Completed
4599,4594,2024-01-18,Bank Transfer,Completed
4600,3291,2024-07-28,Credit Card,Completed
4601,199,2023-02-10,Bank Transfer,Completed
4602,869,2025-07-18,Invoice,Returned
4603,24,2023-10-29,Invoice,Completed
4604,2869,2023-03-28,Credit Card,Completed
4605,3938,2025-04-03,Credit Card,Completed
4606,2138,2025-07-19,Invoice,Completed
4607,2579,2025-08-24,PayPal,Returned
4608,79,2024-11-10,Invoice,Completed
4609,1675,2023-12-06,Credit Card,Completed
4610,4666,2025-06-16,Credit Card,Completed
4611,1941,2025-05-14,Credit Card,Completed
4612,3057,2024-01-25,Invoice,Completed
4613,2121,2025-11-08,Credit Card,Returned
4614,3290,2023-07-08,Invoice,Completed
4615,1570,2025-12-22,Credit Card,Completed
4616,312,2025-10-04,Credit Card,Completed
4617,1628,2025-05-03,Invoice,Completed
4618,1104,2025-11-27,Bank Transfer,Completed
4619,3068,2025-06-03,Bank Transfer,Completed
4620,4809,2023-11-20,Invoice,Completed
4621,1324,2024-09-17,Invoice,Completed
4622,3477,2023-05-14,PayPal,Completed
4623,4325,2024-07-18,Invoice,Completed
4624,1802,2025-06-20,Invoice,Completed
4625,2325,2024-07-14,Bank Transfer,Completed
4626,1215,2024-05-09,PayPal,Completed
4627,1189,2025-02-05,PayPal,Completed
4628,1416,2025-10-15,PayPal,Completed
4629,2591,2023-04-03,Invoice,Completed
4630,3695,2024-07-13,PayPal,Completed
4631,4539,2023-10-08,Invoice,Completed
4632,1133,2025-05-10,Invoice,Completed
4633,249,2023-07-11,PayPal,Completed
4634,856,2025-04-13,PayPal,Cancelled
4635,1123,2024-03-19,Bank Transfer,Returned
4636,1083,2023-11-29,PayPal,Completed
4637,4097,2025-11-26,PayPal,Completed
4638,3817,2023-02-09,PayPal,Completed
4639,3734,2024-09-12,Invoice,Cancelled
4640,812,2023-02-15,Invoice,Completed
4641,1800,2024-11-03,Bank Transfer,Completed
4642,4634,2024-11-16,Invoice,Completed
4643,837,2024-04-29,Bank Transfer,Completed
4644,2432,2023-08-25,Invoice,Completed
4645,1181,2024-07-02,PayPal,Completed
4646,820,2025-04-19,Bank Transfer,Completed
4647,4579,2025-07-27,Bank Transfer,Completed
4648,3802,2024-12-08,PayPal,Completed
4649,235,2025-01-30,Credit Card,Completed
4650,1777,2023-12-01,Invoice,Completed
4651,4720,2024-03-20,Invoice,Completed
4652,2679,2023-10-14,Bank Transfer,Returned
4653,56,2024-01-29,Bank Transfer,Completed
4654,357,2023-12-26,Credit Card,Completed
4655,2195,2024-11-29,PayPal,Completed
4656,1848,2024-12-31,Bank Transfer,Completed
4657,2396,2025-12-01,PayPal,Completed
4658,2147,2023-11-25,Bank Transfer,Completed
4659,4795,2025-03-23,Credit Card,Returned
4660,184,2025-08-27,PayPal,Completed
4661,525,2024-12-29,Credit Card,Completed
4662,3811,2024-02-06,Bank Transfer,Completed
4663,4102,2024-02-18,Credit Card,Completed
4664,1470,2023-03-20,Invoice,Completed
4665,4290,2024-04-10,PayPal,Completed
4666,2667,2025-06-23,Bank Transfer,Cancelled
4667,92,2023-04-03,Invoice,Completed
4668,4080,2023-12-20,Credit Card,Completed
4669,1818,2025-05-20,PayPal,Completed
4670,1396,2025-07-27,Bank Transfer,Completed
4671,3448,2024-10-02,Credit Card,Completed
4672,1641,2025-05-12,Invoice,Completed
4673,1827,2024-07-16,Bank Transfer,Completed
4674,2648,2023-10-11,PayPal,Completed
4675,4823,2024-07-28,Credit Card,Completed
4676,1970,2025-01-19,Invoice,Completed
4677,3332,2025-12-03,Invoice,Returned
4678,3963,2023-05-09,PayPal,Completed
4679,947,2024-11-20,PayPal,Completed
4680,37,2024-05-08,Bank Transfer,Cancelled
4681,1409,2024-11-21,PayPal,Completed
4682,1461,2023-02-20,Credit Card,Completed
4683,3198,2024-04-19,Credit Card,Completed
4684,952,2025-08-29,Credit Card,Completed
4685,1113,2024-12-24,Invoice,Completed
4686,1169,2024-09-27,PayPal,Completed
4687,1604,2024-03-18,Bank Transfer,Completed
4688,1192,2024-04-01,Invoice,Completed
4689,3139,2024-07-10,Invoice,Completed
4690,1327,2025-09-12,PayPal,Completed
4691,4750,2025-12-13,Credit Card,Completed
4692,1565,2024-09-13,Bank Transfer,Completed
4693,4353,2024-07-22,Invoice,Cancelled
4694,1189,2025-09-22,Credit Card,Completed
4695,2334,2024-08-30,Credit Card,Completed
4696,2579,2024-12-23,PayPal,Completed
4697,1176,2024-01-02,Invoice,Completed
4698,1824,2025-06-22,Bank Transfer,Completed
4699,2285,2024-12-08,PayPal,Completed
4700,2440,2025-08-20,Bank Transfer,Returned
4701,1990,2025-07-25,Invoice,Completed
4702,89,2023-12-16,PayPal,Completed
4703,1560,2025-05-28,PayPal,Completed
4704,821,2025-08-12,Invoice,Returned
4705,1166,2024-05-28,PayPal,Completed
4706,2418,2023-11-01,Credit Card,Returned
4707,218,2023-01-06,PayPal,Completed
4708,2603,2024-09-27,PayPal,Completed
4709,2757,2024-06-04,Bank Transfer,Completed
4710,828,2024-12-25,PayPal,Completed
4711,3738,2023-11-17,PayPal,Completed
4712,3136,2025-10-04,Invoice,Completed
4713,2525,2024-02-10,PayPal,Completed
4714,1427,2023-12-28,Credit Card,Completed
4715,410,2024-11-01,Invoice,Returned
4716,1523,2024-11-14,Bank Transfer,Completed
4717,4529,2023-12-16,Bank Transfer,Completed
4718,4386,2024-03-02,Credit Card,Completed
4719,4868,2023-10-27,Invoice,Completed
4720,3426,2025-05-31,Invoice,Cancelled
4721,1506,2025-07-16,Credit Card,Completed
4722,4666,2024-10-11,Invoice,Completed
4723,4718,2025-05-27,Invoice,Completed
4724,2219,2025-06-15,Credit Card,Completed
4725,1647,2023-09-04,Credit Card,Completed
4726,2019,2025-12-13,Invoice,Completed
4727,3587,2025-08-30,Credit Card,Completed
4728,2086,2023-12-05,PayPal,Completed
4729,3754,2023-11-15,Credit Card,Completed
4730,1387,2023-08-14,Credit Card,Returned
4731,2572,2023-09-04,Invoice,Completed
4732,1729,2025-06-26,Credit Card,Completed
4733,4627,2024-10-19,Credit Card,Returned
4734,1964,2025-07-27,Credit Card,Completed
4735,2160,2025-06-24,PayPal,Cancelled
4736,4325,2025-02-15,Bank Transfer,Completed
4737,738,2025-05-02,Invoice,Completed
4738,3702,2023-02-08,Bank Transfer,Returned
4739,538,2024-04-18,PayPal,Completed
4740,475,2025-03-20,Credit Card,Completed
4741,4919,2023-01-20,Credit Card,Returned
4742,1525,2023-03-09,Bank Transfer,Completed
4743,240,2025-09-27,PayPal,Completed
4744,1733,2025-04-30,PayPal,Completed
4745,641,2024-02-22,Bank Transfer,Completed
4746,2968,2025-05-03,PayPal,Completed
4747,3662,2025-08-05,Bank Transfer,Completed
4748,416,2024-04-12,Bank Transfer,Cancelled
4749,2365,2023-03-14,PayPal,Completed
4750,3205,2025-11-24,Bank Transfer,Completed
4751,808,2024-05-27,Invoice,Completed
4752,660,2023-07-12,Bank Transfer,Completed
4753,476,2024-11-09,PayPal,Completed
4754,3050,2025-07-14,Bank Transfer,Completed
4755,2770,2023-12-23,Invoice,Completed
4756,4039,2024-02-28,PayPal,Completed
4757,2322,2024-01-19,Credit Card,Completed
4758,545,2025-12-27,Bank Transfer,Completed
4759,3161,2023-11-27,Bank Transfer,Cancelled
4760,4809,2025-01-14,Bank Transfer,Completed
4761,1831,2025-11-20,Bank Transfer,Completed
4762,2174,2023-09-19,Bank Transfer,Completed
4763,2512,2025-12-15,Bank Transfer,Returned
4764,2125,2025-12-02,Credit Card,Completed
4765,1122,2025-10-26,PayPal,Returned
4766,3562,2023-12-15,Bank Transfer,Completed
4767,1218,2025-03-16,Credit Card,Completed
4768,3119,2025-07-08,Bank Transfer,Returned
4769,3693,2025-12-24,Credit Card,Completed
4770,1288,2023-11-09,Credit Card,Completed
4771,4528,2025-07-12,Bank Transfer,Returned
4772,2599,2024-05-19,PayPal,Completed
4773,2730,2023-11-04,Credit Card,Completed
4774,4040,2024-08-24,Credit Card,Completed
4775,2855,2025-08-06,PayPal,Returned
4776,528,2024-10-14,Bank Transfer,Completed
4777,3343,2024-12-12,Credit Card,Completed
4778,2397,2025-12-29,Bank Transfer,Completed
4779,2454,2024-07-29,Bank Transfer,Completed
4780,3920,2025-02-27,Bank Transfer,Completed
4781,404,2024-06-19,Invoice,Completed
4782,4932,2024-07-21,Invoice,Completed
4783,3205,2025-05-10,Credit Card,Returned
4784,1648,2025-11-27,Bank Transfer,Completed
4785,430,2024-12-16,Bank Transfer,Completed
4786,3291,2025-07-14,Credit Card,Completed
4787,1730,2023-06-13,Bank Transfer,Completed
4788,4256,2023-12-12,Bank Transfer,Completed
4789,1808,2024-11-17,Invoice,Completed
4790,1285,2023-02-12,Credit Card,Returned
4791,2835,2024-02-03,Credit Card,Completed
4792,2928,2024-11-28,PayPal,Completed
4793,1837,2023-02-01,PayPal,Completed
4794,4442,2024-02-20,Bank Transfer,Returned
4795,2775,2024-11-25,Credit Card,Completed
4796,4365,2025-01-11,PayPal,Completed
4797,1592,2025-11-20,Bank Transfer,Returned
4798,2664,2025-03-26,Bank Transfer,Completed
4799,2355,2024-08-16,Invoice,Completed
4800,1725,2025-11-23,Credit Card,Completed
4801,2018,2025-07-29,PayPal,Completed
4802,2723,2023-11-30,Bank Transfer,Completed
4803,2503,2023-08-22,Bank Transfer,Completed
4804,452,2025-04-23,Credit Card,Completed
4805,1121,2024-12-29,PayPal,Completed
4806,3813,2025-08-02,Credit Card,Completed
4807,3017,2025-06-18,Credit Card,Returned
4808,1093,2025-03-08,Bank Transfer,Completed
4809,2655,2025-12-24,Bank Transfer,Returned
4810,3299,2024-12-10,PayPal,Completed
4811,2996,2023-07-23,Bank Transfer,Completed
4812,3761,2025-09-06,Bank Transfer,Completed
4813,3350,2024-02-02,Credit Card,Completed
4814,4498,2025-07-22,PayPal,Completed
4815,2044,2025-12-08,Credit Card,Completed
4816,1438,2025-05-11,Invoice,Completed
4817,3762,2025-02-06,PayPal,Completed
4818,2733,2024-10-08,PayPal,Completed
4819,3028,2024-06-18,Invoice,Completed
4820,1297,2024-06-05,Credit Card,Completed
4821,615,2025-03-18,Invoice,Completed
4822,1787,2025-06-29,PayPal,Completed
4823,2157,2025-04-25,Bank Transfer,Completed
4824,1357,2023-11-28,Bank Transfer,Completed
4825,2847,2024-11-11,Invoice,Completed
4826,4010,2025-08-04,Invoice,Returned
4827,2322,2024-10-26,Bank Transfer,Completed
4828,4139,2024-12-12,Bank Transfer,Completed
4829,2932,2025-07-17,Bank Transfer,Completed
4830,316,2025-04-10,Credit Card,Completed
4831,558,2024-08-10,PayPal,Completed
4832,3425,2025-11-03,PayPal,Returned
4833,1822,2023-10-15,Bank Transfer,Completed
4834,3153,2025-12-29,Bank Transfer,Completed
4835,4397,2023-08-02,PayPal,Completed
4836,772,2023-02-01,Credit Card,Completed
4837,3873,2025-10-31,Bank Transfer,Completed
4838,4241,2024-01-23,Credit Card,Completed
4839,4475,2025-06-10,Bank Transfer,Completed
4840,2365,2025-08-21,PayPal,Completed
4841,81,2025-10-03,Invoice,Completed
4842,3108,2025-12-27,Credit Card,Completed
4843,87,2024-03-28,Credit Card,Completed
4844,2114,2025-05-23,Bank Transfer,Completed
4845,4349,2023-07-27,Bank Transfer,Completed
4846,2111,2024-08-07,Invoice,Completed
4847,6,2025-09-23,Credit Card,Completed
4848,623,2024-06-22,Bank Transfer,Completed
4849,1779,2025-01-31,Bank Transfer,Completed
4850,3596,2024-11-18,Bank Transfer,Completed
4851,3522,2025-03-27,Invoice,Completed
4852,2354,2025-12-16,Bank Transfer,Completed
4853,2276,2023-04-17,Bank Transfer,Cancelled
4854,4543,2025-01-12,Bank Transfer,Completed
4855,4146,2025-10-07,Invoice,Completed
4856,3391,2024-11-01,Bank Transfer,Completed
4857,2990,2023-05-26,Invoice,Completed
4858,2418,2024-12-29,Credit Card,Completed
4859,3001,2024-05-11,Credit Card,Completed
4860,1935,2023-10-02,Bank Transfer,Completed
4861,2389,2025-09-24,Credit Card,Completed
4862,4373,2024-12-01,Invoice,Completed
4863,3405,2025-11-24,Bank Transfer,Cancelled
4864,3260,2025-08-17,Invoice,Returned
4865,1156,2025-05-08,Credit Card,Completed
4866,834,2023-01-11,PayPal,Completed
4867,2742,2024-08-31,Credit Card,Completed
4868,3301,2023-11-27,Credit Card,Completed
4869,66,2025-11-12,Bank Transfer,Completed
4870,3014,2023-11-03,Bank Transfer,Completed
4871,1118,2024-03-18,Invoice,Completed
4872,4734,2024-11-27,Credit Card,Completed
4873,2295,2024-02-19,Credit Card,Completed
4874,2164,2023-12-10,Credit Card,Completed
4875,639,2025-02-09,Invoice,Completed
4876,2549,2023-06-12,Bank Transfer,Completed
4877,2501,2023-04-21,PayPal,Completed
4878,3277,2024-06-27,PayPal,Completed
4879,2519,2025-06-02,Bank Transfer,Completed
4880,4462,2024-12-25,Credit Card,Completed
4881,4336,2024-08-26,Bank Transfer,Completed
4882,2460,2025-01-03,Invoice,Completed
4883,1074,2024-06-19,Credit Card,Completed
4884,2686,2025-11-26,Bank Transfer,Returned
4885,3534,2023-04-15,Credit Card,Completed
4886,660,2025-04-20,Credit Card,Completed
4887,3137,2025-11-01,PayPal,Completed
4888,3868,2025-08-15,Bank Transfer,Completed
4889,68,2023-11-13,Credit Card,Returned
4890,1045,2024-03-30,PayPal,Completed
4891,1763,2025-05-29,Invoice,Completed
4892,3966,2023-06-04,PayPal,Completed
4893,1871,2025-08-22,Invoice,Completed
4894,2632,2025-05-31,Invoice,Completed
4895,3459,2025-06-10,PayPal,Completed
4896,3212,2023-07-01,Invoice,Returned
4897,672,2025-05-30,PayPal,Completed
4898,2811,2025-04-26,Invoice,Completed
4899,977,2025-09-08,Bank Transfer,Completed
4900,2761,2023-03-24,Credit Card,Completed
4901,2906,2023-02-19,Credit Card,Cancelled
4902,1813,2024-06-28,Invoice,Completed
4903,178,2023-09-22,PayPal,Completed
4904,233,2024-12-28,Credit Card,Completed
4905,2013,2025-11-15,Credit Card,Completed
4906,3386,2024-07-20,Bank Transfer,Cancelled
4907,2691,2025-09-21,Invoice,Completed
4908,2662,2023-01-01,PayPal,Completed
4909,4686,2023-10-25,Invoice,Completed
4910,3201,2023-03-05,Bank Transfer,Completed
4911,16,2024-05-07,Invoice,Completed
4912,2027,2025-11-10,Bank Transfer,Completed
4913,1264,2023-06-26,Invoice,Completed
4914,2613,2025-02-17,Credit Card,Cancelled
4915,192,2024-09-28,Invoice,Completed
4916,1266,2025-11-27,Credit Card,Completed
4917,1580,2023-08-08,Invoice,Completed
4918,1718,2023-12-13,Credit Card,Completed
4919,1461,2023-03-03,PayPal,Completed
4920,2819,2024-09-07,Bank Transfer,Completed
4921,3057,2024-03-09,Invoice,Completed
4922,1045,2025-10-13,PayPal,Completed
4923,4990,2025-02-16,Credit Card,Completed
4924,471,2025-02-26,Invoice,Completed
4925,2561,2024-12-08,Invoice,Returned
4926,1797,2023-06-17,Invoice,Completed
4927,3543,2024-09-20,PayPal,Completed
4928,3276,2025-12-31,PayPal,Completed
4929,787,2025-09-12,PayPal,Completed
4930,4738,2025-11-02,Invoice,Cancelled
4931,3548,2025-09-01,Invoice,Returned
4932,2562,2023-07-06,PayPal,Completed
4933,4046,2023-12-29,Invoice,Completed
4934,2656,2023-01-07,Credit Card,Returned
4935,3766,2024-04-08,Credit Card,Completed
4936,3011,2023-07-16,Invoice,Completed
4937,2284,2024-10-23,Invoice,Completed
4938,3070,2025-04-24,Credit Card,Completed
4939,3928,2025-10-17,Credit Card,Completed
4940,2787,2025-06-27,Invoice,Completed
4941,537,2025-11-27,Invoice,Completed
4942,3960,2023-04-14,PayPal,Completed
4943,1353,2023-01-26,Bank Transfer,Completed
4944,1634,2025-04-10,Credit Card,Returned
4945,621,2024-03-22,Invoice,Completed
4946,4813,2024-02-04,Credit Card,Completed
4947,2362,2024-05-10,Invoice,Completed
4948,114,2024-02-28,Invoice,Completed
4949,4210,2024-11-23,Bank Transfer,Completed
4950,4734,2024-09-15,Credit Card,Completed
4951,1546,2024-11-24,PayPal,Completed
4952,622,2025-04-20,PayPal,Completed
4953,921,2024-07-15,Invoice,Returned
4954,4456,2024-02-01,Bank Transfer,Completed
4955,3434,2023-10-21,PayPal,Completed
4956,3067,2024-06-01,Credit Card,Completed
4957,2652,2025-06-21,Credit Card,Completed
4958,3332,2025-07-04,Invoice,Completed
4959,132,2025-04-15,PayPal,Completed
4960,3750,2024-01-07,Credit Card,Completed
4961,850,2025-01-28,PayPal,Returned
4962,806,2025-01-09,Bank Transfer,Completed
4963,2304,2024-11-04,PayPal,Completed
4964,1428,2024-12-22,Invoice,Completed
4965,1261,2024-11-09,Credit Card,Cancelled
4966,1244,2025-01-03,Invoice,Completed
4967,75,2025-05-28,Bank Transfer,Completed
4968,1159,2023-07-17,Bank Transfer,Completed
4969,3334,2025-06-28,Bank Transfer,Completed
4970,1098,2023-08-31,Bank Transfer,Completed
4971,1736,2023-05-05,Invoice,Completed
4972,2076,2025-12-18,Bank Transfer,Completed
4973,521,2025-12-07,Credit Card,Completed
4974,2257,2023-04-25,PayPal,Returned
4975,337,2024-09-18,Invoice,Returned
4976,1098,2023-11-15,Invoice,Completed
4977,1639,2024-11-04,Invoice,Completed
4978,2516,2025-09-07,Invoice,Completed
4979,2395,2025-12-04,PayPal,Completed
4980,4098,2025-03-16,Invoice,Completed
4981,4204,2024-06-06,PayPal,Completed
4982,4916,2025-02-14,Credit Card,Completed
4983,1869,2024-04-18,PayPal,Completed
4984,3938,2025-11-11,Invoice,Completed
4985,3408,2025-10-13,Invoice,Returned
4986,404,2024-12-28,Invoice,Completed
4987,4310,2024-05-03,Credit Card,Completed
4988,2041,2024-03-27,Bank Transfer,Completed
4989,418,2023-03-10,Invoice,Cancelled
4990,634,2025-08-26,Invoice,Completed
4991,2263,2024-09-27,Credit Card,Completed
4992,963,2024-05-03,PayPal,Completed
4993,3570,2024-10-21,Invoice,Completed
4994,332,2025-08-28,PayPal,Completed
4995,2525,2023-08-12,PayPal,Completed
4996,984,2025-10-02,PayPal,Completed
4997,2092,2025-11-04,Invoice,Completed
4998,3657,2025-12-02,Credit Card,Completed
4999,3317,2024-07-27,Credit Card,Completed
5000,1794,2023-12-18,PayPal,Completed
5001,2525,2024-06-29,PayPal,Completed
5002,2237,2024-05-12,Credit Card,Completed
5003,2879,2023-11-05,Bank Transfer,Completed
5004,2157,2025-02-18,PayPal,Returned
5005,1406,2024-10-27,Credit Card,Completed
5006,385,2025-10-09,Bank Transfer,Completed
5007,2187,2023-03-08,Invoice,Cancelled
5008,2579,2025-03-25,Invoice,Cancelled
5009,3184,2025-07-09,PayPal,Completed
5010,896,2025-07-06,Invoice,Completed
5011,1555,2025-10-27,Bank Transfer,Completed
5012,4798,2025-06-09,Bank Transfer,Completed
5013,4172,2025-11-21,Invoice,Completed
5014,944,2024-05-12,Invoice,Completed
5015,672,2024-11-17,Bank Transfer,Completed
5016,2928,2023-01-30,Credit Card,Completed
5017,2977,2023-01-15,Invoice,Returned
5018,895,2024-01-16,Invoice,Returned
5019,1745,2023-07-02,Credit Card,Completed
5020,1141,2024-02-14,Invoice,Completed
5021,129,2023-11-06,PayPal,Cancelled
5022,999,2023-03-02,PayPal,Completed
5023,892,2025-11-11,PayPal,Completed
5024,4924,2023-01-18,Bank Transfer,Cancelled
5025,2936,2025-06-15,Invoice,Completed
5026,1996,2023-09-27,PayPal,Completed
5027,3738,2025-11-13,Credit Card,Completed
5028,991,2025-11-02,PayPal,Completed
5029,3153,2025-04-03,Bank Transfer,Completed
5030,4902,2025-04-19,Invoice,Completed
5031,3733,2023-01-12,PayPal,Completed
5032,3032,2025-12-23,Invoice,Completed
5033,3336,2025-10-20,Bank Transfer,Completed
5034,1604,2025-11-03,PayPal,Completed
5035,3241,2025-04-08,Credit Card,Completed
5036,174,2024-05-26,Bank Transfer,Completed
5037,3839,2025-11-02,Invoice,Completed
5038,1935,2024-03-25,PayPal,Completed
5039,3869,2024-12-31,PayPal,Completed
5040,1906,2023-07-01,PayPal,Completed
5041,4902,2025-11-18,Bank Transfer,Returned
5042,4343,2023-09-08,Invoice,Completed
5043,2923,2023-12-26,Bank Transfer,Cancelled
5044,2575,2024-12-28,Bank Transfer,Completed
5045,4711,2025-07-10,Bank Transfer,Returned
5046,4442,2025-03-03,Invoice,Completed
5047,3777,2024-01-04,Credit Card,Returned
5048,2003,2023-01-03,Bank Transfer,Returned
5049,229,2025-07-04,Credit Card,Completed
5050,1586,2025-12-23,PayPal,Completed
5051,2092,2025-08-20,Credit Card,Completed
5052,3348,2024-10-08,Bank Transfer,Completed
5053,1573,2025-11-08,Invoice,Completed
5054,4728,2024-08-10,Credit Card,Completed
5055,2921,2024-12-03,PayPal,Completed
5056,1021,2024-10-28,Invoice,Completed
5057,4642,2024-09-23,PayPal,Completed
5058,3000,2025-07-20,PayPal,Completed
5059,114,2024-12-05,Credit Card,Completed
5060,484,2024-04-23,Invoice,Completed
5061,1167,2024-02-11,Credit Card,Completed
5062,3524,2023-03-17,Invoice,Returned
5063,2118,2025-01-22,Credit Card,Completed
5064,2862,2024-01-01,PayPal,Returned
5065,2792,2023-09-21,Invoice,Completed
5066,3498,2025-04-03,PayPal,Completed
5067,1765,2025-04-27,Bank Transfer,Completed
5068,3237,2025-06-30,Invoice,Completed
5069,8,2024-11-18,PayPal,Completed
5070,1108,2025-11-02,Invoice,Completed
5071,2989,2025-11-26,Credit Card,Completed
5072,1084,2025-08-18,Credit Card,Completed
5073,538,2025-03-18,Credit Card,Returned
5074,2118,2024-04-08,Invoice,Completed
5075,355,2025-12-22,Invoice,Returned
5076,2089,2024-03-04,Credit Card,Completed
5077,873,2023-12-03,Bank Transfer,Cancelled
5078,2978,2024-09-17,Bank Transfer,Completed
5079,772,2023-04-19,Credit Card,Completed
5080,4970,2025-12-19,Invoice,Completed
5081,2834,2025-01-28,Bank Transfer,Completed
5082,4769,2024-12-27,PayPal,Cancelled
5083,2409,2025-04-05,Bank Transfer,Completed
5084,2150,2024-11-13,Credit Card,Completed
5085,4640,2023-03-08,PayPal,Completed
5086,2395,2025-02-24,Bank Transfer,Completed
5087,4515,2025-05-29,PayPal,Completed
5088,2556,2024-08-18,Bank Transfer,Completed
5089,1019,2025-07-04,Credit Card,Completed
5090,3593,2023-12-29,PayPal,Completed
5091,1857,2023-12-23,Invoice,Completed
5092,760,2023-10-13,Invoice,Completed
5093,786,2024-06-27,Invoice,Completed
5094,557,2025-09-22,Invoice,Completed
5095,794,2025-09-05,Bank Transfer,Completed
5096,4784,2024-07-10,Bank Transfer,Completed
5097,1125,2025-01-29,Credit Card,Completed
5098,2785,2025-06-02,PayPal,Completed
5099,1224,2024-01-17,Bank Transfer,Completed
5100,759,2023-10-25,PayPal,Completed
5101,2662,2025-12-16,Invoice,Completed
5102,2776,2025-03-02,Invoice,Completed
5103,3177,2025-12-21,Credit Card,Completed
5104,2409,2024-05-18,Bank Transfer,Cancelled
5105,4508,2025-05-17,Bank Transfer,Completed
5106,781,2023-12-24,PayPal,Completed
5107,572,2024-02-16,Bank Transfer,Completed
5108,4710,2024-11-24,Invoice,Returned
5109,3134,2024-04-27,Credit Card,Completed
5110,1568,2023-10-24,Credit Card,Completed
5111,3604,2024-02-18,Invoice,Completed
5112,2474,2023-03-14,Invoice,Completed
5113,2005,2025-05-18,Bank Transfer,Completed
5114,2491,2024-11-09,Bank Transfer,Completed
5115,4410,2023-06-21,PayPal,Completed
5116,1807,2023-10-31,PayPal,Completed
5117,4834,2023-07-05,PayPal,Completed
5118,224,2025-02-24,Bank Transfer,Returned
5119,3447,2023-06-21,Invoice,Completed
5120,2972,2025-07-02,Invoice,Completed
5121,400,2023-02-13,Invoice,Cancelled
5122,267,2024-01-29,Invoice,Completed
5123,3316,2025-10-31,PayPal,Completed
5124,4229,2025-05-31,Invoice,Completed
5125,3342,2023-05-16,Bank Transfer,Completed
5126,3308,2025-08-30,Credit Card,Completed
5127,631,2024-11-10,Credit Card,Completed
5128,1572,2025-09-22,Credit Card,Completed
5129,3119,2025-02-11,Credit Card,Returned
5130,4840,2025-04-28,Credit Card,Returned
5131,4222,2025-12-28,Bank Transfer,Completed
5132,3522,2024-01-04,Bank Transfer,Cancelled
5133,2950,2025-03-07,PayPal,Cancelled
5134,3631,2024-10-08,Bank Transfer,Returned
5135,3586,2023-03-20,Bank Transfer,Completed
5136,615,2023-01-31,Invoice,Completed
5137,1575,2023-08-03,PayPal,Returned
5138,2004,2025-03-30,Credit Card,Completed
5139,3047,2025-01-05,Invoice,Completed
5140,952,2024-12-24,Invoice,Completed
5141,3298,2023-03-07,Bank Transfer,Returned
5142,4554,2024-10-19,Invoice,Completed
5143,2337,2025-11-19,PayPal,Completed
5144,777,2024-07-27,PayPal,Completed
5145,859,2025-03-08,Credit Card,Completed
5146,3447,2025-07-24,Invoice,Completed
5147,3240,2025-07-28,PayPal,Completed
5148,2965,2024-11-29,Bank Transfer,Cancelled
5149,4737,2025-10-02,Credit Card,Completed
5150,1907,2024-07-20,PayPal,Completed
5151,4069,2025-10-30,Invoice,Completed
5152,2713,2024-01-16,PayPal,Completed
5153,271,2024-03-12,Bank Transfer,Completed
5154,1590,2023-04-12,Invoice,Completed
5155,1010,2025-08-08,PayPal,Completed
5156,1323,2024-08-19,Bank Transfer,Cancelled
5157,3239,2023-12-31,Bank Transfer,Completed
5158,4498,2024-01-04,Credit Card,Completed
5159,1116,2025-11-06,Bank Transfer,Completed
5160,2456,2025-09-11,Invoice,Completed
5161,4256,2024-12-24,Invoice,Completed
5162,876,2025-02-28,Credit Card,Completed
5163,1239,2024-10-25,Bank Transfer,Completed
5164,3113,2024-07-20,Credit Card,Completed
5165,2650,2025-11-14,Credit Card,Completed
5166,273,2023-08-13,PayPal,Completed
5167,2599,2024-08-20,Bank Transfer,Cancelled
5168,4157,2024-05-26,PayPal,Completed
5169,103,2024-11-14,Bank Transfer,Completed
5170,2892,2024-10-05,PayPal,Returned
5171,4461,2024-11-29,Invoice,Completed
5172,321,2023-09-07,Bank Transfer,Completed
5173,4244,2024-11-25,Credit Card,Completed
5174,2205,2024-01-19,Credit Card,Returned
5175,3645,2023-11-13,Bank Transfer,Returned
5176,4792,2023-05-02,Credit Card,Completed
5177,2162,2025-07-09,Invoice,Completed
5178,2404,2024-08-31,PayPal,Completed
5179,1635,2025-03-10,Invoice,Completed
5180,3794,2025-06-08,Invoice,Returned
5181,3681,2025-04-26,Credit Card,Completed
5182,4942,2024-10-20,PayPal,Completed
5183,3951,2024-07-16,Invoice,Completed
5184,597,2024-07-02,Credit Card,Completed
5185,1271,2025-03-22,Credit Card,Completed
5186,3804,2024-11-11,Credit Card,Returned
5187,942,2025-09-24,Credit Card,Completed
5188,4179,2025-10-17,PayPal,Cancelled
5189,2059,2023-10-29,Credit Card,Completed
5190,3058,2023-08-31,Credit Card,Completed
5191,2771,2025-03-13,Credit Card,Cancelled
5192,4482,2024-04-05,PayPal,Completed
5193,101,2023-02-09,PayPal,Completed
5194,1857,2025-10-30,Bank Transfer,Completed
5195,3685,2023-12-29,Invoice,Completed
5196,3726,2025-11-22,PayPal,Cancelled
5197,3045,2025-05-30,Credit Card,Completed
5198,3253,2025-07-09,PayPal,Cancelled
5199,4199,2023-12-02,PayPal,Completed
5200,1518,2024-01-07,Bank Transfer,Completed
5201,898,2024-12-01,Invoice,Completed
5202,3554,2023-10-31,Invoice,Completed
5203,65,2024-04-10,Credit Card,Completed
5204,4987,2024-04-29,PayPal,Completed
5205,2905,2023-10-10,PayPal,Completed
5206,4894,2023-12-05,PayPal,Returned
5207,3375,2025-08-01,Invoice,Completed
5208,2317,2023-10-23,PayPal,Completed
5209,2914,2023-03-02,PayPal,Completed
5210,2537,2025-03-12,Invoice,Completed
5211,1802,2025-12-18,Invoice,Completed
5212,2168,2024-05-10,Bank Transfer,Completed
5213,878,2023-08-02,Invoice,Completed
5214,2248,2025-01-08,Credit Card,Completed
5215,2918,2025-11-09,PayPal,Completed
5216,1403,2025-07-28,Credit Card,Completed
5217,2121,2025-03-06,Invoice,Completed
5218,1342,2024-04-21,Credit Card,Completed
5219,2091,2024-12-16,Credit Card,Completed
5220,3259,2023-06-16,Bank Transfer,Completed
5221,2458,2025-04-25,Bank Transfer,Completed
5222,225,2025-06-06,Bank Transfer,Completed
5223,343,2025-12-12,Invoice,Completed
5224,4892,2024-02-14,Credit Card,Completed
5225,2021,2023-02-09,Bank Transfer,Cancelled
5226,75,2024-12-18,Invoice,Completed
5227,1042,2025-05-20,PayPal,Completed
5228,2450,2025-08-03,Credit Card,Completed
5229,3047,2023-11-23,Bank Transfer,Completed
5230,2751,2024-02-16,Credit Card,Completed
5231,4322,2024-11-24,Bank Transfer,Completed
5232,2129,2024-05-10,Bank Transfer,Completed
5233,4638,2025-10-05,PayPal,Completed
5234,4668,2024-10-24,Bank Transfer,Completed
5235,3185,2025-08-11,Bank Transfer,Returned
5236,3181,2025-01-20,PayPal,Completed
5237,3072,2025-07-18,Bank Transfer,Completed
5238,1555,2024-05-12,Invoice,Completed
5239,3502,2025-09-09,PayPal,Returned
5240,3045,2024-03-05,PayPal,Completed
5241,4960,2024-12-19,Bank Transfer,Returned
5242,1235,2023-12-15,Credit Card,Completed
5243,40,2024-10-26,Credit Card,Completed
5244,780,2024-04-25,Credit Card,Completed
5245,4491,2024-02-24,Invoice,Completed
5246,3227,2025-12-13,Credit Card,Completed
5247,2022,2023-10-11,Credit Card,Cancelled
5248,2301,2025-07-31,PayPal,Completed
5249,2495,2025-12-23,Bank Transfer,Completed
5250,1409,2023-02-12,PayPal,Completed
5251,697,2025-05-13,Invoice,Completed
5252,3336,2024-02-03,Bank Transfer,Completed
5253,315,2023-03-22,Bank Transfer,Completed
5254,1188,2024-08-02,Invoice,Completed
5255,4385,2025-11-25,Bank Transfer,Completed
5256,3098,2023-01-25,PayPal,Completed
5257,2815,2025-01-28,Invoice,Completed
5258,3629,2024-11-16,PayPal,Cancelled
5259,3219,2025-10-16,Credit Card,Returned
5260,4924,2023-06-04,Credit Card,Completed
5261,4815,2025-04-28,Bank Transfer,Cancelled
5262,4495,2025-04-26,Bank Transfer,Completed
5263,2019,2025-04-17,Credit Card,Completed
5264,1373,2025-11-29,Bank Transfer,Completed
5265,4386,2025-09-01,Credit Card,Completed
5266,3407,2023-03-25,Invoice,Completed
5267,1222,2024-10-21,PayPal,Completed
5268,2665,2024-07-27,Bank Transfer,Completed
5269,749,2024-04-16,Bank Transfer,Completed
5270,1956,2024-09-28,Invoice,Completed
5271,3263,2024-07-11,Invoice,Completed
5272,1167,2024-09-06,Invoice,Completed
5273,3189,2025-12-20,Invoice,Completed
5274,2793,2023-06-12,Credit Card,Completed
5275,1694,2025-11-18,Bank Transfer,Completed
5276,2475,2024-11-01,Bank Transfer,Completed
5277,4019,2025-03-07,Bank Transfer,Completed
5278,3499,2025-09-07,PayPal,Completed
5279,1350,2024-06-13,Credit Card,Completed
5280,1109,2024-09-03,Invoice,Returned
5281,3287,2024-08-10,Invoice,Completed
5282,4794,2024-06-30,Bank Transfer,Completed
5283,4108,2025-11-20,Bank Transfer,Completed
5284,144,2025-09-06,PayPal,Completed
5285,2724,2023-07-16,Bank Transfer,Completed
5286,4089,2023-07-15,Credit Card,Completed
5287,1384,2024-08-31,Invoice,Completed
5288,690,2023-06-29,Credit Card,Completed
5289,3558,2025-03-03,PayPal,Completed
5290,51,2023-09-13,PayPal,Completed
5291,3406,2024-12-01,PayPal,Completed
5292,4406,2023-01-16,Bank Transfer,Completed
5293,1206,2024-04-23,Bank Transfer,Returned
5294,1242,2025-04-24,Invoice,Completed
5295,1760,2024-11-03,Bank Transfer,Completed
5296,3079,2025-12-19,Credit Card,Cancelled
5297,2299,2025-10-17,PayPal,Returned
5298,3256,2024-06-12,Bank Transfer,Completed
5299,4561,2023-03-30,Invoice,Completed
5300,1903,2025-09-21,PayPal,Completed
5301,4821,2025-11-12,PayPal,Returned
5302,1431,2025-08-30,PayPal,Completed
5303,2615,2023-08-17,PayPal,Completed
5304,4262,2025-12-30,Bank Transfer,Completed
5305,2643,2024-02-12,Bank Transfer,Completed
5306,1573,2025-06-05,Bank Transfer,Returned
5307,2725,2025-11-10,Bank Transfer,Returned
5308,1371,2024-01-09,Credit Card,Completed
5309,4051,2025-11-10,Bank Transfer,Completed
5310,1635,2024-04-15,Invoice,Cancelled
5311,4168,2025-12-18,Credit Card,Completed
5312,3453,2024-03-13,PayPal,Completed
5313,844,2025-12-06,Credit Card,Cancelled
5314,52,2023-04-13,Credit Card,Completed
5315,3532,2025-05-22,Bank Transfer,Completed
5316,1394,2024-12-09,Invoice,Cancelled
5317,1144,2024-10-29,PayPal,Completed
5318,1610,2023-12-25,PayPal,Completed
5319,4442,2025-05-19,PayPal,Completed
5320,2796,2023-11-20,Credit Card,Completed
5321,103,2024-12-24,PayPal,Completed
5322,3136,2024-02-04,Bank Transfer,Completed
5323,3588,2025-12-07,Bank Transfer,Returned
5324,3496,2023-03-02,PayPal,Completed
5325,4329,2023-11-30,PayPal,Completed
5326,1075,2024-01-19,Credit Card,Completed
5327,2708,2024-08-15,Credit Card,Completed
5328,4288,2024-01-05,Credit Card,Completed
5329,2971,2024-11-09,Credit Card,Completed
5330,3495,2025-10-15,Invoice,Completed
5331,4552,2025-05-25,PayPal,Returned
5332,2162,2025-01-19,Invoice,Completed
5333,1954,2023-06-12,Invoice,Completed
5334,19,2025-05-09,PayPal,Completed
5335,3908,2023-10-22,Invoice,Completed
5336,4327,2025-07-30,Credit Card,Completed
5337,4148,2024-01-30,Bank Transfer,Completed
5338,4068,2024-08-19,PayPal,Completed
5339,1621,2024-06-02,Invoice,Completed
5340,4373,2025-10-03,Credit Card,Completed
5341,2468,2023-08-15,Invoice,Completed
5342,907,2025-01-03,Credit Card,Completed
5343,3467,2023-09-10,PayPal,Completed
5344,1200,2025-05-18,Invoice,Returned
5345,4738,2025-11-09,PayPal,Completed
5346,4461,2024-09-08,Bank Transfer,Completed
5347,1851,2024-11-06,PayPal,Completed
5348,2944,2025-11-21,Invoice,Completed
5349,1807,2024-11-30,Credit Card,Cancelled
5350,4547,2024-11-06,Credit Card,Completed
5351,1731,2025-01-17,PayPal,Completed
5352,1394,2025-05-05,PayPal,Completed
5353,3,2023-07-13,Bank Transfer,Returned
5354,781,2025-08-30,PayPal,Completed
5355,3147,2024-09-09,Invoice,Completed
5356,3334,2023-05-15,Credit Card,Completed
5357,1464,2025-07-30,Credit Card,Completed
5358,2359,2024-07-03,Invoice,Completed
5359,1438,2023-07-02,Credit Card,Completed
5360,4347,2025-03-16,Bank Transfer,Completed
5361,2384,2025-10-22,Invoice,Completed
5362,4531,2025-10-29,Invoice,Returned
5363,1429,2025-12-08,PayPal,Completed
5364,3398,2025-10-11,Bank Transfer,Completed
5365,4971,2023-01-05,Credit Card,Completed
5366,2190,2024-07-07,Credit Card,Completed
5367,538,2025-08-28,Invoice,Completed
5368,2440,2024-06-20,Credit Card,Completed
5369,4113,2025-02-12,Credit Card,Completed
5370,1514,2025-02-17,Invoice,Completed
5371,395,2024-06-19,Bank Transfer,Completed
5372,3201,2025-11-08,Credit Card,Completed
5373,936,2024-11-17,Bank Transfer,Completed
5374,900,2024-10-14,Bank Transfer,Completed
5375,3325,2025-12-30,Invoice,Completed
5376,2595,2024-11-10,Bank Transfer,Completed
5377,1873,2023-11-07,PayPal,Completed
5378,2041,2024-11-25,Invoice,Cancelled
5379,3556,2025-08-24,Bank Transfer,Completed
5380,2232,2025-07-22,PayPal,Completed
5381,9,2025-08-01,Bank Transfer,Completed
5382,165,2025-05-21,Credit Card,Completed
5383,1147,2024-02-05,Invoice,Completed
5384,3425,2025-10-06,PayPal,Completed
5385,4158,2025-11-02,Bank Transfer,Completed
5386,1514,2023-11-24,PayPal,Completed
5387,1078,2023-08-22,PayPal,Completed
5388,4186,2025-12-18,Invoice,Cancelled
5389,1377,2025-10-12,Bank Transfer,Completed
5390,4338,2025-11-02,Bank Transfer,Completed
5391,3932,2025-10-28,Credit Card,Completed
5392,3340,2024-12-16,PayPal,Completed
5393,4039,2025-03-27,Bank Transfer,Returned
5394,257,2024-12-18,Bank Transfer,Completed
5395,2835,2023-04-09,Bank Transfer,Completed
5396,46,2025-06-24,PayPal,Completed
5397,3614,2024-11-19,Credit Card,Completed
5398,576,2025-03-28,Credit Card,Completed
5399,4463,2024-11-17,Bank Transfer,Completed
5400,1896,2024-11-09,Credit Card,Completed
5401,394,2023-10-31,Credit Card,Completed
5402,675,2024-03-10,Credit Card,Completed
5403,2179,2023-10-09,Bank Transfer,Completed
5404,3498,2023-11-25,Credit Card,Completed
5405,2686,2025-12-16,Credit Card,Completed
5406,4521,2023-09-29,PayPal,Completed
5407,931,2024-02-27,PayPal,Completed
5408,2490,2025-01-31,Bank Transfer,Completed
5409,2416,2025-02-22,Bank Transfer,Completed
5410,2300,2023-10-01,Invoice,Cancelled
5411,4466,2025-08-06,Bank Transfer,Completed
5412,2317,2025-07-29,PayPal,Completed
5413,4558,2024-01-12,Invoice,Cancelled
5414,606,2024-03-21,Credit Card,Completed
5415,2653,2025-11-27,Credit Card,Completed
5416,3760,2025-09-03,PayPal,Completed
5417,3064,2025-05-12,Invoice,Cancelled
5418,161,2023-06-01,Invoice,Completed
5419,1831,2024-08-20,Invoice,Cancelled
5420,1917,2024-12-28,Credit Card,Completed
5421,1053,2023-11-17,Invoice,Completed
5422,2745,2024-09-24,Credit Card,Completed
5423,247,2025-02-11,Invoice,Completed
5424,3779,2024-05-06,Credit Card,Completed
5425,1369,2025-07-25,Bank Transfer,Returned
5426,1471,2025-09-17,Credit Card,Completed
5427,4736,2024-05-01,Bank Transfer,Completed
5428,1143,2025-09-15,Bank Transfer,Completed
5429,241,2023-07-07,Bank Transfer,Completed
5430,2112,2025-09-14,Invoice,Completed
5431,4475,2023-09-28,Credit Card,Completed
5432,4676,2023-06-02,Bank Transfer,Returned
5433,2714,2025-03-23,PayPal,Completed
5434,2111,2024-10-22,Invoice,Returned
5435,3659,2025-11-10,PayPal,Completed
5436,1192,2024-06-17,Credit Card,Completed
5437,1733,2024-03-20,Bank Transfer,Returned
5438,4346,2024-11-16,Invoice,Completed
5439,4341,2024-10-03,Bank Transfer,Completed
5440,1734,2024-05-26,PayPal,Completed
5441,4849,2025-05-09,Invoice,Completed
5442,3426,2025-07-06,PayPal,Completed
5443,2825,2025-09-28,Bank Transfer,Completed
5444,1609,2025-12-16,Invoice,Returned
5445,3948,2024-02-24,Invoice,Completed
5446,804,2025-05-29,PayPal,Completed
5447,230,2024-07-23,Bank Transfer,Completed
5448,3121,2025-04-24,PayPal,Completed
5449,3742,2024-10-27,Credit Card,Completed
5450,2759,2025-12-28,Bank Transfer,Completed
5451,4917,2025-06-09,PayPal,Completed
5452,406,2025-12-05,PayPal,Returned
5453,2360,2025-09-12,Credit Card,Returned
5454,4999,2025-11-07,PayPal,Completed
5455,1383,2025-08-24,PayPal,Completed
5456,467,2024-10-07,Bank Transfer,Completed
5457,326,2024-02-02,Bank Transfer,Completed
5458,3,2024-06-25,Credit Card,Completed
5459,1681,2023-02-12,Invoice,Completed
5460,1106,2024-12-03,Invoice,Completed
5461,210,2024-11-19,PayPal,Completed
5462,3453,2024-12-04,Bank Transfer,Completed
5463,3661,2025-12-17,Bank Transfer,Completed
5464,895,2025-11-12,Invoice,Completed
5465,3789,2023-10-14,PayPal,Cancelled
5466,4664,2024-06-23,Credit Card,Completed
5467,202,2024-08-27,PayPal,Completed
5468,2452,2024-06-14,Bank Transfer,Completed
5469,1436,2025-08-10,Credit Card,Completed
5470,4150,2024-12-03,Invoice,Completed
5471,1984,2025-01-10,Bank Transfer,Completed
5472,2813,2025-09-28,Bank Transfer,Completed
5473,2298,2025-08-17,Invoice,Completed
5474,1527,2023-08-25,Invoice,Completed
5475,4225,2025-05-27,Bank Transfer,Completed
5476,1382,2024-09-09,Invoice,Completed
5477,2514,2024-03-28,PayPal,Completed
5478,2731,2023-04-07,PayPal,Completed
5479,2287,2024-11-06,Invoice,Returned
5480,4969,2024-06-08,PayPal,Completed
5481,720,2024-02-01,PayPal,Returned
5482,4956,2025-05-09,PayPal,Completed
5483,1600,2025-07-15,Bank Transfer,Completed
5484,2685,2024-01-23,Credit Card,Completed
5485,1036,2023-04-06,Invoice,Completed
5486,518,2025-09-24,Credit Card,Completed
5487,527,2023-01-22,Invoice,Completed
5488,3838,2025-11-26,Bank Transfer,Completed
5489,531,2025-03-11,Invoice,Completed
5490,4939,2024-04-29,PayPal,Completed
5491,352,2024-01-25,Credit Card,Completed
5492,1021,2023-01-20,Invoice,Completed
5493,4477,2024-01-09,Credit Card,Completed
5494,1201,2023-09-03,Credit Card,Completed
5495,3982,2025-02-24,Invoice,Completed
5496,1081,2023-10-22,Invoice,Returned
5497,922,2024-12-06,PayPal,Cancelled
5498,2807,2025-01-30,Invoice,Cancelled
5499,1109,2024-04-01,Invoice,Completed
5500,915,2023-03-13,Invoice,Returned
5501,435,2023-03-17,Bank Transfer,Completed
5502,3081,2023-02-25,Invoice,Completed
5503,1907,2025-06-18,PayPal,Returned
5504,4427,2024-04-25,PayPal,Completed
5505,633,2025-08-08,Bank Transfer,Completed
5506,1731,2024-09-05,Bank Transfer,Returned
5507,3621,2024-09-30,Bank Transfer,Completed
5508,1881,2024-11-24,Bank Transfer,Completed
5509,3119,2025-05-26,Credit Card,Completed
5510,654,2024-03-04,Invoice,Completed
5511,4933,2023-08-07,Credit Card,Completed
5512,1668,2024-12-26,Credit Card,Completed
5513,357,2024-05-05,PayPal,Returned
5514,4534,2024-09-17,Bank Transfer,Completed
5515,1172,2025-03-28,Bank Transfer,Completed
5516,4411,2024-11-11,Bank Transfer,Completed
5517,2734,2025-03-04,Invoice,Completed
5518,3788,2024-12-17,PayPal,Completed
5519,916,2025-06-19,Bank Transfer,Completed
5520,4575,2025-05-19,PayPal,Completed
5521,2620,2024-12-10,PayPal,Completed
5522,1993,2025-04-25,Invoice,Completed
5523,2313,2025-10-16,Credit Card,Completed
5524,734,2024-09-06,PayPal,Completed
5525,3124,2024-08-14,PayPal,Returned
5526,228,2025-07-11,Bank Transfer,Completed
5527,528,2025-01-22,PayPal,Completed
5528,1710,2023-05-13,PayPal,Completed
5529,241,2025-11-01,Invoice,Completed
5530,3754,2023-03-06,PayPal,Cancelled
5531,2072,2025-06-26,Credit Card,Returned
5532,2808,2025-07-06,Invoice,Returned
5533,3500,2025-12-05,Invoice,Completed
5534,3175,2023-04-14,Bank Transfer,Completed
5535,1722,2025-02-07,Bank Transfer,Completed
5536,3390,2024-08-31,PayPal,Completed
5537,794,2024-05-10,Bank Transfer,Completed
5538,167,2023-06-15,Credit Card,Completed
5539,3080,2024-12-31,PayPal,Completed
5540,1219,2024-10-30,Credit Card,Completed
5541,2704,2023-07-09,PayPal,Completed
5542,935,2025-02-24,Invoice,Completed
5543,3868,2025-06-17,Credit Card,Returned
5544,3277,2025-07-13,Credit Card,Completed
5545,3949,2025-11-09,Credit Card,Completed
5546,3662,2024-08-10,Bank Transfer,Completed
5547,766,2025-12-05,Bank Transfer,Completed
5548,1049,2025-10-09,Invoice,Completed
5549,1535,2024-03-31,Bank Transfer,Completed
5550,1845,2023-10-10,Credit Card,Completed
5551,2680,2024-09-09,Credit Card,Completed
5552,2925,2024-08-01,Bank Transfer,Cancelled
5553,4177,2025-01-14,Credit Card,Completed
5554,4314,2025-01-23,Credit Card,Completed
5555,285,2025-06-28,Bank Transfer,Completed
5556,4216,2024-11-22,Bank Transfer,Completed
5557,2692,2023-07-09,PayPal,Completed
5558,2619,2025-10-03,Credit Card,Completed
5559,4354,2024-04-15,Invoice,Completed
5560,3956,2025-12-15,Bank Transfer,Completed
5561,3874,2023-07-31,Credit Card,Returned
5562,2647,2025-12-08,Bank Transfer,Completed
5563,1332,2023-06-16,PayPal,Completed
5564,3707,2024-01-02,Invoice,Completed
5565,4361,2023-04-01,Credit Card,Completed
5566,3203,2025-05-19,Invoice,Completed
5567,3604,2025-09-25,Credit Card,Completed
5568,624,2024-09-08,Bank Transfer,Returned
5569,4918,2025-11-22,Credit Card,Completed
5570,1743,2025-01-30,Bank Transfer,Completed
5571,1719,2025-03-13,Credit Card,Completed
5572,2773,2025-09-21,PayPal,Completed
5573,3786,2024-03-31,Bank Transfer,Completed
5574,2160,2024-06-06,PayPal,Completed
5575,2951,2025-11-09,Bank Transfer,Completed
5576,3117,2025-11-06,Invoice,Completed
5577,1312,2025-12-18,Bank Transfer,Completed
5578,2758,2025-11-07,Bank Transfer,Cancelled
5579,1945,2023-08-16,Bank Transfer,Completed
5580,1779,2025-09-02,Bank Transfer,Completed
5581,4606,2024-08-10,Credit Card,Completed
5582,2237,2025-12-26,Bank Transfer,Completed
5583,3898,2024-10-22,Invoice,Completed
5584,3125,2024-12-24,PayPal,Completed
5585,1109,2024-12-07,Bank Transfer,Completed
5586,4660,2024-04-29,Bank Transfer,Completed
5587,4573,2023-05-20,Bank Transfer,Completed
5588,2820,2025-11-03,PayPal,Completed
5589,3698,2025-08-14,PayPal,Completed
5590,3154,2023-09-06,Bank Transfer,Completed
5591,2054,2025-07-22,Bank Transfer,Completed
5592,766,2025-03-09,Invoice,Completed
5593,3858,2024-08-09,Invoice,Cancelled
5594,500,2024-02-05,Credit Card,Returned
5595,2298,2025-10-04,PayPal,Completed
5596,3094,2025-05-14,PayPal,Completed
5597,2250,2024-12-20,Bank Transfer,Completed
5598,4629,2025-02-21,Credit Card,Returned
5599,1091,2023-06-16,Invoice,Completed
5600,2855,2024-10-24,Bank Transfer,Completed
5601,2389,2023-11-23,Credit Card,Completed
5602,3061,2023-12-09,Invoice,Completed
5603,3836,2025-04-10,Bank Transfer,Completed
5604,1987,2025-11-12,Bank Transfer,Completed
5605,2095,2024-08-03,Invoice,Completed
5606,2512,2023-12-08,Bank Transfer,Completed
5607,2686,2025-03-29,Bank Transfer,Completed
5608,1423,2025-10-14,Invoice,Completed
5609,4471,2025-06-26,PayPal,Completed
5610,4873,2025-10-12,Invoice,Completed
5611,203,2024-12-12,Invoice,Completed
5612,2756,2025-06-30,Bank Transfer,Completed
5613,3752,2023-09-07,Credit Card,Completed
5614,2066,2024-05-30,Bank Transfer,Completed
5615,2921,2024-07-18,Invoice,Completed
5616,4297,2024-11-23,Bank Transfer,Completed
5617,3176,2025-11-22,Bank Transfer,Completed
5618,3106,2025-10-17,Invoice,Completed
5619,688,2023-08-29,Bank Transfer,Completed
5620,124,2023-11-01,PayPal,Cancelled
5621,507,2024-06-10,PayPal,Completed
5622,103,2024-03-24,Credit Card,Completed
5623,855,2025-02-27,PayPal,Completed
5624,3182,2025-11-07,Invoice,Completed
5625,2875,2025-12-10,Credit Card,Completed
5626,4038,2025-04-03,Invoice,Completed
5627,2984,2025-09-15,Invoice,Completed
5628,3932,2024-12-03,Credit Card,Cancelled
5629,938,2023-12-09,Invoice,Completed
5630,2014,2024-12-03,PayPal,Completed
5631,3439,2024-12-25,Bank Transfer,Returned
5632,3114,2025-06-21,Invoice,Completed
5633,258,2023-12-21,Credit Card,Completed
5634,1489,2024-06-23,Bank Transfer,Completed
5635,2990,2024-06-18,Invoice,Completed
5636,2519,2025-12-09,Invoice,Completed
5637,3541,2024-09-19,PayPal,Completed
5638,2642,2025-07-02,Bank Transfer,Returned
5639,3456,2025-06-29,Bank Transfer,Returned
5640,973,2024-02-22,Invoice,Completed
5641,3391,2025-01-10,Bank Transfer,Completed
5642,272,2025-11-03,PayPal,Completed
5643,3633,2024-10-26,Credit Card,Returned
5644,4639,2025-12-01,Credit Card,Completed
5645,2769,2023-12-15,Credit Card,Completed
5646,1469,2023-05-18,Invoice,Completed
5647,2018,2025-11-01,Bank Transfer,Completed
5648,967,2025-09-23,Credit Card,Completed
5649,4949,2025-12-27,Credit Card,Completed
5650,878,2025-04-26,PayPal,Completed
5651,1537,2025-11-26,PayPal,Returned
5652,197,2025-09-05,Bank Transfer,Returned
5653,3771,2025-09-20,PayPal,Completed
5654,1805,2025-01-07,Invoice,Completed
5655,1124,2024-07-09,PayPal,Returned
5656,4437,2025-11-25,Invoice,Completed
5657,1413,2024-09-05,PayPal,Completed
5658,468,2024-12-13,Credit Card,Returned
5659,266,2024-09-22,Bank Transfer,Completed
5660,2325,2025-01-02,PayPal,Completed
5661,2847,2024-10-20,PayPal,Completed
5662,3993,2023-04-04,PayPal,Completed
5663,3006,2025-10-24,Invoice,Returned
5664,3476,2024-09-20,PayPal,Completed
5665,2443,2025-01-29,Bank Transfer,Completed
5666,2968,2023-09-05,PayPal,Returned
5667,4314,2023-01-08,Credit Card,Completed
5668,3776,2024-01-23,PayPal,Completed
5669,1433,2025-05-18,PayPal,Completed
5670,3760,2023-06-30,Credit Card,Completed
5671,1758,2025-11-11,Invoice,Completed
5672,3558,2023-12-16,Credit Card,Completed
5673,3631,2023-12-05,Bank Transfer,Returned
5674,98,2023-11-10,Invoice,Completed
5675,398,2023-01-30,Bank Transfer,Completed
5676,4396,2025-07-17,PayPal,Completed
5677,1405,2025-10-17,PayPal,Completed
5678,4509,2025-02-26,Invoice,Completed
5679,3877,2023-11-17,PayPal,Completed
5680,314,2024-03-18,Invoice,Completed
5681,1135,2024-10-27,Bank Transfer,Cancelled
5682,1500,2025-12-06,PayPal,Completed
5683,730,2024-01-26,Credit Card,Returned
5684,937,2025-06-11,Invoice,Completed
5685,4558,2024-09-14,Bank Transfer,Completed
5686,4720,2024-04-01,Bank Transfer,Completed
5687,2035,2024-10-03,Credit Card,Completed
5688,4658,2023-05-13,PayPal,Completed
5689,3577,2025-08-10,Credit Card,Completed
5690,931,2024-01-20,Bank Transfer,Completed
5691,1172,2025-06-06,Invoice,Completed
5692,462,2023-05-08,Credit Card,Returned
5693,4949,2025-12-06,Invoice,Completed
5694,1956,2023-11-23,Bank Transfer,Completed
5695,2725,2025-10-24,Credit Card,Returned
5696,4534,2025-08-20,PayPal,Returned
5697,814,2025-12-14,PayPal,Completed
5698,3379,2024-10-29,Bank Transfer,Cancelled
5699,2871,2025-06-08,PayPal,Completed
5700,4945,2024-06-25,Bank Transfer,Completed
5701,1026,2023-11-13,Bank Transfer,Completed
5702,1315,2024-09-18,Credit Card,Returned
5703,1423,2023-10-21,Invoice,Completed
5704,1365,2025-12-21,Invoice,Completed
5705,1991,2023-06-25,Credit Card,Completed
5706,1330,2025-01-29,Credit Card,Completed
5707,1947,2025-03-10,Bank Transfer,Completed
5708,1786,2024-12-13,Invoice,Completed
5709,170,2025-04-10,PayPal,Completed
5710,2006,2023-07-28,PayPal,Completed
5711,2020,2024-12-25,PayPal,Completed
5712,3494,2024-03-20,Bank Transfer,Completed
5713,1838,2025-11-28,Credit Card,Completed
5714,2325,2025-07-09,Credit Card,Completed
5715,1941,2025-12-16,Credit Card,Cancelled
5716,3633,2023-03-17,Invoice,Returned
5717,1618,2024-03-17,Invoice,Completed
5718,4436,2023-11-25,Credit Card,Cancelled
5719,302,2023-01-24,Credit Card,Completed
5720,4937,2024-01-19,PayPal,Completed
5721,2318,2025-04-25,PayPal,Completed
5722,1585,2024-01-02,PayPal,Completed
5723,4922,2024-11-22,Bank Transfer,Completed
5724,2103,2025-10-29,Invoice,Completed
5725,2792,2025-05-09,Credit Card,Completed
5726,2052,2024-07-23,PayPal,Returned
5727,4936,2024-06-28,Credit Card,Completed
5728,1443,2024-10-03,Credit Card,Completed
5729,3255,2023-11-06,Credit Card,Completed
5730,4596,2025-03-16,Invoice,Completed
5731,772,2024-06-18,Credit Card,Returned
5732,85,2025-09-27,Bank Transfer,Completed
5733,3237,2025-07-04,Invoice,Completed
5734,3146,2025-02-22,Bank Transfer,Completed
5735,1611,2024-06-18,Invoice,Completed
5736,996,2023-12-11,PayPal,Completed
5737,322,2025-07-21,Credit Card,Completed
5738,1895,2024-11-05,Credit Card,Completed
5739,419,2023-12-26,Bank Transfer,Completed
5740,2153,2023-11-25,Bank Transfer,Completed
5741,4886,2023-10-20,Credit Card,Completed
5742,4188,2025-07-22,Invoice,Completed
5743,743,2023-12-31,PayPal,Completed
5744,4670,2024-12-05,Invoice,Completed
5745,87,2024-09-28,Bank Transfer,Completed
5746,165,2025-01-18,Credit Card,Completed
5747,1024,2025-10-19,Bank Transfer,Returned
5748,2573,2025-10-11,Invoice,Completed
5749,1428,2024-09-28,Invoice,Completed
5750,3347,2023-02-02,Bank Transfer,Completed
5751,1749,2024-08-30,Bank Transfer,Completed
5752,4670,2025-02-17,Invoice,Completed
5753,519,2024-12-27,Invoice,Completed
5754,1512,2025-04-01,PayPal,Returned
5755,322,2023-10-01,PayPal,Completed
5756,4390,2025-03-27,Bank Transfer,Completed
5757,2179,2023-11-12,Credit Card,Completed
5758,2018,2025-06-28,Invoice,Completed
5759,3214,2024-05-19,PayPal,Completed
5760,2807,2025-05-23,Bank Transfer,Completed
5761,68,2023-04-04,PayPal,Completed
5762,1111,2024-08-08,Bank Transfer,Completed
5763,2493,2025-05-19,Bank Transfer,Completed
5764,1597,2023-12-28,Invoice,Returned
5765,3418,2025-08-07,Credit Card,Completed
5766,2980,2025-03-13,PayPal,Completed
5767,2109,2025-01-27,Invoice,Completed
5768,2233,2024-06-05,Bank Transfer,Completed
5769,2846,2024-11-02,Credit Card,Cancelled
5770,907,2025-02-07,PayPal,Completed
5771,1690,2024-10-23,PayPal,Cancelled
5772,320,2025-05-13,PayPal,Completed
5773,4026,2024-09-07,Invoice,Completed
5774,2438,2023-12-02,PayPal,Completed
5775,2801,2023-12-15,PayPal,Cancelled
5776,3206,2023-01-13,PayPal,Completed
5777,2807,2024-04-05,PayPal,Completed
5778,945,2025-06-27,Invoice,Completed
5779,2620,2025-08-06,PayPal,Cancelled
5780,4572,2023-12-03,Credit Card,Completed
5781,3839,2025-12-09,Bank Transfer,Completed
5782,854,2024-11-17,Invoice,Completed
5783,2840,2025-11-15,Invoice,Returned
5784,4721,2025-05-20,Invoice,Completed
5785,4303,2025-06-03,PayPal,Completed
5786,4340,2023-06-06,PayPal,Completed
5787,2121,2023-12-21,PayPal,Completed
5788,533,2023-01-19,Credit Card,Completed
5789,762,2025-05-29,PayPal,Completed
5790,4812,2024-05-26,Bank Transfer,Completed
5791,4799,2025-07-31,PayPal,Completed
5792,3502,2024-05-19,Invoice,Completed
5793,3280,2025-08-29,PayPal,Completed
5794,1038,2023-08-22,Bank Transfer,Completed
5795,225,2023-11-02,Credit Card,Completed
5796,2185,2024-05-22,Bank Transfer,Completed
5797,1296,2024-08-09,Bank Transfer,Completed
5798,859,2024-05-31,PayPal,Completed
5799,3705,2025-07-10,PayPal,Completed
5800,4677,2023-06-26,Bank Transfer,Cancelled
5801,2237,2024-06-03,Invoice,Completed
5802,4973,2025-09-14,PayPal,Completed
5803,408,2023-05-06,Invoice,Completed
5804,1447,2025-11-29,Bank Transfer,Cancelled
5805,188,2025-12-24,Credit Card,Completed
5806,4197,2023-06-12,Credit Card,Completed
5807,1477,2024-03-25,Credit Card,Completed
5808,1312,2024-06-27,Credit Card,Completed
5809,4579,2025-07-21,Invoice,Completed
5810,1235,2025-02-06,PayPal,Completed
5811,4629,2025-03-26,Credit Card,Completed
5812,2405,2025-07-05,PayPal,Completed
5813,1329,2023-07-31,Invoice,Completed
5814,406,2025-09-10,PayPal,Completed
5815,3162,2025-05-19,PayPal,Completed
5816,1666,2025-01-16,Invoice,Completed
5817,4827,2025-10-31,Credit Card,Completed
5818,4732,2025-05-14,PayPal,Completed
5819,2543,2023-12-02,Credit Card,Completed
5820,2865,2024-09-03,Bank Transfer,Completed
5821,1985,2024-11-11,Bank Transfer,Completed
5822,182,2023-04-16,Credit Card,Completed
5823,1139,2025-12-06,Bank Transfer,Returned
5824,898,2023-08-18,Bank Transfer,Completed
5825,4522,2025-05-12,PayPal,Returned
5826,1124,2024-11-20,Credit Card,Returned
5827,4519,2023-02-24,Invoice,Completed
5828,285,2025-11-19,PayPal,Completed
5829,2316,2025-09-27,Credit Card,Completed
5830,3288,2024-12-03,Bank Transfer,Completed
5831,4572,2023-12-31,Credit Card,Completed
5832,1644,2023-08-07,Bank Transfer,Completed
5833,4615,2024-06-17,Credit Card,Completed
5834,1323,2024-02-07,Invoice,Cancelled
5835,4821,2024-11-20,Credit Card,Completed
5836,1836,2025-12-13,PayPal,Completed
5837,2737,2025-01-13,Bank Transfer,Completed
5838,1348,2025-10-31,Invoice,Completed
5839,3097,2025-03-31,PayPal,Completed
5840,2657,2024-10-26,PayPal,Completed
5841,3368,2025-09-29,PayPal,Completed
5842,4866,2024-10-21,Invoice,Completed
5843,1730,2025-10-12,Bank Transfer,Completed
5844,483,2024-03-25,Invoice,Completed
5845,625,2023-08-19,PayPal,Completed
5846,3094,2025-09-30,PayPal,Completed
5847,4770,2025-01-27,Bank Transfer,Completed
5848,1714,2025-10-30,PayPal,Completed
5849,1085,2025-11-27,Bank Transfer,Cancelled
5850,4815,2023-04-13,Bank Transfer,Completed
5851,3789,2024-11-16,Credit Card,Completed
5852,4123,2024-06-30,PayPal,Completed
5853,3722,2025-03-09,PayPal,Completed
5854,2239,2025-08-06,Credit Card,Returned
5855,3097,2024-03-12,Invoice,Completed
5856,4420,2024-12-27,Credit Card,Completed
5857,1933,2025-05-22,Bank Transfer,Cancelled
5858,3580,2023-08-28,Credit Card,Completed
5859,4060,2025-08-24,Credit Card,Returned
5860,3568,2025-02-17,Credit Card,Completed
5861,4514,2025-12-03,Bank Transfer,Cancelled
5862,3214,2024-05-20,Bank Transfer,Completed
5863,3149,2023-07-15,Invoice,Completed
5864,2810,2024-11-20,Credit Card,Completed
5865,237,2023-06-07,Credit Card,Completed
5866,1870,2025-12-14,PayPal,Completed
5867,1758,2023-03-19,Bank Transfer,Completed
5868,2494,2025-07-01,Credit Card,Completed
5869,1108,2024-12-03,Invoice,Completed
5870,1318,2024-06-23,Credit Card,Completed
5871,2621,2023-05-04,Bank Transfer,Completed
5872,586,2025-03-06,Credit Card,Completed
5873,1553,2025-01-25,Invoice,Completed
5874,3448,2024-03-12,Credit Card,Completed
5875,398,2025-11-11,Bank Transfer,Completed
5876,2489,2024-04-09,Credit Card,Completed
5877,4170,2024-09-26,Bank Transfer,Cancelled
5878,2612,2024-12-17,PayPal,Completed
5879,1987,2023-07-01,Invoice,Returned
5880,3194,2025-11-24,PayPal,Completed
5881,4130,2024-06-30,Bank Transfer,Completed
5882,13,2023-05-29,PayPal,Completed
5883,3308,2024-07-15,PayPal,Completed
5884,3924,2025-02-10,PayPal,Completed
5885,4167,2024-11-25,Bank Transfer,Completed
5886,2119,2025-05-09,Credit Card,Completed
5887,1224,2023-04-16,Invoice,Completed
5888,1128,2024-03-17,Bank Transfer,Completed
5889,924,2025-08-29,PayPal,Completed
5890,1689,2023-05-28,Credit Card,Completed
5891,825,2025-09-30,Bank Transfer,Completed
5892,3651,2023-06-17,PayPal,Completed
5893,977,2025-09-11,Invoice,Completed
5894,1308,2024-06-14,Credit Card,Cancelled
5895,4287,2025-02-24,Invoice,Cancelled
5896,4703,2023-09-29,Bank Transfer,Completed
5897,2650,2023-05-05,Bank Transfer,Completed
5898,3551,2023-12-17,Bank Transfer,Completed
5899,4301,2023-08-17,Bank Transfer,Completed
5900,3143,2024-04-18,Bank Transfer,Completed
5901,4696,2024-11-26,Bank Transfer,Completed
5902,905,2025-01-29,Credit Card,Completed
5903,4296,2025-08-02,PayPal,Cancelled
5904,2422,2025-04-05,PayPal,Returned
5905,1730,2025-02-20,Credit Card,Completed
5906,2861,2024-08-13,Bank Transfer,Completed
5907,335,2024-10-24,Credit Card,Completed
5908,4417,2024-08-16,Credit Card,Completed
5909,4853,2025-09-18,PayPal,Completed
5910,4448,2024-01-01,Invoice,Completed
5911,4635,2023-01-13,Bank Transfer,Completed
5912,991,2025-04-01,Bank Transfer,Completed
5913,2416,2023-12-03,Credit Card,Cancelled
5914,2830,2025-10-31,Invoice,Completed
5915,4248,2025-10-03,PayPal,Completed
5916,2234,2023-05-22,Credit Card,Completed
5917,4233,2023-07-12,PayPal,Completed
5918,1097,2024-11-12,Bank Transfer,Completed
5919,4608,2025-02-21,Invoice,Returned
5920,2240,2024-03-05,Credit Card,Completed
5921,1161,2025-05-29,Credit Card,Completed
5922,1293,2025-02-05,PayPal,Completed
5923,1468,2024-05-03,Credit Card,Completed
5924,3921,2023-02-23,Invoice,Completed
5925,1616,2025-06-28,PayPal,Cancelled
5926,190,2023-12-16,Credit Card,Cancelled
5927,395,2025-09-11,PayPal,Completed
5928,916,2024-08-22,Credit Card,Completed
5929,1300,2025-01-16,PayPal,Completed
5930,3041,2025-10-16,Bank Transfer,Completed
5931,3594,2025-10-07,Invoice,Cancelled
5932,2402,2024-06-26,PayPal,Completed
5933,4739,2023-12-09,Credit Card,Completed
5934,956,2025-07-20,PayPal,Returned
5935,3407,2024-09-06,Credit Card,Completed
5936,2391,2023-11-22,Bank Transfer,Completed
5937,4847,2025-11-08,Invoice,Returned
5938,4905,2023-11-28,Credit Card,Completed
5939,4571,2023-02-24,Invoice,Completed
5940,3940,2023-02-13,Credit Card,Completed
5941,1438,2025-03-06,Credit Card,Completed
5942,2263,2025-04-10,PayPal,Completed
5943,1778,2024-04-17,PayPal,Completed
5944,2577,2024-04-27,Invoice,Completed
5945,4420,2024-05-20,Invoice,Completed
5946,4672,2025-04-26,PayPal,Completed
5947,555,2023-04-21,PayPal,Returned
5948,2154,2025-11-22,PayPal,Completed
5949,4494,2023-12-24,Bank Transfer,Returned
5950,2202,2025-12-31,Credit Card,Completed
5951,3307,2023-10-30,Bank Transfer,Completed
5952,1576,2025-07-17,Bank Transfer,Completed
5953,369,2023-12-25,Bank Transfer,Completed
5954,2488,2023-05-29,Credit Card,Completed
5955,452,2025-10-17,Invoice,Completed
5956,1656,2025-10-03,PayPal,Completed
5957,926,2024-08-03,PayPal,Completed
5958,298,2025-05-16,Credit Card,Completed
5959,3532,2024-12-27,PayPal,Completed
5960,1949,2025-09-28,Invoice,Completed
5961,1646,2024-04-21,PayPal,Completed
5962,4094,2024-12-02,Bank Transfer,Completed
5963,3138,2024-11-04,PayPal,Cancelled
5964,1027,2024-06-06,Invoice,Completed
5965,1745,2025-11-01,PayPal,Completed
5966,3862,2023-10-21,Bank Transfer,Completed
5967,1243,2023-09-23,Invoice,Completed
5968,555,2025-01-15,PayPal,Completed
5969,4852,2025-04-06,Bank Transfer,Completed
5970,4502,2023-11-24,Credit Card,Completed
5971,836,2024-07-19,Credit Card,Cancelled
5972,2170,2025-12-02,PayPal,Cancelled
5973,760,2024-01-25,Invoice,Completed
5974,274,2025-04-16,PayPal,Completed
5975,1203,2025-06-19,Bank Transfer,Completed
5976,3966,2024-09-24,Bank Transfer,Completed
5977,4020,2025-11-27,Bank Transfer,Completed
5978,124,2025-06-16,Bank Transfer,Completed
5979,3420,2024-10-06,Bank Transfer,Completed
5980,3254,2025-01-07,Credit Card,Completed
5981,2650,2025-05-08,PayPal,Completed
5982,149,2025-02-02,Credit Card,Completed
5983,4597,2025-10-21,Bank Transfer,Completed
5984,4632,2024-06-09,Bank Transfer,Completed
5985,4291,2024-04-04,Bank Transfer,Completed
5986,2384,2023-12-15,Invoice,Completed
5987,3369,2023-03-17,PayPal,Completed
5988,2960,2023-03-26,Bank Transfer,Completed
5989,2675,2025-10-13,Credit Card,Completed
5990,202,2025-04-25,PayPal,Completed
5991,1285,2025-04-09,Credit Card,Completed
5992,160,2025-02-27,Credit Card,Completed
5993,2173,2025-09-24,Credit Card,Completed
5994,4840,2024-11-01,Credit Card,Returned
5995,3741,2025-10-13,PayPal,Completed
5996,3966,2024-06-12,Bank Transfer,Returned
5997,435,2025-11-21,Credit Card,Completed
5998,101,2025-05-13,Bank Transfer,Completed
5999,4127,2024-02-10,Bank Transfer,Completed
6000,2758,2025-01-01,Credit Card,Completed
6001,2212,2024-12-09,Bank Transfer,Completed
6002,3328,2023-09-03,PayPal,Completed
6003,3446,2025-01-31,Bank Transfer,Returned
6004,3027,2024-04-21,Bank Transfer,Completed
6005,4493,2023-04-11,PayPal,Completed
6006,2498,2025-12-03,Bank Transfer,Completed
6007,1271,2025-03-23,Invoice,Completed
6008,3272,2025-10-19,Credit Card,Completed
6009,2683,2025-04-23,Bank Transfer,Cancelled
6010,3605,2024-06-09,PayPal,Completed
6011,798,2024-11-24,Bank Transfer,Completed
6012,683,2025-04-23,Bank Transfer,Completed
6013,4732,2025-12-09,Credit Card,Completed
6014,465,2024-02-05,Bank Transfer,Completed
6015,3430,2025-10-17,PayPal,Completed
6016,810,2025-11-19,Credit Card,Returned
6017,615,2025-04-18,PayPal,Completed
6018,4564,2025-11-23,Bank Transfer,Completed
6019,852,2024-07-27,Credit Card,Completed
6020,1804,2025-12-05,Invoice,Completed
6021,3246,2025-05-17,Bank Transfer,Cancelled
6022,2677,2023-03-25,PayPal,Completed
6023,2576,2025-11-10,Bank Transfer,Completed
6024,2779,2024-11-04,Credit Card,Completed
6025,4091,2024-10-08,PayPal,Cancelled
6026,2536,2025-01-04,Credit Card,Completed
6027,3989,2023-09-23,Invoice,Completed
6028,2467,2024-10-19,Bank Transfer,Completed
6029,1302,2025-09-08,Bank Transfer,Completed
6030,4325,2023-02-02,PayPal,Completed
6031,4806,2024-03-03,Credit Card,Completed
6032,2208,2023-01-06,Invoice,Completed
6033,1458,2024-08-17,Credit Card,Completed
6034,1999,2025-06-08,PayPal,Completed
6035,4976,2025-08-10,PayPal,Returned
6036,3456,2025-12-01,Invoice,Completed
6037,1853,2025-02-20,Bank Transfer,Completed
6038,1839,2024-02-06,Bank Transfer,Cancelled
6039,1063,2025-11-19,Invoice,Completed
6040,3504,2025-07-20,Invoice,Cancelled
6041,2932,2025-01-13,Credit Card,Completed
6042,1520,2025-05-10,Invoice,Completed
6043,1506,2025-11-19,Bank Transfer,Completed
6044,3448,2025-05-25,Bank Transfer,Completed
6045,2847,2024-06-23,Invoice,Completed
6046,1051,2025-05-26,Invoice,Completed
6047,893,2023-03-22,PayPal,Completed
6048,2080,2024-07-14,Credit Card,Completed
6049,4935,2024-08-06,PayPal,Cancelled
6050,1936,2023-10-22,Credit Card,Returned
6051,4087,2023-02-18,Invoice,Completed
6052,1789,2023-08-27,Invoice,Completed
6053,4880,2025-04-04,Bank Transfer,Completed
6054,1962,2025-08-14,Bank Transfer,Completed
6055,2385,2025-12-25,Invoice,Cancelled
6056,2021,2024-05-28,Credit Card,Completed
6057,4673,2025-02-10,Credit Card,Completed
6058,4079,2025-11-26,Credit Card,Completed
6059,2130,2023-10-23,Credit Card,Completed
6060,40,2025-05-30,Bank Transfer,Completed
6061,338,2025-07-02,Invoice,Completed
6062,3986,2023-06-12,Credit Card,Completed
6063,3828,2025-10-05,PayPal,Completed
6064,1836,2025-08-23,PayPal,Completed
6065,561,2023-03-10,PayPal,Completed
6066,1218,2023-06-16,Invoice,Completed
6067,668,2023-04-06,Invoice,Completed
6068,4540,2024-05-14,Invoice,Completed
6069,2291,2024-11-22,Bank Transfer,Completed
6070,3712,2024-12-09,PayPal,Completed
6071,918,2024-02-25,Credit Card,Completed
6072,4811,2025-11-12,Credit Card,Completed
6073,2188,2024-06-23,PayPal,Completed
6074,2228,2023-03-31,Credit Card,Completed
6075,2758,2024-04-04,Bank Transfer,Completed
6076,3798,2024-12-08,Invoice,Completed
6077,3498,2024-08-08,Invoice,Completed
6078,2913,2024-03-04,Bank Transfer,Completed
6079,1421,2023-08-23,PayPal,Completed
6080,810,2025-08-29,Bank Transfer,Cancelled
6081,3285,2025-12-29,Bank Transfer,Completed
6082,4538,2024-05-08,PayPal,Completed
6083,4570,2024-07-08,PayPal,Completed
6084,4809,2025-03-02,Bank Transfer,Completed
6085,670,2025-05-31,Credit Card,Completed
6086,3323,2024-07-20,Credit Card,Completed
6087,3972,2025-11-08,Credit Card,Completed
6088,1284,2024-12-29,Invoice,Completed
6089,1577,2024-09-27,Invoice,Completed
6090,3067,2025-03-28,Invoice,Completed
6091,3866,2025-12-05,PayPal,Completed
6092,3595,2025-08-07,PayPal,Completed
6093,2283,2023-03-21,Credit Card,Completed
6094,746,2024-05-12,Invoice,Cancelled
6095,580,2024-10-20,Credit Card,Completed
6096,4219,2024-04-21,PayPal,Completed
6097,3767,2025-05-14,Credit Card,Completed
6098,4468,2025-09-04,PayPal,Completed
6099,1320,2025-06-11,PayPal,Completed
6100,1323,2025-12-26,Bank Transfer,Completed
6101,1125,2024-03-03,Invoice,Completed
6102,3965,2025-10-17,Bank Transfer,Completed
6103,2730,2025-07-13,Bank Transfer,Cancelled
6104,2330,2024-06-15,Credit Card,Completed
6105,195,2025-06-14,PayPal,Completed
6106,1970,2023-07-08,Credit Card,Completed
6107,2526,2025-08-02,Credit Card,Completed
6108,2620,2024-12-09,PayPal,Completed
6109,2211,2024-03-26,Invoice,Completed
6110,3478,2025-04-05,Bank Transfer,Completed
6111,4372,2025-03-23,Bank Transfer,Completed
6112,4269,2023-12-10,PayPal,Returned
6113,2646,2023-03-05,PayPal,Completed
6114,2640,2024-09-07,Invoice,Completed
6115,4200,2025-01-07,PayPal,Completed
6116,1034,2025-10-19,PayPal,Returned
6117,555,2025-11-21,Credit Card,Returned
6118,4413,2024-12-06,Invoice,Completed
6119,1995,2025-07-01,Credit Card,Cancelled
6120,3974,2024-09-14,Invoice,Completed
6121,4667,2025-06-24,Bank Transfer,Completed
6122,321,2023-12-05,PayPal,Completed
6123,3722,2024-06-26,PayPal,Completed
6124,318,2025-03-16,Bank Transfer,Completed
6125,1732,2023-02-08,Credit Card,Completed
6126,4402,2025-06-03,Bank Transfer,Completed
6127,3197,2025-09-12,Bank Transfer,Completed
6128,165,2024-07-29,Credit Card,Completed
6129,3146,2024-09-24,Bank Transfer,Completed
6130,703,2025-09-26,Invoice,Completed
6131,2059,2025-07-21,Credit Card,Completed
6132,2917,2024-03-21,PayPal,Completed
6133,1666,2024-05-02,Invoice,Completed
6134,3087,2025-04-25,Bank Transfer,Completed
6135,2581,2024-12-31,Bank Transfer,Completed
6136,1586,2023-10-15,Bank Transfer,Completed
6137,3595,2024-04-15,PayPal,Completed
6138,3770,2025-11-06,Bank Transfer,Completed
6139,4465,2025-05-04,PayPal,Completed
6140,733,2025-12-24,Credit Card,Completed
6141,4981,2025-07-13,Invoice,Completed
6142,1589,2025-11-29,Invoice,Cancelled
6143,780,2023-12-17,Credit Card,Completed
6144,1473,2025-07-17,Bank Transfer,Completed
6145,1290,2023-02-12,Credit Card,Completed
6146,4274,2025-04-18,PayPal,Completed
6147,366,2024-10-19,Bank Transfer,Completed
6148,4964,2024-05-28,Credit Card,Completed
6149,4017,2025-10-06,Invoice,Completed
6150,981,2025-09-29,Invoice,Completed
6151,2612,2023-02-17,Bank Transfer,Completed
6152,1552,2025-02-21,Invoice,Completed
6153,489,2024-06-22,Credit Card,Completed
6154,1616,2024-08-17,Invoice,Completed
6155,2422,2025-09-09,PayPal,Completed
6156,4618,2024-04-15,Credit Card,Completed
6157,2084,2025-11-30,Credit Card,Completed
6158,76,2023-11-08,Invoice,Completed
6159,475,2025-04-11,Invoice,Completed
6160,1265,2025-04-19,Invoice,Cancelled
6161,3106,2024-02-02,Credit Card,Completed
6162,442,2024-05-03,PayPal,Completed
6163,294,2025-09-12,Bank Transfer,Completed
6164,933,2025-07-08,PayPal,Completed
6165,3041,2024-05-08,Credit Card,Completed
6166,3484,2024-12-10,Bank Transfer,Completed
6167,3352,2023-04-27,Credit Card,Completed
6168,2657,2023-12-09,Invoice,Completed
6169,2039,2024-11-05,Bank Transfer,Completed
6170,3301,2023-06-07,PayPal,Completed
6171,4905,2025-09-19,Credit Card,Cancelled
6172,1556,2025-05-30,Invoice,Completed
6173,3841,2025-11-30,PayPal,Completed
6174,2381,2025-05-08,Credit Card,Completed
6175,2953,2025-11-28,Bank Transfer,Completed
6176,2893,2024-12-25,Invoice,Completed
6177,3602,2025-02-10,Invoice,Cancelled
6178,3433,2025-12-19,Invoice,Completed
6179,2441,2025-03-24,Invoice,Completed
6180,1861,2023-03-06,Invoice,Completed
6181,1079,2025-06-04,PayPal,Completed
6182,2500,2025-11-09,PayPal,Completed
6183,429,2025-08-08,Credit Card,Completed
6184,725,2025-01-23,Invoice,Completed
6185,1000,2025-04-19,PayPal,Completed
6186,518,2025-12-26,PayPal,Completed
6187,4334,2023-06-15,Credit Card,Completed
6188,11,2025-04-15,Credit Card,Completed
6189,1929,2024-03-15,PayPal,Completed
6190,751,2025-03-22,Invoice,Returned
6191,3083,2025-02-19,Credit Card,Returned
6192,2816,2023-09-30,Bank Transfer,Completed
6193,3406,2023-12-07,Bank Transfer,Completed
6194,212,2025-03-05,PayPal,Completed
6195,4194,2023-08-18,Credit Card,Completed
6196,4853,2024-02-21,Bank Transfer,Completed
6197,2199,2025-09-12,Invoice,Completed
6198,1178,2024-05-05,Bank Transfer,Completed
6199,4825,2024-11-06,PayPal,Completed
6200,3622,2025-11-29,Invoice,Completed
6201,3847,2023-12-29,PayPal,Cancelled
6202,3885,2024-07-18,Credit Card,Completed
6203,4967,2025-02-17,Invoice,Completed
6204,178,2025-07-03,PayPal,Completed
6205,740,2025-11-07,Bank Transfer,Completed
6206,4971,2025-11-14,Invoice,Completed
6207,3661,2025-07-22,Bank Transfer,Completed
6208,1729,2023-12-30,Bank Transfer,Completed
6209,3047,2023-02-22,PayPal,Completed
6210,1103,2024-07-11,PayPal,Completed
6211,766,2023-09-09,PayPal,Returned
6212,3180,2025-05-23,Invoice,Completed
6213,4862,2025-04-09,Credit Card,Completed
6214,4305,2023-03-28,Invoice,Completed
6215,1084,2025-09-13,Invoice,Returned
6216,1502,2024-01-28,PayPal,Completed
6217,1345,2024-09-05,Invoice,Completed
6218,3785,2025-04-16,Invoice,Completed
6219,2077,2024-09-02,Invoice,Completed
6220,3306,2024-09-16,Bank Transfer,Completed
6221,1771,2023-05-04,Invoice,Completed
6222,3840,2024-07-31,Credit Card,Completed
6223,425,2025-07-11,PayPal,Completed
6224,4926,2025-11-14,PayPal,Completed
6225,436,2024-08-15,Credit Card,Completed
6226,555,2024-08-26,Bank Transfer,Completed
6227,2404,2025-05-17,Credit Card,Completed
6228,3433,2025-11-30,Credit Card,Completed
6229,3620,2024-02-24,Bank Transfer,Completed
6230,4448,2024-09-15,Bank Transfer,Completed
6231,2697,2025-08-08,Invoice,Completed
6232,3921,2025-02-21,Credit Card,Completed
6233,2838,2023-07-19,Bank Transfer,Completed
6234,2274,2025-03-11,Bank Transfer,Completed
6235,4141,2023-11-16,Invoice,Completed
6236,3230,2024-11-23,Bank Transfer,Cancelled
6237,2588,2024-12-06,Bank Transfer,Completed
6238,1006,2025-10-19,PayPal,Completed
6239,3477,2024-10-11,PayPal,Completed
6240,379,2024-03-11,Invoice,Returned
6241,3146,2024-01-02,Bank Transfer,Completed
6242,773,2025-10-17,Invoice,Completed
6243,883,2023-10-29,PayPal,Completed
6244,3800,2024-08-29,PayPal,Returned
6245,340,2023-11-16,Credit Card,Returned
6246,4908,2025-07-19,PayPal,Completed
6247,649,2024-10-25,PayPal,Completed
6248,2671,2024-06-03,Bank Transfer,Completed
6249,3693,2024-06-14,Credit Card,Completed
6250,391,2025-09-27,Invoice,Cancelled
6251,3101,2024-12-24,PayPal,Completed
6252,3391,2025-05-30,PayPal,Completed
6253,4969,2025-11-04,PayPal,Completed
6254,972,2025-11-07,PayPal,Completed
6255,125,2024-05-07,Bank Transfer,Completed
6256,3497,2025-12-05,Bank Transfer,Completed
6257,3582,2023-02-22,PayPal,Cancelled
6258,262,2024-07-03,PayPal,Completed
6259,919,2025-11-03,Credit Card,Cancelled
6260,3812,2024-03-05,Credit Card,Completed
6261,4112,2024-03-03,Bank Transfer,Completed
6262,2944,2024-04-07,Invoice,Completed
6263,1750,2025-02-24,Invoice,Completed
6264,551,2024-09-13,Invoice,Completed
6265,4316,2025-06-07,Credit Card,Cancelled
6266,437,2025-11-03,Invoice,Cancelled
6267,225,2025-04-21,Bank Transfer,Completed
6268,2075,2023-12-05,Credit Card,Completed
6269,3114,2025-11-24,Credit Card,Completed
6270,591,2024-02-20,Invoice,Cancelled
6271,427,2023-09-24,Bank Transfer,Completed
6272,965,2023-06-14,Invoice,Completed
6273,4728,2024-12-31,Invoice,Completed
6274,1042,2023-07-24,Bank Transfer,Completed
6275,3554,2023-09-05,Credit Card,Completed
6276,4134,2024-04-04,Credit Card,Completed
6277,4050,2024-03-13,PayPal,Completed
6278,304,2025-02-15,Bank Transfer,Completed
6279,279,2025-08-26,Credit Card,Cancelled
6280,1252,2025-07-08,Credit Card,Cancelled
6281,134,2024-02-17,PayPal,Completed
6282,1709,2024-01-23,PayPal,Completed
6283,513,2025-12-12,Invoice,Returned
6284,4117,2023-01-18,Credit Card,Completed
6285,2160,2025-10-22,Invoice,Returned
6286,681,2023-11-30,PayPal,Returned
6287,340,2025-12-02,Credit Card,Completed
6288,305,2024-05-23,Invoice,Completed
6289,3855,2024-09-15,PayPal,Completed
6290,1343,2025-05-21,PayPal,Completed
6291,4072,2025-01-27,Invoice,Completed
6292,4619,2024-04-25,Invoice,Completed
6293,1814,2024-12-24,Bank Transfer,Completed
6294,1606,2025-06-11,Credit Card,Completed
6295,2976,2023-03-25,PayPal,Completed
6296,1059,2023-01-24,Bank Transfer,Cancelled
6297,3767,2024-10-06,PayPal,Completed
6298,1551,2023-08-24,Invoice,Completed
6299,4999,2025-04-12,Credit Card,Returned
6300,156,2023-12-15,Credit Card,Returned
6301,672,2024-09-06,Credit Card,Completed
6302,3538,2023-11-28,PayPal,Completed
6303,920,2024-12-21,Invoice,Completed
6304,2034,2023-07-28,PayPal,Completed
6305,1107,2023-02-19,Invoice,Completed
6306,4102,2023-04-09,Invoice,Completed
6307,3901,2025-12-06,Bank Transfer,Completed
6308,3783,2023-09-11,PayPal,Completed
6309,3185,2025-05-22,Invoice,Returned
6310,2521,2023-05-08,PayPal,Cancelled
6311,820,2023-07-15,Bank Transfer,Completed
6312,4013,2024-11-22,Credit Card,Completed
6313,3389,2024-10-14,Invoice,Completed
6314,4366,2025-12-04,Bank Transfer,Completed
6315,1988,2025-12-01,Bank Transfer,Completed
6316,2220,2025-07-24,PayPal,Completed
6317,2935,2025-02-13,Invoice,Completed
6318,2054,2024-10-02,Bank Transfer,Completed
6319,3743,2024-06-08,Credit Card,Completed
6320,4733,2025-12-02,Credit Card,Completed
6321,2156,2025-02-13,Invoice,Completed
6322,1023,2025-01-18,PayPal,Completed
6323,727,2024-01-04,PayPal,Completed
6324,161,2023-04-02,PayPal,Completed
6325,2952,2025-12-01,PayPal,Completed
6326,4405,2024-04-20,Bank Transfer,Completed
6327,4147,2024-09-18,Credit Card,Completed
6328,778,2023-07-26,Credit Card,Completed
6329,2237,2025-09-13,PayPal,Completed
6330,2965,2023-02-28,Bank Transfer,Completed
6331,4441,2025-09-11,Credit Card,Completed
6332,2553,2023-09-07,Credit Card,Completed
6333,130,2025-10-28,Bank Transfer,Cancelled
6334,2936,2025-06-10,PayPal,Completed
6335,1395,2023-10-19,Bank Transfer,Returned
6336,1071,2025-01-03,Credit Card,Completed
6337,3172,2024-04-19,Invoice,Completed
6338,94,2023-11-07,PayPal,Completed
6339,2056,2025-10-03,PayPal,Completed
6340,3906,2024-08-03,Bank Transfer,Completed
6341,2146,2024-07-28,PayPal,Completed
6342,388,2023-10-28,PayPal,Cancelled
6343,3635,2024-07-10,PayPal,Completed
6344,4127,2025-10-14,Bank Transfer,Completed
6345,2519,2024-06-17,PayPal,Completed
6346,3944,2025-12-04,Credit Card,Completed
6347,4991,2025-12-02,Invoice,Completed
6348,759,2023-09-15,PayPal,Completed
6349,420,2023-11-06,PayPal,Completed
6350,3922,2025-10-06,Credit Card,Completed
6351,3888,2024-07-21,Bank Transfer,Completed
6352,3552,2023-01-10,Bank Transfer,Completed
6353,3107,2024-03-04,PayPal,Returned
6354,1491,2025-02-08,Invoice,Completed
6355,2353,2025-08-11,Invoice,Completed
6356,798,2023-08-27,PayPal,Completed
6357,2547,2023-07-19,Credit Card,Completed
6358,4180,2025-11-18,Credit Card,Completed
6359,3163,2025-06-29,Invoice,Completed
6360,4800,2025-01-30,Invoice,Completed
6361,1732,2025-07-15,Invoice,Completed
6362,293,2024-09-02,Bank Transfer,Completed
6363,1985,2025-07-05,Invoice,Completed
6364,2828,2024-06-27,PayPal,Completed
6365,2171,2024-01-22,Bank Transfer,Completed
6366,2161,2025-06-09,PayPal,Completed
6367,3452,2024-08-22,Invoice,Completed
6368,3597,2025-12-21,Credit Card,Completed
6369,2799,2024-06-01,Bank Transfer,Completed
6370,491,2025-11-18,PayPal,Cancelled
6371,133,2025-11-24,Credit Card,Completed
6372,4083,2024-01-18,Invoice,Cancelled
6373,4652,2025-08-10,PayPal,Completed
6374,2264,2024-09-06,Credit Card,Completed
6375,3482,2025-11-15,Bank Transfer,Completed
6376,808,2024-09-26,Bank Transfer,Completed
6377,3452,2025-06-23,Invoice,Completed
6378,3122,2024-10-16,Credit Card,Completed
6379,3470,2023-12-29,Bank Transfer,Completed
6380,331,2023-11-29,Bank Transfer,Completed
6381,4725,2024-08-29,Invoice,Completed
6382,4997,2025-07-03,Invoice,Completed
6383,576,2025-02-16,PayPal,Completed
6384,4263,2025-05-04,PayPal,Completed
6385,4823,2024-03-14,Credit Card,Completed
6386,721,2024-11-01,Bank Transfer,Completed
6387,590,2023-03-29,Credit Card,Completed
6388,3701,2025-08-27,Bank Transfer,Returned
6389,2168,2025-12-26,Invoice,Completed
6390,4256,2024-08-07,Bank Transfer,Completed
6391,770,2023-01-24,Invoice,Completed
6392,240,2023-10-27,PayPal,Completed
6393,2366,2025-04-02,Credit Card,Completed
6394,138,2025-02-24,Invoice,Completed
6395,2807,2025-08-01,Invoice,Completed
6396,1417,2024-02-05,Invoice,Completed
6397,1043,2025-07-10,PayPal,Completed
6398,3051,2025-05-03,Credit Card,Returned
6399,1540,2024-04-30,Invoice,Completed
6400,1434,2024-12-18,Bank Transfer,Returned
6401,3169,2023-09-19,Invoice,Completed
6402,1881,2024-09-29,Bank Transfer,Completed
6403,1637,2025-10-23,PayPal,Completed
6404,949,2024-08-24,PayPal,Completed
6405,417,2025-09-16,PayPal,Completed
6406,2882,2025-01-30,Invoice,Completed
6407,4150,2023-11-21,Invoice,Completed
6408,4531,2025-01-20,Bank Transfer,Cancelled
6409,4633,2024-11-19,Credit Card,Completed
6410,1622,2024-07-28,Credit Card,Completed
6411,1159,2023-08-03,Credit Card,Completed
6412,864,2024-08-18,Invoice,Completed
6413,2693,2023-05-16,Invoice,Completed
6414,4119,2023-06-29,Invoice,Completed
6415,737,2024-08-17,Credit Card,Completed
6416,909,2024-04-10,Invoice,Cancelled
6417,4720,2025-11-20,Invoice,Cancelled
6418,2625,2024-07-01,Credit Card,Completed
6419,2118,2025-07-05,Invoice,Completed
6420,643,2024-12-07,Invoice,Returned
6421,1630,2025-05-18,PayPal,Completed
6422,7,2024-02-14,PayPal,Completed
6423,139,2025-11-29,Invoice,Completed
6424,116,2024-12-07,Bank Transfer,Completed
6425,720,2025-09-08,Bank Transfer,Completed
6426,3227,2024-06-19,Credit Card,Completed
6427,862,2023-07-01,Invoice,Completed
6428,3288,2025-04-21,PayPal,Completed
6429,1370,2023-01-17,Bank Transfer,Completed
6430,257,2024-10-26,PayPal,Completed
6431,559,2023-11-22,PayPal,Completed
6432,4633,2025-03-10,PayPal,Returned
6433,4007,2025-12-20,PayPal,Completed
6434,2350,2024-10-13,Invoice,Completed
6435,1169,2025-08-27,PayPal,Completed
6436,4118,2024-11-21,Credit Card,Completed
6437,1472,2024-11-12,Credit Card,Completed
6438,571,2025-11-23,Invoice,Completed
6439,3710,2025-10-31,PayPal,Completed
6440,3814,2025-07-30,Invoice,Completed
6441,4577,2024-03-30,Credit Card,Completed
6442,2131,2024-12-18,Credit Card,Completed
6443,957,2023-12-25,PayPal,Completed
6444,384,2024-09-19,Invoice,Completed
6445,4720,2024-11-03,Invoice,Completed
6446,1460,2025-09-09,PayPal,Completed
6447,1134,2025-11-03,PayPal,Completed
6448,522,2024-08-16,Credit Card,Completed
6449,2291,2023-02-07,Credit Card,Completed
6450,4200,2025-10-06,Invoice,Completed
6451,1267,2023-11-03,Credit Card,Completed
6452,2851,2025-03-05,Invoice,Completed
6453,4373,2023-02-22,Bank Transfer,Completed
6454,672,2024-07-29,Invoice,Completed
6455,3778,2025-12-24,Invoice,Completed
6456,2830,2023-07-02,Invoice,Completed
6457,1717,2024-08-26,Invoice,Completed
6458,2478,2024-04-12,Invoice,Completed
6459,1742,2025-11-09,Bank Transfer,Completed
6460,2195,2025-10-12,PayPal,Completed
6461,3354,2024-01-12,Credit Card,Completed
6462,2130,2023-05-30,Invoice,Completed
6463,1957,2025-03-10,Bank Transfer,Cancelled
6464,2556,2024-05-16,Bank Transfer,Completed
6465,918,2025-04-19,Bank Transfer,Completed
6466,2699,2023-03-08,Invoice,Completed
6467,1711,2023-08-27,Credit Card,Completed
6468,1405,2025-05-02,Credit Card,Completed
6469,4888,2023-12-13,Bank Transfer,Completed
6470,4039,2025-10-02,PayPal,Completed
6471,3618,2023-04-22,Bank Transfer,Completed
6472,3303,2023-12-16,Bank Transfer,Completed
6473,1438,2025-12-31,Bank Transfer,Completed
6474,979,2024-09-06,Invoice,Completed
6475,1057,2025-05-17,Invoice,Completed
6476,3518,2023-11-12,PayPal,Completed
6477,71,2025-02-21,PayPal,Returned
6478,2507,2025-06-06,Invoice,Completed
6479,2654,2024-04-21,PayPal,Completed
6480,3799,2025-09-06,Credit Card,Completed
6481,3830,2025-02-14,Bank Transfer,Completed
6482,4338,2024-07-17,PayPal,Completed
6483,4319,2024-12-27,PayPal,Completed
6484,2466,2025-01-15,Credit Card,Completed
6485,340,2023-10-20,Bank Transfer,Completed
6486,4789,2024-08-02,Bank Transfer,Completed
6487,3521,2024-05-25,Bank Transfer,Completed
6488,3858,2024-07-31,PayPal,Completed
6489,4789,2025-07-08,Bank Transfer,Completed
6490,1124,2024-11-02,Bank Transfer,Returned
6491,2110,2025-11-28,PayPal,Cancelled
6492,1235,2024-03-27,Credit Card,Completed
6493,4414,2024-08-17,PayPal,Completed
6494,2837,2025-07-31,Credit Card,Completed
6495,2889,2024-12-19,Credit Card,Completed
6496,2102,2024-12-19,Credit Card,Completed
6497,2358,2023-04-13,Bank Transfer,Completed
6498,681,2024-07-28,PayPal,Completed
6499,4081,2024-02-29,Invoice,Cancelled
6500,1222,2025-12-31,Credit Card,Completed
6501,3422,2024-04-14,Invoice,Completed
6502,2337,2025-10-26,Credit Card,Completed
6503,3492,2025-04-23,Bank Transfer,Completed
6504,139,2024-05-22,PayPal,Completed
6505,2841,2024-12-17,PayPal,Completed
6506,1160,2025-09-17,Credit Card,Completed
6507,4326,2025-10-25,Invoice,Completed
6508,2405,2023-10-11,PayPal,Completed
6509,2325,2024-05-20,Bank Transfer,Completed
6510,3750,2024-05-15,Invoice,Completed
6511,409,2023-03-25,Credit Card,Completed
6512,3705,2025-02-08,Bank Transfer,Completed
6513,1935,2025-09-29,Invoice,Completed
6514,4428,2024-07-08,Bank Transfer,Completed
6515,294,2025-06-19,PayPal,Returned
6516,4249,2025-03-11,PayPal,Completed
6517,3175,2024-07-01,Bank Transfer,Completed
6518,2537,2023-09-09,Bank Transfer,Cancelled
6519,4619,2025-05-23,Credit Card,Returned
6520,4849,2025-09-29,PayPal,Completed
6521,94,2025-05-02,PayPal,Cancelled
6522,2090,2023-02-07,PayPal,Completed
6523,4595,2023-12-17,Credit Card,Completed
6524,4137,2023-05-10,Credit Card,Completed
6525,3180,2025-01-08,PayPal,Completed
6526,759,2025-07-04,Credit Card,Completed
6527,2459,2023-07-19,PayPal,Completed
6528,161,2025-09-15,Invoice,Completed
6529,1243,2024-12-26,Invoice,Returned
6530,2115,2025-05-05,PayPal,Completed
6531,2791,2025-12-16,Bank Transfer,Returned
6532,654,2023-06-03,PayPal,Completed
6533,35,2025-11-06,PayPal,Completed
6534,3149,2023-08-14,Bank Transfer,Completed
6535,1425,2024-07-22,Credit Card,Completed
6536,2542,2025-09-26,Credit Card,Completed
6537,1225,2025-11-09,Invoice,Completed
6538,1585,2024-11-20,Credit Card,Completed
6539,1382,2025-02-04,Bank Transfer,Completed
6540,3815,2025-05-21,Invoice,Completed
6541,1835,2025-09-10,Invoice,Completed
6542,2359,2023-08-06,Invoice,Completed
6543,3706,2025-08-20,Invoice,Completed
6544,1778,2024-11-01,Credit Card,Completed
6545,2679,2024-09-27,Invoice,Completed
6546,1155,2024-08-27,Bank Transfer,Completed
6547,2021,2024-11-22,Invoice,Completed
6548,262,2025-12-01,Invoice,Completed
6549,1922,2024-12-20,Invoice,Returned
6550,4927,2025-12-05,Bank Transfer,Completed
6551,2315,2023-11-09,Credit Card,Completed
6552,3582,2025-06-05,Credit Card,Completed
6553,4175,2025-08-22,Invoice,Completed
6554,3541,2025-04-26,Invoice,Completed
6555,4367,2025-02-18,Invoice,Completed
6556,670,2025-01-02,PayPal,Completed
6557,63,2025-10-05,Bank Transfer,Completed
6558,4788,2025-08-31,PayPal,Cancelled
6559,143,2023-08-08,Credit Card,Completed
6560,1737,2025-09-24,Bank Transfer,Completed
6561,3280,2024-08-15,PayPal,Completed
6562,4779,2024-02-05,PayPal,Completed
6563,2517,2025-10-13,Bank Transfer,Completed
6564,4006,2024-09-05,PayPal,Returned
6565,3764,2025-08-19,Credit Card,Completed
6566,400,2024-02-19,Invoice,Completed
6567,3842,2023-01-09,Invoice,Completed
6568,2164,2024-11-12,PayPal,Completed
6569,3896,2023-07-01,Credit Card,Completed
6570,4131,2025-07-02,Bank Transfer,Completed
6571,4183,2024-03-07,Credit Card,Completed
6572,1150,2024-09-19,Invoice,Completed
6573,2421,2023-06-09,Credit Card,Completed
6574,4046,2024-03-19,Credit Card,Completed
6575,2129,2025-07-26,PayPal,Completed
6576,1604,2023-09-27,Bank Transfer,Completed
6577,1792,2025-03-28,Bank Transfer,Completed
6578,71,2025-11-15,Bank Transfer,Completed
6579,141,2025-04-26,PayPal,Completed
6580,1062,2025-08-21,PayPal,Completed
6581,4089,2023-07-16,Invoice,Completed
6582,899,2024-01-31,Bank Transfer,Completed
6583,4569,2025-11-03,PayPal,Completed
6584,778,2025-05-28,Bank Transfer,Completed
6585,2170,2025-03-21,Bank Transfer,Completed
6586,3602,2025-04-12,PayPal,Completed
6587,3270,2024-08-15,Bank Transfer,Completed
6588,1627,2023-03-29,Bank Transfer,Completed
6589,2212,2025-07-29,Bank Transfer,Completed
6590,90,2025-04-25,Credit Card,Completed
6591,4617,2024-10-23,Credit Card,Completed
6592,4559,2025-11-06,Credit Card,Completed
6593,2556,2024-05-16,Credit Card,Completed
6594,1390,2024-03-28,PayPal,Completed
6595,1086,2025-10-16,Credit Card,Returned
6596,4870,2025-08-09,Credit Card,Completed
6597,2063,2024-11-26,Invoice,Completed
6598,698,2023-08-22,Invoice,Completed
6599,1831,2023-12-16,Credit Card,Completed
6600,2913,2025-04-05,Bank Transfer,Completed
6601,447,2024-07-12,PayPal,Completed
6602,4465,2025-09-13,Credit Card,Completed
6603,1810,2025-12-04,Credit Card,Completed
6604,2983,2025-08-17,Bank Transfer,Returned
6605,2416,2024-07-03,Invoice,Cancelled
6606,3230,2025-08-01,Credit Card,Completed
6607,3162,2024-06-03,Bank Transfer,Completed
6608,3289,2023-10-23,Bank Transfer,Completed
6609,3067,2023-03-10,Bank Transfer,Completed
6610,4948,2024-07-13,Invoice,Completed
6611,3854,2025-11-08,PayPal,Completed
6612,2096,2024-01-14,Credit Card,Returned
6613,214,2023-12-07,Bank Transfer,Completed
6614,3549,2025-12-15,Credit Card,Completed
6615,1990,2023-02-23,PayPal,Completed
6616,2736,2025-07-30,PayPal,Completed
6617,2130,2024-04-29,PayPal,Completed
6618,893,2023-03-17,Bank Transfer,Completed
6619,2728,2025-11-16,PayPal,Completed
6620,2343,2023-09-06,PayPal,Completed
6621,3573,2024-12-23,Credit Card,Completed
6622,1810,2024-03-04,PayPal,Completed
6623,3227,2023-05-03,PayPal,Completed
6624,3039,2023-04-07,PayPal,Cancelled
6625,435,2023-07-27,Bank Transfer,Returned
6626,1260,2023-05-13,Bank Transfer,Completed
6627,3579,2025-07-07,Invoice,Completed
6628,4696,2024-11-04,Invoice,Completed
6629,4677,2024-05-24,Invoice,Completed
6630,2580,2024-08-20,Invoice,Completed
6631,3681,2025-11-22,Bank Transfer,Completed
6632,3525,2025-11-12,PayPal,Returned
6633,2,2025-05-28,Invoice,Completed
6634,1359,2025-10-26,Credit Card,Returned
6635,4940,2024-04-27,Invoice,Completed
6636,3110,2024-07-08,Bank Transfer,Completed
6637,2247,2025-02-26,PayPal,Returned
6638,510,2025-03-07,PayPal,Completed
6639,894,2024-11-02,PayPal,Completed
6640,293,2024-07-31,PayPal,Completed
6641,3152,2025-12-24,PayPal,Completed
6642,1921,2025-08-30,Bank Transfer,Returned
6643,1156,2024-09-09,Bank Transfer,Completed
6644,4363,2025-06-08,Invoice,Completed
6645,4819,2024-02-28,Bank Transfer,Completed
6646,3605,2023-07-01,Invoice,Completed
6647,2018,2024-06-04,Credit Card,Completed
6648,1675,2024-08-02,Invoice,Completed
6649,1955,2023-02-05,Invoice,Completed
6650,1250,2025-08-25,Invoice,Completed
6651,1134,2024-06-12,Credit Card,Completed
6652,193,2025-01-19,Credit Card,Completed
6653,3287,2023-05-18,Credit Card,Completed
6654,4110,2023-11-03,Bank Transfer,Completed
6655,2068,2025-10-31,PayPal,Completed
6656,220,2025-02-20,Bank Transfer,Completed
6657,4269,2025-12-04,PayPal,Completed
6658,3645,2025-12-31,PayPal,Completed
6659,3706,2024-06-27,Invoice,Completed
6660,3135,2024-04-02,PayPal,Completed
6661,450,2025-10-03,Credit Card,Completed
6662,3082,2025-12-31,Credit Card,Completed
6663,4458,2025-03-12,Invoice,Cancelled
6664,4369,2025-08-07,Invoice,Completed
6665,3226,2025-07-26,Bank Transfer,Completed
6666,4831,2024-06-07,Invoice,Completed
6667,2994,2025-01-13,Credit Card,Completed
6668,3036,2025-09-10,Credit Card,Completed
6669,4516,2025-05-04,Credit Card,Completed
6670,1766,2023-02-14,Credit Card,Completed
6671,341,2024-05-17,Bank Transfer,Completed
6672,886,2023-09-14,Credit Card,Returned
6673,4472,2024-01-05,Credit Card,Cancelled
6674,2289,2025-11-09,PayPal,Cancelled
6675,34,2023-03-16,Invoice,Completed
6676,2672,2023-12-21,Bank Transfer,Completed
6677,58,2024-04-15,Invoice,Completed
6678,1397,2025-03-01,Credit Card,Completed
6679,1015,2024-12-10,PayPal,Completed
6680,3784,2023-12-19,Credit Card,Completed
6681,3529,2023-10-18,PayPal,Returned
6682,3930,2024-01-11,Invoice,Completed
6683,3622,2024-11-17,PayPal,Completed
6684,3146,2024-03-01,PayPal,Cancelled
6685,3547,2025-12-02,Invoice,Completed
6686,4125,2024-10-12,Credit Card,Completed
6687,4788,2023-04-22,Credit Card,Completed
6688,286,2025-06-09,Bank Transfer,Completed
6689,214,2024-05-07,PayPal,Completed
6690,1627,2025-04-03,Invoice,Completed
6691,3468,2024-03-11,Invoice,Completed
6692,573,2025-01-09,Bank Transfer,Completed
6693,2307,2025-07-18,PayPal,Completed
6694,4398,2025-11-21,Invoice,Completed
6695,2636,2024-02-15,Bank Transfer,Completed
6696,1142,2024-05-15,Invoice,Completed
6697,2501,2024-10-13,PayPal,Returned
6698,441,2025-11-21,Bank Transfer,Completed
6699,4485,2025-11-06,Credit Card,Completed
6700,1314,2023-06-14,Credit Card,Completed
6701,3717,2023-08-24,Invoice,Completed
6702,3812,2024-11-12,PayPal,Completed
6703,1432,2023-07-12,PayPal,Completed
6704,3904,2024-05-27,Invoice,Returned
6705,788,2023-09-21,Invoice,Completed
6706,3794,2025-03-18,Invoice,Completed
6707,1512,2025-12-03,Credit Card,Completed
6708,346,2025-12-30,PayPal,Completed
6709,2978,2024-07-01,Invoice,Completed
6710,2973,2025-02-09,Credit Card,Completed
6711,2590,2025-10-01,PayPal,Completed
6712,822,2023-07-31,Invoice,Completed
6713,3108,2025-05-05,Invoice,Completed
6714,714,2024-08-09,Credit Card,Returned
6715,1146,2023-12-06,Invoice,Completed
6716,2435,2024-08-02,Invoice,Completed
6717,1780,2023-05-21,PayPal,Completed
6718,1450,2025-05-10,Invoice,Completed
6719,3117,2024-02-03,Invoice,Completed
6720,6,2024-04-17,Bank Transfer,Completed
6721,2480,2023-08-06,Invoice,Completed
6722,2896,2025-10-08,Credit Card,Completed
6723,1096,2024-11-10,Invoice,Completed
6724,377,2025-01-10,PayPal,Completed
6725,4096,2025-01-07,Bank Transfer,Completed
6726,127,2024-08-11,Invoice,Completed
6727,2246,2023-11-22,PayPal,Completed
6728,1227,2025-06-23,Invoice,Completed
6729,2612,2023-08-16,PayPal,Completed
6730,272,2023-07-08,Invoice,Completed
6731,2781,2025-05-23,Bank Transfer,Completed
6732,4214,2023-12-09,Invoice,Completed
6733,868,2024-04-12,PayPal,Completed
6734,504,2024-10-26,Invoice,Completed
6735,4532,2024-09-26,Invoice,Completed
6736,2842,2025-05-22,Credit Card,Cancelled
6737,2555,2025-03-07,Credit Card,Completed
6738,1731,2025-03-26,Credit Card,Completed
6739,2423,2025-05-27,PayPal,Cancelled
6740,4640,2024-03-26,Invoice,Completed
6741,3493,2024-04-30,Bank Transfer,Completed
6742,4303,2024-09-12,Invoice,Completed
6743,3990,2024-04-12,Credit Card,Completed
6744,959,2025-12-23,Bank Transfer,Completed
6745,1015,2025-08-24,Invoice,Cancelled
6746,3851,2023-10-19,Invoice,Completed
6747,4832,2023-01-12,Invoice,Completed
6748,3653,2023-03-26,Bank Transfer,Returned
6749,482,2024-01-21,PayPal,Completed
6750,3974,2023-07-25,PayPal,Completed
6751,3880,2024-12-09,PayPal,Completed
6752,3861,2025-10-02,Credit Card,Completed
6753,4486,2025-06-16,Bank Transfer,Returned
6754,2612,2023-12-17,Credit Card,Completed
6755,186,2024-07-29,Invoice,Completed
6756,2120,2024-11-21,PayPal,Cancelled
6757,209,2025-08-21,Invoice,Cancelled
6758,67,2025-09-15,PayPal,Completed
6759,4769,2025-11-11,Invoice,Completed
6760,510,2024-11-22,PayPal,Completed
6761,470,2025-05-09,Invoice,Completed
6762,1596,2023-07-21,Credit Card,Completed
6763,2603,2025-01-02,Invoice,Returned
6764,3092,2024-01-28,PayPal,Returned
6765,1914,2024-09-05,Bank Transfer,Completed
6766,3026,2025-03-16,PayPal,Completed
6767,1881,2024-02-09,Invoice,Returned
6768,3532,2023-04-11,Bank Transfer,Completed
6769,147,2023-01-22,Credit Card,Completed
6770,4167,2023-02-17,Credit Card,Completed
6771,93,2023-01-18,Invoice,Completed
6772,3112,2023-07-19,Credit Card,Completed
6773,2625,2024-01-15,Credit Card,Completed
6774,4971,2023-12-22,PayPal,Returned
6775,250,2025-12-24,PayPal,Completed
6776,4030,2024-04-11,Bank Transfer,Completed
6777,3562,2023-08-17,Invoice,Cancelled
6778,76,2024-12-18,Bank Transfer,Returned
6779,4718,2025-10-02,Bank Transfer,Completed
6780,970,2025-04-25,Invoice,Completed
6781,3827,2024-03-30,Credit Card,Completed
6782,4059,2024-12-30,Credit Card,Completed
6783,4069,2025-05-27,PayPal,Returned
6784,4429,2025-06-08,Bank Transfer,Completed
6785,1493,2025-04-14,Credit Card,Completed
6786,3423,2025-10-14,Invoice,Completed
6787,383,2025-10-13,Bank Transfer,Completed
6788,4523,2025-01-18,Invoice,Completed
6789,1265,2024-09-03,Credit Card,Completed
6790,4467,2025-03-23,PayPal,Returned
6791,4241,2025-08-28,Bank Transfer,Completed
6792,3178,2023-01-12,Credit Card,Completed
6793,4397,2025-12-27,Credit Card,Completed
6794,2019,2023-11-12,Credit Card,Returned
6795,2182,2024-10-20,Credit Card,Completed
6796,4690,2025-10-15,Credit Card,Completed
6797,3206,2023-12-27,Credit Card,Completed
6798,4142,2024-10-28,Bank Transfer,Completed
6799,2976,2023-08-25,PayPal,Completed
6800,316,2024-07-24,Invoice,Completed
6801,3472,2023-11-06,Bank Transfer,Completed
6802,561,2024-06-17,Invoice,Completed
6803,2951,2024-06-29,Bank Transfer,Completed
6804,973,2025-12-28,Bank Transfer,Completed
6805,4869,2025-12-29,Credit Card,Completed
6806,2622,2023-07-26,Bank Transfer,Completed
6807,1836,2025-06-06,Credit Card,Completed
6808,3049,2023-04-10,Credit Card,Completed
6809,3699,2023-03-05,Bank Transfer,Completed
6810,1284,2023-07-10,PayPal,Completed
6811,3347,2025-12-12,PayPal,Completed
6812,1474,2025-11-28,Invoice,Completed
6813,1327,2023-11-24,Bank Transfer,Completed
6814,477,2023-10-14,Bank Transfer,Completed
6815,3736,2024-01-16,PayPal,Completed
6816,776,2024-11-26,Credit Card,Returned
6817,4039,2025-01-07,Bank Transfer,Returned
6818,2325,2023-12-23,Credit Card,Cancelled
6819,51,2025-07-04,Bank Transfer,Completed
6820,2569,2024-04-15,Bank Transfer,Completed
6821,440,2025-11-18,Bank Transfer,Completed
6822,3606,2025-04-06,PayPal,Completed
6823,1438,2024-09-10,Invoice,Completed
6824,552,2025-08-02,Invoice,Completed
6825,2417,2025-08-27,Bank Transfer,Completed
6826,2718,2024-03-24,Credit Card,Completed
6827,1212,2024-05-20,Bank Transfer,Completed
6828,555,2025-11-26,Credit Card,Completed
6829,1342,2023-10-19,PayPal,Completed
6830,2976,2023-03-25,Invoice,Completed
6831,2032,2024-10-01,Credit Card,Completed
6832,4834,2025-08-13,Bank Transfer,Completed
6833,4075,2025-07-17,Credit Card,Completed
6834,1305,2025-11-17,Credit Card,Completed
6835,1788,2024-12-09,Credit Card,Completed
6836,3997,2023-07-01,Bank Transfer,Cancelled
6837,399,2025-01-29,PayPal,Completed
6838,1548,2025-07-23,Bank Transfer,Completed
6839,4781,2023-06-20,Bank Transfer,Completed
6840,1666,2023-11-01,PayPal,Cancelled
6841,3496,2023-01-27,PayPal,Returned
6842,4077,2025-02-03,PayPal,Completed
6843,3796,2025-10-28,Bank Transfer,Completed
6844,3129,2025-04-18,PayPal,Completed
6845,1758,2025-12-21,Invoice,Completed
6846,4176,2023-04-29,PayPal,Completed
6847,3705,2025-11-07,PayPal,Completed
6848,1193,2025-08-24,PayPal,Completed
6849,4288,2024-04-20,Bank Transfer,Completed
6850,1166,2025-12-17,Bank Transfer,Cancelled
6851,4116,2024-03-21,Invoice,Completed
6852,3836,2025-10-30,Invoice,Cancelled
6853,1315,2025-10-23,Invoice,Completed
6854,3300,2025-07-05,Invoice,Completed
6855,4790,2024-12-31,PayPal,Completed
6856,3393,2023-08-04,Bank Transfer,Completed
6857,2697,2024-12-08,Credit Card,Completed
6858,1743,2024-06-09,Invoice,Completed
6859,3794,2025-08-05,Bank Transfer,Completed
6860,2357,2025-07-05,Bank Transfer,Completed
6861,554,2025-11-12,PayPal,Completed
6862,3876,2023-02-01,Bank Transfer,Completed
6863,2507,2025-08-20,Invoice,Completed
6864,2063,2025-11-27,Bank Transfer,Completed
6865,807,2025-08-02,Invoice,Completed
6866,1595,2023-08-21,Bank Transfer,Returned
6867,537,2023-05-30,Invoice,Completed
6868,2953,2023-02-14,Bank Transfer,Completed
6869,4981,2025-03-12,PayPal,Completed
6870,285,2025-03-12,Invoice,Completed
6871,4362,2025-12-24,Invoice,Completed
6872,2739,2024-07-27,PayPal,Cancelled
6873,446,2024-05-11,Invoice,Completed
6874,2063,2025-03-08,Bank Transfer,Cancelled
6875,3105,2025-09-03,Credit Card,Completed
6876,2344,2025-11-26,Bank Transfer,Returned
6877,1773,2025-08-14,Credit Card,Completed
6878,1513,2024-08-30,PayPal,Completed
6879,3570,2025-03-17,PayPal,Returned
6880,432,2025-10-01,Invoice,Completed
6881,1650,2024-11-08,PayPal,Completed
6882,3442,2023-12-18,PayPal,Completed
6883,4102,2023-10-27,Credit Card,Completed
6884,1757,2023-01-01,PayPal,Completed
6885,2512,2025-05-30,Credit Card,Returned
6886,1797,2023-07-20,Invoice,Completed
6887,3948,2024-01-21,Credit Card,Completed
6888,2389,2024-04-01,Credit Card,Completed
6889,2315,2024-12-29,PayPal,Completed
6890,1605,2024-07-27,PayPal,Completed
6891,4441,2025-04-22,PayPal,Completed
6892,1109,2023-04-17,PayPal,Completed
6893,4018,2023-08-11,Credit Card,Completed
6894,2667,2024-11-14,Invoice,Completed
6895,2112,2024-05-17,PayPal,Completed
6896,3309,2024-03-30,Bank Transfer,Completed
6897,4946,2023-05-06,PayPal,Completed
6898,2233,2025-11-03,Bank Transfer,Completed
6899,1443,2025-05-07,Bank Transfer,Completed
6900,2249,2023-08-07,Credit Card,Completed
6901,3963,2023-05-03,Credit Card,Returned
6902,955,2025-12-17,Credit Card,Completed
6903,864,2025-04-27,PayPal,Completed
6904,3324,2024-08-19,PayPal,Returned
6905,1061,2025-05-16,Invoice,Completed
6906,2902,2025-07-03,Bank Transfer,Completed
6907,2777,2025-07-25,Credit Card,Completed
6908,2991,2024-10-29,PayPal,Completed
6909,3760,2024-09-03,Bank Transfer,Completed
6910,1452,2023-01-24,Bank Transfer,Completed
6911,4372,2025-11-21,PayPal,Returned
6912,157,2025-02-14,Invoice,Completed
6913,4640,2023-12-03,Invoice,Completed
6914,3499,2025-11-17,Bank Transfer,Completed
6915,2906,2025-11-14,Credit Card,Completed
6916,1792,2025-12-25,Invoice,Completed
6917,4073,2025-10-17,Invoice,Completed
6918,4349,2025-12-30,Bank Transfer,Completed
6919,389,2024-01-22,Invoice,Returned
6920,428,2025-09-18,Bank Transfer,Returned
6921,693,2025-09-01,Credit Card,Completed
6922,721,2024-01-02,Credit Card,Completed
6923,2521,2023-06-28,PayPal,Completed
6924,397,2025-12-20,PayPal,Completed
6925,245,2024-03-30,Invoice,Completed
6926,21,2025-10-14,Credit Card,Completed
6927,3790,2023-01-09,Invoice,Cancelled
6928,1831,2023-02-14,PayPal,Completed
6929,4770,2024-10-15,Bank Transfer,Cancelled
6930,1023,2024-01-14,Credit Card,Cancelled
6931,1990,2025-05-05,Credit Card,Completed
6932,3803,2025-01-03,Credit Card,Completed
6933,2451,2023-05-24,Invoice,Completed
6934,1711,2023-10-15,Invoice,Completed
6935,1438,2024-07-16,Credit Card,Completed
6936,4201,2023-11-15,PayPal,Completed
6937,472,2025-08-05,PayPal,Completed
6938,194,2024-08-18,Bank Transfer,Completed
6939,4439,2023-06-20,Invoice,Completed
6940,2061,2024-11-04,Bank Transfer,Completed
6941,2837,2023-06-15,PayPal,Completed
6942,1797,2023-08-19,Credit Card,Completed
6943,1223,2024-01-15,Invoice,Completed
6944,4920,2025-10-04,Credit Card,Completed
6945,4940,2025-11-19,Credit Card,Completed
6946,3152,2025-09-04,Invoice,Returned
6947,1416,2024-05-14,Invoice,Completed
6948,1954,2024-03-02,Credit Card,Completed
6949,3208,2024-12-21,Invoice,Completed
6950,2345,2025-06-03,Invoice,Cancelled
6951,2791,2025-12-28,Invoice,Completed
6952,2922,2023-08-24,PayPal,Completed
6953,1486,2023-04-06,Invoice,Completed
6954,363,2025-05-09,Invoice,Completed
6955,1080,2025-09-09,Bank Transfer,Cancelled
6956,2816,2025-09-22,Credit Card,Completed
6957,646,2025-04-25,PayPal,Completed
6958,957,2025-12-06,Invoice,Completed
6959,4814,2024-11-23,Bank Transfer,Completed
6960,1453,2025-11-13,PayPal,Completed
6961,2352,2025-12-14,PayPal,Completed
6962,965,2025-09-23,Bank Transfer,Completed
6963,359,2024-04-15,Invoice,Returned
6964,1534,2023-11-26,PayPal,Completed
6965,2249,2024-12-20,Bank Transfer,Cancelled
6966,2322,2024-09-30,PayPal,Completed
6967,593,2025-10-20,Bank Transfer,Completed
6968,1440,2023-07-01,Invoice,Completed
6969,3093,2024-02-10,Invoice,Completed
6970,2215,2025-06-29,Credit Card,Completed
6971,3515,2023-06-22,Bank Transfer,Completed
6972,2734,2024-04-28,Bank Transfer,Completed
6973,1100,2024-07-15,Invoice,Completed
6974,4069,2025-03-06,Bank Transfer,Completed
6975,3786,2023-10-08,PayPal,Completed
6976,25,2025-10-05,Credit Card,Completed
6977,3653,2024-09-23,PayPal,Completed
6978,3506,2025-11-15,Credit Card,Returned
6979,1795,2024-10-17,Credit Card,Cancelled
6980,446,2024-03-06,Invoice,Completed
6981,200,2023-09-10,PayPal,Completed
6982,4112,2023-01-08,Bank Transfer,Completed
6983,976,2024-12-09,PayPal,Completed
6984,2555,2023-07-13,Credit Card,Completed
6985,742,2024-07-20,Invoice,Completed
6986,3754,2025-01-29,Invoice,Completed
6987,4106,2024-03-06,Bank Transfer,Completed
6988,2667,2023-11-04,Bank Transfer,Completed
6989,1835,2025-07-20,PayPal,Completed
6990,2780,2025-12-02,Bank Transfer,Completed
6991,4675,2023-07-02,PayPal,Completed
6992,1851,2023-10-03,Invoice,Completed
6993,2026,2025-12-09,Invoice,Completed
6994,1673,2023-03-17,Bank Transfer,Completed
6995,4514,2025-12-19,Invoice,Returned
6996,147,2023-01-10,Bank Transfer,Completed
6997,541,2025-10-16,Bank Transfer,Completed
6998,3086,2024-04-12,Credit Card,Completed
6999,4178,2025-11-27,Invoice,Completed
7000,1556,2024-04-24,Invoice,Completed
7001,3982,2025-04-03,Invoice,Completed
7002,3823,2023-05-28,PayPal,Completed
7003,4581,2024-01-19,Bank Transfer,Completed
7004,1608,2025-07-19,Invoice,Completed
7005,398,2024-12-06,Credit Card,Completed
7006,1344,2025-11-21,Credit Card,Completed
7007,2973,2024-09-01,Credit Card,Completed
7008,4150,2025-10-13,Credit Card,Completed
7009,1329,2024-09-25,Bank Transfer,Completed
7010,2419,2025-12-20,Credit Card,Completed
7011,3295,2025-12-09,Credit Card,Returned
7012,3162,2024-05-08,PayPal,Completed
7013,1008,2025-10-27,Credit Card,Completed
7014,409,2025-09-23,Bank Transfer,Completed
7015,2953,2023-12-11,PayPal,Completed
7016,3806,2025-03-08,Credit Card,Completed
7017,1476,2023-05-16,Invoice,Completed
7018,1797,2025-09-13,Credit Card,Completed
7019,3163,2023-11-03,PayPal,Completed
7020,4842,2023-05-12,PayPal,Completed
7021,1504,2024-07-30,Invoice,Completed
7022,1523,2025-01-15,Bank Transfer,Completed
7023,1595,2025-09-30,Credit Card,Completed
7024,713,2025-12-17,Credit Card,Completed
7025,273,2024-09-14,Credit Card,Completed
7026,424,2023-04-25,Invoice,Completed
7027,2535,2025-06-27,Bank Transfer,Completed
7028,1402,2025-01-02,PayPal,Completed
7029,751,2024-09-24,Bank Transfer,Completed
7030,4936,2024-04-15,PayPal,Completed
7031,1080,2024-11-17,Invoice,Returned
7032,1519,2024-05-19,PayPal,Completed
7033,3474,2025-07-04,Invoice,Completed
7034,4283,2024-12-17,Bank Transfer,Completed
7035,3922,2025-10-19,Invoice,Completed
7036,812,2024-12-17,PayPal,Completed
7037,509,2024-01-13,PayPal,Completed
7038,4306,2025-09-26,Credit Card,Completed
7039,1282,2024-12-27,Bank Transfer,Completed
7040,2095,2023-12-07,PayPal,Completed
7041,2118,2025-03-07,PayPal,Returned
7042,121,2024-06-10,Credit Card,Returned
7043,2378,2025-09-20,Credit Card,Completed
7044,4581,2024-09-30,Bank Transfer,Completed
7045,630,2025-06-07,PayPal,Completed
7046,4152,2023-06-23,Bank Transfer,Completed
7047,573,2024-07-25,Bank Transfer,Completed
7048,4366,2025-12-22,Credit Card,Completed
7049,193,2025-08-19,PayPal,Completed
7050,3841,2023-10-11,Bank Transfer,Completed
7051,907,2024-03-09,PayPal,Returned
7052,4003,2024-05-09,PayPal,Completed
7053,4325,2025-03-31,Bank Transfer,Completed
7054,53,2025-07-04,Bank Transfer,Returned
7055,3623,2025-06-27,Credit Card,Completed
7056,2929,2024-11-22,Invoice,Returned
7057,4182,2025-08-21,Invoice,Cancelled
7058,211,2024-09-11,Credit Card,Completed
7059,4681,2023-08-10,PayPal,Cancelled
7060,1654,2025-01-02,PayPal,Completed
7061,628,2025-12-05,PayPal,Completed
7062,1877,2025-08-05,Credit Card,Cancelled
7063,1663,2025-01-17,Invoice,Completed
7064,499,2025-03-28,Credit Card,Completed
7065,2283,2025-11-23,Credit Card,Completed
7066,3752,2024-09-01,Bank Transfer,Completed
7067,3550,2024-05-10,PayPal,Completed
7068,3653,2025-12-19,PayPal,Completed
7069,4156,2025-10-07,Bank Transfer,Returned
7070,2375,2024-05-01,Invoice,Completed
7071,304,2024-10-12,Invoice,Completed
7072,3559,2024-08-16,PayPal,Completed
7073,4349,2023-09-22,PayPal,Completed
7074,1311,2025-12-08,PayPal,Completed
7075,2841,2024-08-04,PayPal,Completed
7076,3900,2025-10-18,Credit Card,Completed
7077,2161,2023-11-19,Credit Card,Completed
7078,1896,2024-12-20,Invoice,Completed
7079,4644,2023-02-20,Credit Card,Completed
7080,1121,2025-07-11,Credit Card,Completed
7081,1254,2025-01-20,PayPal,Completed
7082,4013,2025-03-09,Bank Transfer,Completed
7083,2944,2023-04-10,Bank Transfer,Completed
7084,2326,2023-12-12,Credit Card,Cancelled
7085,3198,2023-05-18,Credit Card,Completed
7086,2067,2024-03-22,Invoice,Completed
7087,2935,2025-03-10,PayPal,Cancelled
7088,1680,2025-01-03,Bank Transfer,Completed
7089,420,2025-02-24,Bank Transfer,Completed
7090,3833,2024-12-21,PayPal,Completed
7091,1191,2024-03-03,Bank Transfer,Completed
7092,4564,2024-01-22,PayPal,Completed
7093,4347,2023-09-02,PayPal,Completed
7094,2885,2025-09-24,PayPal,Completed
7095,281,2025-03-01,Invoice,Completed
7096,3541,2023-11-16,PayPal,Completed
7097,4303,2023-11-06,Invoice,Completed
7098,4815,2025-10-16,Bank Transfer,Completed
7099,3390,2025-06-21,Credit Card,Completed
7100,3255,2025-04-08,Invoice,Completed
7101,1377,2024-08-07,Credit Card,Completed
7102,4987,2024-02-17,PayPal,Completed
7103,3468,2025-12-20,Credit Card,Completed
7104,2614,2025-08-09,Credit Card,Cancelled
7105,3002,2024-04-06,Invoice,Returned
7106,697,2025-09-23,PayPal,Completed
7107,1202,2025-07-06,PayPal,Completed
7108,4451,2024-03-31,Invoice,Completed
7109,2723,2024-08-30,Invoice,Completed
7110,2655,2023-11-15,Credit Card,Completed
7111,185,2023-07-20,Credit Card,Cancelled
7112,2320,2025-06-04,Invoice,Completed
7113,2123,2024-02-25,Bank Transfer,Completed
7114,3445,2025-08-29,Bank Transfer,Completed
7115,395,2025-12-29,PayPal,Completed
7116,4222,2023-05-22,PayPal,Cancelled
7117,4463,2024-10-23,Credit Card,Completed
7118,2233,2025-08-13,Bank Transfer,Completed
7119,2172,2025-08-02,Bank Transfer,Completed
7120,3927,2025-07-07,Bank Transfer,Completed
7121,3244,2024-05-31,Bank Transfer,Completed
7122,913,2024-10-01,PayPal,Completed
7123,4948,2025-02-05,Credit Card,Completed
7124,2080,2025-12-17,PayPal,Cancelled
7125,1908,2024-05-06,Bank Transfer,Completed
7126,4376,2025-11-19,Bank Transfer,Completed
7127,2817,2024-02-27,Invoice,Cancelled
7128,3740,2025-12-25,Invoice,Completed
7129,2528,2025-04-18,Credit Card,Completed
7130,1201,2024-10-12,Invoice,Completed
7131,2084,2025-02-25,Invoice,Completed
7132,1855,2024-03-03,Credit Card,Cancelled
7133,3888,2024-03-05,Invoice,Completed
7134,3407,2023-07-24,PayPal,Completed
7135,1330,2023-07-25,PayPal,Returned
7136,3484,2024-05-30,PayPal,Completed
7137,756,2025-07-09,Invoice,Cancelled
7138,317,2025-02-19,Invoice,Completed
7139,789,2023-07-05,Bank Transfer,Completed
7140,4494,2025-09-27,Bank Transfer,Completed
7141,399,2025-02-12,Credit Card,Completed
7142,2059,2025-12-10,Credit Card,Completed
7143,3506,2025-04-18,PayPal,Completed
7144,1785,2023-11-04,Bank Transfer,Completed
7145,1903,2024-10-24,PayPal,Completed
7146,1400,2025-03-29,Invoice,Completed
7147,4195,2023-03-01,Invoice,Completed
7148,1660,2023-02-01,Invoice,Completed
7149,360,2023-08-20,Credit Card,Completed
7150,932,2024-02-02,Bank Transfer,Completed
7151,896,2024-09-02,Invoice,Completed
7152,2511,2024-11-06,Credit Card,Completed
7153,955,2023-09-04,Bank Transfer,Completed
7154,465,2025-04-20,Credit Card,Completed
7155,1903,2025-02-06,Bank Transfer,Completed
7156,140,2024-03-28,Credit Card,Completed
7157,3900,2023-01-29,Credit Card,Completed
7158,3062,2023-05-24,PayPal,Returned
7159,1603,2024-07-20,Bank Transfer,Completed
7160,98,2023-10-01,Credit Card,Completed
7161,1650,2024-07-03,Invoice,Completed
7162,1161,2025-03-11,Bank Transfer,Returned
7163,1031,2024-12-20,Invoice,Completed
7164,4038,2024-01-03,Credit Card,Completed
7165,4483,2024-05-25,Bank Transfer,Returned
7166,1617,2025-02-26,Bank Transfer,Completed
7167,1222,2025-10-05,Invoice,Completed
7168,2174,2025-07-01,Bank Transfer,Completed
7169,3937,2024-12-24,Bank Transfer,Completed
7170,3364,2024-06-16,Invoice,Returned
7171,4047,2024-06-19,Bank Transfer,Completed
7172,4645,2025-10-21,Bank Transfer,Cancelled
7173,2945,2023-03-20,Credit Card,Completed
7174,991,2025-12-25,PayPal,Completed
7175,3222,2025-04-12,Bank Transfer,Completed
7176,960,2025-04-27,PayPal,Completed
7177,2723,2023-03-18,Invoice,Completed
7178,3973,2025-02-16,Credit Card,Completed
7179,904,2024-11-04,Bank Transfer,Returned
7180,2112,2023-07-11,PayPal,Completed
7181,1859,2024-03-09,Invoice,Completed
7182,1625,2025-10-31,PayPal,Completed
7183,3221,2024-12-22,PayPal,Completed
7184,2316,2024-08-14,Credit Card,Completed
7185,4844,2023-05-16,Credit Card,Completed
7186,4632,2025-05-27,Credit Card,Completed
7187,2556,2025-05-17,PayPal,Completed
7188,1699,2025-02-26,PayPal,Completed
7189,1816,2024-11-23,Bank Transfer,Completed
7190,2592,2024-09-07,Invoice,Completed
7191,4582,2025-02-03,Bank Transfer,Completed
7192,4802,2024-01-06,Credit Card,Completed
7193,2386,2025-11-29,Credit Card,Completed
7194,4898,2025-01-29,Credit Card,Completed
7195,2242,2024-04-17,PayPal,Returned
7196,2149,2024-09-26,PayPal,Completed
7197,3506,2025-08-17,Credit Card,Returned
7198,3793,2023-10-14,Credit Card,Completed
7199,1305,2024-03-26,PayPal,Cancelled
7200,2934,2025-04-26,PayPal,Completed
7201,1905,2024-04-22,Invoice,Completed
7202,3044,2025-08-05,Invoice,Completed
7203,342,2023-08-22,Invoice,Completed
7204,2940,2025-07-09,Invoice,Completed
7205,576,2023-05-08,Bank Transfer,Completed
7206,3456,2023-01-27,PayPal,Completed
7207,1830,2025-11-05,Bank Transfer,Completed
7208,3806,2025-01-20,Invoice,Completed
7209,1774,2024-06-03,PayPal,Completed
7210,879,2024-01-05,PayPal,Completed
7211,1577,2025-03-01,PayPal,Completed
7212,4974,2024-11-22,Credit Card,Completed
7213,4629,2025-12-27,Credit Card,Completed
7214,963,2025-12-22,Invoice,Completed
7215,3212,2025-03-17,Invoice,Completed
7216,4690,2024-09-18,Credit Card,Completed
7217,336,2024-11-09,PayPal,Completed
7218,2827,2025-04-29,Invoice,Completed
7219,2299,2023-07-04,PayPal,Completed
7220,133,2024-05-07,Invoice,Completed
7221,4585,2023-05-20,PayPal,Returned
7222,2607,2023-05-17,PayPal,Completed
7223,4235,2023-11-26,PayPal,Completed
7224,3289,2024-11-04,Invoice,Completed
7225,419,2025-07-29,Bank Transfer,Completed
7226,1261,2024-11-04,Credit Card,Returned
7227,4549,2024-05-15,Credit Card,Completed
7228,1296,2023-06-01,Bank Transfer,Completed
7229,904,2024-12-22,Bank Transfer,Completed
7230,3257,2024-03-01,Invoice,Completed
7231,3024,2025-02-27,Bank Transfer,Completed
7232,806,2025-12-19,Invoice,Completed
7233,4590,2023-07-20,Bank Transfer,Completed
7234,1815,2023-12-13,Bank Transfer,Returned
7235,220,2024-10-23,Credit Card,Cancelled
7236,2927,2025-12-14,Invoice,Completed
7237,3594,2025-07-17,PayPal,Completed
7238,2176,2025-11-05,Invoice,Completed
7239,2619,2024-05-13,Bank Transfer,Completed
7240,4310,2025-12-27,Invoice,Completed
7241,852,2023-07-06,Bank Transfer,Cancelled
7242,1493,2023-04-12,Bank Transfer,Completed
7243,3592,2025-09-30,Invoice,Returned
7244,4611,2025-11-21,Bank Transfer,Cancelled
7245,4472,2023-06-15,PayPal,Completed
7246,3384,2023-07-24,Invoice,Completed
7247,779,2023-03-10,Bank Transfer,Completed
7248,855,2023-07-09,Invoice,Completed
7249,4870,2023-12-10,Credit Card,Completed
7250,2875,2025-12-15,Credit Card,Completed
7251,2124,2025-04-15,Bank Transfer,Completed
7252,489,2025-07-23,Invoice,Completed
7253,1990,2025-07-21,Credit Card,Completed
7254,830,2024-12-11,PayPal,Completed
7255,652,2025-08-09,Credit Card,Completed
7256,629,2025-02-06,Credit Card,Completed
7257,3505,2024-04-21,Bank Transfer,Completed
7258,1378,2024-12-30,Bank Transfer,Completed
7259,451,2024-12-10,Credit Card,Returned
7260,4440,2025-09-01,PayPal,Returned
7261,4849,2025-12-21,PayPal,Completed
7262,4575,2024-08-12,Bank Transfer,Completed
7263,4970,2025-07-10,Credit Card,Completed
7264,4898,2023-07-01,Invoice,Completed
7265,1886,2025-07-22,Credit Card,Completed
7266,4516,2024-06-26,PayPal,Completed
7267,4853,2023-03-20,Credit Card,Completed
7268,4314,2024-06-17,Invoice,Completed
7269,4509,2025-02-22,Bank Transfer,Completed
7270,1170,2023-08-03,Credit Card,Cancelled
7271,614,2025-11-19,Invoice,Completed
7272,3620,2023-05-24,Bank Transfer,Completed
7273,3156,2025-11-22,Bank Transfer,Completed
7274,1422,2025-05-21,Credit Card,Completed
7275,3421,2024-05-09,Credit Card,Completed
7276,2682,2024-07-19,PayPal,Completed
7277,3202,2025-06-20,Credit Card,Completed
7278,3419,2025-02-12,Invoice,Completed
7279,2865,2025-04-19,Bank Transfer,Completed
7280,4792,2024-07-17,Credit Card,Completed
7281,1626,2024-11-06,Bank Transfer,Completed
7282,2699,2025-12-26,Invoice,Completed
7283,1476,2023-12-15,Bank Transfer,Completed
7284,1458,2024-08-20,Bank Transfer,Completed
7285,745,2024-03-25,Credit Card,Completed
7286,854,2025-07-11,Credit Card,Completed
7287,1024,2025-07-10,Bank Transfer,Completed
7288,399,2024-03-26,PayPal,Completed
7289,2784,2023-05-30,PayPal,Completed
7290,3468,2023-01-25,Bank Transfer,Completed
7291,1032,2024-08-31,Bank Transfer,Completed
7292,2481,2024-08-11,Bank Transfer,Completed
7293,4424,2025-12-25,Bank Transfer,Completed
7294,1852,2024-10-19,Bank Transfer,Completed
7295,213,2024-02-09,Invoice,Completed
7296,3828,2025-11-01,Credit Card,Completed
7297,2863,2024-11-09,PayPal,Completed
7298,478,2025-02-09,Invoice,Completed
7299,1060,2023-06-24,PayPal,Completed
7300,2235,2024-07-10,Credit Card,Completed
7301,1600,2025-11-30,Invoice,Returned
7302,753,2025-01-30,Bank Transfer,Completed
7303,4088,2024-05-26,Invoice,Completed
7304,3216,2025-03-09,PayPal,Completed
7305,2212,2025-11-11,Bank Transfer,Completed
7306,1335,2024-03-04,Credit Card,Completed
7307,718,2024-11-19,Bank Transfer,Completed
7308,736,2025-12-08,Credit Card,Cancelled
7309,926,2023-11-01,Credit Card,Completed
7310,4167,2025-06-01,PayPal,Completed
7311,1075,2025-02-26,Bank Transfer,Completed
7312,1048,2025-04-26,Credit Card,Cancelled
7313,3694,2024-06-03,Bank Transfer,Completed
7314,4153,2024-04-20,PayPal,Completed
7315,3878,2025-04-30,Credit Card,Completed
7316,1843,2023-12-16,Credit Card,Returned
7317,1313,2024-08-22,Bank Transfer,Completed
7318,854,2023-11-17,PayPal,Completed
7319,196,2023-01-18,PayPal,Completed
7320,95,2025-12-15,PayPal,Completed
7321,2590,2024-09-05,PayPal,Completed
7322,2895,2025-12-14,Invoice,Completed
7323,1077,2023-09-07,PayPal,Completed
7324,2870,2025-01-27,PayPal,Completed
7325,2785,2023-12-01,Invoice,Completed
7326,3893,2025-08-03,PayPal,Completed
7327,4861,2025-07-28,Credit Card,Completed
7328,3467,2023-07-22,Bank Transfer,Completed
7329,3369,2025-11-12,Bank Transfer,Completed
7330,490,2023-11-24,PayPal,Completed
7331,3607,2025-02-25,Invoice,Cancelled
7332,2478,2025-12-23,PayPal,Completed
7333,456,2025-10-24,Invoice,Completed
7334,1833,2025-12-07,Bank Transfer,Completed
7335,2008,2024-05-24,Bank Transfer,Completed
7336,2441,2023-07-10,Invoice,Completed
7337,1071,2023-11-18,Credit Card,Cancelled
7338,1901,2024-11-15,Bank Transfer,Completed
7339,2084,2025-08-05,Invoice,Completed
7340,1825,2023-09-24,Invoice,Completed
7341,3516,2025-04-08,Invoice,Completed
7342,1030,2024-05-01,Invoice,Completed
7343,785,2024-05-22,Invoice,Returned
7344,3815,2025-04-10,PayPal,Completed
7345,3823,2024-10-16,Credit Card,Completed
7346,3503,2025-08-22,PayPal,Completed
7347,2067,2023-10-04,Bank Transfer,Completed
7348,4409,2025-08-03,PayPal,Returned
7349,4876,2023-05-01,Credit Card,Completed
7350,2896,2023-11-24,Bank Transfer,Returned
7351,447,2025-04-05,Credit Card,Completed
7352,3736,2025-09-30,Credit Card,Returned
7353,788,2024-02-03,Invoice,Completed
7354,4189,2024-05-06,Invoice,Returned
7355,3107,2024-12-12,Invoice,Completed
7356,4406,2023-12-12,Credit Card,Completed
7357,2884,2025-08-21,PayPal,Completed
7358,4609,2025-07-19,Invoice,Completed
7359,1660,2023-09-16,PayPal,Completed
7360,2825,2024-10-12,Bank Transfer,Completed
7361,4767,2025-07-20,PayPal,Completed
7362,280,2024-05-17,Bank Transfer,Returned
7363,3038,2025-03-15,Credit Card,Completed
7364,3007,2023-04-08,Invoice,Cancelled
7365,1307,2025-02-20,PayPal,Completed
7366,2792,2023-09-28,Invoice,Completed
7367,1298,2025-09-08,Invoice,Completed
7368,2768,2024-06-08,Credit Card,Returned
7369,3986,2024-03-13,PayPal,Returned
7370,4995,2025-09-17,Invoice,Completed
7371,1563,2023-04-07,Bank Transfer,Completed
7372,2734,2024-07-26,Credit Card,Completed
7373,1612,2024-06-25,PayPal,Completed
7374,3593,2024-03-17,Bank Transfer,Completed
7375,997,2025-11-12,Credit Card,Returned
7376,1120,2025-06-29,Credit Card,Completed
7377,2664,2023-05-01,Bank Transfer,Returned
7378,2155,2025-05-27,PayPal,Completed
7379,3461,2024-12-05,Invoice,Completed
7380,23,2025-11-06,PayPal,Completed
7381,518,2024-04-19,Credit Card,Cancelled
7382,4044,2025-01-12,PayPal,Completed
7383,1574,2024-11-16,PayPal,Completed
7384,2793,2024-11-07,PayPal,Completed
7385,944,2024-10-03,PayPal,Completed
7386,3546,2023-12-06,Invoice,Completed
7387,1482,2025-07-03,Bank Transfer,Completed
7388,4206,2024-09-28,PayPal,Completed
7389,2550,2025-12-08,Invoice,Completed
7390,2461,2024-02-15,PayPal,Completed
7391,788,2025-04-29,PayPal,Completed
7392,3832,2025-11-28,Invoice,Completed
7393,3844,2025-04-12,Credit Card,Completed
7394,653,2025-10-14,Bank Transfer,Completed
7395,1585,2025-09-05,PayPal,Completed
7396,2786,2024-06-13,Bank Transfer,Completed
7397,3971,2025-02-10,Invoice,Completed
7398,4607,2023-10-04,PayPal,Completed
7399,3741,2024-12-11,PayPal,Completed
7400,1492,2024-01-02,Bank Transfer,Completed
7401,4107,2025-06-22,Credit Card,Completed
7402,1935,2024-12-06,PayPal,Completed
7403,990,2024-08-12,PayPal,Completed
7404,3573,2024-02-27,Invoice,Cancelled
7405,2928,2025-12-31,Invoice,Completed
7406,1191,2023-05-14,Bank Transfer,Completed
7407,4345,2023-03-27,Bank Transfer,Completed
7408,1155,2023-12-18,Credit Card,Completed
7409,166,2025-12-15,Bank Transfer,Completed
7410,3056,2025-12-20,Invoice,Completed
7411,4798,2025-04-04,Bank Transfer,Completed
7412,4983,2025-10-22,Credit Card,Returned
7413,4648,2023-12-15,Invoice,Completed
7414,3029,2025-12-16,Credit Card,Cancelled
7415,726,2023-09-12,PayPal,Completed
7416,1323,2023-07-03,Invoice,Returned
7417,599,2023-07-22,Credit Card,Returned
7418,4549,2025-01-11,Bank Transfer,Completed
7419,2343,2025-07-25,Invoice,Completed
7420,322,2024-06-21,Credit Card,Completed
7421,4122,2025-12-19,Bank Transfer,Returned
7422,1336,2024-09-08,Bank Transfer,Completed
7423,2480,2023-09-25,PayPal,Completed
7424,3298,2024-10-15,Invoice,Completed
7425,1314,2025-04-25,Invoice,Completed
7426,3300,2025-09-09,Credit Card,Completed
7427,4577,2024-10-07,Bank Transfer,Completed
7428,2198,2025-02-03,Credit Card,Completed
7429,71,2024-02-25,Bank Transfer,Completed
7430,26,2025-03-27,PayPal,Completed
7431,3907,2025-12-24,Invoice,Completed
7432,2160,2023-04-06,PayPal,Completed
7433,885,2025-10-28,Invoice,Completed
7434,4434,2024-12-31,Credit Card,Completed
7435,1489,2024-02-02,Credit Card,Completed
7436,1528,2025-12-06,Bank Transfer,Completed
7437,1470,2024-11-03,Invoice,Completed
7438,1926,2024-05-11,Invoice,Completed
7439,1049,2023-11-10,Credit Card,Completed
7440,4750,2024-01-22,Credit Card,Completed
7441,4047,2025-09-10,Credit Card,Completed
7442,1662,2025-02-26,Bank Transfer,Completed
7443,762,2025-11-13,PayPal,Cancelled
7444,2207,2024-01-04,PayPal,Completed
7445,4423,2023-08-06,Credit Card,Completed
7446,1143,2023-01-13,Credit Card,Completed
7447,4638,2024-11-21,PayPal,Completed
7448,1586,2025-12-31,Bank Transfer,Completed
7449,3860,2025-05-10,Invoice,Completed
7450,1579,2024-04-14,Credit Card,Completed
7451,1023,2025-10-19,Invoice,Completed
7452,1030,2025-07-26,Credit Card,Completed
7453,1361,2023-02-02,Invoice,Completed
7454,1752,2025-08-27,Invoice,Completed
7455,4844,2024-04-04,Invoice,Completed
7456,2770,2023-09-23,Credit Card,Completed
7457,3466,2023-12-28,Bank Transfer,Completed
7458,1987,2024-10-18,Invoice,Completed
7459,90,2024-08-28,PayPal,Completed
7460,3704,2024-03-22,Credit Card,Returned
7461,2370,2023-11-01,Invoice,Completed
7462,3569,2025-07-09,Credit Card,Cancelled
7463,3407,2025-12-26,Credit Card,Completed
7464,869,2025-07-23,Credit Card,Completed
7465,971,2024-03-30,Invoice,Completed
7466,4163,2024-01-23,Credit Card,Completed
7467,18,2023-12-19,Invoice,Completed
7468,1406,2023-09-01,Credit Card,Completed
7469,197,2024-12-23,PayPal,Completed
7470,2365,2025-02-16,Invoice,Completed
7471,3090,2025-05-19,Bank Transfer,Completed
7472,3022,2025-04-27,Bank Transfer,Completed
7473,2862,2024-03-26,Bank Transfer,Completed
7474,4120,2024-05-09,Credit Card,Completed
7475,4945,2025-04-28,Bank Transfer,Completed
7476,487,2024-06-01,Invoice,Returned
7477,4319,2023-12-13,Bank Transfer,Completed
7478,1849,2024-06-30,Invoice,Completed
7479,3323,2024-03-02,Invoice,Cancelled
7480,3877,2023-06-11,Credit Card,Completed
7481,4872,2025-09-07,Invoice,Completed
7482,3915,2025-09-28,Invoice,Completed
7483,3628,2023-12-21,PayPal,Completed
7484,2733,2023-05-02,Bank Transfer,Completed
7485,590,2025-06-18,PayPal,Completed
7486,2482,2023-12-12,PayPal,Completed
7487,757,2024-07-22,PayPal,Completed
7488,12,2023-05-01,PayPal,Completed
7489,2992,2023-12-28,Invoice,Completed
7490,1156,2025-08-05,Invoice,Completed
7491,1851,2025-08-15,PayPal,Completed
7492,1617,2023-12-07,PayPal,Completed
7493,2941,2024-05-16,PayPal,Completed
7494,4096,2023-08-28,PayPal,Completed
7495,4144,2023-05-18,Invoice,Completed
7496,3558,2025-12-27,Invoice,Completed
7497,2960,2025-04-05,PayPal,Completed
7498,4162,2024-12-16,PayPal,Returned
7499,66,2025-07-12,PayPal,Cancelled
7500,2027,2025-09-16,Bank Transfer,Completed
7501,2966,2025-08-17,Bank Transfer,Completed
7502,2167,2023-02-05,Credit Card,Completed
7503,3629,2023-11-16,Credit Card,Completed
7504,4045,2025-04-04,Invoice,Completed
7505,4563,2024-07-01,PayPal,Completed
7506,1886,2025-12-22,PayPal,Completed
7507,4230,2025-04-13,Invoice,Cancelled
7508,4513,2025-12-07,Bank Transfer,Completed
7509,4084,2023-12-02,Credit Card,Completed
7510,155,2025-10-08,Credit Card,Completed
7511,3596,2024-04-29,Bank Transfer,Completed
7512,4528,2025-12-26,PayPal,Completed
7513,4625,2023-10-07,Bank Transfer,Completed
7514,4483,2024-11-27,Credit Card,Completed
7515,3087,2025-08-05,PayPal,Completed
7516,4916,2024-09-06,Invoice,Returned
7517,4242,2024-10-17,PayPal,Completed
7518,3920,2025-12-24,Invoice,Completed
7519,2397,2024-08-28,Credit Card,Completed
7520,1404,2025-02-15,Bank Transfer,Completed
7521,3497,2023-04-15,Credit Card,Completed
7522,1737,2025-09-18,Bank Transfer,Completed
7523,4315,2025-03-29,Invoice,Completed
7524,4581,2024-08-03,Bank Transfer,Completed
7525,4406,2023-02-04,Credit Card,Cancelled
7526,4085,2025-02-01,Credit Card,Completed
7527,942,2023-01-27,Bank Transfer,Completed
7528,1884,2023-01-03,PayPal,Completed
7529,2077,2025-02-28,Credit Card,Completed
7530,3658,2023-11-18,Bank Transfer,Completed
7531,3147,2023-11-21,Credit Card,Returned
7532,97,2025-04-02,Invoice,Completed
7533,1679,2023-04-13,PayPal,Completed
7534,3974,2024-04-19,Invoice,Completed
7535,1403,2023-09-23,Credit Card,Completed
7536,505,2025-01-19,Invoice,Completed
7537,4068,2025-04-10,Bank Transfer,Completed
7538,1278,2025-06-02,Invoice,Completed
7539,3478,2024-02-07,PayPal,Completed
7540,4865,2023-06-13,Bank Transfer,Completed
7541,1251,2023-05-26,Bank Transfer,Completed
7542,3159,2024-08-29,Credit Card,Completed
7543,2490,2025-12-01,Bank Transfer,Completed
7544,2472,2023-12-19,Invoice,Completed
7545,1338,2024-02-09,PayPal,Completed
7546,4471,2023-07-02,Invoice,Completed
7547,4036,2025-02-16,Bank Transfer,Cancelled
7548,2096,2025-04-26,Bank Transfer,Completed
7549,3433,2025-03-24,Invoice,Completed
7550,2212,2025-10-05,Credit Card,Completed
7551,3148,2024-11-05,Bank Transfer,Completed
7552,117,2023-08-28,Bank Transfer,Completed
7553,4576,2024-03-22,Bank Transfer,Completed
7554,494,2025-04-11,Bank Transfer,Completed
7555,3826,2025-02-25,Credit Card,Completed
7556,3859,2024-12-08,Invoice,Completed
7557,268,2025-04-29,PayPal,Completed
7558,3342,2025-03-19,Bank Transfer,Returned
7559,206,2025-10-23,PayPal,Completed
7560,1929,2025-01-26,Credit Card,Returned
7561,4171,2025-07-23,Invoice,Completed
7562,684,2024-01-28,Bank Transfer,Completed
7563,779,2025-04-25,Credit Card,Returned
7564,551,2025-11-07,PayPal,Completed
7565,1670,2024-07-13,Credit Card,Completed
7566,3009,2025-07-24,Credit Card,Completed
7567,265,2025-06-05,PayPal,Completed
7568,1123,2023-04-23,Credit Card,Completed
7569,4697,2025-01-21,Credit Card,Completed
7570,1488,2023-08-21,Credit Card,Completed
7571,3280,2025-12-13,Credit Card,Completed
7572,452,2025-08-22,Bank Transfer,Returned
7573,4526,2023-07-17,Credit Card,Returned
7574,4089,2023-08-07,PayPal,Completed
7575,3744,2025-02-04,PayPal,Completed
7576,3827,2024-05-26,Bank Transfer,Completed
7577,3898,2023-03-13,Invoice,Completed
7578,4480,2024-12-16,Bank Transfer,Completed
7579,2781,2024-07-16,PayPal,Completed
7580,2739,2023-07-03,PayPal,Completed
7581,622,2025-08-13,Credit Card,Returned
7582,1363,2025-11-14,PayPal,Completed
7583,2457,2025-07-04,PayPal,Completed
7584,3779,2025-09-01,Bank Transfer,Completed
7585,2769,2023-12-17,Invoice,Returned
7586,949,2024-02-19,Bank Transfer,Returned
7587,3291,2023-12-09,Credit Card,Returned
7588,1599,2025-07-11,Bank Transfer,Completed
7589,3482,2025-12-02,Credit Card,Completed
7590,4603,2025-05-29,Bank Transfer,Completed
7591,3071,2025-10-23,Credit Card,Completed
7592,1739,2025-03-20,Invoice,Completed
7593,2460,2024-07-15,Credit Card,Cancelled
7594,4343,2024-08-29,Invoice,Completed
7595,2395,2023-05-20,Bank Transfer,Completed
7596,4330,2023-03-07,Credit Card,Cancelled
7597,1306,2025-05-10,Bank Transfer,Returned
7598,2255,2024-09-13,Credit Card,Completed
7599,1111,2024-12-23,PayPal,Completed
7600,61,2024-12-27,Bank Transfer,Completed
7601,1178,2024-03-08,Credit Card,Completed
7602,3030,2024-10-27,Invoice,Completed
7603,4017,2024-10-21,PayPal,Completed
7604,4789,2024-07-16,Credit Card,Completed
7605,3734,2025-08-30,Invoice,Completed
7606,2787,2024-09-28,Bank Transfer,Completed
7607,2387,2025-02-14,PayPal,Completed
7608,4626,2025-11-03,PayPal,Returned
7609,4543,2025-10-10,Credit Card,Returned
7610,4982,2025-10-31,Invoice,Completed
7611,4162,2024-02-28,Bank Transfer,Completed
7612,368,2023-03-13,Bank Transfer,Completed
7613,3088,2024-02-15,Invoice,Completed
7614,1599,2024-03-10,Invoice,Completed
7615,770,2025-11-11,Credit Card,Completed
7616,322,2025-03-30,PayPal,Completed
7617,3335,2023-05-31,Bank Transfer,Returned
7618,2528,2023-08-30,Credit Card,Completed
7619,861,2023-10-03,Credit Card,Completed
7620,374,2025-03-13,Bank Transfer,Completed
7621,3232,2025-06-15,Invoice,Completed
7622,3921,2025-10-04,Invoice,Completed
7623,25,2025-11-28,Bank Transfer,Completed
7624,363,2023-12-02,PayPal,Returned
7625,4289,2024-04-15,Bank Transfer,Completed
7626,1281,2024-01-16,Credit Card,Completed
7627,4842,2024-06-11,Bank Transfer,Completed
7628,4910,2025-11-14,Credit Card,Completed
7629,1659,2025-01-13,PayPal,Completed
7630,2408,2025-06-17,Bank Transfer,Completed
7631,2436,2024-11-08,Invoice,Returned
7632,966,2023-03-02,Bank Transfer,Completed
7633,4103,2023-05-01,Invoice,Completed
7634,1139,2024-12-13,Credit Card,Completed
7635,2743,2025-05-31,PayPal,Completed
7636,288,2023-12-16,PayPal,Completed
7637,2565,2025-06-03,Invoice,Completed
7638,3031,2025-08-21,Bank Transfer,Completed
7639,3309,2024-08-13,Bank Transfer,Completed
7640,4467,2025-06-25,Bank Transfer,Completed
7641,4602,2024-08-03,PayPal,Completed
7642,75,2025-04-25,Bank Transfer,Completed
7643,1690,2025-07-10,Invoice,Completed
7644,519,2025-12-27,Bank Transfer,Completed
7645,1712,2024-05-27,PayPal,Completed
7646,2469,2024-08-12,Credit Card,Completed
7647,2031,2023-10-20,PayPal,Returned
7648,3642,2023-12-04,PayPal,Completed
7649,4768,2025-05-08,Credit Card,Completed
7650,4156,2025-11-15,Invoice,Completed
7651,3119,2024-07-23,Bank Transfer,Completed
7652,3300,2023-11-09,Credit Card,Completed
7653,3790,2024-03-17,Invoice,Cancelled
7654,1089,2024-10-02,PayPal,Completed
7655,4862,2024-03-24,PayPal,Completed
7656,2528,2024-01-06,Bank Transfer,Returned
7657,4503,2025-06-15,Bank Transfer,Returned
7658,277,2023-01-17,Invoice,Completed
7659,555,2024-12-14,Invoice,Completed
7660,2481,2025-08-06,Invoice,Returned
7661,583,2024-02-23,Credit Card,Completed
7662,4608,2025-02-14,Invoice,Completed
7663,975,2025-04-16,Credit Card,Completed
7664,3498,2025-04-04,PayPal,Completed
7665,2394,2024-09-21,PayPal,Completed
7666,463,2024-05-28,PayPal,Completed
7667,2974,2025-09-13,Credit Card,Completed
7668,3431,2025-07-05,Invoice,Cancelled
7669,4505,2024-04-29,Invoice,Completed
7670,2844,2023-07-06,Bank Transfer,Completed
7671,2960,2023-05-14,Bank Transfer,Completed
7672,4082,2023-06-21,Invoice,Completed
7673,2287,2025-01-22,Bank Transfer,Returned
7674,4065,2023-04-10,Bank Transfer,Returned
7675,2051,2024-05-17,Credit Card,Completed
7676,240,2025-07-01,PayPal,Returned
7677,476,2024-03-28,Invoice,Returned
7678,1487,2025-07-10,Bank Transfer,Completed
7679,1893,2025-06-24,Invoice,Completed
7680,268,2024-01-24,PayPal,Completed
7681,2237,2025-06-09,PayPal,Completed
7682,1912,2025-06-26,Credit Card,Completed
7683,2248,2024-07-27,Invoice,Completed
7684,4232,2023-12-11,Bank Transfer,Completed
7685,55,2024-12-01,Credit Card,Completed
7686,2071,2025-11-18,Bank Transfer,Completed
7687,3819,2025-03-21,Bank Transfer,Returned
7688,1132,2023-11-01,Credit Card,Completed
7689,4370,2025-04-29,PayPal,Completed
7690,1611,2024-08-31,Bank Transfer,Completed
7691,2240,2025-02-01,PayPal,Completed
7692,1849,2025-06-14,Credit Card,Completed
7693,3839,2024-11-26,Bank Transfer,Completed
7694,2832,2025-08-24,Invoice,Completed
7695,2990,2025-06-03,Credit Card,Completed
7696,2957,2025-02-27,PayPal,Returned
7697,1344,2023-09-25,Invoice,Completed
7698,3433,2025-09-13,Bank Transfer,Completed
7699,1877,2025-11-26,Credit Card,Completed
7700,3917,2023-09-02,Credit Card,Completed
7701,4049,2024-11-06,PayPal,Completed
7702,582,2024-02-12,PayPal,Completed
7703,2487,2025-07-02,Invoice,Completed
7704,1173,2025-06-03,Invoice,Completed
7705,3325,2023-09-08,Credit Card,Cancelled
7706,4286,2025-10-19,Bank Transfer,Completed
7707,1566,2023-11-10,Bank Transfer,Completed
7708,3534,2025-08-09,PayPal,Completed
7709,4402,2024-10-04,PayPal,Completed
7710,3713,2024-05-07,Bank Transfer,Completed
7711,2508,2023-10-08,Bank Transfer,Completed
7712,516,2023-10-24,Credit Card,Completed
7713,1136,2025-04-10,PayPal,Completed
7714,500,2024-12-22,Credit Card,Returned
7715,4257,2023-08-07,Bank Transfer,Cancelled
7716,363,2023-07-23,Credit Card,Returned
7717,1772,2023-05-15,Invoice,Completed
7718,3729,2025-06-22,Credit Card,Returned
7719,4848,2025-05-25,Bank Transfer,Completed
7720,4791,2023-04-21,Credit Card,Returned
7721,888,2024-12-29,PayPal,Completed
7722,1082,2023-06-05,Credit Card,Completed
7723,2650,2025-11-08,Bank Transfer,Returned
7724,3051,2025-11-10,PayPal,Completed
7725,4997,2025-05-13,PayPal,Completed
7726,2821,2025-11-20,PayPal,Completed
7727,3219,2025-08-22,Invoice,Completed
7728,2191,2025-09-06,PayPal,Completed
7729,635,2025-01-07,Credit Card,Completed
7730,4574,2024-04-11,PayPal,Completed
7731,539,2023-12-19,Credit Card,Completed
7732,3722,2024-05-06,Invoice,Completed
7733,1065,2025-03-11,Invoice,Completed
7734,645,2023-11-01,PayPal,Completed
7735,1378,2024-02-12,Bank Transfer,Completed
7736,1163,2024-10-17,Invoice,Completed
7737,2185,2024-01-05,Invoice,Completed
7738,75,2025-01-29,Bank Transfer,Completed
7739,2832,2025-11-19,PayPal,Completed
7740,2341,2025-06-26,Bank Transfer,Completed
7741,1356,2025-04-14,Invoice,Completed
7742,607,2025-01-22,Credit Card,Completed
7743,1948,2024-11-06,Credit Card,Completed
7744,1082,2023-11-16,PayPal,Completed
7745,985,2025-11-03,PayPal,Cancelled
7746,4805,2024-01-28,Invoice,Completed
7747,4801,2023-06-16,Bank Transfer,Cancelled
7748,1320,2025-06-28,Invoice,Completed
7749,1961,2023-11-04,Credit Card,Cancelled
7750,843,2024-06-27,PayPal,Completed
7751,3066,2023-03-01,PayPal,Completed
7752,3833,2023-09-02,Bank Transfer,Completed
7753,2651,2023-11-02,PayPal,Completed
7754,743,2023-04-15,Bank Transfer,Completed
7755,1518,2025-04-05,Invoice,Completed
7756,482,2025-09-14,Invoice,Completed
7757,4602,2024-06-29,Invoice,Completed
7758,3189,2025-10-17,Bank Transfer,Returned
7759,2297,2023-12-14,Bank Transfer,Completed
7760,1928,2024-05-03,Credit Card,Returned
7761,1368,2023-09-25,PayPal,Completed
7762,2174,2025-03-04,Credit Card,Completed
7763,1100,2024-08-22,Bank Transfer,Completed
7764,3505,2025-02-25,Credit Card,Completed
7765,4678,2025-07-08,Credit Card,Completed
7766,2358,2024-12-18,Bank Transfer,Completed
7767,4271,2025-03-11,Credit Card,Completed
7768,1243,2025-11-25,PayPal,Completed
7769,2227,2024-04-03,Credit Card,Completed
7770,1015,2024-06-12,Bank Transfer,Returned
7771,4149,2025-05-30,Credit Card,Completed
7772,3585,2025-02-23,PayPal,Completed
7773,1108,2023-11-07,PayPal,Completed
7774,925,2024-07-02,Credit Card,Returned
7775,386,2024-10-17,Invoice,Completed
7776,3346,2024-08-21,Invoice,Completed
7777,4751,2023-11-07,Credit Card,Completed
7778,2634,2025-11-19,Invoice,Completed
7779,808,2025-07-09,Bank Transfer,Completed
7780,700,2024-11-01,Invoice,Completed
7781,2372,2025-04-26,Invoice,Completed
7782,2064,2025-11-04,Invoice,Completed
7783,4130,2023-08-31,Credit Card,Completed
7784,1322,2024-01-31,Bank Transfer,Completed
7785,787,2024-12-16,Invoice,Completed
7786,1208,2025-08-11,Credit Card,Completed
7787,4571,2023-03-15,PayPal,Completed
7788,1855,2025-12-23,PayPal,Completed
7789,538,2024-10-02,Invoice,Completed
7790,2347,2024-06-12,Invoice,Completed
7791,2652,2024-03-26,Credit Card,Completed
7792,3758,2023-11-03,PayPal,Completed
7793,2810,2025-08-04,Invoice,Completed
7794,3000,2025-12-07,PayPal,Returned
7795,985,2024-08-15,Credit Card,Completed
7796,4041,2025-12-05,Invoice,Completed
7797,4664,2025-09-02,Bank Transfer,Completed
7798,1455,2024-11-01,PayPal,Completed
7799,3893,2025-04-21,Bank Transfer,Completed
7800,871,2024-09-09,PayPal,Completed
7801,1978,2024-12-28,PayPal,Completed
7802,2127,2023-04-21,Invoice,Completed
7803,979,2025-05-11,PayPal,Completed
7804,87,2023-04-12,Invoice,Completed
7805,4775,2025-08-27,Invoice,Completed
7806,4601,2025-09-03,PayPal,Completed
7807,4431,2024-01-11,PayPal,Cancelled
7808,3230,2024-05-01,Invoice,Completed
7809,3375,2024-11-01,Invoice,Completed
7810,884,2025-02-07,Bank Transfer,Completed
7811,786,2024-03-20,Credit Card,Completed
7812,2341,2025-02-02,PayPal,Completed
7813,4659,2024-04-01,PayPal,Completed
7814,2545,2023-04-16,Invoice,Completed
7815,548,2023-01-06,Credit Card,Completed
7816,4686,2023-07-03,Credit Card,Returned
7817,3529,2025-08-05,Credit Card,Completed
7818,3760,2025-12-10,Bank Transfer,Completed
7819,2793,2024-08-30,Credit Card,Completed
7820,1167,2024-11-24,Credit Card,Completed
7821,3498,2023-09-18,PayPal,Completed
7822,1220,2024-12-22,PayPal,Completed
7823,2278,2023-09-15,PayPal,Completed
7824,3737,2025-02-23,Credit Card,Completed
7825,2592,2025-11-24,PayPal,Completed
7826,3136,2023-11-25,PayPal,Completed
7827,789,2025-07-11,Invoice,Completed
7828,2824,2023-02-19,Credit Card,Completed
7829,2562,2024-07-01,Bank Transfer,Completed
7830,1038,2023-07-19,Bank Transfer,Cancelled
7831,4640,2024-06-04,PayPal,Completed
7832,3572,2023-11-02,PayPal,Completed
7833,507,2024-06-29,Bank Transfer,Completed
7834,2428,2024-08-19,Invoice,Completed
7835,1712,2024-04-04,Bank Transfer,Completed
7836,430,2025-04-05,Invoice,Completed
7837,3660,2025-11-16,Invoice,Completed
7838,1439,2024-07-30,Invoice,Completed
7839,2371,2023-11-22,Credit Card,Completed
7840,830,2024-02-29,PayPal,Completed
7841,291,2025-09-29,Invoice,Completed
7842,3912,2025-01-10,PayPal,Returned
7843,3680,2024-10-02,PayPal,Completed
7844,599,2023-09-23,Invoice,Completed
7845,3457,2024-09-26,Invoice,Completed
7846,2156,2024-03-10,Credit Card,Completed
7847,799,2025-11-30,Credit Card,Completed
7848,4320,2025-10-26,Bank Transfer,Completed
7849,3037,2023-06-04,Credit Card,Completed
7850,214,2024-11-27,Bank Transfer,Returned
7851,1810,2023-12-27,Invoice,Returned
7852,4040,2024-08-11,PayPal,Completed
7853,4334,2025-10-19,Credit Card,Completed
7854,4866,2024-12-05,Credit Card,Completed
7855,962,2024-05-14,Credit Card,Completed
7856,1215,2023-12-08,PayPal,Completed
7857,4696,2025-08-12,PayPal,Completed
7858,4075,2025-03-08,Bank Transfer,Completed
7859,4865,2024-10-17,PayPal,Completed
7860,3322,2023-12-19,Invoice,Completed
7861,3125,2024-05-14,Invoice,Completed
7862,771,2025-12-09,PayPal,Completed
7863,479,2024-11-30,Invoice,Completed
7864,3036,2024-07-31,PayPal,Completed
7865,2270,2024-12-01,PayPal,Returned
7866,4076,2025-07-24,Bank Transfer,Returned
7867,1955,2024-05-21,Bank Transfer,Completed
7868,1652,2023-11-07,PayPal,Completed
7869,3681,2025-01-24,Bank Transfer,Completed
7870,4236,2025-04-13,Credit Card,Completed
7871,1068,2025-05-26,Bank Transfer,Completed
7872,1132,2025-10-24,Invoice,Completed
7873,1853,2024-06-26,Bank Transfer,Returned
7874,1969,2023-05-20,Bank Transfer,Completed
7875,2787,2025-12-08,PayPal,Cancelled
7876,4322,2024-09-09,PayPal,Completed
7877,1109,2025-03-07,Bank Transfer,Completed
7878,4752,2025-04-14,Bank Transfer,Completed
7879,1312,2024-12-19,Invoice,Completed
7880,3105,2023-12-06,Credit Card,Completed
7881,900,2025-07-02,PayPal,Completed
7882,1661,2025-08-15,Invoice,Completed
7883,1917,2024-12-24,Credit Card,Completed
7884,2291,2024-11-07,Bank Transfer,Completed
7885,3090,2023-07-25,Credit Card,Completed
7886,4554,2023-06-04,Invoice,Completed
7887,4109,2024-05-20,Credit Card,Completed
7888,3384,2024-04-16,Invoice,Completed
7889,423,2025-12-06,Bank Transfer,Completed
7890,352,2025-07-28,Bank Transfer,Completed
7891,1108,2025-04-08,PayPal,Completed
7892,3405,2024-11-28,Invoice,Completed
7893,4775,2023-10-23,PayPal,Completed
7894,2076,2025-12-19,Invoice,Completed
7895,2752,2024-07-01,PayPal,Completed
7896,1400,2023-07-13,Bank Transfer,Completed
7897,814,2024-11-11,PayPal,Completed
7898,923,2025-10-17,Credit Card,Completed
7899,1871,2025-10-28,Bank Transfer,Completed
7900,3958,2023-01-24,Bank Transfer,Completed
7901,1932,2025-10-28,Bank Transfer,Completed
7902,261,2024-03-01,PayPal,Completed
7903,2527,2023-03-19,Credit Card,Completed
7904,767,2025-09-23,Credit Card,Completed
7905,3738,2025-10-08,Invoice,Cancelled
7906,1355,2025-02-06,PayPal,Completed
7907,4145,2025-01-13,PayPal,Completed
7908,1159,2025-08-23,Bank Transfer,Completed
7909,2355,2025-07-30,Invoice,Returned
7910,2663,2025-10-31,PayPal,Completed
7911,2234,2024-12-24,Invoice,Returned
7912,4020,2025-12-13,Bank Transfer,Completed
7913,4088,2025-12-29,Invoice,Completed
7914,4480,2023-07-29,PayPal,Completed
7915,3081,2025-09-25,PayPal,Completed
7916,1834,2024-11-15,Bank Transfer,Completed
7917,2009,2024-07-15,Bank Transfer,Completed
7918,2529,2025-02-25,PayPal,Completed
7919,2107,2023-04-17,Bank Transfer,Completed
7920,1352,2024-11-20,Invoice,Completed
7921,4125,2025-10-14,Credit Card,Completed
7922,4972,2023-12-14,Bank Transfer,Cancelled
7923,2113,2024-08-30,Credit Card,Completed
7924,828,2025-11-28,PayPal,Completed
7925,2432,2024-09-01,Bank Transfer,Completed
7926,4210,2024-06-11,Invoice,Completed
7927,1742,2024-09-15,PayPal,Completed
7928,2980,2024-11-29,PayPal,Returned
7929,213,2025-03-14,Invoice,Completed
7930,2923,2025-08-12,PayPal,Completed
7931,554,2024-09-29,PayPal,Completed
7932,2784,2025-08-27,Credit Card,Completed
7933,2892,2024-12-10,Invoice,Completed
7934,1524,2024-05-19,Invoice,Returned
7935,3582,2025-04-07,Invoice,Completed
7936,4658,2025-05-30,PayPal,Returned
7937,250,2024-12-28,Credit Card,Completed
7938,1243,2023-04-18,PayPal,Completed
7939,2244,2023-10-28,Credit Card,Completed
7940,3243,2024-03-18,Invoice,Completed
7941,4806,2024-03-14,Credit Card,Completed
7942,4209,2025-04-20,Bank Transfer,Completed
7943,992,2023-02-08,Invoice,Completed
7944,215,2025-07-03,Invoice,Cancelled
7945,4776,2024-02-22,PayPal,Returned
7946,2187,2024-04-15,Invoice,Completed
7947,1086,2024-12-05,Bank Transfer,Cancelled
7948,4128,2023-12-17,Bank Transfer,Cancelled
7949,4375,2025-10-26,Invoice,Returned
7950,466,2023-06-06,PayPal,Completed
7951,3288,2024-09-20,Credit Card,Completed
7952,3959,2025-09-25,Credit Card,Completed
7953,2859,2025-02-28,Invoice,Completed
7954,4320,2024-03-26,Invoice,Completed
7955,978,2024-08-23,PayPal,Completed
7956,473,2025-05-20,Credit Card,Completed
7957,3147,2025-12-17,Invoice,Completed
7958,306,2025-11-02,Bank Transfer,Completed
7959,191,2024-05-23,Bank Transfer,Returned
7960,4253,2025-12-30,Invoice,Completed
7961,2955,2023-01-08,Bank Transfer,Completed
7962,4239,2023-02-28,Bank Transfer,Completed
7963,1319,2025-09-02,Invoice,Completed
7964,432,2023-11-29,Bank Transfer,Returned
7965,1864,2023-04-25,Credit Card,Completed
7966,4962,2024-01-11,Credit Card,Completed
7967,213,2024-08-29,Invoice,Completed
7968,3557,2025-06-10,PayPal,Completed
7969,560,2025-03-08,Credit Card,Completed
7970,4382,2024-01-12,PayPal,Completed
7971,1770,2024-11-17,Invoice,Completed
7972,4739,2025-11-20,PayPal,Completed
7973,2818,2025-08-25,Invoice,Completed
7974,958,2024-05-01,Credit Card,Completed
7975,2011,2025-12-22,Credit Card,Completed
7976,2502,2025-05-22,PayPal,Completed
7977,2008,2023-04-28,PayPal,Completed
7978,2353,2023-03-13,PayPal,Completed
7979,4552,2023-10-25,PayPal,Completed
7980,4993,2025-06-08,Credit Card,Returned
7981,2197,2023-11-13,Invoice,Completed
7982,3231,2024-11-23,PayPal,Returned
7983,642,2023-06-20,Bank Transfer,Completed
7984,1199,2025-11-17,Bank Transfer,Completed
7985,2095,2024-05-25,PayPal,Completed
7986,3852,2025-11-10,PayPal,Cancelled
7987,1435,2025-12-01,Invoice,Completed
7988,1093,2023-01-13,Bank Transfer,Cancelled
7989,1059,2024-10-13,Bank Transfer,Completed
7990,2382,2023-02-22,Credit Card,Completed
7991,4150,2025-11-11,Bank Transfer,Completed
7992,855,2024-11-29,Bank Transfer,Cancelled
7993,2950,2023-05-19,Credit Card,Completed
7994,754,2023-07-18,Credit Card,Completed
7995,382,2024-07-10,Bank Transfer,Completed
7996,4876,2025-11-28,PayPal,Completed
7997,2930,2025-05-08,PayPal,Completed
7998,825,2025-10-11,Bank Transfer,Completed
7999,3539,2024-06-20,Credit Card,Returned
8000,3739,2023-03-27,PayPal,Completed
8001,2954,2025-12-17,Bank Transfer,Completed
8002,4915,2023-02-06,Bank Transfer,Completed
8003,2808,2025-12-02,Invoice,Returned
8004,971,2024-06-23,PayPal,Completed
8005,252,2023-01-22,Credit Card,Completed
8006,684,2025-05-05,Invoice,Completed
8007,1724,2025-12-21,Invoice,Returned
8008,2787,2025-12-12,Invoice,Completed
8009,2292,2023-10-12,Credit Card,Completed
8010,4733,2023-11-10,Invoice,Completed
8011,3080,2025-01-03,PayPal,Completed
8012,3743,2025-03-19,Bank Transfer,Completed
8013,3881,2025-06-18,Credit Card,Completed
8014,4488,2023-11-10,Bank Transfer,Completed
8015,891,2025-12-09,Bank Transfer,Completed
8016,3132,2025-03-20,Credit Card,Completed
8017,3514,2025-09-23,Invoice,Completed
8018,1742,2024-12-14,PayPal,Completed
8019,952,2024-08-15,PayPal,Completed
8020,1757,2025-12-19,PayPal,Completed
8021,4297,2025-01-21,Credit Card,Completed
8022,1271,2025-10-10,Invoice,Completed
8023,2844,2025-12-05,Credit Card,Completed
8024,1359,2025-04-22,Credit Card,Completed
8025,1065,2024-12-21,Invoice,Completed
8026,508,2023-01-08,Credit Card,Completed
8027,3344,2023-03-21,Invoice,Completed
8028,644,2023-12-01,PayPal,Returned
8029,4583,2023-11-15,PayPal,Completed
8030,198,2024-02-06,Credit Card,Completed
8031,236,2024-04-10,Credit Card,Cancelled
8032,3823,2024-06-13,Credit Card,Completed
8033,3687,2024-08-23,Credit Card,Completed
8034,234,2023-06-29,Invoice,Completed
8035,4633,2023-03-25,Invoice,Completed
8036,1427,2025-04-21,Credit Card,Completed
8037,147,2024-12-12,Invoice,Completed
8038,140,2024-09-19,Credit Card,Completed
8039,2971,2025-03-17,Invoice,Completed
8040,4589,2025-09-05,PayPal,Completed
8041,412,2024-08-31,PayPal,Returned
8042,2395,2025-03-23,Credit Card,Completed
8043,72,2025-12-06,Invoice,Completed
8044,2181,2025-09-16,PayPal,Completed
8045,446,2024-08-29,PayPal,Cancelled
8046,4795,2025-03-26,Credit Card,Completed
8047,4855,2023-11-06,Credit Card,Completed
8048,4090,2024-12-29,Credit Card,Completed
8049,2417,2025-12-21,Credit Card,Completed
8050,3568,2024-11-28,PayPal,Returned
8051,992,2025-11-21,PayPal,Completed
8052,1182,2024-08-07,Bank Transfer,Completed
8053,2761,2025-12-31,Invoice,Completed
8054,1619,2025-01-18,Credit Card,Returned
8055,2989,2023-03-25,Credit Card,Completed
8056,4755,2025-01-26,PayPal,Completed
8057,3834,2024-03-05,PayPal,Completed
8058,1448,2023-03-08,Credit Card,Completed
8059,3679,2025-08-30,Invoice,Completed
8060,218,2024-03-06,PayPal,Returned
8061,308,2025-08-08,Credit Card,Completed
8062,3553,2024-03-21,Bank Transfer,Completed
8063,3596,2023-11-24,Credit Card,Completed
8064,4955,2025-12-17,Credit Card,Completed
8065,4984,2024-06-15,PayPal,Completed
8066,2604,2025-02-12,Bank Transfer,Completed
8067,3429,2025-02-21,Bank Transfer,Completed
8068,4950,2024-12-29,Bank Transfer,Cancelled
8069,1156,2025-11-14,PayPal,Completed
8070,3527,2025-04-21,Credit Card,Completed
8071,2863,2024-08-03,PayPal,Completed
8072,4229,2025-10-06,Bank Transfer,Completed
8073,4948,2023-11-10,PayPal,Completed
8074,268,2024-12-17,Bank Transfer,Completed
8075,3231,2025-12-04,Bank Transfer,Completed
8076,2671,2025-03-09,PayPal,Completed
8077,3449,2025-08-27,Bank Transfer,Completed
8078,176,2025-04-03,PayPal,Completed
8079,438,2025-09-16,Bank Transfer,Completed
8080,2582,2025-12-01,Invoice,Completed
8081,519,2024-03-03,Bank Transfer,Completed
8082,2091,2023-10-27,PayPal,Completed
8083,4669,2024-11-03,Bank Transfer,Completed
8084,564,2025-05-16,Invoice,Completed
8085,1869,2023-12-29,Credit Card,Completed
8086,756,2023-01-09,Credit Card,Completed
8087,4562,2024-05-24,Bank Transfer,Completed
8088,3538,2025-12-14,PayPal,Returned
8089,2095,2025-05-10,PayPal,Cancelled
8090,4088,2024-07-31,PayPal,Completed
8091,4755,2023-11-22,PayPal,Completed
8092,125,2024-06-08,Credit Card,Completed
8093,3825,2023-10-27,Invoice,Completed
8094,279,2023-07-12,PayPal,Completed
8095,3526,2025-11-09,Invoice,Completed
8096,1129,2025-12-30,Invoice,Completed
8097,1475,2023-10-18,Credit Card,Completed
8098,2512,2023-04-15,Credit Card,Completed
8099,2129,2024-05-09,PayPal,Cancelled
8100,731,2024-10-10,Invoice,Cancelled
8101,3522,2023-12-05,Invoice,Completed
8102,1300,2024-04-05,Bank Transfer,Completed
8103,2952,2023-12-01,PayPal,Completed
8104,909,2025-07-20,PayPal,Completed
8105,2269,2025-05-25,PayPal,Completed
8106,1247,2025-03-17,Bank Transfer,Completed
8107,2945,2024-07-15,Bank Transfer,Completed
8108,4897,2025-11-11,Bank Transfer,Completed
8109,2279,2025-12-14,PayPal,Returned
8110,976,2023-11-02,Invoice,Completed
8111,2428,2023-12-24,PayPal,Completed
8112,2090,2024-12-04,Invoice,Completed
8113,3407,2023-06-16,Credit Card,Completed
8114,4480,2024-09-10,Credit Card,Completed
8115,116,2025-01-21,PayPal,Completed
8116,4862,2024-12-01,PayPal,Completed
8117,2833,2024-05-10,Bank Transfer,Completed
8118,727,2024-12-16,Bank Transfer,Completed
8119,2205,2025-12-09,Bank Transfer,Completed
8120,3090,2023-12-06,PayPal,Completed
8121,1834,2025-04-04,Credit Card,Completed
8122,4362,2023-03-27,Credit Card,Returned
8123,1272,2023-05-05,Bank Transfer,Completed
8124,223,2024-12-23,Bank Transfer,Completed
8125,2652,2023-07-09,Invoice,Completed
8126,3815,2023-02-17,Invoice,Cancelled
8127,1794,2023-10-30,PayPal,Completed
8128,3176,2025-01-02,Bank Transfer,Completed
8129,923,2025-05-17,Invoice,Completed
8130,1963,2023-12-03,Invoice,Completed
8131,364,2025-04-16,Bank Transfer,Completed
8132,4340,2023-11-11,PayPal,Completed
8133,359,2025-02-25,Invoice,Completed
8134,3428,2024-08-13,Bank Transfer,Completed
8135,321,2025-04-03,Credit Card,Completed
8136,2627,2025-12-29,Bank Transfer,Completed
8137,2515,2025-11-27,Invoice,Returned
8138,743,2023-01-10,Invoice,Completed
8139,3099,2025-10-27,Credit Card,Completed
8140,3933,2023-05-05,Credit Card,Cancelled
8141,1206,2025-12-05,Credit Card,Completed
8142,1667,2024-03-13,Bank Transfer,Completed
8143,3448,2024-07-09,Bank Transfer,Completed
8144,3983,2023-06-17,Invoice,Completed
8145,1754,2023-07-22,Credit Card,Completed
8146,3263,2025-06-07,Bank Transfer,Cancelled
8147,1500,2025-11-30,Bank Transfer,Completed
8148,2545,2025-02-22,Invoice,Completed
8149,4448,2025-05-28,Credit Card,Completed
8150,616,2025-07-09,Invoice,Completed
8151,117,2024-02-18,Invoice,Completed
8152,4590,2023-03-30,Bank Transfer,Completed
8153,1675,2023-01-04,Credit Card,Completed
8154,223,2024-06-02,Bank Transfer,Completed
8155,1866,2024-01-18,Bank Transfer,Completed
8156,2881,2023-04-28,Invoice,Completed
8157,2228,2023-11-08,PayPal,Completed
8158,523,2023-08-12,Credit Card,Completed
8159,4777,2025-11-14,PayPal,Completed
8160,1317,2023-09-07,PayPal,Completed
8161,1025,2024-12-13,Invoice,Completed
8162,236,2025-02-03,Bank Transfer,Completed
8163,3334,2024-12-17,PayPal,Completed
8164,951,2023-06-29,PayPal,Completed
8165,4075,2024-04-26,Invoice,Completed
8166,1047,2023-04-09,Credit Card,Completed
8167,4235,2024-07-25,Invoice,Completed
8168,3648,2023-11-18,PayPal,Completed
8169,2620,2024-12-30,PayPal,Completed
8170,595,2025-05-08,Bank Transfer,Completed
8171,2051,2024-12-09,Credit Card,Cancelled
8172,4643,2024-09-08,Bank Transfer,Completed
8173,1127,2024-07-15,PayPal,Completed
8174,4095,2025-09-18,Credit Card,Completed
8175,3694,2023-12-21,Invoice,Completed
8176,563,2025-06-14,Credit Card,Completed
8177,2543,2025-07-05,PayPal,Completed
8178,3824,2024-08-21,Bank Transfer,Returned
8179,2844,2024-04-01,Credit Card,Completed
8180,4330,2024-10-20,Invoice,Completed
8181,276,2023-06-19,PayPal,Completed
8182,960,2023-03-31,Invoice,Completed
8183,531,2023-07-21,Bank Transfer,Completed
8184,3291,2023-11-16,PayPal,Completed
8185,787,2024-11-18,PayPal,Completed
8186,2504,2025-09-24,PayPal,Completed
8187,2003,2024-01-09,Credit Card,Completed
8188,3624,2025-11-25,Credit Card,Completed
8189,725,2025-12-06,Invoice,Completed
8190,1021,2025-12-09,Invoice,Completed
8191,2627,2025-09-14,Bank Transfer,Completed
8192,3078,2024-06-17,Invoice,Completed
8193,3426,2023-05-16,PayPal,Completed
8194,1426,2025-01-06,Invoice,Completed
8195,4947,2024-12-28,Credit Card,Completed
8196,1517,2025-09-25,Invoice,Completed
8197,2192,2025-12-29,Invoice,Cancelled
8198,4609,2024-11-21,Bank Transfer,Completed
8199,3784,2024-05-27,Credit Card,Completed
8200,4337,2023-11-15,Bank Transfer,Completed
8201,1946,2023-01-11,Bank Transfer,Completed
8202,2723,2024-11-22,PayPal,Completed
8203,1473,2024-12-26,Bank Transfer,Completed
8204,4267,2025-09-03,Credit Card,Completed
8205,4656,2024-11-18,Bank Transfer,Completed
8206,4703,2025-11-15,Credit Card,Returned
8207,3835,2025-03-11,Invoice,Cancelled
8208,1803,2025-09-17,PayPal,Returned
8209,4479,2023-09-21,PayPal,Completed
8210,4992,2025-09-30,Invoice,Completed
8211,250,2025-04-22,Bank Transfer,Completed
8212,3497,2023-10-28,Credit Card,Completed
8213,1716,2023-11-19,PayPal,Completed
8214,2289,2025-11-20,Invoice,Completed
8215,3936,2023-03-08,PayPal,Cancelled
8216,720,2024-10-11,Credit Card,Completed
8217,2806,2024-04-20,PayPal,Completed
8218,313,2025-04-13,Bank Transfer,Completed
8219,1321,2025-09-16,Bank Transfer,Completed
8220,440,2024-06-13,PayPal,Cancelled
8221,4155,2024-08-30,PayPal,Completed
8222,3752,2025-12-21,Credit Card,Completed
8223,915,2025-07-28,Invoice,Completed
8224,1016,2025-11-04,Invoice,Completed
8225,2233,2024-09-13,PayPal,Completed
8226,1701,2024-01-07,Credit Card,Completed
8227,1581,2024-08-13,Credit Card,Completed
8228,906,2025-05-29,Invoice,Completed
8229,871,2023-07-17,Invoice,Completed
8230,676,2024-02-29,Bank Transfer,Completed
8231,951,2023-04-01,Credit Card,Completed
8232,1210,2024-09-06,Bank Transfer,Completed
8233,3114,2025-09-05,Invoice,Completed
8234,4216,2023-02-22,PayPal,Completed
8235,983,2025-04-22,PayPal,Completed
8236,3429,2025-11-24,PayPal,Completed
8237,3800,2024-01-11,Bank Transfer,Completed
8238,4329,2025-05-09,Credit Card,Completed
8239,3136,2025-12-18,Bank Transfer,Completed
8240,2057,2025-12-10,Bank Transfer,Returned
8241,4180,2024-01-08,Invoice,Completed
8242,4285,2023-07-02,PayPal,Completed
8243,316,2023-09-21,PayPal,Completed
8244,3117,2025-05-16,Bank Transfer,Cancelled
8245,2704,2025-06-06,PayPal,Completed
8246,3547,2025-04-21,PayPal,Completed
8247,630,2024-05-16,Bank Transfer,Completed
8248,4069,2023-10-27,Invoice,Completed
8249,3837,2025-01-20,Bank Transfer,Completed
8250,2421,2024-11-03,PayPal,Cancelled
8251,1873,2025-06-09,Invoice,Cancelled
8252,1058,2024-09-16,PayPal,Completed
8253,2874,2024-05-19,Invoice,Completed
8254,2931,2024-03-27,Credit Card,Completed
8255,2836,2023-12-12,Credit Card,Completed
8256,4403,2024-02-22,Bank Transfer,Completed
8257,521,2023-06-22,Invoice,Completed
8258,2478,2024-05-29,Credit Card,Completed
8259,4478,2023-03-15,Invoice,Completed
8260,3861,2023-11-16,Bank Transfer,Completed
8261,2624,2025-06-25,Invoice,Completed
8262,4717,2024-05-04,Credit Card,Completed
8263,676,2025-04-16,Invoice,Completed
8264,3836,2025-05-29,Credit Card,Completed
8265,1919,2025-01-20,PayPal,Completed
8266,4908,2025-12-08,Credit Card,Completed
8267,488,2023-02-15,Bank Transfer,Completed
8268,3494,2025-06-18,Invoice,Completed
8269,1166,2025-12-08,Invoice,Completed
8270,4575,2025-10-06,Bank Transfer,Completed
8271,4883,2023-10-24,Invoice,Completed
8272,4767,2024-05-05,Credit Card,Completed
8273,1347,2023-11-01,Credit Card,Cancelled
8274,4604,2025-02-12,PayPal,Completed
8275,1839,2025-05-25,PayPal,Completed
8276,3545,2024-04-24,Invoice,Cancelled
8277,3494,2024-12-14,Bank Transfer,Completed
8278,1648,2025-05-06,Invoice,Completed
8279,3045,2024-08-24,Bank Transfer,Completed
8280,4234,2025-09-29,Credit Card,Completed
8281,3739,2025-07-17,Invoice,Completed
8282,4733,2023-05-02,Bank Transfer,Cancelled
8283,3984,2025-03-05,Bank Transfer,Completed
8284,4369,2024-01-09,Bank Transfer,Completed
8285,1935,2024-12-27,PayPal,Completed
8286,2816,2025-12-07,Invoice,Completed
8287,3110,2025-10-21,Credit Card,Cancelled
8288,4695,2024-08-04,Credit Card,Completed
8289,1124,2024-03-25,PayPal,Completed
8290,1473,2024-01-07,Invoice,Completed
8291,273,2024-12-09,PayPal,Cancelled
8292,3720,2023-07-25,PayPal,Completed
8293,3760,2024-12-21,Invoice,Completed
8294,2970,2023-01-03,PayPal,Completed
8295,4733,2024-05-02,Invoice,Completed
8296,1038,2023-12-21,Bank Transfer,Completed
8297,3169,2025-12-15,Credit Card,Completed
8298,571,2025-06-08,Credit Card,Completed
8299,130,2024-06-01,Credit Card,Returned
8300,2676,2023-06-19,Bank Transfer,Completed
8301,1481,2024-11-27,Credit Card,Completed
8302,3539,2023-12-14,Bank Transfer,Completed
8303,182,2024-12-12,Credit Card,Completed
8304,1922,2025-09-12,Invoice,Completed
8305,4167,2025-02-28,Bank Transfer,Completed
8306,1400,2025-03-16,Bank Transfer,Completed
8307,2133,2024-12-15,Bank Transfer,Completed
8308,3754,2025-11-21,Credit Card,Completed
8309,4405,2025-11-23,Bank Transfer,Completed
8310,3992,2024-11-24,Credit Card,Completed
8311,77,2024-04-10,PayPal,Completed
8312,1266,2024-10-07,Credit Card,Completed
8313,3743,2023-11-16,Invoice,Completed
8314,1489,2025-03-18,Credit Card,Completed
8315,4402,2024-11-15,Bank Transfer,Completed
8316,2998,2023-07-07,PayPal,Completed
8317,4063,2023-11-27,PayPal,Completed
8318,1836,2024-10-31,Invoice,Completed
8319,4027,2025-10-29,Credit Card,Completed
8320,3315,2025-01-04,Invoice,Completed
8321,4040,2025-04-28,Bank Transfer,Completed
8322,3135,2024-05-19,Invoice,Completed
8323,2135,2025-01-09,Bank Transfer,Completed
8324,1889,2024-09-23,Credit Card,Completed
8325,3109,2025-04-08,PayPal,Returned
8326,2194,2023-04-08,Invoice,Completed
8327,2791,2024-11-10,Credit Card,Completed
8328,1446,2024-03-30,Bank Transfer,Completed
8329,1718,2024-05-04,Bank Transfer,Cancelled
8330,892,2025-12-10,PayPal,Completed
8331,1874,2023-11-12,PayPal,Returned
8332,396,2024-04-17,Credit Card,Completed
8333,3917,2024-11-22,Bank Transfer,Completed
8334,2527,2025-10-07,Credit Card,Completed
8335,3637,2024-08-18,PayPal,Completed
8336,4337,2025-06-22,Invoice,Completed
8337,840,2025-10-01,PayPal,Completed
8338,2799,2024-04-15,PayPal,Completed
8339,3267,2024-07-21,PayPal,Completed
8340,4640,2024-06-09,Bank Transfer,Completed
8341,3421,2025-09-10,Invoice,Completed
8342,495,2023-03-29,Bank Transfer,Returned
8343,1628,2024-04-14,Bank Transfer,Cancelled
8344,2321,2025-04-26,PayPal,Completed
8345,3978,2025-01-03,Invoice,Completed
8346,1669,2024-09-10,Bank Transfer,Completed
8347,1679,2024-12-14,PayPal,Completed
8348,4654,2023-11-27,Bank Transfer,Returned
8349,367,2024-09-04,Invoice,Completed
8350,546,2024-11-16,Bank Transfer,Completed
8351,1210,2025-11-06,PayPal,Completed
8352,2900,2024-02-15,Credit Card,Completed
8353,2662,2025-10-11,PayPal,Completed
8354,2639,2025-03-25,Invoice,Completed
8355,4505,2023-02-13,Bank Transfer,Completed
8356,1932,2025-06-05,Bank Transfer,Completed
8357,1338,2023-03-14,Credit Card,Completed
8358,3070,2025-12-30,Bank Transfer,Completed
8359,3466,2025-10-15,Invoice,Completed
8360,24,2024-04-01,Bank Transfer,Completed
8361,4396,2024-02-10,Credit Card,Completed
8362,1631,2024-07-08,Bank Transfer,Completed
8363,726,2024-06-08,Bank Transfer,Completed
8364,595,2024-06-27,Invoice,Completed
8365,1420,2024-04-25,PayPal,Completed
8366,3327,2025-03-05,Credit Card,Completed
8367,3434,2023-10-18,Bank Transfer,Completed
8368,2033,2025-09-22,Credit Card,Returned
8369,3741,2025-08-23,Bank Transfer,Completed
8370,3226,2024-10-27,Bank Transfer,Completed
8371,1687,2025-09-28,Credit Card,Completed
8372,1666,2024-01-26,Bank Transfer,Completed
8373,3794,2023-02-07,Credit Card,Completed
8374,3611,2025-03-03,Bank Transfer,Completed
8375,3023,2024-10-06,Bank Transfer,Completed
8376,2163,2025-01-05,Credit Card,Completed
8377,3854,2025-11-05,Credit Card,Completed
8378,3223,2025-12-15,PayPal,Completed
8379,3280,2025-03-17,Bank Transfer,Returned
8380,4691,2025-07-10,Bank Transfer,Completed
8381,4978,2023-06-04,Bank Transfer,Completed
8382,778,2023-10-12,Credit Card,Completed
8383,2731,2025-06-13,Credit Card,Completed
8384,542,2024-09-04,PayPal,Completed
8385,2991,2024-09-22,Credit Card,Completed
8386,1564,2024-04-14,Bank Transfer,Completed
8387,2281,2025-02-18,Credit Card,Completed
8388,319,2023-11-14,Credit Card,Completed
8389,373,2025-03-10,Invoice,Completed
8390,3286,2023-11-02,Invoice,Completed
8391,1803,2023-05-01,Bank Transfer,Completed
8392,4936,2024-05-09,PayPal,Completed
8393,3825,2024-01-03,Bank Transfer,Completed
8394,4573,2025-10-30,Credit Card,Completed
8395,2056,2023-04-16,Invoice,Completed
8396,3256,2023-11-05,Bank Transfer,Returned
8397,3383,2024-12-21,PayPal,Completed
8398,1021,2024-11-01,Bank Transfer,Completed
8399,1801,2023-03-31,Bank Transfer,Completed
8400,2588,2023-01-16,PayPal,Completed
8401,2516,2025-12-25,Bank Transfer,Completed
8402,2413,2025-04-07,Credit Card,Completed
8403,3133,2024-06-19,Bank Transfer,Completed
8404,205,2024-10-20,Credit Card,Completed
8405,4396,2024-02-23,Credit Card,Completed
8406,2522,2024-05-26,PayPal,Completed
8407,2078,2025-03-30,PayPal,Completed
8408,1804,2025-10-24,Bank Transfer,Completed
8409,203,2023-11-13,Invoice,Completed
8410,1723,2025-09-17,PayPal,Completed
8411,2377,2023-08-07,Invoice,Completed
8412,472,2023-12-16,Credit Card,Returned
8413,279,2023-03-16,Credit Card,Completed
8414,3629,2023-09-08,Credit Card,Completed
8415,2861,2025-11-15,Invoice,Completed
8416,4403,2024-10-07,Bank Transfer,Completed
8417,1292,2023-05-24,PayPal,Completed
8418,2115,2025-12-09,Credit Card,Completed
8419,4865,2025-10-21,PayPal,Completed
8420,231,2025-07-02,Credit Card,Cancelled
8421,3050,2025-11-24,Credit Card,Returned
8422,2647,2023-12-21,Bank Transfer,Completed
8423,2091,2025-09-13,PayPal,Completed
8424,2495,2025-05-05,Invoice,Completed
8425,4961,2025-10-13,Credit Card,Completed
8426,1058,2025-08-09,Credit Card,Completed
8427,1304,2024-05-28,Credit Card,Completed
8428,4064,2025-07-20,Credit Card,Completed
8429,4172,2024-02-17,Credit Card,Completed
8430,2195,2024-05-07,Bank Transfer,Completed
8431,3368,2023-07-14,Invoice,Completed
8432,3399,2025-11-25,Credit Card,Completed
8433,2060,2024-03-24,Bank Transfer,Cancelled
8434,128,2024-11-30,PayPal,Completed
8435,2317,2024-07-20,Invoice,Completed
8436,2322,2025-12-09,PayPal,Completed
8437,2454,2024-05-15,Bank Transfer,Completed
8438,3308,2025-07-23,Credit Card,Completed
8439,2613,2025-09-30,Credit Card,Completed
8440,3990,2024-09-09,PayPal,Completed
8441,2806,2024-07-04,PayPal,Completed
8442,3819,2025-06-26,Invoice,Completed
8443,4563,2025-11-13,Bank Transfer,Returned
8444,1550,2025-07-02,Bank Transfer,Completed
8445,3312,2023-12-29,Credit Card,Completed
8446,4117,2025-10-29,Invoice,Completed
8447,3615,2024-07-15,PayPal,Completed
8448,2647,2025-01-15,Bank Transfer,Completed
8449,2511,2025-09-09,PayPal,Completed
8450,3568,2023-11-18,PayPal,Completed
8451,3149,2025-07-29,Invoice,Completed
8452,1106,2025-02-06,Bank Transfer,Completed
8453,3242,2025-11-02,Invoice,Completed
8454,2324,2023-10-31,PayPal,Completed
8455,856,2024-08-23,Bank Transfer,Completed
8456,1023,2025-09-10,Bank Transfer,Completed
8457,2143,2023-02-10,Bank Transfer,Cancelled
8458,4205,2023-07-22,PayPal,Completed
8459,2918,2025-12-26,Bank Transfer,Cancelled
8460,3204,2024-03-12,Credit Card,Completed
8461,962,2025-12-18,Invoice,Completed
8462,265,2023-11-11,Credit Card,Completed
8463,328,2024-06-14,Credit Card,Completed
8464,3330,2025-06-30,Bank Transfer,Completed
8465,1682,2025-04-06,Invoice,Completed
8466,1167,2025-01-20,Credit Card,Completed
8467,766,2024-12-07,Invoice,Completed
8468,714,2025-09-19,Invoice,Completed
8469,4144,2024-01-08,Bank Transfer,Completed
8470,1757,2024-09-17,Bank Transfer,Completed
8471,2922,2023-10-03,Bank Transfer,Completed
8472,4049,2025-02-06,PayPal,Completed
8473,4,2024-01-31,Bank Transfer,Completed
8474,4270,2024-05-13,Credit Card,Completed
8475,4609,2024-10-21,PayPal,Completed
8476,1636,2023-02-26,Credit Card,Completed
8477,3483,2023-06-17,PayPal,Completed
8478,851,2025-05-02,PayPal,Cancelled
8479,1030,2024-09-02,PayPal,Completed
8480,2744,2025-10-08,PayPal,Cancelled
8481,720,2025-05-09,PayPal,Completed
8482,2711,2023-01-18,Bank Transfer,Completed
8483,3257,2025-03-01,Bank Transfer,Completed
8484,198,2023-06-20,Credit Card,Completed
8485,841,2025-07-25,PayPal,Completed
8486,3902,2025-12-27,PayPal,Completed
8487,2723,2024-12-08,Credit Card,Returned
8488,2375,2025-04-29,Bank Transfer,Completed
8489,1931,2024-01-12,PayPal,Completed
8490,4112,2024-09-12,PayPal,Completed
8491,982,2025-10-01,PayPal,Completed
8492,2705,2023-10-23,Invoice,Cancelled
8493,4244,2024-02-22,Bank Transfer,Completed
8494,773,2024-09-21,Invoice,Completed
8495,4325,2025-05-25,Invoice,Completed
8496,4859,2024-07-02,Credit Card,Completed
8497,3662,2025-11-21,PayPal,Completed
8498,255,2023-06-22,Invoice,Returned
8499,1770,2024-06-26,Invoice,Cancelled
8500,4858,2025-05-22,Bank Transfer,Completed
8501,998,2023-12-28,Invoice,Completed
8502,3041,2025-04-05,Credit Card,Cancelled
8503,1074,2023-10-18,Invoice,Completed
8504,4403,2023-04-17,Bank Transfer,Cancelled
8505,376,2023-08-06,Credit Card,Returned
8506,2286,2025-11-22,PayPal,Completed
8507,2416,2024-12-23,Invoice,Completed
8508,2241,2025-08-08,Credit Card,Completed
8509,3185,2024-05-12,Bank Transfer,Completed
8510,4677,2025-02-02,PayPal,Returned
8511,259,2024-11-11,PayPal,Completed
8512,2968,2025-12-01,Invoice,Completed
8513,411,2025-06-26,Invoice,Returned
8514,978,2025-06-10,PayPal,Completed
8515,1619,2023-04-01,Invoice,Completed
8516,4708,2024-12-21,Bank Transfer,Completed
8517,3730,2024-10-16,PayPal,Cancelled
8518,619,2025-11-21,Invoice,Completed
8519,1484,2024-02-10,Bank Transfer,Completed
8520,1107,2024-02-28,PayPal,Completed
8521,3653,2024-08-12,Bank Transfer,Completed
8522,4227,2024-01-20,Bank Transfer,Completed
8523,4032,2023-08-19,Invoice,Completed
8524,3857,2025-10-02,Invoice,Completed
8525,2940,2024-12-28,Credit Card,Completed
8526,2241,2025-10-05,Bank Transfer,Completed
8527,1908,2025-09-08,Invoice,Completed
8528,2010,2024-03-14,Invoice,Completed
8529,409,2024-12-20,Bank Transfer,Completed
8530,135,2023-06-03,Bank Transfer,Completed
8531,1563,2025-11-14,PayPal,Completed
8532,3582,2024-08-04,Bank Transfer,Completed
8533,976,2024-07-22,Credit Card,Completed
8534,514,2024-04-07,Invoice,Completed
8535,1584,2024-10-09,Invoice,Cancelled
8536,1072,2024-02-02,Credit Card,Completed
8537,1814,2024-06-30,Invoice,Completed
8538,1157,2025-08-11,Bank Transfer,Cancelled
8539,2822,2025-09-11,PayPal,Completed
8540,891,2024-04-09,Invoice,Completed
8541,1554,2024-10-19,Bank Transfer,Returned
8542,332,2025-10-16,PayPal,Completed
8543,4776,2023-04-12,Credit Card,Completed
8544,3782,2025-10-30,PayPal,Completed
8545,4055,2023-12-20,Invoice,Cancelled
8546,1282,2025-04-25,Bank Transfer,Completed
8547,4628,2025-01-22,Credit Card,Completed
8548,3919,2024-12-24,Invoice,Completed
8549,4846,2025-10-04,Invoice,Completed
8550,4053,2023-07-04,Credit Card,Completed
8551,4306,2024-05-29,PayPal,Completed
8552,98,2024-12-13,PayPal,Completed
8553,4684,2025-08-22,Credit Card,Completed
8554,3954,2023-12-17,PayPal,Completed
8555,2027,2025-08-14,Credit Card,Completed
8556,1634,2024-07-29,PayPal,Completed
8557,1392,2023-11-18,Bank Transfer,Completed
8558,4702,2025-07-06,Invoice,Completed
8559,990,2023-06-16,Bank Transfer,Completed
8560,3498,2024-11-26,PayPal,Completed
8561,1344,2023-05-01,PayPal,Returned
8562,3286,2024-06-09,Credit Card,Completed
8563,368,2025-02-11,Credit Card,Completed
8564,4381,2024-12-26,Bank Transfer,Completed
8565,922,2024-08-04,PayPal,Completed
8566,3217,2024-09-02,Invoice,Returned
8567,3145,2023-12-28,PayPal,Completed
8568,1795,2024-10-03,Invoice,Completed
8569,2057,2025-12-05,Invoice,Cancelled
8570,3053,2025-09-26,Credit Card,Returned
8571,1326,2023-09-16,Credit Card,Returned
8572,2705,2023-03-04,Bank Transfer,Completed
8573,419,2025-11-24,Bank Transfer,Completed
8574,3303,2024-12-05,Invoice,Completed
8575,849,2024-12-13,Bank Transfer,Completed
8576,4920,2025-07-25,Bank Transfer,Completed
8577,13,2024-04-21,PayPal,Completed
8578,924,2024-11-02,Invoice,Completed
8579,4315,2025-12-14,Credit Card,Completed
8580,2836,2025-04-19,Invoice,Completed
8581,4769,2023-09-30,Credit Card,Completed
8582,2123,2023-08-26,PayPal,Completed
8583,4869,2023-12-04,Credit Card,Completed
8584,3494,2025-07-13,Credit Card,Completed
8585,3401,2024-03-29,PayPal,Completed
8586,3833,2023-02-15,PayPal,Completed
8587,4246,2025-11-30,Bank Transfer,Returned
8588,272,2023-10-27,Bank Transfer,Completed
8589,526,2023-01-21,Bank Transfer,Completed
8590,4298,2024-01-11,Credit Card,Completed
8591,4701,2024-01-08,Invoice,Completed
8592,2041,2024-08-25,Bank Transfer,Completed
8593,283,2025-11-17,PayPal,Completed
8594,3822,2025-10-21,PayPal,Completed
8595,2045,2024-10-04,PayPal,Completed
8596,572,2024-08-12,PayPal,Completed
8597,4959,2024-12-25,Bank Transfer,Completed
8598,1179,2024-01-21,Bank Transfer,Completed
8599,3516,2023-04-11,PayPal,Completed
8600,176,2025-11-28,Invoice,Completed
8601,2796,2023-11-16,Bank Transfer,Completed
8602,3347,2023-11-28,PayPal,Completed
8603,1772,2024-10-23,Credit Card,Returned
8604,102,2024-11-09,Invoice,Completed
8605,4712,2023-02-09,Invoice,Cancelled
8606,658,2023-09-20,Credit Card,Returned
8607,4085,2024-07-04,Credit Card,Completed
8608,1791,2025-04-30,Bank Transfer,Completed
8609,2806,2023-12-30,Credit Card,Completed
8610,1457,2024-08-26,Bank Transfer,Completed
8611,2709,2024-12-27,Credit Card,Completed
8612,3221,2025-10-30,Bank Transfer,Completed
8613,4334,2024-05-04,Invoice,Completed
8614,4645,2023-08-27,PayPal,Completed
8615,3205,2024-11-07,PayPal,Completed
8616,919,2025-06-25,Credit Card,Completed
8617,4250,2023-07-18,PayPal,Completed
8618,2651,2024-08-28,Invoice,Completed
8619,2377,2023-02-07,Invoice,Completed
8620,2814,2023-03-10,PayPal,Completed
8621,574,2024-11-03,Bank Transfer,Completed
8622,4134,2024-04-02,Invoice,Completed
8623,2395,2025-09-21,Invoice,Completed
8624,2501,2025-02-13,Invoice,Completed
8625,1625,2024-10-01,Credit Card,Completed
8626,2088,2024-08-08,Credit Card,Completed
8627,3979,2024-11-13,PayPal,Returned
8628,699,2023-03-22,Invoice,Completed
8629,4102,2025-11-02,Invoice,Completed
8630,1548,2025-12-31,Credit Card,Completed
8631,4532,2023-11-10,Invoice,Cancelled
8632,1084,2023-08-05,Bank Transfer,Completed
8633,557,2023-09-13,Bank Transfer,Completed
8634,1959,2025-04-09,Credit Card,Completed
8635,4950,2025-04-10,Invoice,Completed
8636,4807,2025-09-23,PayPal,Completed
8637,813,2025-06-29,Invoice,Completed
8638,2268,2024-09-26,Invoice,Completed
8639,4038,2025-02-25,Invoice,Completed
8640,1790,2025-05-04,Invoice,Completed
8641,909,2024-11-24,Bank Transfer,Completed
8642,3707,2024-10-26,Credit Card,Completed
8643,3621,2025-03-26,Invoice,Completed
8644,4470,2024-12-27,Bank Transfer,Completed
8645,2974,2025-03-25,Bank Transfer,Returned
8646,1109,2025-02-25,PayPal,Completed
8647,3255,2025-05-31,Bank Transfer,Completed
8648,2187,2025-03-24,Invoice,Completed
8649,1921,2024-11-29,Credit Card,Completed
8650,4142,2025-04-28,Bank Transfer,Completed
8651,1084,2024-09-26,Invoice,Completed
8652,1268,2024-01-18,Bank Transfer,Completed
8653,2610,2023-01-04,PayPal,Completed
8654,1486,2024-12-29,Invoice,Completed
8655,3660,2025-01-31,Credit Card,Completed
8656,3698,2025-12-16,Invoice,Completed
8657,4862,2024-06-15,Invoice,Completed
8658,3374,2024-07-23,PayPal,Cancelled
8659,743,2023-12-02,Invoice,Completed
8660,1196,2023-05-12,Invoice,Completed
8661,4805,2025-07-18,Bank Transfer,Completed
8662,1336,2024-01-30,Credit Card,Completed
8663,2754,2025-02-20,Bank Transfer,Completed
8664,1510,2025-05-03,Invoice,Completed
8665,1663,2024-10-21,PayPal,Completed
8666,615,2025-10-19,Credit Card,Completed
8667,171,2024-09-19,PayPal,Completed
8668,1474,2024-03-17,PayPal,Completed
8669,2966,2025-11-03,Credit Card,Completed
8670,1994,2025-10-05,Credit Card,Returned
8671,2966,2023-10-18,Bank Transfer,Cancelled
8672,893,2023-02-25,Invoice,Completed
8673,3501,2023-06-14,Credit Card,Completed
8674,4463,2024-03-19,Bank Transfer,Completed
8675,1985,2025-12-16,PayPal,Completed
8676,2609,2024-12-28,Bank Transfer,Completed
8677,3208,2024-06-28,Bank Transfer,Completed
8678,1638,2025-10-30,PayPal,Returned
8679,3703,2024-09-30,Bank Transfer,Completed
8680,1114,2024-04-22,Bank Transfer,Cancelled
8681,118,2025-11-29,Invoice,Cancelled
8682,1485,2025-09-25,PayPal,Completed
8683,3483,2025-09-19,Bank Transfer,Returned
8684,2700,2024-11-24,PayPal,Completed
8685,2951,2025-08-02,Invoice,Completed
8686,3975,2023-11-08,PayPal,Completed
8687,2190,2025-01-11,Invoice,Completed
8688,3390,2025-12-22,Invoice,Completed
8689,1456,2024-03-24,Credit Card,Returned
8690,3751,2025-08-06,PayPal,Completed
8691,1772,2024-11-08,Invoice,Returned
8692,1762,2023-03-21,Credit Card,Completed
8693,158,2025-07-09,Bank Transfer,Completed
8694,2924,2023-10-25,Bank Transfer,Completed
8695,2365,2025-03-14,Credit Card,Completed
8696,29,2023-06-07,PayPal,Completed
8697,4378,2025-12-02,Bank Transfer,Cancelled
8698,760,2024-03-25,Bank Transfer,Cancelled
8699,1610,2023-12-28,Credit Card,Completed
8700,2282,2023-08-19,PayPal,Completed
8701,1884,2025-12-01,PayPal,Completed
8702,2913,2025-05-25,Invoice,Completed
8703,108,2025-06-20,Bank Transfer,Completed
8704,3259,2024-11-15,Invoice,Completed
8705,4671,2024-10-25,Credit Card,Completed
8706,2354,2023-07-18,Invoice,Returned
8707,342,2024-12-29,Bank Transfer,Completed
8708,3678,2024-01-26,Credit Card,Cancelled
8709,2346,2025-12-19,Credit Card,Completed
8710,4534,2025-08-08,Bank Transfer,Completed
8711,5,2024-08-14,PayPal,Returned
8712,3925,2023-09-26,Credit Card,Completed
8713,4618,2025-07-29,Bank Transfer,Returned
8714,3793,2023-08-07,Invoice,Returned
8715,1446,2023-11-19,Bank Transfer,Returned
8716,2789,2023-12-12,Bank Transfer,Completed
8717,3600,2024-12-27,Credit Card,Completed
8718,3068,2025-07-31,PayPal,Completed
8719,1944,2024-04-20,Bank Transfer,Completed
8720,700,2023-06-05,PayPal,Completed
8721,210,2024-10-13,Credit Card,Cancelled
8722,1656,2025-06-26,Invoice,Completed
8723,106,2023-12-23,Invoice,Completed
8724,3406,2023-12-21,Credit Card,Completed
8725,2601,2025-12-02,PayPal,Completed
8726,2918,2025-12-06,Bank Transfer,Completed
8727,955,2025-12-26,Bank Transfer,Completed
8728,2401,2025-08-18,Bank Transfer,Completed
8729,3784,2023-11-17,Credit Card,Completed
8730,2858,2023-12-13,Credit Card,Completed
8731,3183,2024-05-21,Bank Transfer,Completed
8732,1084,2024-04-25,Invoice,Completed
8733,3319,2025-12-07,PayPal,Completed
8734,2002,2025-08-02,Invoice,Completed
8735,881,2025-06-05,Invoice,Completed
8736,915,2023-11-15,Invoice,Completed
8737,454,2025-11-11,PayPal,Completed
8738,1462,2025-09-05,Credit Card,Completed
8739,2424,2023-10-17,PayPal,Completed
8740,3920,2025-10-14,PayPal,Completed
8741,3645,2024-03-02,Bank Transfer,Completed
8742,1466,2023-05-30,Credit Card,Completed
8743,3048,2025-04-06,Credit Card,Completed
8744,3127,2025-04-03,Invoice,Cancelled
8745,3794,2023-06-22,Invoice,Completed
8746,1386,2024-04-26,Credit Card,Cancelled
8747,4779,2025-12-27,Invoice,Cancelled
8748,40,2025-04-25,Credit Card,Completed
8749,1618,2025-06-10,Bank Transfer,Cancelled
8750,4509,2023-12-14,Bank Transfer,Completed
8751,2228,2023-05-26,PayPal,Completed
8752,951,2024-03-08,Bank Transfer,Returned
8753,2582,2024-01-29,Invoice,Completed
8754,4921,2024-01-08,Bank Transfer,Completed
8755,4103,2023-11-22,Bank Transfer,Completed
8756,4737,2025-01-13,PayPal,Completed
8757,3329,2024-05-07,PayPal,Completed
8758,2204,2025-08-30,Invoice,Completed
8759,2759,2023-11-13,Bank Transfer,Cancelled
8760,48,2024-10-13,Credit Card,Returned
8761,2493,2023-01-29,PayPal,Completed
8762,1987,2024-11-02,PayPal,Completed
8763,2737,2023-04-17,PayPal,Completed
8764,4393,2025-12-19,PayPal,Completed
8765,439,2025-08-03,Bank Transfer,Completed
8766,2003,2024-11-08,Bank Transfer,Completed
8767,4804,2023-06-08,Credit Card,Completed
8768,2887,2025-02-02,Invoice,Completed
8769,4779,2025-07-06,Bank Transfer,Returned
8770,1119,2023-11-20,PayPal,Completed
8771,212,2025-01-06,Invoice,Completed
8772,4463,2025-08-24,Credit Card,Completed
8773,2209,2025-07-14,PayPal,Completed
8774,2484,2025-08-14,Invoice,Completed
8775,4741,2025-10-21,PayPal,Completed
8776,892,2025-11-27,PayPal,Completed
8777,3151,2024-08-05,Invoice,Completed
8778,4956,2025-01-06,Bank Transfer,Completed
8779,425,2025-08-03,Bank Transfer,Completed
8780,2918,2025-05-12,PayPal,Completed
8781,70,2025-12-29,PayPal,Completed
8782,4933,2023-01-30,Bank Transfer,Completed
8783,504,2024-06-07,Bank Transfer,Completed
8784,1408,2024-03-13,Credit Card,Completed
8785,4293,2024-02-17,Bank Transfer,Completed
8786,2908,2023-12-24,Invoice,Completed
8787,1199,2025-05-22,Invoice,Completed
8788,3896,2023-06-05,Credit Card,Returned
8789,625,2025-06-20,Bank Transfer,Completed
8790,4339,2025-05-08,Bank Transfer,Completed
8791,2979,2024-01-31,Invoice,Completed
8792,4735,2024-02-03,PayPal,Completed
8793,3649,2025-03-12,Bank Transfer,Completed
8794,3161,2025-07-09,PayPal,Completed
8795,3167,2025-10-19,Bank Transfer,Completed
8796,2562,2025-09-27,Invoice,Completed
8797,3341,2025-12-12,Credit Card,Completed
8798,4685,2025-01-20,Invoice,Completed
8799,725,2025-11-11,Bank Transfer,Cancelled
8800,2800,2025-08-19,Invoice,Completed
8801,1648,2025-11-03,Bank Transfer,Completed
8802,2908,2023-01-25,Bank Transfer,Completed
8803,1594,2025-12-12,Credit Card,Completed
8804,78,2024-10-24,Credit Card,Returned
8805,4462,2025-08-10,Credit Card,Completed
8806,4422,2023-08-16,Invoice,Completed
8807,420,2024-07-25,Credit Card,Completed
8808,2682,2024-03-01,Bank Transfer,Completed
8809,555,2024-03-25,Invoice,Completed
8810,1308,2023-08-09,Bank Transfer,Completed
8811,4826,2025-08-17,Invoice,Completed
8812,1463,2023-01-20,Credit Card,Completed
8813,2047,2024-04-18,Bank Transfer,Completed
8814,891,2023-11-03,PayPal,Completed
8815,1502,2025-01-29,Credit Card,Completed
8816,1416,2024-02-05,Invoice,Completed
8817,1062,2024-02-12,Credit Card,Completed
8818,1725,2024-11-07,Invoice,Completed
8819,2254,2025-04-02,Invoice,Completed
8820,223,2023-08-06,Bank Transfer,Completed
8821,2884,2023-11-04,Invoice,Completed
8822,425,2024-01-26,Credit Card,Completed
8823,3162,2025-12-17,PayPal,Completed
8824,2986,2024-07-26,Invoice,Completed
8825,2835,2025-02-09,Credit Card,Completed
8826,1918,2024-01-18,Invoice,Completed
8827,2619,2024-11-08,Credit Card,Completed
8828,2249,2023-05-18,Bank Transfer,Returned
8829,334,2023-03-12,PayPal,Completed
8830,3527,2024-10-18,PayPal,Completed
8831,4803,2024-07-28,Bank Transfer,Completed
8832,4147,2023-09-02,Credit Card,Returned
8833,4786,2025-05-03,Bank Transfer,Completed
8834,2762,2025-12-28,Bank Transfer,Completed
8835,4710,2024-07-25,Bank Transfer,Completed
8836,2714,2025-03-08,PayPal,Cancelled
8837,4857,2025-12-11,PayPal,Completed
8838,3418,2025-09-09,PayPal,Completed
8839,3621,2024-10-12,Credit Card,Completed
8840,3778,2025-06-17,Invoice,Completed
8841,316,2023-08-18,Invoice,Completed
8842,1108,2024-11-24,Credit Card,Returned
8843,4122,2024-03-10,Credit Card,Completed
8844,1456,2023-10-13,Bank Transfer,Completed
8845,2647,2024-08-30,Bank Transfer,Completed
8846,4899,2023-08-23,Bank Transfer,Completed
8847,3129,2025-05-13,Credit Card,Completed
8848,2660,2024-10-04,PayPal,Completed
8849,4853,2024-12-08,Credit Card,Completed
8850,932,2023-09-18,Invoice,Completed
8851,3034,2023-09-06,Invoice,Completed
8852,2985,2025-01-23,Invoice,Completed
8853,2260,2025-12-23,Bank Transfer,Completed
8854,541,2023-06-25,Bank Transfer,Completed
8855,1106,2024-03-18,PayPal,Completed
8856,25,2025-10-13,Invoice,Completed
8857,4944,2023-05-15,Bank Transfer,Returned
8858,2238,2025-10-18,Credit Card,Completed
8859,2160,2024-12-03,PayPal,Returned
8860,1955,2024-08-08,Bank Transfer,Completed
8861,2907,2024-04-15,Invoice,Completed
8862,996,2024-03-31,Credit Card,Completed
8863,4924,2024-04-11,Invoice,Completed
8864,2966,2025-10-26,Bank Transfer,Returned
8865,3441,2025-06-04,Credit Card,Completed
8866,2656,2025-04-17,Invoice,Completed
8867,3474,2025-08-10,Invoice,Completed
8868,3479,2024-02-10,PayPal,Completed
8869,2964,2025-03-02,Credit Card,Completed
8870,3411,2024-10-08,PayPal,Completed
8871,1963,2025-07-27,Bank Transfer,Completed
8872,3923,2024-04-15,Invoice,Completed
8873,3251,2025-03-24,Invoice,Completed
8874,2241,2025-10-24,PayPal,Cancelled
8875,2095,2024-08-01,Credit Card,Completed
8876,4136,2023-05-05,Bank Transfer,Cancelled
8877,4833,2024-11-27,PayPal,Completed
8878,221,2024-05-28,Credit Card,Cancelled
8879,1834,2025-04-19,Bank Transfer,Completed
8880,4946,2025-12-04,Invoice,Completed
8881,4182,2024-11-05,Bank Transfer,Completed
8882,3283,2024-10-15,Credit Card,Completed
8883,4271,2025-04-04,Bank Transfer,Completed
8884,2392,2023-07-07,Bank Transfer,Completed
8885,2088,2024-02-04,Credit Card,Completed
8886,4891,2025-11-16,Credit Card,Completed
8887,4064,2025-04-17,Credit Card,Returned
8888,628,2023-01-29,Bank Transfer,Completed
8889,2658,2023-12-05,Invoice,Completed
8890,3494,2025-04-29,PayPal,Cancelled
8891,4433,2025-07-11,Invoice,Completed
8892,4188,2025-09-16,Credit Card,Completed
8893,3046,2024-03-26,Credit Card,Completed
8894,453,2025-11-23,Bank Transfer,Completed
8895,31,2024-12-24,Invoice,Completed
8896,4125,2025-05-11,Credit Card,Returned
8897,461,2025-02-07,PayPal,Completed
8898,2625,2023-08-09,PayPal,Returned
8899,4452,2025-12-11,Credit Card,Completed
8900,1736,2023-08-09,Bank Transfer,Returned
8901,3665,2024-02-06,Credit Card,Completed
8902,2805,2025-08-24,Bank Transfer,Returned
8903,1340,2025-03-02,Invoice,Completed
8904,1648,2025-09-15,PayPal,Completed
8905,4343,2024-11-27,Credit Card,Completed
8906,1709,2024-07-03,Invoice,Completed
8907,669,2025-11-18,Invoice,Completed
8908,2831,2023-03-15,PayPal,Completed
8909,4681,2025-10-01,Credit Card,Completed
8910,3499,2024-01-02,Bank Transfer,Completed
8911,1591,2025-09-24,PayPal,Completed
8912,448,2023-09-05,Credit Card,Completed
8913,80,2025-01-19,Bank Transfer,Completed
8914,465,2025-10-29,Bank Transfer,Completed
8915,718,2024-10-24,Credit Card,Completed
8916,1637,2025-06-25,Bank Transfer,Completed
8917,2652,2025-08-16,Bank Transfer,Completed
8918,4363,2025-06-16,Invoice,Returned
8919,4326,2025-11-20,Credit Card,Completed
8920,4365,2024-09-23,Invoice,Completed
8921,3668,2023-11-01,Invoice,Completed
8922,4641,2023-04-03,PayPal,Completed
8923,3224,2024-01-25,Bank Transfer,Completed
8924,3895,2023-09-12,Invoice,Completed
8925,3738,2024-12-27,Invoice,Returned
8926,1169,2023-11-14,Bank Transfer,Completed
8927,3731,2023-03-19,PayPal,Completed
8928,746,2023-03-14,Invoice,Completed
8929,2039,2025-09-09,Credit Card,Completed
8930,4052,2025-02-01,Bank Transfer,Completed
8931,530,2024-06-11,PayPal,Returned
8932,2996,2025-11-02,Bank Transfer,Completed
8933,4060,2023-05-11,Credit Card,Completed
8934,4660,2025-12-21,PayPal,Returned
8935,1416,2025-02-28,Invoice,Completed
8936,1831,2023-11-12,Invoice,Completed
8937,212,2025-04-25,PayPal,Completed
8938,3749,2025-07-10,Credit Card,Completed
8939,2863,2024-09-02,Bank Transfer,Completed
8940,1699,2025-10-06,Invoice,Completed
8941,4440,2023-09-25,Bank Transfer,Returned
8942,2789,2024-03-10,Credit Card,Completed
8943,437,2023-06-20,Credit Card,Completed
8944,4302,2023-12-12,Bank Transfer,Completed
8945,4456,2024-01-14,PayPal,Completed
8946,2747,2025-11-16,Invoice,Completed
8947,41,2023-05-25,Credit Card,Completed
8948,764,2024-08-31,Credit Card,Completed
8949,2008,2024-12-09,Bank Transfer,Completed
8950,613,2025-11-05,Invoice,Completed
8951,186,2025-12-30,Bank Transfer,Completed
8952,4993,2025-07-01,Invoice,Returned
8953,3614,2025-12-15,Invoice,Completed
8954,1635,2025-07-31,Credit Card,Completed
8955,1099,2025-12-11,PayPal,Completed
8956,842,2025-05-21,Bank Transfer,Completed
8957,4901,2023-05-28,Invoice,Completed
8958,3919,2024-08-01,PayPal,Completed
8959,3480,2025-03-27,PayPal,Completed
8960,831,2024-06-02,Bank Transfer,Completed
8961,4378,2024-03-04,Bank Transfer,Completed
8962,3474,2025-01-16,PayPal,Completed
8963,2121,2025-11-24,PayPal,Completed
8964,2913,2023-03-13,PayPal,Completed
8965,4341,2025-07-15,Bank Transfer,Completed
8966,2337,2025-06-03,Credit Card,Cancelled
8967,2071,2025-12-11,Credit Card,Completed
8968,1649,2025-11-23,Credit Card,Completed
8969,2746,2025-07-09,Credit Card,Completed
8970,4143,2024-11-30,Invoice,Completed
8971,4065,2023-12-04,Credit Card,Completed
8972,1575,2024-12-18,Invoice,Cancelled
8973,4805,2025-07-12,PayPal,Returned
8974,3747,2025-11-03,Credit Card,Returned
8975,3558,2025-08-02,Credit Card,Cancelled
8976,3063,2023-11-25,Credit Card,Completed
8977,4486,2025-02-10,Invoice,Completed
8978,569,2024-05-11,Bank Transfer,Completed
8979,4995,2023-01-20,PayPal,Cancelled
8980,3713,2023-11-30,Bank Transfer,Returned
8981,2952,2023-07-23,Bank Transfer,Completed
8982,2156,2025-09-19,Invoice,Completed
8983,4929,2024-02-12,Credit Card,Returned
8984,2277,2024-03-17,PayPal,Completed
8985,4574,2025-12-09,PayPal,Completed
8986,3353,2024-07-05,PayPal,Cancelled
8987,630,2023-01-21,Invoice,Completed
8988,2835,2024-03-16,Invoice,Completed
8989,2411,2023-08-03,Bank Transfer,Completed
8990,453,2023-07-06,Bank Transfer,Completed
8991,316,2023-05-24,PayPal,Completed
8992,3142,2025-02-03,PayPal,Completed
8993,893,2023-11-19,Invoice,Completed
8994,3292,2024-06-14,Invoice,Completed
8995,2469,2025-10-06,PayPal,Completed
8996,2655,2024-08-27,Invoice,Completed
8997,4611,2025-11-14,Invoice,Completed
8998,2938,2024-11-14,PayPal,Completed
8999,3263,2024-07-28,Invoice,Completed
9000,4162,2025-06-28,PayPal,Completed
9001,4963,2023-05-16,PayPal,Completed
9002,2062,2023-06-13,Credit Card,Completed
9003,1488,2025-04-01,Invoice,Completed
9004,2398,2024-11-05,Bank Transfer,Cancelled
9005,4412,2025-08-03,Invoice,Completed
9006,1651,2025-11-15,Invoice,Completed
9007,817,2024-07-16,PayPal,Completed
9008,1437,2025-02-06,Invoice,Completed
9009,4805,2024-11-16,Credit Card,Completed
9010,2294,2025-12-21,Bank Transfer,Completed
9011,4921,2025-09-08,Credit Card,Completed
9012,877,2025-11-12,Credit Card,Completed
9013,4655,2024-02-06,PayPal,Completed
9014,653,2025-07-18,Bank Transfer,Completed
9015,4583,2024-02-22,Credit Card,Returned
9016,193,2023-12-09,Bank Transfer,Completed
9017,1906,2025-11-30,Credit Card,Completed
9018,717,2023-02-10,Bank Transfer,Returned
9019,1014,2025-12-12,PayPal,Completed
9020,4133,2023-09-23,Credit Card,Completed
9021,1141,2025-08-29,Credit Card,Completed
9022,2642,2024-03-07,Bank Transfer,Completed
9023,1675,2024-06-02,Credit Card,Completed
9024,1179,2023-12-18,Bank Transfer,Completed
9025,268,2025-01-25,Invoice,Completed
9026,3787,2024-05-30,Credit Card,Completed
9027,4179,2025-04-06,PayPal,Completed
9028,1799,2023-02-03,Invoice,Completed
9029,706,2023-05-02,PayPal,Completed
9030,1858,2023-06-30,Bank Transfer,Completed
9031,148,2024-08-21,Credit Card,Completed
9032,4235,2025-08-25,Invoice,Completed
9033,3545,2025-10-29,PayPal,Cancelled
9034,3688,2024-01-23,Invoice,Completed
9035,2388,2025-01-13,Credit Card,Completed
9036,4537,2025-07-14,Credit Card,Completed
9037,3405,2024-03-22,PayPal,Completed
9038,1044,2024-08-09,PayPal,Completed
9039,2524,2024-12-03,PayPal,Completed
9040,4351,2023-08-29,Bank Transfer,Completed
9041,4810,2023-02-25,Bank Transfer,Completed
9042,3433,2023-09-29,Bank Transfer,Completed
9043,2071,2025-03-10,Invoice,Completed
9044,1014,2023-05-17,PayPal,Completed
9045,3293,2023-11-19,PayPal,Cancelled
9046,1634,2024-05-18,Invoice,Completed
9047,1831,2023-05-24,Bank Transfer,Completed
9048,2673,2023-11-21,PayPal,Completed
9049,958,2025-11-12,Invoice,Returned
9050,2094,2023-02-10,Invoice,Cancelled
9051,3833,2025-04-03,Credit Card,Completed
9052,2383,2024-07-12,Invoice,Completed
9053,4329,2025-04-20,Credit Card,Completed
9054,4269,2025-01-29,Invoice,Completed
9055,696,2023-12-25,Credit Card,Completed
9056,141,2025-09-23,PayPal,Returned
9057,1198,2024-11-09,Credit Card,Completed
9058,3986,2025-09-01,Invoice,Completed
9059,3379,2024-08-06,PayPal,Completed
9060,1690,2025-12-23,Invoice,Completed
9061,2157,2025-07-16,Invoice,Completed
9062,377,2025-12-12,Invoice,Completed
9063,3417,2024-11-26,Credit Card,Returned
9064,1829,2024-10-24,Invoice,Completed
9065,3661,2025-07-03,Invoice,Completed
9066,4110,2025-10-22,Credit Card,Completed
9067,1377,2025-12-11,Credit Card,Returned
9068,4084,2024-05-02,Credit Card,Completed
9069,4202,2025-08-10,Credit Card,Completed
9070,2121,2023-12-11,Credit Card,Completed
9071,2502,2024-12-18,Credit Card,Completed
9072,3090,2023-11-09,Bank Transfer,Completed
9073,303,2024-05-29,Bank Transfer,Completed
9074,1625,2025-11-23,Credit Card,Completed
9075,2234,2023-09-17,Credit Card,Completed
9076,2739,2025-03-15,Credit Card,Completed
9077,4880,2025-02-02,Credit Card,Completed
9078,3026,2023-08-05,Invoice,Cancelled
9079,17,2024-05-04,Bank Transfer,Completed
9080,2461,2024-12-31,Bank Transfer,Completed
9081,3994,2023-11-16,PayPal,Completed
9082,2126,2025-08-12,Invoice,Completed
9083,2735,2025-12-16,Invoice,Completed
9084,1106,2023-12-16,PayPal,Completed
9085,106,2023-11-16,Bank Transfer,Completed
9086,4415,2024-10-02,Bank Transfer,Completed
9087,4918,2025-06-26,Bank Transfer,Completed
9088,2140,2024-03-13,Credit Card,Completed
9089,2722,2023-02-12,PayPal,Completed
9090,3815,2024-12-15,Invoice,Completed
9091,1803,2025-12-07,Bank Transfer,Completed
9092,4883,2024-07-20,Bank Transfer,Completed
9093,300,2024-08-22,PayPal,Completed
9094,2632,2025-12-14,Bank Transfer,Completed
9095,2121,2025-05-09,Credit Card,Completed
9096,4194,2025-05-31,PayPal,Completed
9097,1044,2024-12-31,Bank Transfer,Completed
9098,3229,2025-12-17,Credit Card,Completed
9099,2706,2025-05-04,Invoice,Returned
9100,2678,2025-11-03,Bank Transfer,Returned
9101,2951,2025-05-14,Bank Transfer,Completed
9102,3547,2025-06-15,Invoice,Completed
9103,1591,2024-03-24,PayPal,Completed
9104,4059,2024-04-08,Bank Transfer,Completed
9105,3734,2025-07-27,Bank Transfer,Returned
9106,2965,2024-03-31,Bank Transfer,Returned
9107,4383,2024-12-31,Invoice,Cancelled
9108,3769,2024-01-29,Credit Card,Completed
9109,3464,2025-08-27,PayPal,Completed
9110,1434,2023-07-19,PayPal,Completed
9111,3996,2025-09-07,Credit Card,Completed
9112,3794,2025-02-13,PayPal,Completed
9113,1350,2023-11-16,Invoice,Completed
9114,475,2024-12-16,Invoice,Completed
9115,3116,2024-03-14,PayPal,Completed
9116,3629,2024-05-01,Credit Card,Completed
9117,2530,2024-06-03,Bank Transfer,Completed
9118,2261,2023-04-30,Bank Transfer,Completed
9119,220,2025-12-24,Invoice,Completed
9120,1351,2023-03-07,PayPal,Completed
9121,4362,2025-04-11,Invoice,Completed
9122,946,2024-06-26,PayPal,Completed
9123,1472,2025-03-27,Credit Card,Completed
9124,3686,2024-06-09,Credit Card,Completed
9125,4514,2025-04-21,Invoice,Completed
9126,2677,2025-06-09,Invoice,Completed
9127,1928,2025-05-06,Bank Transfer,Completed
9128,2094,2023-07-25,Credit Card,Completed
9129,737,2025-04-06,Credit Card,Completed
9130,2231,2024-03-11,Invoice,Completed
9131,109,2023-03-02,Invoice,Returned
9132,2541,2024-08-16,Credit Card,Returned
9133,3679,2024-09-07,Credit Card,Completed
9134,2385,2024-10-16,Credit Card,Completed
9135,809,2025-05-18,Invoice,Completed
9136,3754,2024-04-14,Invoice,Completed
9137,1820,2024-04-22,PayPal,Completed
9138,1970,2023-04-25,Credit Card,Completed
9139,172,2025-05-02,Invoice,Completed
9140,4331,2025-01-05,Credit Card,Completed
9141,1245,2024-06-01,Bank Transfer,Completed
9142,1223,2025-05-19,Bank Transfer,Cancelled
9143,2378,2024-12-12,PayPal,Returned
9144,4536,2024-10-19,Invoice,Completed
9145,3364,2024-11-23,Credit Card,Completed
9146,3389,2025-03-18,Bank Transfer,Cancelled
9147,4992,2025-04-08,Invoice,Completed
9148,3555,2024-03-22,PayPal,Completed
9149,3043,2023-09-08,Invoice,Completed
9150,316,2023-10-05,Credit Card,Completed
9151,4079,2025-03-21,Credit Card,Completed
9152,3752,2025-10-16,PayPal,Completed
9153,4703,2024-08-10,PayPal,Completed
9154,1327,2023-10-27,PayPal,Completed
9155,594,2025-07-04,PayPal,Completed
9156,3169,2025-09-10,Invoice,Completed
9157,1928,2025-10-22,Invoice,Returned
9158,4104,2025-02-18,PayPal,Completed
9159,3259,2025-10-05,PayPal,Completed
9160,2280,2023-02-02,Invoice,Completed
9161,2538,2023-07-13,Bank Transfer,Returned
9162,3746,2023-06-18,Invoice,Completed
9163,1460,2025-05-25,Bank Transfer,Completed
9164,3264,2023-05-10,Invoice,Completed
9165,2678,2024-11-12,PayPal,Completed
9166,2728,2024-10-23,Invoice,Completed
9167,3753,2024-04-16,PayPal,Completed
9168,1325,2025-10-13,PayPal,Completed
9169,2069,2023-10-28,PayPal,Completed
9170,8,2024-06-04,Bank Transfer,Completed
9171,4643,2025-07-19,Bank Transfer,Completed
9172,1936,2023-03-05,Invoice,Completed
9173,3591,2025-04-20,Invoice,Completed
9174,4753,2025-08-26,Credit Card,Completed
9175,4483,2025-11-24,Bank Transfer,Completed
9176,2164,2025-10-19,Credit Card,Completed
9177,3956,2024-04-26,Invoice,Cancelled
9178,3513,2025-01-26,PayPal,Completed
9179,1228,2023-05-23,PayPal,Completed
9180,4214,2024-02-11,PayPal,Completed
9181,436,2023-06-21,Credit Card,Completed
9182,1523,2024-04-22,Bank Transfer,Completed
9183,3927,2025-10-18,Invoice,Returned
9184,1305,2024-05-29,PayPal,Completed
9185,2635,2024-12-30,PayPal,Completed
9186,3879,2024-09-07,Invoice,Completed
9187,2451,2024-10-07,PayPal,Completed
9188,2154,2025-12-15,Credit Card,Completed
9189,1811,2024-03-30,PayPal,Completed
9190,465,2025-03-10,Bank Transfer,Returned
9191,3683,2024-08-22,Credit Card,Completed
9192,1442,2023-04-26,Bank Transfer,Completed
9193,2131,2024-11-07,Bank Transfer,Completed
9194,1955,2025-08-23,Bank Transfer,Completed
9195,218,2023-06-29,Credit Card,Cancelled
9196,3202,2023-05-10,Invoice,Completed
9197,3624,2023-09-30,Invoice,Completed
9198,4957,2025-07-11,Credit Card,Completed
9199,2176,2025-06-05,Bank Transfer,Completed
9200,2988,2025-01-02,Credit Card,Completed
9201,578,2024-10-18,PayPal,Completed
9202,4264,2025-10-29,Credit Card,Completed
9203,496,2025-07-13,Bank Transfer,Completed
9204,2539,2025-08-22,PayPal,Completed
9205,2611,2025-08-23,Credit Card,Completed
9206,406,2025-03-24,Credit Card,Completed
9207,3042,2024-10-06,Bank Transfer,Returned
9208,2491,2025-10-08,PayPal,Completed
9209,170,2025-11-20,Credit Card,Completed
9210,311,2023-02-20,Credit Card,Completed
9211,4412,2023-04-10,Invoice,Completed
9212,2176,2025-12-08,Invoice,Completed
9213,2941,2024-03-08,Credit Card,Completed
9214,2533,2025-10-16,PayPal,Completed
9215,3480,2024-07-17,Invoice,Returned
9216,4773,2023-08-02,Credit Card,Completed
9217,1137,2023-05-29,Credit Card,Completed
9218,2050,2023-10-05,Invoice,Completed
9219,3949,2024-01-30,Invoice,Completed
9220,2440,2024-11-07,Credit Card,Cancelled
9221,4329,2025-05-16,PayPal,Completed
9222,2669,2025-12-24,PayPal,Completed
9223,1027,2024-09-16,PayPal,Completed
9224,768,2024-11-28,PayPal,Completed
9225,2414,2024-12-01,PayPal,Completed
9226,1393,2024-12-14,PayPal,Completed
9227,3125,2024-11-28,Credit Card,Completed
9228,720,2023-01-19,Credit Card,Completed
9229,3245,2023-01-04,Credit Card,Completed
9230,2738,2023-06-27,Credit Card,Completed
9231,3381,2023-07-04,PayPal,Completed
9232,3167,2025-05-19,PayPal,Completed
9233,123,2023-12-05,PayPal,Completed
9234,317,2025-11-03,Credit Card,Completed
9235,1414,2025-11-22,Credit Card,Completed
9236,2199,2025-12-18,Bank Transfer,Completed
9237,657,2025-11-27,Invoice,Completed
9238,384,2024-03-02,PayPal,Completed
9239,3325,2024-11-22,Invoice,Returned
9240,2891,2023-11-04,Credit Card,Completed
9241,4285,2025-08-17,Bank Transfer,Completed
9242,4325,2025-10-29,Bank Transfer,Completed
9243,1593,2025-09-26,PayPal,Returned
9244,896,2024-09-07,Credit Card,Completed
9245,2412,2025-07-06,Invoice,Completed
9246,645,2023-06-27,PayPal,Completed
9247,1515,2023-03-22,Bank Transfer,Completed
9248,4271,2025-07-01,Bank Transfer,Completed
9249,4389,2024-08-28,Credit Card,Returned
9250,1119,2025-12-29,Bank Transfer,Returned
9251,405,2023-06-26,Invoice,Completed
9252,4084,2025-09-30,Invoice,Completed
9253,4848,2024-10-31,Bank Transfer,Cancelled
9254,4538,2025-09-05,Invoice,Completed
9255,1802,2025-08-27,PayPal,Completed
9256,733,2025-11-15,Invoice,Completed
9257,4018,2024-04-01,Invoice,Completed
9258,1290,2025-12-03,Credit Card,Cancelled
9259,1531,2023-09-27,Credit Card,Returned
9260,5000,2023-05-31,PayPal,Completed
9261,1436,2024-09-05,Bank Transfer,Completed
9262,297,2025-09-06,Bank Transfer,Completed
9263,2298,2024-10-24,Invoice,Completed
9264,490,2025-09-07,PayPal,Completed
9265,2612,2025-06-10,PayPal,Completed
9266,1485,2023-12-10,PayPal,Completed
9267,2672,2025-12-03,Credit Card,Returned
9268,3757,2023-04-25,Bank Transfer,Completed
9269,2546,2025-11-05,Credit Card,Completed
9270,4831,2024-04-09,Credit Card,Completed
9271,2259,2024-11-15,Credit Card,Completed
9272,4150,2024-08-25,Credit Card,Completed
9273,221,2023-10-31,Invoice,Completed
9274,1435,2024-06-11,PayPal,Cancelled
9275,2054,2023-11-22,Credit Card,Completed
9276,3789,2023-12-04,Invoice,Returned
9277,3737,2023-11-16,PayPal,Completed
9278,3347,2024-11-07,PayPal,Completed
9279,925,2025-08-10,Bank Transfer,Completed
9280,1635,2025-01-07,Credit Card,Completed
9281,2476,2025-11-02,Credit Card,Completed
9282,4657,2025-03-19,Bank Transfer,Completed
9283,194,2025-05-05,PayPal,Completed
9284,4416,2025-04-15,PayPal,Completed
9285,3551,2024-09-26,Bank Transfer,Completed
9286,2268,2025-05-05,Invoice,Completed
9287,3828,2023-05-11,PayPal,Completed
9288,2789,2025-10-04,PayPal,Completed
9289,4271,2025-07-23,Invoice,Completed
9290,4950,2024-01-23,Bank Transfer,Completed
9291,4087,2025-07-14,PayPal,Completed
9292,1108,2023-01-27,Invoice,Completed
9293,1517,2023-12-18,PayPal,Completed
9294,1223,2023-05-03,Bank Transfer,Completed
9295,1047,2025-07-25,PayPal,Cancelled
9296,149,2025-07-03,PayPal,Completed
9297,1732,2025-08-24,Invoice,Completed
9298,1275,2023-01-10,Bank Transfer,Completed
9299,2832,2024-11-16,Credit Card,Completed
9300,3050,2025-05-19,PayPal,Completed
9301,2166,2023-10-03,PayPal,Completed
9302,1202,2025-03-30,Invoice,Completed
9303,808,2023-06-04,Bank Transfer,Completed
9304,3070,2023-11-10,Invoice,Completed
9305,3243,2024-10-26,Bank Transfer,Completed
9306,663,2025-04-03,Invoice,Completed
9307,421,2023-09-17,Invoice,Completed
9308,1614,2023-11-14,Invoice,Returned
9309,2413,2023-12-05,Bank Transfer,Completed
9310,1818,2024-01-14,Invoice,Completed
9311,64,2023-12-28,Credit Card,Completed
9312,3705,2024-07-24,Credit Card,Completed
9313,3387,2025-04-03,Invoice,Completed
9314,4595,2024-09-12,PayPal,Completed
9315,2016,2025-07-21,Credit Card,Completed
9316,4605,2025-05-31,Invoice,Returned
9317,4348,2023-08-15,Credit Card,Completed
9318,2081,2023-04-05,Bank Transfer,Completed
9319,1233,2025-10-20,Invoice,Completed
9320,1220,2023-05-28,Credit Card,Completed
9321,1125,2023-09-21,PayPal,Completed
9322,4534,2023-02-16,Credit Card,Returned
9323,2642,2025-03-11,PayPal,Completed
9324,1954,2025-01-22,Credit Card,Returned
9325,3871,2025-12-24,Invoice,Completed
9326,3303,2025-10-28,Credit Card,Completed
9327,2125,2024-08-11,Credit Card,Completed
9328,2392,2024-06-27,Invoice,Completed
9329,1063,2024-03-31,PayPal,Cancelled
9330,2514,2023-09-28,Invoice,Completed
9331,3284,2023-09-04,Bank Transfer,Completed
9332,921,2023-08-25,PayPal,Completed
9333,234,2023-07-25,Bank Transfer,Completed
9334,3791,2024-01-16,Bank Transfer,Completed
9335,2480,2024-04-12,PayPal,Returned
9336,3325,2025-12-10,PayPal,Completed
9337,3638,2025-01-17,Invoice,Returned
9338,3314,2025-12-25,Credit Card,Returned
9339,1747,2024-06-28,Credit Card,Completed
9340,254,2024-10-05,PayPal,Completed
9341,732,2024-05-02,Bank Transfer,Completed
9342,4452,2023-11-12,Bank Transfer,Completed
9343,588,2023-09-12,Invoice,Completed
9344,3584,2025-12-01,Credit Card,Completed
9345,3854,2025-12-24,Credit Card,Completed
9346,4369,2023-03-30,Bank Transfer,Completed
9347,4953,2023-09-24,Bank Transfer,Completed
9348,51,2024-08-26,PayPal,Completed
9349,4220,2023-11-15,Credit Card,Completed
9350,4805,2024-06-17,Invoice,Completed
9351,490,2023-08-19,Credit Card,Completed
9352,3670,2024-10-04,Invoice,Completed
9353,4388,2024-03-02,PayPal,Completed
9354,2487,2024-06-03,Invoice,Completed
9355,544,2023-06-21,Bank Transfer,Completed
9356,2428,2024-09-01,Credit Card,Returned
9357,1063,2025-12-22,PayPal,Completed
9358,4030,2024-05-07,Invoice,Completed
9359,2549,2025-10-19,Invoice,Completed
9360,1607,2025-09-19,Invoice,Completed
9361,2057,2025-12-05,PayPal,Cancelled
9362,687,2025-08-03,Credit Card,Cancelled
9363,1708,2025-04-08,Credit Card,Completed
9364,4156,2025-10-01,Credit Card,Completed
9365,4801,2023-05-21,Credit Card,Completed
9366,4032,2024-10-11,PayPal,Completed
9367,2929,2025-12-26,Invoice,Completed
9368,2275,2025-07-15,PayPal,Completed
9369,738,2025-12-10,Invoice,Completed
9370,280,2025-07-24,PayPal,Completed
9371,3319,2025-10-17,Invoice,Completed
9372,4937,2025-05-20,Bank Transfer,Completed
9373,4053,2025-07-07,Credit Card,Completed
9374,1408,2024-12-02,PayPal,Completed
9375,1311,2025-11-19,PayPal,Completed
9376,675,2025-09-03,PayPal,Completed
9377,4548,2025-09-20,PayPal,Completed
9378,1490,2025-04-20,PayPal,Completed
9379,2400,2024-04-09,PayPal,Completed
9380,504,2023-03-14,Credit Card,Completed
9381,3600,2025-11-26,Invoice,Completed
9382,2506,2025-01-26,PayPal,Returned
9383,2772,2024-04-02,PayPal,Completed
9384,3530,2023-09-22,Invoice,Cancelled
9385,2411,2025-09-07,Credit Card,Cancelled
9386,4734,2025-09-13,Credit Card,Completed
9387,1024,2025-08-24,Credit Card,Completed
9388,3839,2025-03-26,Credit Card,Completed
9389,1097,2024-06-20,PayPal,Returned
9390,2610,2024-04-08,Bank Transfer,Returned
9391,923,2023-01-19,Credit Card,Completed
9392,3265,2025-09-11,Credit Card,Completed
9393,4623,2023-06-10,Invoice,Completed
9394,1753,2025-03-13,Bank Transfer,Completed
9395,1368,2024-11-18,Invoice,Returned
9396,2433,2024-12-05,Credit Card,Completed
9397,3404,2025-11-21,Invoice,Completed
9398,3382,2023-03-07,Bank Transfer,Completed
9399,1600,2025-07-19,PayPal,Completed
9400,261,2023-04-11,Credit Card,Completed
9401,672,2023-03-18,Invoice,Cancelled
9402,3402,2024-09-03,Invoice,Completed
9403,564,2023-04-29,Bank Transfer,Returned
9404,454,2025-08-02,Bank Transfer,Completed
9405,3277,2024-12-07,PayPal,Completed
9406,1307,2023-03-03,PayPal,Completed
9407,982,2023-03-22,Credit Card,Completed
9408,1209,2025-02-24,Credit Card,Completed
9409,2081,2025-08-17,Credit Card,Completed
9410,2663,2024-09-12,Credit Card,Completed
9411,2798,2024-12-25,Invoice,Completed
9412,3164,2025-08-11,Bank Transfer,Completed
9413,58,2025-02-22,Bank Transfer,Completed
9414,3566,2023-12-26,Credit Card,Completed
9415,2433,2025-02-25,Credit Card,Completed
9416,1493,2025-03-11,PayPal,Completed
9417,662,2025-06-14,PayPal,Completed
9418,1699,2025-03-05,Bank Transfer,Completed
9419,643,2025-12-14,PayPal,Completed
9420,4646,2023-11-27,Bank Transfer,Completed
9421,2005,2025-12-04,Credit Card,Completed
9422,1849,2024-12-13,Bank Transfer,Completed
9423,4254,2025-04-19,Bank Transfer,Completed
9424,3960,2023-06-30,Bank Transfer,Completed
9425,4551,2024-07-07,Invoice,Completed
9426,6,2025-07-15,Bank Transfer,Completed
9427,1354,2025-05-20,Invoice,Completed
9428,4288,2023-03-21,PayPal,Completed
9429,4890,2024-12-19,Bank Transfer,Completed
9430,2302,2023-06-11,PayPal,Completed
9431,2584,2025-12-29,Credit Card,Completed
9432,1325,2025-11-04,Invoice,Cancelled
9433,1080,2023-02-14,Invoice,Completed
9434,4362,2025-10-03,Credit Card,Completed
9435,3917,2025-11-17,Bank Transfer,Completed
9436,1453,2024-06-05,PayPal,Returned
9437,2786,2025-06-01,Credit Card,Completed
9438,3691,2024-09-17,PayPal,Completed
9439,1356,2025-04-04,Credit Card,Completed
9440,3761,2024-05-21,PayPal,Returned
9441,4942,2024-04-30,PayPal,Completed
9442,2042,2024-08-27,Bank Transfer,Completed
9443,4938,2023-09-16,PayPal,Completed
9444,3682,2025-09-08,Credit Card,Completed
9445,2304,2024-05-31,Invoice,Completed
9446,1572,2024-07-30,Invoice,Completed
9447,3089,2025-11-02,Invoice,Completed
9448,2143,2024-11-13,Bank Transfer,Completed
9449,2622,2024-12-17,PayPal,Completed
9450,2005,2025-12-07,Credit Card,Completed
9451,908,2025-10-28,Bank Transfer,Completed
9452,2942,2023-10-27,PayPal,Returned
9453,4346,2024-10-23,Bank Transfer,Completed
9454,1265,2025-12-15,Bank Transfer,Completed
9455,2449,2024-06-27,Credit Card,Completed
9456,3004,2024-06-26,Invoice,Completed
9457,1924,2023-11-25,PayPal,Completed
9458,1458,2023-07-25,PayPal,Completed
9459,2084,2025-06-19,Invoice,Completed
9460,4514,2025-07-16,PayPal,Completed
9461,1168,2025-12-14,PayPal,Completed
9462,1537,2025-07-19,Invoice,Completed
9463,3435,2024-01-20,Credit Card,Completed
9464,3151,2023-03-21,Credit Card,Completed
9465,1584,2025-12-23,Credit Card,Completed
9466,3882,2024-05-21,Bank Transfer,Cancelled
9467,1537,2024-04-18,Bank Transfer,Returned
9468,1732,2025-11-09,PayPal,Completed
9469,3809,2025-01-25,PayPal,Completed
9470,2267,2023-12-16,Invoice,Returned
9471,3002,2025-10-30,Bank Transfer,Completed
9472,1795,2025-12-28,Bank Transfer,Completed
9473,1452,2023-06-08,Bank Transfer,Completed
9474,1518,2025-10-06,PayPal,Returned
9475,1625,2024-07-19,Invoice,Returned
9476,1441,2024-12-03,Bank Transfer,Completed
9477,1896,2025-11-14,Bank Transfer,Completed
9478,182,2025-12-17,Invoice,Completed
9479,1734,2024-02-17,Bank Transfer,Completed
9480,1845,2023-12-14,PayPal,Completed
9481,3420,2023-05-29,Credit Card,Completed
9482,3622,2024-12-30,Credit Card,Completed
9483,2952,2023-01-29,Credit Card,Returned
9484,2881,2024-08-13,Credit Card,Completed
9485,3444,2023-05-17,Invoice,Returned
9486,2075,2024-08-05,Bank Transfer,Completed
9487,47,2023-03-21,Credit Card,Completed
9488,4348,2025-09-12,Bank Transfer,Completed
9489,3307,2023-12-10,Invoice,Completed
9490,1319,2024-05-07,Invoice,Returned
9491,2164,2025-10-13,Invoice,Completed
9492,4791,2025-06-25,Credit Card,Completed
9493,4832,2023-12-20,Credit Card,Completed
9494,769,2023-05-14,Bank Transfer,Completed
9495,2894,2025-05-28,PayPal,Completed
9496,930,2024-07-19,PayPal,Completed
9497,3616,2025-07-12,Bank Transfer,Completed
9498,733,2024-09-21,Invoice,Completed
9499,4493,2024-05-28,Bank Transfer,Completed
9500,4541,2024-09-28,Credit Card,Completed
9501,211,2025-06-27,Invoice,Returned
9502,3504,2025-11-07,Bank Transfer,Completed
9503,198,2023-04-07,Bank Transfer,Completed
9504,3692,2024-12-03,PayPal,Completed
9505,2914,2023-03-09,PayPal,Completed
9506,4658,2024-10-18,Invoice,Completed
9507,1594,2025-10-27,Invoice,Completed
9508,3737,2024-06-15,PayPal,Completed
9509,1157,2025-11-24,Invoice,Completed
9510,1192,2025-03-13,Credit Card,Completed
9511,2192,2025-11-25,Invoice,Completed
9512,4759,2025-07-04,Credit Card,Completed
9513,1384,2023-07-07,Bank Transfer,Completed
9514,125,2024-01-03,Invoice,Completed
9515,3986,2024-07-23,Credit Card,Completed
9516,4697,2023-10-28,Invoice,Completed
9517,2249,2024-11-11,Bank Transfer,Returned
9518,1587,2024-10-21,Credit Card,Completed
9519,1426,2025-12-07,Bank Transfer,Returned
9520,1239,2024-09-07,Bank Transfer,Completed
9521,1944,2025-07-30,Credit Card,Returned
9522,4306,2025-11-29,PayPal,Completed
9523,4692,2025-10-19,PayPal,Completed
9524,3689,2023-12-09,PayPal,Completed
9525,4188,2024-11-12,Invoice,Completed
9526,1626,2024-05-30,Invoice,Completed
9527,2482,2024-07-30,Credit Card,Completed
9528,3331,2024-06-14,PayPal,Completed
9529,2333,2025-09-04,Bank Transfer,Completed
9530,2519,2024-09-29,PayPal,Completed
9531,1573,2024-12-02,PayPal,Completed
9532,2164,2025-12-22,PayPal,Completed
9533,2060,2023-04-24,Credit Card,Completed
9534,845,2024-11-06,Bank Transfer,Completed
9535,293,2025-07-19,Invoice,Completed
9536,2600,2023-09-26,Credit Card,Completed
9537,4952,2025-02-23,PayPal,Completed
9538,4205,2024-01-15,Credit Card,Completed
9539,112,2025-10-11,Credit Card,Completed
9540,3474,2024-05-05,PayPal,Returned
9541,3746,2024-05-08,Bank Transfer,Completed
9542,3147,2025-02-08,Credit Card,Completed
9543,2493,2023-11-13,Bank Transfer,Completed
9544,3980,2024-03-17,Bank Transfer,Completed
9545,4098,2024-08-18,Bank Transfer,Cancelled
9546,718,2024-06-05,Credit Card,Completed
9547,4361,2024-12-03,Invoice,Completed
9548,89,2025-02-10,Credit Card,Completed
9549,3679,2025-01-04,PayPal,Completed
9550,931,2025-04-03,PayPal,Completed
9551,3072,2024-04-13,Credit Card,Returned
9552,347,2023-08-15,Bank Transfer,Completed
9553,2031,2025-07-07,Credit Card,Completed
9554,2964,2025-09-26,PayPal,Completed
9555,2951,2024-02-09,Credit Card,Returned
9556,4616,2024-08-07,Bank Transfer,Completed
9557,2670,2024-11-14,Bank Transfer,Completed
9558,3652,2024-12-09,PayPal,Completed
9559,2099,2025-04-08,Bank Transfer,Completed
9560,99,2023-03-24,Credit Card,Cancelled
9561,3750,2025-06-02,Invoice,Completed
9562,3695,2023-04-27,PayPal,Returned
9563,27,2024-10-18,PayPal,Completed
9564,2074,2025-09-05,PayPal,Completed
9565,525,2024-09-28,PayPal,Completed
9566,3005,2023-09-22,Credit Card,Completed
9567,3849,2025-12-23,PayPal,Completed
9568,1400,2025-10-30,Invoice,Cancelled
9569,1896,2025-07-17,Invoice,Returned
9570,400,2024-08-12,Bank Transfer,Completed
9571,4095,2023-11-13,PayPal,Completed
9572,4005,2025-11-29,Bank Transfer,Completed
9573,835,2024-12-09,Bank Transfer,Completed
9574,2603,2025-09-27,Invoice,Completed
9575,616,2024-05-23,Credit Card,Completed
9576,1724,2024-05-15,Credit Card,Completed
9577,4519,2025-12-23,Invoice,Completed
9578,562,2024-12-01,Bank Transfer,Completed
9579,3375,2023-09-08,Invoice,Completed
9580,309,2023-12-21,Credit Card,Completed
9581,4467,2024-11-02,Invoice,Completed
9582,1907,2023-03-25,Credit Card,Completed
9583,3779,2024-10-11,Bank Transfer,Completed
9584,4759,2024-08-21,Credit Card,Returned
9585,1081,2025-07-24,Bank Transfer,Completed
9586,229,2024-06-07,PayPal,Completed
9587,4741,2025-12-22,Bank Transfer,Completed
9588,1029,2023-11-10,Bank Transfer,Returned
9589,2619,2025-01-31,Invoice,Completed
9590,799,2023-06-14,Bank Transfer,Completed
9591,1996,2025-06-13,PayPal,Completed
9592,426,2025-12-29,Invoice,Completed
9593,3896,2025-08-29,Invoice,Completed
9594,665,2024-12-26,Credit Card,Completed
9595,3009,2024-11-04,Invoice,Completed
9596,4217,2025-09-12,PayPal,Completed
9597,4709,2025-11-26,Bank Transfer,Completed
9598,2979,2025-12-25,PayPal,Returned
9599,1633,2024-07-26,Credit Card,Returned
9600,2596,2025-12-26,Bank Transfer,Completed
9601,114,2023-10-04,PayPal,Completed
9602,1752,2024-02-04,Bank Transfer,Completed
9603,223,2023-06-12,Credit Card,Returned
9604,717,2024-03-02,Credit Card,Completed
9605,3145,2025-07-14,Credit Card,Completed
9606,129,2025-09-28,Credit Card,Returned
9607,3058,2025-07-24,PayPal,Completed
9608,573,2025-03-14,PayPal,Completed
9609,4381,2024-11-25,Bank Transfer,Completed
9610,4069,2025-05-22,Bank Transfer,Completed
9611,2614,2024-07-19,PayPal,Completed
9612,2662,2025-09-17,Invoice,Completed
9613,113,2025-04-24,PayPal,Completed
9614,1812,2025-05-12,PayPal,Completed
9615,1624,2024-12-11,Invoice,Completed
9616,4539,2025-10-27,Credit Card,Completed
9617,1400,2024-02-02,Credit Card,Completed
9618,4190,2024-07-08,Bank Transfer,Completed
9619,3950,2025-07-23,Bank Transfer,Completed
9620,3573,2024-11-10,Credit Card,Completed
9621,4476,2025-10-30,Bank Transfer,Completed
9622,2414,2024-05-28,PayPal,Completed
9623,1177,2024-06-24,PayPal,Completed
9624,1852,2025-10-30,Invoice,Completed
9625,712,2024-10-13,Credit Card,Completed
9626,830,2024-11-27,Bank Transfer,Completed
9627,1595,2024-05-12,Invoice,Completed
9628,3882,2024-03-07,Credit Card,Completed
9629,4855,2025-04-05,Invoice,Returned
9630,3655,2023-08-04,Credit Card,Completed
9631,1649,2025-10-21,Invoice,Completed
9632,1443,2025-07-24,Invoice,Completed
9633,1969,2023-11-20,Invoice,Completed
9634,4058,2025-05-09,Bank Transfer,Returned
9635,3583,2025-02-13,Bank Transfer,Completed
9636,4649,2023-11-14,Bank Transfer,Completed
9637,2346,2024-03-03,Bank Transfer,Completed
9638,1387,2024-08-09,Bank Transfer,Returned
9639,1714,2025-05-14,Bank Transfer,Completed
9640,2149,2025-03-20,PayPal,Completed
9641,3477,2024-12-09,PayPal,Completed
9642,374,2025-07-14,PayPal,Completed
9643,1893,2025-07-05,Invoice,Completed
9644,301,2025-03-02,PayPal,Returned
9645,1443,2025-07-31,Bank Transfer,Completed
9646,1195,2024-05-14,PayPal,Completed
9647,4627,2025-10-23,Credit Card,Completed
9648,4982,2025-02-27,Bank Transfer,Returned
9649,4617,2025-08-31,PayPal,Completed
9650,880,2024-12-19,Bank Transfer,Cancelled
9651,3842,2023-12-20,Credit Card,Cancelled
9652,3849,2024-12-16,Credit Card,Returned
9653,1269,2024-06-26,Bank Transfer,Completed
9654,3778,2025-05-12,Invoice,Completed
9655,1214,2024-10-26,Credit Card,Returned
9656,1677,2025-09-13,Bank Transfer,Completed
9657,3987,2025-04-25,Credit Card,Completed
9658,3763,2025-04-30,PayPal,Completed
9659,2727,2023-12-18,PayPal,Completed
9660,4421,2025-12-23,Invoice,Completed
9661,4818,2025-09-18,Invoice,Completed
9662,2175,2025-08-02,Invoice,Completed
9663,4702,2024-05-09,PayPal,Returned
9664,1095,2024-12-11,Credit Card,Completed
9665,743,2023-09-02,PayPal,Completed
9666,1006,2024-12-13,PayPal,Completed
9667,532,2023-09-17,PayPal,Completed
9668,2842,2024-12-24,PayPal,Completed
9669,1536,2025-03-29,Credit Card,Cancelled
9670,3055,2024-07-18,Credit Card,Completed
9671,774,2024-11-14,Invoice,Returned
9672,1174,2025-10-18,PayPal,Completed
9673,1271,2023-07-16,Credit Card,Completed
9674,4737,2025-08-04,Credit Card,Returned
9675,4752,2023-10-29,Invoice,Completed
9676,3675,2023-03-16,PayPal,Completed
9677,1378,2023-11-15,Bank Transfer,Completed
9678,2619,2025-07-11,PayPal,Completed
9679,34,2024-08-05,PayPal,Returned
9680,4801,2025-10-15,Credit Card,Completed
9681,646,2024-12-03,Invoice,Cancelled
9682,4343,2023-02-17,Invoice,Cancelled
9683,4551,2025-05-29,Credit Card,Completed
9684,4505,2023-07-18,Invoice,Completed
9685,256,2025-08-02,Credit Card,Completed
9686,319,2023-10-25,PayPal,Completed
9687,767,2024-05-27,Invoice,Completed
9688,588,2025-07-08,Credit Card,Completed
9689,2356,2025-12-06,Bank Transfer,Completed
9690,618,2024-06-26,Bank Transfer,Completed
9691,2681,2025-09-07,PayPal,Completed
9692,2390,2023-11-20,Bank Transfer,Completed
9693,4354,2025-08-18,Bank Transfer,Completed
9694,1335,2025-04-06,Bank Transfer,Completed
9695,3746,2023-11-22,Credit Card,Completed
9696,4701,2024-04-07,PayPal,Completed
9697,502,2023-08-24,Credit Card,Returned
9698,505,2024-07-10,PayPal,Completed
9699,2551,2023-12-04,Credit Card,Returned
9700,1539,2025-03-25,Invoice,Completed
9701,3679,2025-12-28,PayPal,Completed
9702,1074,2023-01-26,Invoice,Returned
9703,1666,2024-12-15,Invoice,Completed
9704,933,2025-01-12,PayPal,Completed
9705,3856,2025-11-14,Bank Transfer,Completed
9706,103,2024-11-19,PayPal,Completed
9707,3138,2024-12-17,Credit Card,Completed
9708,2592,2024-10-22,Credit Card,Completed
9709,3759,2024-02-27,PayPal,Completed
9710,613,2023-04-17,PayPal,Completed
9711,2483,2024-08-09,Credit Card,Completed
9712,3759,2023-04-12,Credit Card,Completed
9713,2655,2024-12-22,PayPal,Completed
9714,2164,2024-04-12,Credit Card,Completed
9715,2014,2024-12-10,Credit Card,Completed
9716,4060,2023-08-28,Invoice,Completed
9717,2833,2025-11-24,Bank Transfer,Completed
9718,1387,2025-11-03,Credit Card,Completed
9719,3414,2023-11-19,Invoice,Cancelled
9720,1762,2024-05-25,Invoice,Completed
9721,1266,2025-02-25,PayPal,Completed
9722,3367,2023-06-24,Bank Transfer,Returned
9723,3001,2024-06-07,Invoice,Completed
9724,3262,2024-02-01,PayPal,Completed
9725,4684,2025-11-14,Bank Transfer,Completed
9726,1675,2025-09-27,Credit Card,Completed
9727,3017,2025-01-19,Invoice,Returned
9728,1238,2024-11-30,Invoice,Cancelled
9729,559,2025-11-23,Invoice,Completed
9730,3750,2025-11-24,PayPal,Completed
9731,4964,2025-12-14,Credit Card,Completed
9732,3243,2023-08-13,Invoice,Completed
9733,1349,2023-10-12,Credit Card,Completed
9734,3680,2025-04-23,PayPal,Completed
9735,1869,2024-12-15,Bank Transfer,Returned
9736,3854,2023-02-09,Credit Card,Completed
9737,3785,2023-04-27,Invoice,Cancelled
9738,36,2025-10-29,Invoice,Cancelled
9739,44,2025-10-12,Invoice,Completed
9740,256,2024-06-10,PayPal,Cancelled
9741,299,2025-11-01,PayPal,Completed
9742,2804,2025-02-03,Bank Transfer,Completed
9743,3341,2025-08-17,Invoice,Completed
9744,809,2024-08-31,Credit Card,Cancelled
9745,4026,2023-07-24,PayPal,Completed
9746,951,2024-09-07,Bank Transfer,Completed
9747,2984,2024-10-05,Invoice,Completed
9748,4558,2024-12-22,PayPal,Cancelled
9749,3002,2023-07-10,Invoice,Completed
9750,4631,2025-12-27,Credit Card,Completed
9751,2966,2024-01-22,Invoice,Completed
9752,1518,2023-11-28,Invoice,Completed
9753,68,2024-12-05,Bank Transfer,Cancelled
9754,2845,2024-12-12,PayPal,Completed
9755,3062,2024-09-14,Credit Card,Returned
9756,1281,2025-07-17,PayPal,Completed
9757,1661,2024-11-27,PayPal,Returned
9758,4253,2025-02-21,Invoice,Completed
9759,731,2025-06-04,Invoice,Completed
9760,1665,2023-02-23,Bank Transfer,Completed
9761,2527,2025-01-08,Bank Transfer,Completed
9762,1412,2025-10-26,Invoice,Completed
9763,559,2023-02-06,Bank Transfer,Completed
9764,1991,2024-08-05,Bank Transfer,Completed
9765,954,2025-11-20,Credit Card,Completed
9766,3032,2024-06-05,Invoice,Completed
9767,3304,2024-10-06,Bank Transfer,Completed
9768,631,2025-12-21,Invoice,Completed
9769,986,2023-11-29,Invoice,Completed
9770,3861,2023-05-03,Credit Card,Returned
9771,3566,2025-10-04,Bank Transfer,Completed
9772,359,2025-10-12,Invoice,Completed
9773,1493,2024-10-22,Bank Transfer,Completed
9774,4414,2024-11-25,Credit Card,Completed
9775,1678,2025-09-12,Bank Transfer,Completed
9776,3330,2025-06-18,Invoice,Completed
9777,2492,2024-02-21,Credit Card,Completed
9778,2001,2023-02-05,PayPal,Completed
9779,2369,2024-10-31,Invoice,Completed
9780,153,2025-10-03,Bank Transfer,Returned
9781,1972,2025-11-03,Bank Transfer,Completed
9782,3841,2025-12-07,PayPal,Completed
9783,3864,2025-10-22,Bank Transfer,Completed
9784,4268,2025-01-19,Bank Transfer,Completed
9785,3713,2024-09-20,Credit Card,Completed
9786,4186,2025-07-20,Credit Card,Returned
9787,4639,2025-06-19,Bank Transfer,Completed
9788,3494,2024-12-13,Bank Transfer,Returned
9789,2222,2023-06-09,Invoice,Completed
9790,3507,2025-11-20,PayPal,Completed
9791,516,2024-10-03,Bank Transfer,Returned
9792,2184,2024-06-17,Bank Transfer,Completed
9793,4452,2025-03-12,PayPal,Completed
9794,987,2025-04-21,Credit Card,Completed
9795,1008,2023-12-11,PayPal,Completed
9796,841,2025-09-13,Invoice,Cancelled
9797,3451,2024-03-23,PayPal,Completed
9798,508,2023-11-16,PayPal,Completed
9799,861,2024-08-06,Credit Card,Completed
9800,1740,2025-06-10,PayPal,Completed
9801,4805,2025-12-12,Credit Card,Completed
9802,3398,2025-08-20,Bank Transfer,Returned
9803,3418,2025-11-28,Invoice,Completed
9804,1931,2023-09-08,Credit Card,Completed
9805,3729,2023-05-13,Bank Transfer,Completed
9806,101,2024-12-27,Credit Card,Completed
9807,922,2024-03-23,PayPal,Completed
9808,19,2025-09-06,PayPal,Completed
9809,4634,2025-04-19,Invoice,Completed
9810,3669,2025-12-15,Credit Card,Completed
9811,4646,2024-02-06,PayPal,Completed
9812,4766,2024-11-05,Invoice,Completed
9813,311,2024-11-16,Credit Card,Completed
9814,4374,2024-01-14,Credit Card,Completed
9815,2706,2025-01-30,Bank Transfer,Completed
9816,1068,2024-09-18,Credit Card,Returned
9817,3983,2024-09-22,Invoice,Completed
9818,2601,2024-06-16,Invoice,Completed
9819,3450,2023-02-05,PayPal,Completed
9820,1543,2024-12-01,Bank Transfer,Completed
9821,919,2024-05-15,Credit Card,Completed
9822,4344,2023-01-03,Credit Card,Completed
9823,4344,2024-04-13,PayPal,Completed
9824,4081,2024-03-10,Bank Transfer,Completed
9825,3920,2024-07-22,Bank Transfer,Completed
9826,166,2023-08-24,Invoice,Completed
9827,4769,2024-11-21,Invoice,Completed
9828,1464,2025-05-07,Credit Card,Completed
9829,3853,2025-03-13,Credit Card,Completed
9830,1539,2025-08-15,Bank Transfer,Completed
9831,2330,2024-09-29,PayPal,Cancelled
9832,224,2024-11-29,Invoice,Cancelled
9833,294,2025-08-21,PayPal,Completed
9834,4699,2024-08-31,Credit Card,Completed
9835,830,2025-05-16,Bank Transfer,Completed
9836,3064,2024-09-08,Invoice,Completed
9837,21,2024-08-20,Invoice,Completed
9838,513,2025-07-07,Bank Transfer,Completed
9839,981,2023-11-03,PayPal,Completed
9840,1230,2024-05-19,Credit Card,Completed
9841,2481,2023-12-26,PayPal,Completed
9842,1625,2024-06-12,PayPal,Completed
9843,768,2024-01-01,Bank Transfer,Completed
9844,4271,2025-01-18,Invoice,Completed
9845,2129,2025-08-10,Credit Card,Cancelled
9846,1672,2025-07-31,Invoice,Completed
9847,919,2024-06-18,Credit Card,Completed
9848,2474,2025-12-25,Credit Card,Completed
9849,192,2025-02-03,Credit Card,Completed
9850,4057,2024-07-29,Invoice,Completed
9851,2140,2025-09-12,Credit Card,Completed
9852,4503,2025-06-10,Bank Transfer,Completed
9853,2829,2025-06-27,Invoice,Returned
9854,380,2023-11-26,PayPal,Returned
9855,2334,2024-10-18,PayPal,Returned
9856,2957,2025-10-06,Credit Card,Cancelled
9857,3496,2024-11-18,Credit Card,Completed
9858,4670,2025-04-29,Invoice,Completed
9859,1333,2025-01-28,PayPal,Returned
9860,2745,2025-09-18,Credit Card,Completed
9861,1438,2024-03-17,PayPal,Cancelled
9862,4522,2025-01-14,Credit Card,Completed
9863,1726,2023-08-09,Bank Transfer,Completed
9864,2475,2025-05-05,Invoice,Completed
9865,1871,2025-06-12,Credit Card,Returned
9866,3985,2023-03-26,Credit Card,Completed
9867,1691,2025-04-23,Bank Transfer,Completed
9868,4688,2024-08-16,Invoice,Completed
9869,3244,2023-08-11,Credit Card,Completed
9870,1214,2024-08-22,PayPal,Completed
9871,1560,2023-11-24,Credit Card,Completed
9872,4273,2024-08-17,Bank Transfer,Completed
9873,3691,2024-07-11,Invoice,Cancelled
9874,3924,2025-06-17,Invoice,Completed
9875,4049,2025-07-19,Invoice,Completed
9876,4275,2025-02-18,Invoice,Cancelled
9877,4624,2023-02-18,Credit Card,Completed
9878,3512,2025-11-23,Credit Card,Completed
9879,1137,2025-05-02,Bank Transfer,Completed
9880,4999,2023-03-11,PayPal,Completed
9881,3634,2025-08-28,Bank Transfer,Completed
9882,4542,2023-11-30,PayPal,Completed
9883,4701,2025-01-18,Invoice,Completed
9884,971,2024-10-16,Bank Transfer,Completed
9885,959,2024-08-22,Invoice,Returned
9886,3766,2025-10-31,Bank Transfer,Completed
9887,390,2024-09-11,Bank Transfer,Completed
9888,991,2023-05-20,Bank Transfer,Completed
9889,2245,2025-12-02,PayPal,Completed
9890,4415,2025-11-17,Credit Card,Completed
9891,2199,2025-04-30,Credit Card,Completed
9892,1225,2024-10-17,Bank Transfer,Completed
9893,106,2023-06-19,PayPal,Completed
9894,848,2025-08-03,Bank Transfer,Completed
9895,764,2023-05-20,PayPal,Completed
9896,2778,2023-05-09,Credit Card,Completed
9897,1657,2024-12-12,Invoice,Completed
9898,4658,2023-10-11,PayPal,Completed
9899,1116,2023-01-17,Credit Card,Completed
9900,483,2024-08-26,Bank Transfer,Completed
9901,2992,2023-09-02,Invoice,Completed
9902,2324,2023-10-12,Credit Card,Cancelled
9903,1103,2023-05-23,Credit Card,Completed
9904,237,2023-12-05,PayPal,Completed
9905,3956,2025-05-28,Invoice,Completed
9906,1151,2025-08-19,Bank Transfer,Returned
9907,2231,2024-09-29,Invoice,Completed
9908,4892,2024-11-20,Bank Transfer,Completed
9909,2433,2023-03-09,Invoice,Returned
9910,3246,2023-05-10,Credit Card,Completed
9911,3704,2024-02-10,PayPal,Completed
9912,1998,2024-12-17,Bank Transfer,Completed
9913,4965,2025-06-19,Bank Transfer,Completed
9914,4672,2025-02-16,PayPal,Completed
9915,2197,2024-07-21,PayPal,Cancelled
9916,3881,2023-08-01,PayPal,Completed
9917,2314,2025-07-25,Bank Transfer,Completed
9918,172,2024-06-17,Invoice,Completed
9919,2798,2025-06-15,Credit Card,Completed
9920,93,2024-11-25,Invoice,Completed
9921,1159,2025-06-18,Credit Card,Completed
9922,4308,2025-11-10,Bank Transfer,Completed
9923,3199,2025-11-17,PayPal,Completed
9924,2187,2024-12-11,Invoice,Cancelled
9925,4865,2024-11-23,Credit Card,Completed
9926,3141,2024-02-22,Credit Card,Completed
9927,284,2025-11-26,Credit Card,Cancelled
9928,3829,2024-10-06,PayPal,Completed
9929,3385,2023-08-17,PayPal,Completed
9930,2768,2024-09-06,Invoice,Completed
9931,1553,2023-08-16,PayPal,Completed
9932,1881,2024-11-17,Invoice,Completed
9933,1923,2024-12-30,Bank Transfer,Completed
9934,3117,2024-05-18,Bank Transfer,Completed
9935,2347,2023-05-14,Credit Card,Returned
9936,3681,2025-11-30,Credit Card,Completed
9937,183,2025-07-19,Invoice,Completed
9938,3843,2025-09-15,PayPal,Completed
9939,3569,2024-06-21,Bank Transfer,Completed
9940,1544,2025-07-08,PayPal,Completed
9941,4237,2024-11-04,Bank Transfer,Completed
9942,4962,2023-12-01,PayPal,Completed
9943,1550,2023-08-11,PayPal,Completed
9944,100,2024-05-26,Invoice,Completed
9945,4206,2023-09-03,PayPal,Completed
9946,3175,2025-12-31,Bank Transfer,Completed
9947,3038,2023-04-06,Invoice,Completed
9948,733,2024-09-16,PayPal,Completed
9949,2583,2024-09-29,Invoice,Completed
9950,1473,2024-04-04,PayPal,Completed
9951,2401,2025-01-09,Bank Transfer,Completed
9952,2603,2023-09-24,Bank Transfer,Completed
9953,2358,2025-07-28,Bank Transfer,Completed
9954,350,2024-05-12,PayPal,Completed
9955,3147,2025-02-01,Credit Card,Completed
9956,3745,2025-05-28,PayPal,Cancelled
9957,534,2025-10-30,Credit Card,Completed
9958,2409,2025-09-12,Credit Card,Completed
9959,1879,2025-02-20,PayPal,Completed
9960,2048,2024-07-16,Credit Card,Returned
9961,501,2024-11-17,Credit Card,Completed
9962,933,2025-07-15,Bank Transfer,Returned
9963,4511,2025-10-20,Invoice,Completed
9964,315,2023-07-07,Credit Card,Returned
9965,3693,2024-07-12,PayPal,Completed
9966,1965,2025-07-21,Credit Card,Completed
9967,1742,2024-09-05,Bank Transfer,Completed
9968,2599,2024-05-11,Invoice,Completed
9969,3209,2024-08-12,Credit Card,Completed
9970,1728,2025-02-13,Invoice,Returned
9971,1658,2025-12-31,Bank Transfer,Completed
9972,3313,2024-11-10,Bank Transfer,Completed
9973,816,2023-12-09,PayPal,Completed
9974,4943,2023-10-16,Bank Transfer,Completed
9975,4374,2023-03-25,Bank Transfer,Completed
9976,2245,2024-12-28,Credit Card,Completed
9977,2303,2024-12-18,Bank Transfer,Completed
9978,4131,2023-12-06,Bank Transfer,Cancelled
9979,2334,2025-05-10,Invoice,Completed
9980,4647,2025-06-20,Bank Transfer,Completed
9981,1485,2024-02-12,Bank Transfer,Cancelled
9982,3733,2024-05-25,Invoice,Completed
9983,2304,2025-12-26,Credit Card,Completed
9984,237,2024-06-30,Bank Transfer,Completed
9985,2642,2025-07-07,Credit Card,Completed
9986,101,2024-09-29,Bank Transfer,Completed
9987,4392,2025-08-06,PayPal,Returned
9988,1609,2025-07-15,Bank Transfer,Completed
9989,2536,2025-04-15,Bank Transfer,Completed
9990,2962,2025-09-29,Invoice,Completed
9991,1690,2025-11-28,Invoice,Completed
9992,1511,2025-01-19,PayPal,Returned
9993,3406,2024-01-12,PayPal,Completed
9994,3474,2024-07-28,Credit Card,Completed
9995,1316,2025-07-05,PayPal,Completed
9996,3833,2025-03-31,Bank Transfer,Completed
9997,796,2023-11-06,Invoice,Cancelled
9998,1028,2023-04-09,Bank Transfer,Completed
9999,1716,2025-04-29,Invoice,Completed
10000,4661,2024-02-01,Credit Card,Completed
10001,727,2024-11-15,PayPal,Returned
10002,743,2025-06-25,Bank Transfer,Cancelled
10003,1478,2024-12-31,Bank Transfer,Completed
10004,4951,2023-06-03,Invoice,Completed
10005,4116,2023-11-15,PayPal,Completed
10006,2510,2023-12-20,Invoice,Completed
10007,4836,2024-02-11,Bank Transfer,Completed
10008,2741,2025-01-03,Invoice,Cancelled
10009,1633,2024-11-18,Invoice,Completed
10010,1268,2023-12-03,Invoice,Completed
10011,2035,2023-05-07,Bank Transfer,Returned
10012,3150,2023-10-30,Bank Transfer,Completed
10013,4022,2025-12-23,Credit Card,Completed
10014,983,2024-10-18,PayPal,Completed
10015,4518,2025-10-11,PayPal,Completed
10016,4749,2025-09-24,Bank Transfer,Completed
10017,245,2024-11-23,Bank Transfer,Completed
10018,4636,2025-05-20,Bank Transfer,Completed
10019,3042,2023-11-22,Bank Transfer,Completed
10020,2091,2025-05-04,Credit Card,Completed
10021,642,2024-03-02,Invoice,Completed
10022,1186,2025-09-09,Credit Card,Returned
10023,3855,2023-06-03,Credit Card,Completed
10024,4456,2025-07-19,PayPal,Completed
10025,647,2023-07-01,Bank Transfer,Completed
10026,3024,2025-10-23,Bank Transfer,Completed
10027,4586,2024-04-09,Credit Card,Completed
10028,1837,2025-04-03,PayPal,Completed
10029,3179,2024-11-06,PayPal,Completed
10030,10,2024-06-20,PayPal,Completed
10031,3493,2025-03-26,Credit Card,Completed
10032,913,2025-12-02,Credit Card,Completed
10033,921,2023-03-23,Bank Transfer,Completed
10034,1031,2025-11-16,Invoice,Cancelled
10035,2150,2025-02-20,PayPal,Completed
10036,3007,2025-08-18,Credit Card,Completed
10037,4645,2024-07-11,Credit Card,Returned
10038,2928,2024-10-22,Invoice,Completed
10039,4841,2025-10-12,PayPal,Returned
10040,344,2024-08-16,PayPal,Returned
10041,1790,2024-12-10,Credit Card,Completed
10042,1492,2023-02-12,Credit Card,Completed
10043,1523,2023-10-08,Bank Transfer,Completed
10044,4495,2025-03-23,PayPal,Completed
10045,1912,2025-05-29,Invoice,Completed
10046,1050,2025-01-22,PayPal,Completed
10047,4760,2023-09-12,Invoice,Completed
10048,4706,2024-09-21,Bank Transfer,Completed
10049,2215,2024-06-07,Bank Transfer,Completed
10050,4632,2024-11-12,Bank Transfer,Completed
10051,4415,2025-10-13,PayPal,Completed
10052,1855,2025-07-21,Invoice,Completed
10053,1999,2023-06-04,PayPal,Completed
10054,2579,2025-10-31,Bank Transfer,Completed
10055,619,2024-10-22,Invoice,Completed
10056,799,2025-06-22,Invoice,Completed
10057,170,2023-09-07,Bank Transfer,Returned
10058,2190,2025-04-18,Invoice,Completed
10059,2150,2024-01-10,Bank Transfer,Completed
10060,4102,2024-09-13,PayPal,Completed
10061,1705,2023-02-05,PayPal,Completed
10062,407,2023-09-27,PayPal,Returned
10063,2982,2023-06-18,Invoice,Completed
10064,3257,2024-01-15,Bank Transfer,Completed
10065,2784,2023-07-01,Credit Card,Completed
10066,1960,2025-05-07,Bank Transfer,Cancelled
10067,4651,2023-03-03,Bank Transfer,Cancelled
10068,3732,2025-03-02,PayPal,Completed
10069,4441,2023-09-08,Credit Card,Completed
10070,3568,2025-12-01,PayPal,Completed
10071,1520,2025-11-24,Invoice,Completed
10072,367,2023-12-27,Credit Card,Completed
10073,3441,2025-02-26,Bank Transfer,Completed
10074,1818,2023-03-01,PayPal,Completed
10075,4181,2025-11-23,Bank Transfer,Completed
10076,4108,2024-12-02,PayPal,Completed
10077,540,2023-03-27,PayPal,Completed
10078,3474,2024-05-23,Credit Card,Completed
10079,1938,2023-05-23,Bank Transfer,Completed
10080,3022,2024-07-21,Invoice,Completed
10081,704,2025-04-17,PayPal,Completed
10082,1956,2024-10-20,Credit Card,Completed
10083,1625,2024-07-11,Bank Transfer,Completed
10084,2553,2023-08-02,Bank Transfer,Completed
10085,714,2024-01-23,Invoice,Completed
10086,1729,2023-07-01,Bank Transfer,Completed
10087,1751,2025-08-18,PayPal,Completed
10088,3893,2023-08-30,Credit Card,Completed
10089,2693,2025-02-05,Bank Transfer,Completed
10090,1470,2024-05-24,Invoice,Completed
10091,4236,2023-12-28,PayPal,Completed
10092,842,2025-03-21,Invoice,Cancelled
10093,704,2024-10-04,Credit Card,Completed
10094,4228,2024-07-30,PayPal,Completed
10095,4085,2025-02-02,Credit Card,Completed
10096,1061,2024-11-09,PayPal,Completed
10097,3375,2024-04-08,PayPal,Completed
10098,1298,2024-12-28,Invoice,Returned
10099,1175,2025-04-17,Bank Transfer,Completed
10100,2507,2023-02-26,Bank Transfer,Completed
10101,3905,2024-10-15,Invoice,Completed
10102,4237,2023-04-20,Bank Transfer,Completed
10103,4226,2023-11-16,PayPal,Completed
10104,4378,2024-12-29,Bank Transfer,Completed
10105,2460,2025-10-10,Bank Transfer,Completed
10106,632,2025-10-24,Invoice,Completed
10107,1603,2023-05-11,Credit Card,Completed
10108,3320,2024-08-21,Invoice,Completed
10109,829,2025-01-22,Invoice,Completed
10110,1218,2023-09-19,Credit Card,Returned
10111,2464,2025-07-12,PayPal,Completed
10112,3963,2025-06-23,Credit Card,Returned
10113,2275,2025-11-08,PayPal,Completed
10114,3587,2023-01-18,Bank Transfer,Completed
10115,1420,2023-12-18,Credit Card,Completed
10116,1725,2025-09-05,Invoice,Completed
10117,4383,2025-04-18,PayPal,Completed
10118,4566,2025-11-03,Bank Transfer,Cancelled
10119,346,2023-04-19,Credit Card,Completed
10120,2285,2025-02-07,Credit Card,Cancelled
10121,2680,2025-01-07,PayPal,Completed
10122,925,2023-03-14,Invoice,Completed
10123,1889,2024-11-25,PayPal,Completed
10124,3068,2025-02-21,Credit Card,Completed
10125,3231,2023-11-21,PayPal,Completed
10126,4689,2024-03-04,Credit Card,Completed
10127,317,2025-03-22,Bank Transfer,Completed
10128,4292,2024-10-18,Bank Transfer,Completed
10129,924,2025-10-02,PayPal,Completed
10130,304,2024-05-23,Credit Card,Completed
10131,2657,2024-02-24,Credit Card,Completed
10132,2302,2025-12-23,Bank Transfer,Completed
10133,3846,2025-11-12,Invoice,Completed
10134,879,2023-03-02,Invoice,Returned
10135,2538,2025-07-16,PayPal,Completed
10136,3654,2023-07-19,Bank Transfer,Completed
10137,1150,2023-02-28,Bank Transfer,Completed
10138,4621,2024-03-04,PayPal,Completed
10139,2802,2024-02-27,Bank Transfer,Completed
10140,2935,2025-08-29,Bank Transfer,Returned
10141,108,2025-05-24,Credit Card,Completed
10142,2262,2025-12-21,Invoice,Completed
10143,24,2025-05-24,Invoice,Completed
10144,2154,2024-08-20,Bank Transfer,Completed
10145,419,2025-05-13,Credit Card,Cancelled
10146,4601,2025-12-31,Bank Transfer,Completed
10147,2515,2025-05-23,PayPal,Completed
10148,865,2025-07-08,Bank Transfer,Completed
10149,4452,2025-11-27,PayPal,Completed
10150,4989,2023-07-24,Invoice,Completed
10151,3271,2025-05-18,Credit Card,Cancelled
10152,4602,2025-09-26,Invoice,Completed
10153,1569,2025-12-06,PayPal,Completed
10154,1976,2023-12-12,PayPal,Completed
10155,3202,2024-11-18,Invoice,Returned
10156,3878,2025-04-27,PayPal,Returned
10157,2152,2024-01-26,PayPal,Completed
10158,4872,2025-02-11,PayPal,Completed
10159,4884,2024-02-10,PayPal,Completed
10160,4690,2024-05-13,Invoice,Completed
10161,4627,2024-09-16,Invoice,Completed
10162,3290,2024-12-06,Bank Transfer,Completed
10163,3129,2024-09-26,Invoice,Completed
10164,799,2024-11-10,Invoice,Completed
10165,2653,2024-04-02,Invoice,Cancelled
10166,2212,2023-10-09,Bank Transfer,Completed
10167,781,2023-04-03,PayPal,Returned
10168,222,2023-11-26,Bank Transfer,Completed
10169,520,2025-01-21,PayPal,Returned
10170,3710,2025-07-30,PayPal,Returned
10171,364,2023-10-26,Credit Card,Cancelled
10172,2772,2023-07-15,PayPal,Completed
10173,1197,2025-06-27,PayPal,Completed
10174,2895,2024-04-10,Invoice,Completed
10175,3570,2025-12-04,Invoice,Completed
10176,4201,2025-05-27,Bank Transfer,Completed
10177,1630,2024-05-05,PayPal,Completed
10178,1190,2024-03-22,Credit Card,Returned
10179,2765,2024-12-02,Bank Transfer,Returned
10180,365,2023-05-27,Bank Transfer,Completed
10181,870,2023-07-31,Credit Card,Completed
10182,4746,2023-11-04,Bank Transfer,Completed
10183,377,2025-07-20,Invoice,Completed
10184,3519,2024-11-25,Invoice,Completed
10185,338,2023-01-23,Invoice,Completed
10186,4815,2025-04-21,Invoice,Cancelled
10187,4969,2024-08-26,Credit Card,Completed
10188,812,2024-11-23,Bank Transfer,Completed
10189,4519,2023-12-15,Bank Transfer,Completed
10190,2751,2024-12-23,Credit Card,Returned
10191,3110,2025-12-20,PayPal,Completed
10192,4487,2023-05-17,Credit Card,Completed
10193,3554,2024-03-16,Bank Transfer,Completed
10194,3621,2024-01-20,Credit Card,Returned
10195,707,2024-01-28,Invoice,Completed
10196,4118,2024-07-05,Credit Card,Completed
10197,2150,2025-08-28,Invoice,Completed
10198,2265,2025-11-13,Invoice,Completed
10199,2326,2023-12-02,Bank Transfer,Completed
10200,2610,2024-12-16,Credit Card,Completed
10201,1915,2025-03-19,Credit Card,Completed
10202,4949,2024-12-01,Invoice,Completed
10203,2312,2024-09-08,Credit Card,Completed
10204,2474,2023-11-21,Credit Card,Completed
10205,1063,2024-11-06,PayPal,Completed
10206,2124,2024-07-31,PayPal,Completed
10207,4874,2025-08-08,PayPal,Completed
10208,67,2025-07-10,Credit Card,Completed
10209,3761,2023-08-28,Invoice,Completed
10210,4733,2023-06-11,Bank Transfer,Completed
10211,337,2025-11-10,Invoice,Completed
10212,2301,2024-12-11,PayPal,Completed
10213,2043,2025-10-02,PayPal,Completed
10214,284,2023-04-21,Invoice,Completed
10215,1588,2024-12-04,PayPal,Returned
10216,4465,2024-12-14,Bank Transfer,Returned
10217,3570,2025-10-05,Bank Transfer,Completed
10218,2478,2023-06-27,Invoice,Completed
10219,3169,2024-01-16,PayPal,Completed
10220,1109,2024-08-06,Credit Card,Completed
10221,922,2025-10-09,Credit Card,Completed
10222,3986,2025-11-27,Bank Transfer,Completed
10223,3774,2025-12-27,PayPal,Completed
10224,4563,2025-12-09,Credit Card,Completed
10225,1929,2023-01-13,Invoice,Completed
10226,2847,2023-04-03,Credit Card,Completed
10227,2478,2023-09-20,Bank Transfer,Completed
10228,190,2024-05-31,Invoice,Completed
10229,2777,2025-09-07,Credit Card,Completed
10230,4347,2025-11-02,Bank Transfer,Completed
10231,4201,2023-11-16,Invoice,Completed
10232,3431,2025-03-03,Bank Transfer,Cancelled
10233,656,2025-11-15,Bank Transfer,Returned
10234,2409,2024-10-12,Credit Card,Completed
10235,3681,2023-07-07,PayPal,Completed
10236,2838,2024-10-05,Credit Card,Completed
10237,2545,2024-07-01,Bank Transfer,Returned
10238,4115,2025-01-16,Credit Card,Completed
10239,118,2024-09-13,PayPal,Completed
10240,4025,2023-02-06,Credit Card,Completed
10241,4222,2025-12-28,Credit Card,Completed
10242,1395,2024-12-17,Credit Card,Completed
10243,1307,2024-10-24,Bank Transfer,Completed
10244,1767,2025-12-06,PayPal,Completed
10245,2441,2023-10-04,Invoice,Completed
10246,4951,2023-11-19,PayPal,Completed
10247,4123,2025-08-19,Invoice,Completed
10248,3947,2024-02-15,Credit Card,Completed
10249,4470,2025-08-11,Credit Card,Completed
10250,2091,2024-03-01,Invoice,Completed
10251,2612,2023-03-10,Credit Card,Completed
10252,4972,2024-11-27,PayPal,Completed
10253,4537,2023-11-26,Invoice,Completed
10254,4703,2025-07-05,Bank Transfer,Completed
10255,2518,2025-03-23,Bank Transfer,Completed
10256,4756,2025-11-19,Credit Card,Completed
10257,3423,2025-07-27,PayPal,Cancelled
10258,4556,2023-11-10,Bank Transfer,Completed
10259,181,2025-08-12,Invoice,Completed
10260,4277,2025-03-23,Invoice,Completed
10261,3474,2025-04-16,Credit Card,Completed
10262,3883,2025-09-09,Bank Transfer,Completed
10263,3463,2025-01-12,Credit Card,Completed
10264,4473,2024-10-15,Invoice,Completed
10265,3877,2025-03-19,Credit Card,Completed
10266,482,2024-04-01,Invoice,Completed
10267,1112,2023-11-12,PayPal,Completed
10268,684,2025-03-01,PayPal,Completed
10269,4738,2024-01-07,Credit Card,Completed
10270,698,2023-05-28,Credit Card,Completed
10271,8,2023-01-02,PayPal,Completed
10272,992,2025-02-20,Invoice,Returned
10273,3765,2024-06-15,PayPal,Completed
10274,244,2025-06-30,PayPal,Completed
10275,2149,2024-07-01,PayPal,Completed
10276,3444,2024-11-05,Credit Card,Completed
10277,4107,2024-08-07,Credit Card,Completed
10278,3243,2025-03-31,PayPal,Returned
10279,4668,2024-06-08,PayPal,Completed
10280,652,2025-12-11,PayPal,Returned
10281,3042,2025-11-26,Invoice,Completed
10282,3145,2025-09-23,PayPal,Completed
10283,4618,2025-11-17,Invoice,Completed
10284,3221,2024-09-25,Bank Transfer,Completed
10285,60,2024-12-12,Invoice,Completed
10286,2890,2025-06-21,PayPal,Completed
10287,3358,2025-05-11,Invoice,Completed
10288,44,2025-10-31,Credit Card,Completed
10289,1125,2025-05-29,PayPal,Completed
10290,2687,2025-12-30,PayPal,Completed
10291,3138,2024-05-30,Credit Card,Completed
10292,2137,2025-09-10,PayPal,Cancelled
10293,180,2025-05-12,Credit Card,Completed
10294,2294,2025-05-06,PayPal,Completed
10295,2138,2024-05-04,Credit Card,Completed
10296,3620,2025-07-30,Bank Transfer,Completed
10297,4590,2025-11-06,Credit Card,Cancelled
10298,3608,2023-12-20,PayPal,Completed
10299,4940,2025-03-09,Bank Transfer,Completed
10300,852,2024-07-21,Bank Transfer,Completed
10301,1273,2025-12-26,Invoice,Completed
10302,1132,2024-10-30,Credit Card,Completed
10303,1639,2023-12-30,PayPal,Completed
10304,4175,2024-07-09,Credit Card,Completed
10305,553,2025-04-03,Invoice,Cancelled
10306,3165,2023-05-21,Bank Transfer,Completed
10307,1296,2025-02-14,Credit Card,Completed
10308,4534,2025-11-23,PayPal,Completed
10309,2254,2025-09-25,Invoice,Completed
10310,2548,2023-05-07,Invoice,Completed
10311,3337,2025-12-28,Credit Card,Cancelled
10312,4105,2025-05-13,Bank Transfer,Completed
10313,1584,2023-10-15,Credit Card,Completed
10314,447,2023-01-27,PayPal,Completed
10315,3310,2023-10-30,Bank Transfer,Completed
10316,1009,2025-09-15,Bank Transfer,Returned
10317,1823,2023-02-15,Credit Card,Completed
10318,94,2024-01-06,PayPal,Completed
10319,2162,2025-07-04,Invoice,Completed
10320,3514,2025-01-26,Credit Card,Completed
10321,430,2025-07-27,Bank Transfer,Completed
10322,4273,2025-06-24,Invoice,Completed
10323,2101,2023-04-08,Bank Transfer,Cancelled
10324,664,2025-11-02,Bank Transfer,Completed
10325,2756,2023-12-29,Bank Transfer,Completed
10326,2240,2024-12-24,Invoice,Completed
10327,4317,2025-03-25,Credit Card,Completed
10328,4904,2023-10-25,Credit Card,Completed
10329,37,2025-12-18,Credit Card,Completed
10330,2490,2024-11-06,Credit Card,Completed
10331,716,2023-04-20,Credit Card,Completed
10332,4402,2025-11-26,Invoice,Completed
10333,4041,2025-01-26,PayPal,Completed
10334,4453,2025-05-13,Bank Transfer,Completed
10335,2264,2024-12-03,Credit Card,Returned
10336,921,2025-09-12,Invoice,Completed
10337,4019,2023-03-10,Invoice,Returned
10338,3372,2024-02-26,Bank Transfer,Completed
10339,2458,2024-10-19,Credit Card,Completed
10340,3912,2023-05-22,Credit Card,Completed
10341,1241,2025-05-19,Invoice,Completed
10342,2884,2024-07-22,Invoice,Completed
10343,3430,2024-03-03,Credit Card,Completed
10344,2278,2023-01-08,PayPal,Completed
10345,936,2025-06-01,Credit Card,Completed
10346,422,2025-09-11,PayPal,Completed
10347,2525,2024-07-24,Bank Transfer,Completed
10348,993,2025-01-01,Invoice,Completed
10349,2224,2023-12-29,Credit Card,Completed
10350,3335,2025-03-06,Credit Card,Cancelled
10351,3761,2023-01-26,Credit Card,Completed
10352,2651,2024-11-07,Invoice,Completed
10353,2410,2025-03-25,Invoice,Completed
10354,3603,2025-11-16,Credit Card,Completed
10355,3831,2024-07-08,PayPal,Completed
10356,2541,2025-07-11,Invoice,Cancelled
10357,4956,2025-02-08,Credit Card,Completed
10358,3046,2025-11-21,PayPal,Completed
10359,3815,2024-07-28,Bank Transfer,Returned
10360,4472,2024-04-26,Credit Card,Completed
10361,1087,2025-10-28,Credit Card,Completed
10362,2190,2023-04-06,Credit Card,Completed
10363,1350,2023-09-01,Invoice,Completed
10364,2768,2023-06-01,PayPal,Returned
10365,2955,2025-09-19,Invoice,Completed
10366,358,2023-01-23,Invoice,Completed
10367,4866,2025-10-06,Credit Card,Completed
10368,3370,2024-09-28,Invoice,Completed
10369,4321,2023-01-09,Invoice,Completed
10370,187,2024-08-01,PayPal,Completed
10371,3342,2023-11-16,PayPal,Completed
10372,316,2025-03-08,Invoice,Completed
10373,1436,2025-04-26,Invoice,Completed
10374,4053,2024-11-06,Bank Transfer,Completed
10375,1527,2023-03-22,Invoice,Completed
10376,3459,2025-04-05,Invoice,Completed
10377,11,2025-09-18,PayPal,Completed
10378,2305,2025-06-01,Bank Transfer,Completed
10379,2815,2025-09-07,Bank Transfer,Completed
10380,1273,2023-12-01,Credit Card,Cancelled
10381,732,2025-10-30,Credit Card,Completed
10382,3318,2024-04-30,Credit Card,Completed
10383,48,2023-01-29,Invoice,Completed
10384,4151,2025-09-19,Credit Card,Completed
10385,3388,2025-11-29,Credit Card,Completed
10386,469,2025-04-04,PayPal,Completed
10387,3035,2024-01-03,Credit Card,Completed
10388,2376,2024-02-02,PayPal,Completed
10389,4204,2024-10-16,Invoice,Completed
10390,423,2025-11-04,Credit Card,Completed
10391,3436,2023-09-23,Bank Transfer,Completed
10392,1238,2025-09-04,Credit Card,Returned
10393,1361,2024-03-25,Bank Transfer,Returned
10394,2380,2025-08-19,PayPal,Completed
10395,1110,2025-11-17,Bank Transfer,Completed
10396,4346,2024-08-31,Credit Card,Completed
10397,3549,2024-06-19,PayPal,Completed
10398,4496,2025-08-13,PayPal,Completed
10399,2894,2024-12-07,Invoice,Returned
10400,2998,2025-04-30,Bank Transfer,Returned
10401,3787,2025-03-06,Credit Card,Completed
10402,1806,2023-09-29,PayPal,Completed
10403,2,2025-09-20,Bank Transfer,Completed
10404,943,2023-11-25,Bank Transfer,Completed
10405,2973,2025-11-24,Credit Card,Completed
10406,4178,2024-01-31,Credit Card,Completed
10407,919,2025-06-13,Invoice,Completed
10408,3141,2024-03-17,Credit Card,Completed
10409,4617,2024-04-25,Bank Transfer,Completed
10410,2773,2024-04-15,Credit Card,Completed
10411,1919,2025-06-26,Bank Transfer,Completed
10412,3596,2024-12-27,Invoice,Completed
10413,985,2025-10-25,Bank Transfer,Completed
10414,1420,2024-04-12,Invoice,Returned
10415,3483,2025-05-07,Invoice,Cancelled
10416,3600,2025-06-30,Credit Card,Completed
10417,1994,2023-09-26,Bank Transfer,Completed
10418,935,2024-07-30,Bank Transfer,Completed
10419,4069,2024-11-02,Invoice,Completed
10420,1469,2024-06-08,Invoice,Completed
10421,3058,2024-04-30,Invoice,Completed
10422,4450,2025-05-02,Credit Card,Completed
10423,2185,2023-12-17,Invoice,Completed
10424,3873,2025-05-23,Credit Card,Cancelled
10425,2190,2025-11-25,Invoice,Completed
10426,399,2025-01-02,PayPal,Completed
10427,2615,2025-02-23,Bank Transfer,Completed
10428,1649,2023-05-09,Invoice,Completed
10429,4117,2025-10-08,Invoice,Cancelled
10430,4117,2024-03-18,Credit Card,Completed
10431,3369,2025-02-27,PayPal,Completed
10432,4657,2025-12-20,Invoice,Completed
10433,3415,2025-02-05,Credit Card,Completed
10434,1051,2025-06-05,Credit Card,Completed
10435,3528,2024-09-21,Bank Transfer,Completed
10436,3480,2023-04-25,PayPal,Completed
10437,1198,2025-08-09,Bank Transfer,Completed
10438,2390,2023-03-13,Credit Card,Completed
10439,566,2025-05-15,PayPal,Returned
10440,1374,2023-02-18,PayPal,Completed
10441,3328,2025-10-06,Bank Transfer,Cancelled
10442,455,2023-10-07,PayPal,Completed
10443,4453,2024-11-25,PayPal,Completed
10444,854,2025-02-07,PayPal,Cancelled
10445,3266,2024-10-05,PayPal,Completed
10446,2339,2024-05-21,Invoice,Completed
10447,3227,2024-10-17,PayPal,Completed
10448,1825,2024-04-17,PayPal,Completed
10449,1932,2024-09-12,Invoice,Completed
10450,1351,2024-06-12,Invoice,Completed
10451,3062,2025-01-04,Credit Card,Completed
10452,3945,2024-01-12,Invoice,Completed
10453,3628,2025-12-25,Bank Transfer,Completed
10454,2253,2024-11-16,Bank Transfer,Completed
10455,4900,2023-11-24,Credit Card,Completed
10456,4622,2024-10-28,Bank Transfer,Completed
10457,1403,2025-10-10,PayPal,Completed
10458,2499,2023-02-16,PayPal,Completed
10459,907,2025-04-26,Invoice,Completed
10460,1004,2024-12-20,Invoice,Completed
10461,2076,2023-10-27,Bank Transfer,Completed
10462,3393,2025-08-27,Invoice,Completed
10463,2863,2024-06-23,Credit Card,Cancelled
10464,2388,2024-03-27,Bank Transfer,Completed
10465,4402,2025-09-06,Invoice,Returned
10466,2172,2025-03-20,Invoice,Completed
10467,4401,2025-11-05,Invoice,Completed
10468,3275,2025-03-13,PayPal,Completed
10469,3143,2025-06-20,Bank Transfer,Completed
10470,2137,2025-09-13,Credit Card,Completed
10471,2569,2023-04-15,Credit Card,Completed
10472,3292,2025-07-21,PayPal,Completed
10473,2419,2025-02-26,Bank Transfer,Completed
10474,1947,2023-05-10,Bank Transfer,Completed
10475,221,2024-11-21,PayPal,Cancelled
10476,2246,2023-06-01,Invoice,Completed
10477,1755,2025-06-15,Bank Transfer,Completed
10478,3649,2024-12-19,Credit Card,Completed
10479,4189,2025-12-06,Bank Transfer,Completed
10480,1460,2023-11-12,Credit Card,Cancelled
10481,4185,2025-02-17,Credit Card,Completed
10482,4641,2023-12-12,Invoice,Completed
10483,4720,2025-02-26,Credit Card,Completed
10484,3341,2025-06-03,Bank Transfer,Completed
10485,1030,2025-06-03,Credit Card,Completed
10486,2820,2025-08-25,PayPal,Returned
10487,4921,2025-09-28,PayPal,Completed
10488,3292,2023-05-23,Invoice,Completed
10489,3453,2024-05-24,PayPal,Completed
10490,1196,2025-05-03,Bank Transfer,Completed
10491,4700,2024-11-14,Bank Transfer,Completed
10492,3366,2023-11-20,Credit Card,Returned
10493,3618,2024-12-24,PayPal,Completed
10494,4153,2024-08-07,Bank Transfer,Completed
10495,3038,2024-07-18,Invoice,Completed
10496,1745,2025-08-20,PayPal,Cancelled
10497,4041,2024-08-08,Credit Card,Completed
10498,2697,2023-02-26,PayPal,Cancelled
10499,1743,2023-04-21,Bank Transfer,Completed
10500,2396,2025-10-01,Credit Card,Cancelled
10501,377,2025-12-10,Bank Transfer,Completed
10502,4635,2025-05-04,PayPal,Cancelled
10503,54,2024-06-18,Credit Card,Returned
10504,11,2025-11-27,Credit Card,Completed
10505,1294,2025-04-11,Bank Transfer,Completed
10506,4503,2025-09-20,Credit Card,Completed
10507,1256,2025-07-12,Credit Card,Cancelled
10508,2965,2024-07-05,PayPal,Completed
10509,1672,2024-10-30,Bank Transfer,Completed
10510,4026,2023-11-15,Invoice,Cancelled
10511,3771,2024-03-25,Credit Card,Completed
10512,3928,2025-07-23,PayPal,Completed
10513,3132,2025-11-02,Invoice,Cancelled
10514,1574,2025-06-05,Invoice,Completed
10515,1626,2024-10-14,Credit Card,Completed
10516,1797,2023-06-08,Credit Card,Returned
10517,3397,2023-04-19,PayPal,Completed
10518,1080,2024-06-30,Invoice,Completed
10519,2657,2024-10-12,Credit Card,Completed
10520,4585,2025-02-20,Bank Transfer,Completed
10521,786,2023-01-14,Credit Card,Completed
10522,3040,2025-12-26,Bank Transfer,Completed
10523,898,2024-06-18,Invoice,Completed
10524,1419,2025-09-23,Invoice,Returned
10525,3051,2024-12-11,Invoice,Completed
10526,2627,2023-08-22,Credit Card,Completed
10527,1967,2025-08-09,Bank Transfer,Completed
10528,4196,2025-05-23,Bank Transfer,Completed
10529,3919,2024-12-05,PayPal,Returned
10530,1521,2024-11-26,Bank Transfer,Returned
10531,2448,2023-06-10,Credit Card,Completed
10532,2878,2025-04-05,Invoice,Completed
10533,4362,2025-11-12,Credit Card,Completed
10534,4841,2023-06-20,Bank Transfer,Completed
10535,4945,2024-02-19,PayPal,Completed
10536,1661,2025-11-07,Invoice,Completed
10537,162,2024-03-16,Bank Transfer,Completed
10538,3494,2025-04-03,Credit Card,Completed
10539,3129,2024-12-11,PayPal,Completed
10540,3722,2025-02-06,PayPal,Completed
10541,1376,2024-08-17,Credit Card,Completed
10542,1819,2024-04-04,Credit Card,Completed
10543,1099,2023-04-05,Bank Transfer,Completed
10544,1961,2025-06-23,Invoice,Completed
10545,2010,2025-06-24,Invoice,Cancelled
10546,1794,2025-04-18,Invoice,Completed
10547,3397,2025-03-25,Invoice,Completed
10548,272,2024-01-21,Invoice,Completed
10549,3622,2023-02-17,PayPal,Completed
10550,2507,2025-08-19,PayPal,Completed
10551,808,2024-11-09,Invoice,Completed
10552,140,2024-04-12,Bank Transfer,Completed
10553,932,2023-07-04,Invoice,Completed
10554,3116,2023-04-29,PayPal,Completed
10555,4842,2024-05-31,Invoice,Returned
10556,3029,2025-08-16,Invoice,Completed
10557,4090,2025-11-16,Invoice,Completed
10558,3865,2025-11-04,Credit Card,Completed
10559,4721,2025-11-17,PayPal,Completed
10560,1162,2025-11-10,Invoice,Completed
10561,575,2024-12-05,Invoice,Completed
10562,4758,2023-12-21,Invoice,Completed
10563,1344,2025-08-10,PayPal,Completed
10564,237,2023-12-15,Credit Card,Cancelled
10565,1463,2024-02-24,Credit Card,Completed
10566,2655,2024-01-06,Bank Transfer,Completed
10567,2944,2024-11-26,PayPal,Completed
10568,2855,2024-04-29,Bank Transfer,Completed
10569,631,2023-10-01,Credit Card,Completed
10570,1167,2024-09-30,Bank Transfer,Completed
10571,2657,2025-10-16,Credit Card,Cancelled
10572,3618,2025-01-08,Credit Card,Completed
10573,4345,2025-10-20,Bank Transfer,Returned
10574,2974,2023-11-26,Credit Card,Completed
10575,2987,2023-10-23,PayPal,Completed
10576,1256,2025-01-14,PayPal,Returned
10577,987,2024-10-12,Credit Card,Completed
10578,1285,2025-04-09,Credit Card,Completed
10579,4354,2025-08-07,PayPal,Completed
10580,4309,2025-06-29,Bank Transfer,Completed
10581,4541,2025-11-29,Bank Transfer,Completed
10582,2441,2024-07-28,Credit Card,Completed
10583,77,2023-12-07,Invoice,Completed
10584,3891,2024-12-22,Invoice,Completed
10585,4475,2023-07-19,Bank Transfer,Completed
10586,1135,2024-03-22,Credit Card,Completed
10587,1208,2023-12-08,PayPal,Completed
10588,1696,2024-07-26,Invoice,Cancelled
10589,3244,2023-07-20,PayPal,Completed
10590,1739,2023-03-07,Credit Card,Completed
10591,2666,2025-04-06,Credit Card,Cancelled
10592,4584,2025-02-22,Invoice,Completed
10593,2153,2025-05-22,Invoice,Completed
10594,4996,2025-04-09,Bank Transfer,Completed
10595,4955,2023-07-25,PayPal,Completed
10596,1604,2024-03-24,Bank Transfer,Completed
10597,1479,2023-08-20,PayPal,Completed
10598,2537,2025-09-19,Bank Transfer,Cancelled
10599,2315,2025-06-25,Credit Card,Completed
10600,2300,2023-12-02,Bank Transfer,Returned
10601,2460,2024-05-22,Bank Transfer,Completed
10602,4474,2025-12-13,Bank Transfer,Completed
10603,3842,2025-02-04,PayPal,Completed
10604,1224,2025-08-13,Invoice,Completed
10605,843,2024-02-20,Invoice,Completed
10606,160,2023-12-11,Credit Card,Completed
10607,2894,2025-07-28,Invoice,Completed
10608,2215,2025-05-02,Credit Card,Completed
10609,3971,2025-04-27,Invoice,Completed
10610,255,2024-12-24,Bank Transfer,Completed
10611,3431,2025-01-01,Invoice,Returned
10612,4325,2025-06-15,Credit Card,Completed
10613,4652,2024-02-28,Bank Transfer,Completed
10614,4485,2024-06-04,Invoice,Completed
10615,1554,2025-10-14,PayPal,Completed
10616,1166,2024-04-14,Invoice,Returned
10617,2018,2024-12-19,Bank Transfer,Completed
10618,1097,2025-05-17,Invoice,Completed
10619,76,2025-12-31,PayPal,Completed
10620,1026,2024-09-09,Bank Transfer,Returned
10621,3985,2024-09-01,Credit Card,Completed
10622,4222,2025-09-19,Bank Transfer,Completed
10623,3945,2025-08-16,PayPal,Completed
10624,701,2025-06-11,PayPal,Completed
10625,2190,2024-10-12,Credit Card,Completed
10626,3017,2024-05-02,PayPal,Completed
10627,3854,2025-02-20,Bank Transfer,Completed
10628,4133,2025-10-19,Invoice,Completed
10629,2376,2025-10-25,Bank Transfer,Completed
10630,3424,2023-07-15,Invoice,Completed
10631,1170,2024-09-01,Credit Card,Completed
10632,1702,2024-10-13,PayPal,Completed
10633,4676,2025-12-19,Invoice,Returned
10634,3705,2025-04-25,Invoice,Completed
10635,3380,2024-08-07,PayPal,Completed
10636,4477,2023-02-25,PayPal,Completed
10637,4692,2025-01-03,PayPal,Completed
10638,605,2023-06-24,Bank Transfer,Completed
10639,3901,2025-09-11,PayPal,Completed
10640,4733,2025-06-30,Invoice,Cancelled
10641,3072,2024-10-09,Bank Transfer,Completed
10642,4567,2024-09-02,Invoice,Completed
10643,1773,2025-11-04,PayPal,Completed
10644,454,2024-03-21,Bank Transfer,Completed
10645,3071,2024-01-29,Credit Card,Cancelled
10646,4680,2025-11-28,Bank Transfer,Completed
10647,2477,2025-08-20,PayPal,Completed
10648,548,2025-08-30,Credit Card,Completed
10649,1530,2023-11-25,PayPal,Completed
10650,1930,2023-09-12,PayPal,Completed
10651,3512,2023-02-25,PayPal,Cancelled
10652,1879,2024-01-11,Invoice,Completed
10653,1649,2025-07-19,Bank Transfer,Completed
10654,4301,2024-01-16,Invoice,Returned
10655,3444,2025-06-09,Bank Transfer,Completed
10656,702,2024-02-02,Bank Transfer,Completed
10657,1224,2024-07-24,PayPal,Completed
10658,339,2025-12-22,Bank Transfer,Completed
10659,1785,2024-01-23,PayPal,Completed
10660,1783,2024-07-02,Bank Transfer,Completed
10661,3071,2024-04-05,Bank Transfer,Completed
10662,1396,2023-07-17,PayPal,Cancelled
10663,2672,2024-11-08,PayPal,Completed
10664,3509,2024-07-05,Invoice,Completed
10665,274,2025-05-10,PayPal,Completed
10666,4866,2025-08-27,PayPal,Completed
10667,3582,2024-12-17,PayPal,Completed
10668,4524,2023-03-08,Credit Card,Returned
10669,1435,2025-03-03,PayPal,Completed
10670,1078,2023-04-16,Invoice,Completed
10671,5000,2025-02-28,Credit Card,Completed
10672,1936,2025-05-01,Invoice,Completed
10673,773,2023-11-28,Credit Card,Cancelled
10674,1917,2025-08-29,Bank Transfer,Completed
10675,4160,2025-11-12,PayPal,Completed
10676,3957,2025-08-23,Bank Transfer,Completed
10677,4106,2024-04-10,Credit Card,Completed
10678,1834,2025-01-26,Invoice,Completed
10679,793,2025-11-14,Bank Transfer,Completed
10680,1573,2024-04-28,PayPal,Completed
10681,3163,2025-08-29,PayPal,Completed
10682,1988,2023-01-21,Invoice,Completed
10683,2695,2023-01-08,Credit Card,Completed
10684,2703,2025-07-07,Credit Card,Completed
10685,1395,2025-07-08,Credit Card,Completed
10686,515,2025-08-02,PayPal,Cancelled
10687,4697,2025-11-22,Credit Card,Cancelled
10688,3324,2023-07-31,Invoice,Completed
10689,4164,2024-01-04,Invoice,Completed
10690,108,2025-11-08,Invoice,Completed
10691,738,2023-11-06,Credit Card,Completed
10692,4978,2025-04-28,Credit Card,Returned
10693,2960,2024-12-07,Bank Transfer,Completed
10694,3609,2023-06-02,Bank Transfer,Completed
10695,1735,2024-03-17,PayPal,Completed
10696,4961,2024-11-30,Bank Transfer,Completed
10697,341,2025-09-27,Invoice,Completed
10698,1676,2025-05-21,PayPal,Completed
10699,1853,2025-03-05,PayPal,Completed
10700,1736,2024-11-12,Bank Transfer,Completed
10701,4070,2024-04-02,PayPal,Cancelled
10702,3540,2023-08-03,Bank Transfer,Completed
10703,4763,2024-08-09,Credit Card,Completed
10704,4634,2023-03-02,Bank Transfer,Completed
10705,4826,2023-12-12,Invoice,Completed
10706,861,2024-09-06,Bank Transfer,Completed
10707,4833,2024-08-21,Credit Card,Completed
10708,2536,2023-03-28,Credit Card,Completed
10709,1398,2025-01-29,Bank Transfer,Completed
10710,3289,2024-12-21,Bank Transfer,Completed
10711,4013,2023-05-25,PayPal,Completed
10712,1036,2025-11-30,Invoice,Completed
10713,3533,2023-06-30,PayPal,Completed
10714,3433,2025-09-29,Bank Transfer,Returned
10715,4250,2023-01-01,Invoice,Returned
10716,69,2025-10-24,Bank Transfer,Completed
10717,4958,2023-02-11,Invoice,Completed
10718,2213,2025-07-05,PayPal,Completed
10719,2175,2024-06-15,PayPal,Returned
10720,2278,2025-06-17,Credit Card,Completed
10721,1511,2024-08-01,PayPal,Completed
10722,3877,2023-05-13,Bank Transfer,Completed
10723,2930,2025-07-13,PayPal,Completed
10724,1399,2023-05-13,PayPal,Completed
10725,4718,2025-11-18,Invoice,Returned
10726,1051,2023-04-09,Bank Transfer,Completed
10727,2108,2024-10-31,PayPal,Completed
10728,4844,2025-06-04,Invoice,Completed
10729,3070,2024-07-22,PayPal,Completed
10730,1797,2023-12-18,Bank Transfer,Completed
10731,4945,2025-07-06,Credit Card,Completed
10732,3924,2025-07-28,Invoice,Completed
10733,1923,2025-11-18,Bank Transfer,Completed
10734,907,2024-07-02,PayPal,Completed
10735,2892,2024-11-20,Invoice,Completed
10736,2068,2024-06-17,PayPal,Completed
10737,4183,2024-02-10,Bank Transfer,Returned
10738,2538,2025-06-29,Invoice,Completed
10739,3514,2024-05-20,PayPal,Completed
10740,2014,2024-09-01,Credit Card,Completed
10741,2708,2024-08-03,PayPal,Completed
10742,427,2025-05-25,Credit Card,Returned
10743,2109,2025-11-16,Credit Card,Cancelled
10744,242,2025-04-14,Credit Card,Completed
10745,1637,2024-10-22,PayPal,Returned
10746,3238,2025-07-24,PayPal,Completed
10747,3223,2025-03-22,PayPal,Completed
10748,1570,2023-04-25,PayPal,Completed
10749,1400,2023-06-24,Bank Transfer,Completed
10750,3850,2023-03-18,Invoice,Completed
10751,441,2024-10-04,Credit Card,Completed
10752,4640,2025-09-04,Credit Card,Completed
10753,3751,2024-04-19,Credit Card,Completed
10754,1155,2024-07-11,Bank Transfer,Completed
10755,4840,2025-11-11,Credit Card,Completed
10756,4089,2025-09-13,PayPal,Completed
10757,3085,2025-04-13,PayPal,Completed
10758,2719,2024-02-24,Invoice,Completed
10759,535,2023-07-30,Bank Transfer,Completed
10760,2237,2023-02-04,PayPal,Completed
10761,2817,2023-07-13,PayPal,Completed
10762,754,2024-03-26,Invoice,Completed
10763,4940,2024-12-23,Credit Card,Completed
10764,3036,2023-05-01,Bank Transfer,Completed
10765,1846,2023-08-31,Invoice,Completed
10766,1158,2023-11-10,Invoice,Completed
10767,2508,2025-03-14,PayPal,Completed
10768,1949,2025-02-28,Invoice,Completed
10769,3338,2024-12-22,Invoice,Returned
10770,3899,2024-01-31,Credit Card,Completed
10771,1358,2024-06-26,Bank Transfer,Completed
10772,2270,2023-06-25,Credit Card,Completed
10773,3021,2023-12-28,PayPal,Completed
10774,3922,2025-11-04,Credit Card,Completed
10775,4468,2025-12-20,Invoice,Completed
10776,1093,2025-03-28,Credit Card,Completed
10777,1434,2025-11-15,Credit Card,Completed
10778,2290,2025-03-24,Credit Card,Returned
10779,898,2023-03-10,Credit Card,Completed
10780,4999,2025-12-30,Credit Card,Completed
10781,3508,2023-06-29,Bank Transfer,Returned
10782,3139,2025-04-29,Invoice,Completed
10783,3578,2024-02-03,PayPal,Completed
10784,3097,2024-07-20,Bank Transfer,Returned
10785,3758,2025-03-27,Invoice,Completed
10786,1195,2024-09-10,Invoice,Completed
10787,4832,2024-01-31,Bank Transfer,Completed
10788,3469,2024-05-14,Invoice,Completed
10789,760,2024-05-22,PayPal,Completed
10790,281,2025-12-09,PayPal,Completed
10791,276,2025-08-10,Credit Card,Completed
10792,242,2024-10-06,Invoice,Completed
10793,4991,2023-11-30,Credit Card,Completed
10794,2093,2025-08-21,Credit Card,Completed
10795,2548,2023-10-06,Invoice,Completed
10796,3161,2023-12-11,Invoice,Completed
10797,1168,2024-06-20,Bank Transfer,Completed
10798,1104,2025-10-22,Invoice,Completed
10799,4763,2023-08-24,Bank Transfer,Completed
10800,4010,2023-08-08,Bank Transfer,Completed
10801,1706,2024-11-11,PayPal,Completed
10802,3437,2024-03-07,PayPal,Completed
10803,2640,2025-01-06,PayPal,Completed
10804,3153,2024-09-28,Credit Card,Completed
10805,1321,2024-09-09,PayPal,Completed
10806,2027,2023-07-21,Credit Card,Completed
10807,2791,2023-09-09,Invoice,Completed
10808,955,2025-08-30,PayPal,Completed
10809,3149,2025-10-27,PayPal,Completed
10810,24,2024-01-08,PayPal,Returned
10811,1100,2023-07-24,Bank Transfer,Completed
10812,2548,2023-04-13,Bank Transfer,Completed
10813,2926,2025-02-19,Bank Transfer,Returned
10814,3633,2025-05-28,Credit Card,Completed
10815,4081,2024-06-28,PayPal,Returned
10816,1833,2025-04-26,Bank Transfer,Completed
10817,4108,2025-05-26,PayPal,Completed
10818,4621,2025-11-25,Invoice,Completed
10819,380,2023-05-02,PayPal,Completed
10820,4479,2023-11-22,Bank Transfer,Completed
10821,2125,2023-05-09,Bank Transfer,Completed
10822,3290,2025-10-11,Credit Card,Cancelled
10823,4864,2025-08-05,Bank Transfer,Completed
10824,1083,2025-01-13,PayPal,Completed
10825,4379,2023-06-03,PayPal,Returned
10826,1118,2024-03-04,Invoice,Cancelled
10827,199,2024-04-01,Bank Transfer,Completed
10828,751,2024-12-29,Credit Card,Completed
10829,213,2024-02-11,Bank Transfer,Completed
10830,4788,2023-05-16,Bank Transfer,Completed
10831,1937,2025-06-11,Credit Card,Completed
10832,1475,2024-04-03,Invoice,Completed
10833,2562,2024-09-29,Bank Transfer,Completed
10834,1379,2023-08-17,PayPal,Completed
10835,1729,2025-08-14,Invoice,Completed
10836,1117,2025-01-03,Bank Transfer,Completed
10837,2253,2025-11-07,Bank Transfer,Returned
10838,3624,2024-11-12,Credit Card,Completed
10839,218,2025-11-29,PayPal,Completed
10840,2842,2025-11-01,Invoice,Completed
10841,2937,2025-01-15,Credit Card,Completed
10842,4963,2025-11-25,Bank Transfer,Completed
10843,3509,2024-05-01,PayPal,Completed
10844,711,2024-06-20,Invoice,Completed
10845,4084,2023-03-30,Credit Card,Completed
10846,1923,2025-01-29,Credit Card,Completed
10847,4470,2025-06-03,Bank Transfer,Returned
10848,1161,2025-07-19,Credit Card,Completed
10849,2831,2023-09-24,Bank Transfer,Completed
10850,1339,2024-09-19,PayPal,Completed
10851,1493,2023-11-05,Credit Card,Completed
10852,2829,2025-04-10,Invoice,Completed
10853,1724,2023-10-07,PayPal,Completed
10854,4574,2025-11-08,Credit Card,Completed
10855,3029,2024-01-02,Credit Card,Completed
10856,4685,2024-03-25,PayPal,Completed
10857,4122,2025-09-26,Bank Transfer,Completed
10858,2170,2024-10-06,Bank Transfer,Completed
10859,2855,2023-02-20,PayPal,Completed
10860,1587,2024-11-11,Bank Transfer,Completed
10861,4589,2023-06-05,Credit Card,Completed
10862,3343,2025-12-23,PayPal,Completed
10863,4415,2025-01-28,Bank Transfer,Returned
10864,3744,2024-02-09,Invoice,Completed
10865,417,2025-01-01,Bank Transfer,Completed
10866,759,2023-05-23,PayPal,Completed
10867,2046,2025-08-11,PayPal,Completed
10868,2084,2025-11-20,Credit Card,Completed
10869,3893,2025-10-17,Invoice,Completed
10870,4718,2024-05-23,Invoice,Completed
10871,3242,2024-05-04,PayPal,Cancelled
10872,1354,2023-03-13,Credit Card,Completed
10873,2107,2025-04-01,Bank Transfer,Returned
10874,1934,2024-12-11,Credit Card,Returned
10875,476,2024-10-07,Bank Transfer,Completed
10876,1219,2025-11-10,Bank Transfer,Completed
10877,4120,2023-10-24,Bank Transfer,Completed
10878,3559,2023-01-21,Credit Card,Completed
10879,371,2023-05-17,Invoice,Completed
10880,3051,2023-12-25,Credit Card,Cancelled
10881,3571,2023-03-10,PayPal,Completed
10882,3885,2024-11-17,PayPal,Completed
10883,716,2024-04-20,PayPal,Cancelled
10884,657,2023-11-09,Invoice,Completed
10885,2384,2025-06-28,Invoice,Completed
10886,2035,2023-12-05,PayPal,Completed
10887,2311,2025-05-03,Credit Card,Completed
10888,3257,2024-05-31,PayPal,Completed
10889,811,2024-11-24,Credit Card,Completed
10890,4883,2025-11-25,Bank Transfer,Completed
10891,2265,2023-03-17,Credit Card,Cancelled
10892,742,2024-11-15,Credit Card,Completed
10893,2984,2025-09-29,PayPal,Completed
10894,2419,2025-01-28,Credit Card,Completed
10895,2160,2024-03-08,Bank Transfer,Cancelled
10896,4070,2024-07-27,Invoice,Completed
10897,1944,2025-04-27,Credit Card,Completed
10898,4805,2025-11-01,PayPal,Completed
10899,3100,2023-03-23,Bank Transfer,Completed
10900,258,2023-05-14,Bank Transfer,Completed
10901,3193,2024-05-03,Credit Card,Completed
10902,125,2024-01-05,PayPal,Completed
10903,1142,2024-02-21,PayPal,Completed
10904,263,2023-12-23,Credit Card,Completed
10905,69,2023-11-26,Credit Card,Completed
10906,2086,2023-08-22,Bank Transfer,Completed
10907,2540,2025-11-25,Credit Card,Completed
10908,4831,2023-09-14,Invoice,Completed
10909,520,2023-12-05,Invoice,Completed
10910,230,2024-01-25,PayPal,Completed
10911,4576,2025-11-24,Invoice,Completed
10912,1063,2025-07-03,PayPal,Completed
10913,2453,2025-08-02,Bank Transfer,Completed
10914,2215,2023-07-09,Credit Card,Completed
10915,2960,2025-09-13,Credit Card,Completed
10916,3886,2024-08-08,PayPal,Completed
10917,1299,2024-02-18,Bank Transfer,Completed
10918,1636,2025-01-14,Invoice,Completed
10919,1529,2025-08-31,Bank Transfer,Cancelled
10920,3981,2025-07-23,Credit Card,Completed
10921,4653,2025-10-31,Invoice,Returned
10922,1895,2025-11-21,Bank Transfer,Completed
10923,1830,2024-01-13,Credit Card,Completed
10924,4494,2024-08-27,PayPal,Completed
10925,4610,2023-02-01,Bank Transfer,Cancelled
10926,1942,2025-10-21,PayPal,Completed
10927,3841,2023-10-02,PayPal,Completed
10928,4441,2025-10-05,Bank Transfer,Completed
10929,3300,2024-05-08,PayPal,Completed
10930,2008,2024-06-22,PayPal,Completed
10931,752,2023-03-20,Credit Card,Completed
10932,988,2024-05-05,Bank Transfer,Completed
10933,1657,2025-10-29,Bank Transfer,Completed
10934,4492,2023-02-24,Invoice,Returned
10935,1401,2024-08-06,Credit Card,Completed
10936,1964,2023-03-07,Bank Transfer,Completed
10937,4043,2024-06-26,PayPal,Completed
10938,1551,2023-11-01,Bank Transfer,Returned
10939,3076,2024-02-02,Bank Transfer,Completed
10940,2640,2025-10-20,Credit Card,Completed
10941,505,2024-09-10,PayPal,Completed
10942,2590,2024-03-04,PayPal,Completed
10943,4888,2025-01-29,Credit Card,Completed
10944,1352,2023-09-10,PayPal,Completed
10945,2922,2024-02-13,Bank Transfer,Completed
10946,1342,2024-12-19,Invoice,Completed
10947,2572,2024-01-12,PayPal,Completed
10948,4904,2025-04-26,Credit Card,Returned
10949,442,2024-11-09,Credit Card,Completed
10950,3868,2025-07-17,PayPal,Completed
10951,2314,2025-12-03,Bank Transfer,Returned
10952,2423,2023-07-28,Bank Transfer,Completed
10953,3712,2024-05-14,PayPal,Completed
10954,2552,2024-04-27,Invoice,Completed
10955,3794,2023-09-26,Bank Transfer,Completed
10956,2993,2025-08-21,Invoice,Cancelled
10957,2894,2025-07-07,Invoice,Completed
10958,532,2024-11-04,Bank Transfer,Completed
10959,927,2024-12-13,Invoice,Completed
10960,2342,2023-04-23,PayPal,Completed
10961,839,2024-12-26,Bank Transfer,Completed
10962,366,2025-08-04,PayPal,Completed
10963,555,2025-01-12,PayPal,Completed
10964,661,2024-02-22,PayPal,Completed
10965,2301,2025-04-15,Bank Transfer,Completed
10966,1450,2024-06-15,Bank Transfer,Completed
10967,2407,2024-12-18,PayPal,Completed
10968,2527,2024-11-06,Bank Transfer,Completed
10969,2245,2024-07-08,PayPal,Completed
10970,1287,2025-05-31,Invoice,Completed
10971,4875,2025-10-25,Invoice,Completed
10972,4894,2023-01-12,Invoice,Cancelled
10973,2038,2025-11-24,Credit Card,Completed
10974,2187,2024-11-23,Credit Card,Completed
10975,49,2025-05-15,Credit Card,Returned
10976,3018,2025-09-30,Invoice,Completed
10977,4296,2024-10-16,PayPal,Completed
10978,4742,2025-09-12,Credit Card,Completed
10979,1427,2023-11-06,PayPal,Completed
10980,3180,2023-10-09,Bank Transfer,Returned
10981,2045,2025-04-06,Bank Transfer,Cancelled
10982,3372,2025-10-13,Invoice,Completed
10983,2078,2025-11-01,Credit Card,Completed
10984,2192,2025-03-25,PayPal,Completed
10985,3418,2024-12-04,PayPal,Completed
10986,2756,2024-05-10,Bank Transfer,Completed
10987,395,2025-12-20,Credit Card,Completed
10988,4872,2024-04-27,PayPal,Completed
10989,832,2025-06-23,Invoice,Completed
10990,910,2024-12-08,Bank Transfer,Completed
10991,741,2025-02-20,Credit Card,Completed
10992,1372,2024-07-22,Credit Card,Completed
10993,4261,2025-12-12,Invoice,Completed
10994,3648,2025-01-10,Bank Transfer,Returned
10995,4990,2025-11-27,Bank Transfer,Completed
10996,1791,2023-01-17,Bank Transfer,Completed
10997,248,2025-01-11,Bank Transfer,Completed
10998,764,2025-05-30,Invoice,Returned
10999,3003,2025-06-23,PayPal,Completed
11000,1468,2025-11-08,Credit Card,Completed
11001,1718,2023-01-10,Credit Card,Cancelled
11002,1161,2023-01-01,Invoice,Completed
11003,119,2024-10-22,Invoice,Completed
11004,2357,2023-03-03,Bank Transfer,Completed
11005,4315,2025-12-17,PayPal,Returned
11006,3737,2023-12-23,Credit Card,Completed
11007,2089,2024-10-23,Credit Card,Completed
11008,2110,2023-04-26,PayPal,Completed
11009,4534,2024-12-01,Invoice,Cancelled
11010,4739,2024-07-06,Bank Transfer,Completed
11011,782,2023-03-29,Credit Card,Completed
11012,3123,2024-05-15,Invoice,Completed
11013,1531,2024-07-20,Credit Card,Completed
11014,1632,2025-12-26,Invoice,Completed
11015,4205,2023-12-08,Bank Transfer,Completed
11016,3785,2024-12-18,Bank Transfer,Completed
11017,3289,2025-12-24,Credit Card,Completed
11018,4665,2025-08-04,Invoice,Completed
11019,4607,2025-12-28,Bank Transfer,Completed
11020,3947,2025-12-14,Credit Card,Completed
11021,550,2024-11-07,PayPal,Completed
11022,1516,2025-05-11,PayPal,Completed
11023,1918,2023-07-19,Bank Transfer,Completed
11024,3332,2024-09-16,Credit Card,Completed
11025,1510,2025-08-20,Credit Card,Completed
11026,2623,2024-11-19,Bank Transfer,Completed
11027,864,2025-05-17,Bank Transfer,Returned
11028,3667,2025-06-24,Credit Card,Completed
11029,4729,2024-02-04,Credit Card,Completed
11030,3166,2025-10-18,Credit Card,Completed
11031,3020,2024-10-08,PayPal,Completed
11032,1709,2023-12-11,Bank Transfer,Completed
11033,1781,2025-10-09,Invoice,Completed
11034,4280,2024-08-20,Invoice,Completed
11035,1023,2025-06-28,PayPal,Returned
11036,1349,2024-12-20,Invoice,Completed
11037,3120,2024-07-09,PayPal,Completed
11038,1777,2025-08-20,Credit Card,Completed
11039,2893,2025-01-24,PayPal,Completed
11040,3307,2024-07-19,Invoice,Completed
11041,3882,2023-07-17,Invoice,Completed
11042,3428,2025-11-03,PayPal,Cancelled
11043,3514,2023-03-13,PayPal,Completed
11044,4734,2025-10-07,Bank Transfer,Returned
11045,4209,2024-06-13,PayPal,Completed
11046,1131,2025-03-21,Bank Transfer,Completed
11047,2506,2025-11-18,PayPal,Completed
11048,2178,2023-09-27,Bank Transfer,Completed
11049,3313,2025-01-04,Invoice,Completed
11050,1824,2025-07-11,Bank Transfer,Completed
11051,2927,2025-07-05,PayPal,Completed
11052,303,2024-12-04,Bank Transfer,Completed
11053,4285,2025-03-08,Bank Transfer,Returned
11054,2958,2025-07-05,PayPal,Returned
11055,1543,2025-09-17,Credit Card,Completed
11056,3885,2025-07-08,Invoice,Completed
11057,440,2024-06-06,PayPal,Completed
11058,2534,2025-12-30,PayPal,Completed
11059,3763,2024-09-08,Credit Card,Completed
11060,3566,2023-02-21,Bank Transfer,Completed
11061,3610,2024-06-16,Credit Card,Completed
11062,779,2023-08-17,PayPal,Completed
11063,462,2023-08-06,PayPal,Completed
11064,4337,2024-03-13,Credit Card,Completed
11065,1967,2023-04-13,PayPal,Completed
11066,1237,2025-05-04,Credit Card,Completed
11067,1608,2023-05-18,Bank Transfer,Returned
11068,1038,2023-12-03,Bank Transfer,Completed
11069,969,2023-06-19,Invoice,Completed
11070,3571,2023-04-29,Credit Card,Completed
11071,228,2024-02-25,Credit Card,Completed
11072,776,2025-01-10,Credit Card,Completed
11073,3088,2025-12-12,Bank Transfer,Completed
11074,3794,2025-10-18,Bank Transfer,Completed
11075,4023,2025-10-18,Invoice,Completed
11076,4495,2023-11-05,Invoice,Completed
11077,370,2024-02-21,PayPal,Completed
11078,3169,2023-05-22,PayPal,Completed
11079,3941,2025-07-23,Credit Card,Cancelled
11080,4909,2023-05-11,Invoice,Completed
11081,2668,2024-12-27,Credit Card,Completed
11082,2902,2024-01-27,PayPal,Completed
11083,2711,2024-01-21,Invoice,Completed
11084,2544,2025-12-26,Invoice,Completed
11085,1415,2025-07-04,Bank Transfer,Completed
11086,1344,2025-09-13,Bank Transfer,Completed
11087,4913,2025-01-10,PayPal,Completed
11088,1635,2025-10-14,Invoice,Completed
11089,1546,2025-03-27,Invoice,Completed
11090,1776,2025-12-01,Credit Card,Completed
11091,3847,2024-03-13,Bank Transfer,Completed
11092,1087,2025-02-05,Credit Card,Completed
11093,3876,2025-05-05,Credit Card,Completed
11094,3904,2024-07-21,Credit Card,Completed
11095,1336,2025-10-22,Bank Transfer,Cancelled
11096,356,2025-12-20,Invoice,Completed
11097,3983,2024-11-10,Bank Transfer,Completed
11098,2846,2024-07-19,PayPal,Completed
11099,4666,2024-10-22,Credit Card,Completed
11100,184,2025-09-28,Invoice,Completed
11101,616,2025-03-26,Bank Transfer,Completed
11102,3203,2023-03-29,Credit Card,Completed
11103,2561,2024-12-16,PayPal,Completed
11104,2213,2023-02-06,Credit Card,Completed
11105,2237,2025-07-23,PayPal,Returned
11106,2447,2024-05-07,Invoice,Returned
11107,4805,2024-10-22,Invoice,Completed
11108,3897,2025-08-10,Invoice,Completed
11109,2569,2023-04-01,Invoice,Completed
11110,394,2023-10-08,Bank Transfer,Completed
11111,737,2024-07-27,Invoice,Completed
11112,1641,2024-01-01,Invoice,Completed
11113,2422,2024-05-18,Bank Transfer,Returned
11114,2888,2025-12-30,Credit Card,Returned
11115,1974,2025-09-03,Credit Card,Completed
11116,964,2025-10-25,Invoice,Completed
11117,3851,2025-11-26,PayPal,Cancelled
11118,1159,2024-05-22,Credit Card,Completed
11119,2951,2024-03-31,Invoice,Completed
11120,4538,2024-01-07,Invoice,Completed
11121,1012,2025-09-07,Bank Transfer,Completed
11122,4255,2025-04-26,Invoice,Completed
11123,3148,2024-01-10,PayPal,Completed
11124,2592,2024-07-03,Credit Card,Completed
11125,4449,2024-11-20,Bank Transfer,Completed
11126,4033,2024-12-06,Credit Card,Completed
11127,976,2025-10-30,Bank Transfer,Returned
11128,4463,2024-07-07,PayPal,Completed
11129,2488,2025-11-10,Bank Transfer,Completed
11130,4982,2024-09-16,Invoice,Completed
11131,863,2025-06-25,Invoice,Completed
11132,2673,2025-11-23,Credit Card,Completed
11133,1362,2025-11-10,Bank Transfer,Completed
11134,626,2023-04-19,Bank Transfer,Cancelled
11135,3898,2023-12-06,Credit Card,Completed
11136,944,2024-10-28,Credit Card,Completed
11137,3811,2024-09-05,PayPal,Completed
11138,1838,2025-03-22,Invoice,Completed
11139,2913,2025-12-01,Bank Transfer,Completed
11140,3349,2023-07-22,PayPal,Completed
11141,3245,2024-09-28,PayPal,Completed
11142,1667,2023-11-22,PayPal,Completed
11143,4367,2025-11-02,Invoice,Completed
11144,2133,2025-12-12,Bank Transfer,Completed
11145,2628,2024-10-30,Invoice,Completed
11146,3609,2023-07-08,PayPal,Completed
11147,4185,2025-07-29,Bank Transfer,Completed
11148,3563,2025-05-12,Bank Transfer,Completed
11149,4201,2024-06-07,PayPal,Returned
11150,3205,2025-10-29,Credit Card,Completed
11151,63,2025-12-18,Invoice,Completed
11152,475,2024-12-27,PayPal,Completed
11153,369,2025-01-03,Invoice,Completed
11154,3562,2024-04-01,Credit Card,Completed
11155,299,2025-01-24,Bank Transfer,Completed
11156,2973,2024-09-14,Credit Card,Completed
11157,4256,2024-04-06,PayPal,Completed
11158,1003,2023-05-06,Invoice,Completed
11159,367,2024-02-03,PayPal,Completed
11160,1727,2023-11-28,Credit Card,Completed
11161,1009,2024-12-16,Bank Transfer,Completed
11162,1123,2025-02-12,Credit Card,Completed
11163,4936,2025-02-20,Bank Transfer,Completed
11164,3600,2024-07-16,PayPal,Completed
11165,1670,2024-08-24,Invoice,Cancelled
11166,2262,2025-09-11,Invoice,Completed
11167,4615,2024-10-27,Credit Card,Completed
11168,2974,2025-12-25,PayPal,Completed
11169,2121,2024-09-14,Invoice,Returned
11170,2063,2025-03-30,Invoice,Completed
11171,3835,2023-04-08,PayPal,Completed
11172,4510,2025-04-03,Credit Card,Completed
11173,109,2025-09-26,Invoice,Completed
11174,3923,2025-11-29,PayPal,Completed
11175,1540,2025-12-30,PayPal,Completed
11176,3785,2024-03-14,PayPal,Cancelled
11177,343,2025-01-14,PayPal,Completed
11178,633,2024-09-27,Invoice,Cancelled
11179,3975,2025-01-01,PayPal,Completed
11180,4262,2023-10-06,Bank Transfer,Completed
11181,4784,2025-10-01,Invoice,Completed
11182,3385,2025-11-11,Bank Transfer,Returned
11183,400,2024-09-26,Bank Transfer,Completed
11184,1545,2024-03-12,PayPal,Completed
11185,2886,2023-09-08,Invoice,Completed
11186,3671,2025-04-30,Credit Card,Returned
11187,3357,2024-04-18,Bank Transfer,Completed
11188,1856,2025-11-11,Bank Transfer,Completed
11189,1023,2025-04-18,PayPal,Completed
11190,1629,2025-03-27,Credit Card,Returned
11191,2122,2024-12-28,Invoice,Completed
11192,4497,2023-03-31,PayPal,Completed
11193,3068,2025-11-24,Credit Card,Completed
11194,3953,2025-03-11,Credit Card,Completed
11195,2580,2025-12-28,Invoice,Completed
11196,756,2024-12-12,PayPal,Completed
11197,1550,2025-05-23,Credit Card,Completed
11198,26,2023-04-18,PayPal,Completed
11199,1316,2025-03-14,Credit Card,Completed
11200,56,2025-07-11,Bank Transfer,Completed
11201,1094,2025-07-23,Bank Transfer,Completed
11202,3815,2025-07-16,Credit Card,Completed
11203,4189,2023-12-28,Credit Card,Completed
11204,3635,2025-12-18,Credit Card,Completed
11205,1287,2025-12-29,PayPal,Completed
11206,1183,2023-05-21,PayPal,Completed
11207,3978,2025-11-26,Invoice,Completed
11208,4566,2024-03-22,PayPal,Completed
11209,3458,2025-05-05,Credit Card,Completed
11210,4588,2024-05-18,Bank Transfer,Completed
11211,1398,2025-12-14,Bank Transfer,Completed
11212,3404,2023-07-04,Invoice,Completed
11213,4641,2024-11-13,Invoice,Completed
11214,3721,2024-09-01,Invoice,Completed
11215,870,2024-05-04,Credit Card,Completed
11216,1185,2025-03-27,PayPal,Completed
11217,1852,2023-08-23,Invoice,Completed
11218,3496,2025-05-29,Invoice,Completed
11219,1852,2025-12-21,Bank Transfer,Completed
11220,2000,2025-08-16,Credit Card,Completed
11221,2668,2025-10-04,Credit Card,Completed
11222,4124,2024-06-13,Credit Card,Returned
11223,1552,2024-05-03,Invoice,Completed
11224,1868,2024-11-28,PayPal,Completed
11225,520,2023-03-31,PayPal,Completed
11226,4246,2025-12-01,Bank Transfer,Completed
11227,3459,2023-09-13,PayPal,Completed
11228,3871,2025-11-07,Credit Card,Completed
11229,90,2023-06-03,Invoice,Completed
11230,4358,2025-09-01,PayPal,Completed
11231,4750,2023-09-27,PayPal,Completed
11232,1577,2023-03-18,Invoice,Completed
11233,4559,2025-06-01,Bank Transfer,Cancelled
11234,2076,2024-03-12,Credit Card,Completed
11235,1463,2025-05-27,Invoice,Completed
11236,2569,2024-12-25,Invoice,Completed
11237,4428,2023-07-16,Credit Card,Completed
11238,459,2025-11-24,Bank Transfer,Returned
11239,3824,2024-09-29,PayPal,Returned
11240,4306,2025-06-14,Credit Card,Completed
11241,2956,2024-11-16,Invoice,Completed
11242,2804,2025-02-15,Invoice,Completed
11243,2592,2024-04-07,Bank Transfer,Completed
11244,1039,2023-11-30,Invoice,Completed
11245,2113,2024-12-16,Invoice,Completed
11246,3377,2024-09-15,Invoice,Completed
11247,2699,2024-07-18,PayPal,Completed
11248,4772,2025-04-20,Bank Transfer,Completed
11249,2583,2025-05-06,Bank Transfer,Completed
11250,4376,2023-03-31,PayPal,Completed
11251,564,2024-05-19,Bank Transfer,Completed
11252,1027,2024-08-13,Credit Card,Completed
11253,1672,2023-06-26,Credit Card,Completed
11254,4432,2024-01-10,Invoice,Cancelled
11255,3058,2023-04-10,PayPal,Completed
11256,843,2025-12-29,PayPal,Completed
11257,3214,2025-06-16,Credit Card,Completed
11258,313,2023-06-10,Credit Card,Completed
11259,2450,2023-02-12,Invoice,Completed
11260,905,2025-05-31,Invoice,Cancelled
11261,2093,2024-09-14,PayPal,Completed
11262,1736,2025-07-31,Credit Card,Completed
11263,4843,2025-11-19,Bank Transfer,Completed
11264,4028,2025-02-09,PayPal,Completed
11265,316,2023-11-16,Bank Transfer,Completed
11266,3878,2025-07-27,Credit Card,Completed
11267,2039,2025-12-07,Bank Transfer,Completed
11268,4600,2025-01-19,Bank Transfer,Completed
11269,1051,2025-04-28,Credit Card,Completed
11270,3502,2024-05-18,Credit Card,Completed
11271,4645,2024-07-08,Invoice,Completed
11272,1174,2025-06-14,Invoice,Returned
11273,1611,2025-11-21,Bank Transfer,Completed
11274,3386,2025-03-12,Credit Card,Completed
11275,1634,2025-08-02,Bank Transfer,Completed
11276,1379,2023-10-31,Invoice,Completed
11277,1407,2023-12-13,PayPal,Completed
11278,1555,2024-12-08,PayPal,Returned
11279,4692,2023-11-05,PayPal,Completed
11280,4848,2025-03-17,Invoice,Completed
11281,2987,2024-03-25,Credit Card,Cancelled
11282,2008,2025-08-04,PayPal,Completed
11283,1611,2025-08-19,PayPal,Completed
11284,2209,2024-10-12,Bank Transfer,Completed
11285,2945,2023-11-10,Bank Transfer,Completed
11286,2370,2025-03-28,Bank Transfer,Completed
11287,3685,2025-12-27,Bank Transfer,Completed
11288,1720,2025-03-06,Credit Card,Completed
11289,1759,2023-03-14,Credit Card,Cancelled
11290,138,2023-02-06,PayPal,Completed
11291,3327,2024-04-28,PayPal,Completed
11292,959,2023-11-26,Credit Card,Completed
11293,4287,2025-08-23,Credit Card,Completed
11294,3422,2025-09-21,PayPal,Completed
11295,4053,2024-02-12,Credit Card,Completed
11296,724,2024-05-04,Credit Card,Completed
11297,1281,2024-01-10,Credit Card,Cancelled
11298,2207,2025-11-10,PayPal,Completed
11299,3845,2024-11-17,Invoice,Completed
11300,2296,2025-04-05,PayPal,Completed
11301,3231,2024-08-17,Credit Card,Completed
11302,3392,2025-03-14,Credit Card,Returned
11303,2760,2024-07-13,PayPal,Completed
11304,2283,2024-05-20,Invoice,Completed
11305,3964,2025-03-17,Bank Transfer,Completed
11306,3959,2025-01-31,Bank Transfer,Completed
11307,860,2024-03-27,Invoice,Returned
11308,4304,2023-09-23,Invoice,Completed
11309,2553,2024-06-23,Bank Transfer,Completed
11310,2697,2024-08-17,Credit Card,Completed
11311,3837,2025-03-11,Invoice,Completed
11312,3256,2025-11-14,Credit Card,Completed
11313,1489,2023-03-15,Invoice,Completed
11314,3508,2024-01-21,Invoice,Completed
11315,2628,2023-11-23,Bank Transfer,Completed
11316,1944,2024-11-17,Bank Transfer,Completed
11317,3909,2024-09-03,Bank Transfer,Cancelled
11318,2583,2025-06-09,PayPal,Completed
11319,2556,2024-01-19,Credit Card,Completed
11320,2049,2025-02-04,Invoice,Completed
11321,363,2025-10-25,Invoice,Returned
11322,2478,2025-11-12,Bank Transfer,Completed
11323,2604,2025-12-08,Bank Transfer,Completed
11324,1066,2025-07-19,Credit Card,Completed
11325,809,2025-11-09,Bank Transfer,Completed
11326,4395,2024-01-08,PayPal,Completed
11327,4619,2023-11-27,Invoice,Completed
11328,2270,2023-01-14,Bank Transfer,Completed
11329,4827,2025-05-20,PayPal,Completed
11330,4694,2025-11-27,Bank Transfer,Completed
11331,2580,2023-11-16,Invoice,Completed
11332,734,2025-03-19,Invoice,Completed
11333,2493,2025-06-25,Credit Card,Returned
11334,3181,2025-11-21,Credit Card,Returned
11335,3904,2025-03-28,PayPal,Returned
11336,2930,2025-12-15,Invoice,Completed
11337,3341,2024-05-26,PayPal,Completed
11338,1084,2024-06-01,PayPal,Cancelled
11339,915,2024-12-17,PayPal,Completed
11340,659,2024-07-10,Credit Card,Completed
11341,1049,2023-01-04,Credit Card,Completed
11342,646,2025-06-12,Bank Transfer,Completed
11343,3984,2025-06-29,PayPal,Completed
11344,1194,2025-06-25,Credit Card,Completed
11345,770,2024-05-26,Credit Card,Completed
11346,2543,2024-12-01,Invoice,Completed
11347,66,2024-06-13,PayPal,Completed
11348,4604,2023-02-04,Invoice,Completed
11349,4763,2024-12-31,Bank Transfer,Completed
11350,1761,2023-08-10,Invoice,Completed
11351,3514,2023-05-28,Credit Card,Completed
11352,4758,2025-07-03,Bank Transfer,Completed
11353,922,2023-01-21,Invoice,Completed
11354,3378,2025-12-09,PayPal,Returned
11355,2852,2024-11-26,PayPal,Returned
11356,4161,2025-12-22,Credit Card,Completed
11357,2611,2023-04-21,Invoice,Completed
11358,898,2025-01-23,Invoice,Completed
11359,1632,2024-05-31,Credit Card,Completed
11360,267,2025-09-19,Credit Card,Returned
11361,4150,2024-06-14,Bank Transfer,Completed
11362,1297,2024-02-14,PayPal,Completed
11363,1962,2025-10-02,Bank Transfer,Completed
11364,3607,2024-06-30,Credit Card,Returned
11365,4953,2023-02-05,PayPal,Returned
11366,3056,2024-07-18,Bank Transfer,Completed
11367,1186,2025-04-04,PayPal,Cancelled
11368,2988,2024-02-06,Invoice,Completed
11369,3039,2024-09-05,Credit Card,Cancelled
11370,4570,2023-04-19,Invoice,Completed
11371,1396,2025-01-28,Credit Card,Completed
11372,3372,2025-07-03,Credit Card,Completed
11373,3267,2024-08-14,PayPal,Returned
11374,1283,2024-08-22,Invoice,Completed
11375,4799,2023-06-11,PayPal,Completed
11376,4135,2023-12-02,Invoice,Completed
11377,3988,2023-10-02,PayPal,Completed
11378,2870,2024-11-02,PayPal,Completed
11379,1215,2024-12-06,Credit Card,Completed
11380,3177,2025-12-03,Invoice,Completed
11381,4641,2023-05-17,Invoice,Completed
11382,4445,2025-02-10,PayPal,Cancelled
11383,3302,2024-12-04,PayPal,Completed
11384,893,2024-11-27,PayPal,Cancelled
11385,591,2025-10-16,PayPal,Completed
11386,4642,2023-12-06,Credit Card,Completed
11387,3055,2023-03-22,Bank Transfer,Completed
11388,1773,2025-04-19,Credit Card,Cancelled
11389,3257,2024-05-27,Bank Transfer,Completed
11390,4548,2023-02-07,Credit Card,Completed
11391,3539,2024-02-01,Bank Transfer,Returned
11392,631,2024-04-15,Credit Card,Completed
11393,4617,2025-03-01,Invoice,Completed
11394,2035,2023-11-01,Invoice,Completed
11395,1839,2024-08-14,PayPal,Completed
11396,2458,2024-11-02,PayPal,Completed
11397,2468,2024-10-07,Bank Transfer,Completed
11398,2516,2025-12-17,PayPal,Completed
11399,316,2023-03-31,Invoice,Completed
11400,2448,2025-12-04,Bank Transfer,Completed
11401,3487,2025-01-21,Invoice,Completed
11402,4227,2025-08-08,PayPal,Completed
11403,3250,2024-09-03,Credit Card,Cancelled
11404,1043,2024-10-01,Bank Transfer,Cancelled
11405,1359,2025-10-21,Credit Card,Completed
11406,1836,2025-11-03,Invoice,Completed
11407,2812,2024-01-14,Invoice,Completed
11408,4631,2023-11-29,Credit Card,Returned
11409,4493,2024-11-12,PayPal,Completed
11410,186,2025-11-06,Bank Transfer,Cancelled
11411,3630,2024-04-30,PayPal,Completed
11412,1628,2025-04-01,Bank Transfer,Completed
11413,1706,2025-05-21,PayPal,Completed
11414,2242,2025-07-23,Credit Card,Completed
11415,693,2025-01-01,Bank Transfer,Completed
11416,2927,2024-08-02,Bank Transfer,Completed
11417,2878,2025-12-13,Invoice,Completed
11418,1198,2025-02-23,Credit Card,Completed
11419,2939,2025-06-09,Invoice,Completed
11420,4161,2024-05-26,PayPal,Completed
11421,546,2025-04-17,Credit Card,Completed
11422,4531,2024-02-11,PayPal,Completed
11423,482,2024-01-23,Credit Card,Returned
11424,1801,2025-05-27,Bank Transfer,Completed
11425,1030,2024-12-01,PayPal,Completed
11426,4341,2025-04-29,Credit Card,Completed
11427,4263,2024-02-28,PayPal,Returned
11428,2835,2025-02-09,Invoice,Completed
11429,562,2024-09-19,Bank Transfer,Completed
11430,1953,2025-02-07,Credit Card,Completed
11431,1241,2024-03-24,Credit Card,Returned
11432,4729,2025-05-28,Bank Transfer,Completed
11433,1194,2025-08-17,Bank Transfer,Returned
11434,433,2024-02-14,Bank Transfer,Completed
11435,2778,2024-04-04,PayPal,Completed
11436,3662,2025-04-09,Credit Card,Completed
11437,3421,2025-05-10,Bank Transfer,Completed
11438,1175,2025-05-18,PayPal,Completed
11439,2810,2025-04-29,Bank Transfer,Completed
11440,4044,2024-07-21,Invoice,Returned
11441,3620,2024-07-24,Credit Card,Completed
11442,2622,2024-02-06,Bank Transfer,Completed
11443,3771,2023-10-05,Invoice,Cancelled
11444,2276,2025-05-08,Credit Card,Completed
11445,2229,2023-06-19,Bank Transfer,Returned
11446,3089,2025-11-27,Invoice,Completed
11447,3528,2025-09-04,PayPal,Completed
11448,1425,2025-10-02,Credit Card,Completed
11449,3945,2025-11-09,Credit Card,Completed
11450,2526,2024-08-09,Invoice,Cancelled
11451,3197,2025-09-22,Credit Card,Completed
11452,3480,2023-10-07,Invoice,Completed
11453,360,2023-02-15,Invoice,Completed
11454,3520,2025-07-29,Bank Transfer,Completed
11455,4749,2023-05-19,Invoice,Completed
11456,4178,2025-12-25,Invoice,Returned
11457,3327,2025-04-22,PayPal,Completed
11458,769,2025-07-01,Invoice,Cancelled
11459,1225,2024-01-24,Bank Transfer,Completed
11460,336,2025-04-21,Credit Card,Cancelled
11461,3380,2023-03-27,Bank Transfer,Completed
11462,517,2025-09-14,Credit Card,Completed
11463,2241,2023-10-27,PayPal,Completed
11464,892,2025-05-12,PayPal,Completed
11465,4404,2023-12-26,Bank Transfer,Completed
11466,3075,2023-05-08,Credit Card,Completed
11467,2435,2024-11-02,Invoice,Completed
11468,1088,2023-10-27,Bank Transfer,Completed
11469,4038,2025-06-09,Credit Card,Returned
11470,1601,2024-01-12,Credit Card,Completed
11471,1302,2024-05-23,Credit Card,Completed
11472,1293,2025-01-05,Invoice,Completed
11473,2792,2024-03-17,Credit Card,Completed
11474,1296,2024-07-04,Credit Card,Completed
11475,2971,2025-08-25,Bank Transfer,Cancelled
11476,3433,2023-11-08,PayPal,Completed
11477,4552,2023-06-01,Bank Transfer,Completed
11478,1177,2024-05-07,Invoice,Completed
11479,4451,2024-08-27,Credit Card,Completed
11480,2114,2024-12-16,Invoice,Completed
11481,2599,2024-06-27,Credit Card,Returned
11482,4937,2025-08-02,PayPal,Completed
11483,4726,2023-03-20,Credit Card,Completed
11484,2076,2024-09-05,Bank Transfer,Completed
11485,739,2024-07-09,Bank Transfer,Completed
11486,250,2025-03-28,PayPal,Completed
11487,4661,2025-12-13,Credit Card,Completed
11488,800,2024-11-23,Credit Card,Completed
11489,4683,2025-12-24,PayPal,Completed
11490,2140,2024-04-06,Invoice,Completed
11491,4246,2023-03-06,Invoice,Completed
11492,4106,2023-10-20,PayPal,Completed
11493,2790,2024-07-24,Invoice,Completed
11494,616,2024-04-23,PayPal,Completed
11495,444,2023-06-26,Credit Card,Returned
11496,1060,2024-09-06,Bank Transfer,Completed
11497,2970,2024-05-18,Bank Transfer,Completed
11498,971,2023-08-08,PayPal,Completed
11499,3270,2024-03-30,PayPal,Completed
11500,704,2025-10-28,Invoice,Completed
11501,1693,2024-04-06,Bank Transfer,Completed
11502,168,2025-05-27,Bank Transfer,Completed
11503,2472,2025-02-24,Credit Card,Completed
11504,4009,2024-08-31,Bank Transfer,Completed
11505,1443,2024-01-14,PayPal,Completed
11506,3267,2024-06-23,Invoice,Completed
11507,2108,2025-02-01,Bank Transfer,Completed
11508,3834,2024-06-02,Invoice,Completed
11509,4455,2023-12-16,PayPal,Completed
11510,1420,2023-07-29,Invoice,Completed
11511,1601,2025-10-22,Bank Transfer,Completed
11512,4396,2024-09-15,Credit Card,Completed
11513,4797,2025-03-08,PayPal,Completed
11514,4896,2024-11-08,PayPal,Completed
11515,2779,2025-10-15,Bank Transfer,Cancelled
11516,117,2024-12-19,Invoice,Completed
11517,1106,2024-11-01,PayPal,Completed
11518,2321,2025-11-19,Credit Card,Completed
11519,2471,2025-06-01,Credit Card,Completed
11520,4518,2023-07-21,Bank Transfer,Completed
11521,326,2023-11-06,Bank Transfer,Completed
11522,1410,2025-07-31,Invoice,Completed
11523,4010,2025-09-13,PayPal,Completed
11524,1634,2024-12-18,Credit Card,Completed
11525,487,2024-12-25,PayPal,Completed
11526,4606,2025-03-14,PayPal,Completed
11527,177,2024-09-14,Invoice,Completed
11528,2513,2025-04-27,Bank Transfer,Cancelled
11529,3512,2023-07-15,Invoice,Completed
11530,4889,2025-12-10,Invoice,Cancelled
11531,787,2025-06-28,Bank Transfer,Completed
11532,2318,2025-03-14,Bank Transfer,Completed
11533,2142,2024-04-23,Invoice,Completed
11534,4274,2023-10-12,PayPal,Completed
11535,489,2024-08-10,PayPal,Completed
11536,353,2025-04-10,Bank Transfer,Completed
11537,3709,2025-03-16,Bank Transfer,Completed
11538,2856,2024-07-09,PayPal,Completed
11539,4376,2025-02-25,Bank Transfer,Completed
11540,2955,2025-08-24,Credit Card,Completed
11541,2264,2023-02-25,Bank Transfer,Completed
11542,1663,2024-09-27,Credit Card,Completed
11543,3527,2025-07-05,Invoice,Completed
11544,3320,2024-12-19,Credit Card,Completed
11545,4575,2025-04-01,Bank Transfer,Completed
11546,5000,2024-11-27,Credit Card,Completed
11547,1241,2025-12-27,PayPal,Completed
11548,944,2023-04-15,Bank Transfer,Completed
11549,1628,2024-11-08,Bank Transfer,Returned
11550,1278,2023-06-16,Invoice,Completed
11551,751,2023-10-10,Invoice,Completed
11552,3290,2024-07-10,PayPal,Completed
11553,3763,2023-10-03,Credit Card,Completed
11554,2514,2025-12-11,PayPal,Completed
11555,3577,2025-12-02,Bank Transfer,Completed
11556,4654,2024-05-16,Invoice,Completed
11557,1852,2025-03-21,Bank Transfer,Completed
11558,760,2024-12-10,Bank Transfer,Completed
11559,3935,2025-08-25,Bank Transfer,Cancelled
11560,3522,2025-03-10,PayPal,Completed
11561,1876,2023-01-01,Invoice,Completed
11562,3236,2025-07-10,PayPal,Returned
11563,4060,2025-06-25,Invoice,Completed
11564,4885,2024-11-22,Credit Card,Completed
11565,420,2025-11-07,PayPal,Completed
11566,4980,2025-11-10,Invoice,Completed
11567,2795,2024-12-03,Credit Card,Returned
11568,2986,2025-02-19,Credit Card,Completed
11569,2152,2025-12-30,Invoice,Completed
11570,4416,2024-04-02,Credit Card,Completed
11571,974,2024-05-03,PayPal,Completed
11572,2507,2023-11-12,Invoice,Completed
11573,3097,2025-11-03,PayPal,Completed
11574,4063,2025-06-23,Credit Card,Completed
11575,3013,2023-07-11,Invoice,Completed
11576,1730,2025-12-21,Invoice,Completed
11577,220,2025-06-11,PayPal,Completed
11578,3215,2025-09-26,Credit Card,Completed
11579,1289,2023-04-04,PayPal,Completed
11580,674,2024-11-19,Credit Card,Returned
11581,4141,2025-05-13,PayPal,Completed
11582,1668,2024-12-16,PayPal,Completed
11583,3406,2025-04-14,Invoice,Completed
11584,4556,2025-08-27,PayPal,Completed
11585,4486,2024-06-30,PayPal,Completed
11586,2101,2025-09-24,Bank Transfer,Completed
11587,1815,2023-10-16,Invoice,Returned
11588,4446,2024-03-01,Bank Transfer,Completed
11589,3869,2023-03-27,Invoice,Completed
11590,1729,2024-06-18,Credit Card,Completed
11591,667,2024-07-06,Invoice,Completed
11592,1550,2025-08-16,Credit Card,Completed
11593,3698,2025-04-02,Bank Transfer,Completed
11594,2503,2024-09-11,Invoice,Completed
11595,3826,2025-04-01,Bank Transfer,Completed
11596,2719,2023-04-12,Credit Card,Completed
11597,3989,2023-11-09,Bank Transfer,Completed
11598,150,2025-03-10,Credit Card,Returned
11599,3807,2025-03-23,Invoice,Completed
11600,3017,2025-07-19,Invoice,Completed
11601,4651,2024-08-02,Invoice,Completed
11602,4812,2025-06-03,Bank Transfer,Completed
11603,3717,2025-04-30,Bank Transfer,Cancelled
11604,867,2025-12-11,PayPal,Completed
11605,584,2023-12-16,Credit Card,Completed
11606,318,2024-12-23,Invoice,Completed
11607,4003,2025-02-12,Bank Transfer,Completed
11608,83,2025-12-31,Invoice,Completed
11609,385,2023-12-01,PayPal,Completed
11610,1517,2024-12-02,Credit Card,Completed
11611,753,2024-05-28,Credit Card,Completed
11612,1038,2024-12-04,Invoice,Completed
11613,866,2024-01-04,PayPal,Completed
11614,3750,2023-04-03,Bank Transfer,Completed
11615,3346,2025-01-11,Bank Transfer,Completed
11616,4147,2024-05-16,Bank Transfer,Completed
11617,3388,2023-11-11,PayPal,Completed
11618,2564,2024-05-02,PayPal,Completed
11619,2201,2023-04-06,PayPal,Returned
11620,4356,2025-12-04,Credit Card,Completed
11621,4313,2025-01-20,Credit Card,Completed
11622,4396,2025-08-25,Invoice,Completed
11623,3905,2024-08-26,Credit Card,Completed
11624,4725,2025-11-08,Invoice,Completed
11625,3657,2024-11-03,Credit Card,Completed
11626,4766,2025-01-12,Invoice,Completed
11627,2931,2024-11-09,Invoice,Completed
11628,4295,2025-06-13,Credit Card,Completed
11629,1797,2025-01-04,PayPal,Completed
11630,4013,2024-03-01,Credit Card,Completed
11631,415,2023-09-16,Credit Card,Completed
11632,108,2025-02-17,PayPal,Completed
11633,1786,2024-11-07,Invoice,Completed
11634,2381,2023-06-24,Bank Transfer,Returned
11635,852,2024-07-25,PayPal,Completed
11636,3737,2024-11-26,Invoice,Completed
11637,4865,2025-09-05,Invoice,Completed
11638,1053,2023-05-21,Credit Card,Completed
11639,3330,2024-05-30,Invoice,Completed
11640,4836,2025-09-01,Bank Transfer,Completed
11641,818,2025-03-29,Credit Card,Completed
11642,874,2024-03-23,Invoice,Completed
11643,569,2025-09-21,PayPal,Returned
11644,3373,2024-11-10,PayPal,Cancelled
11645,1342,2024-11-14,Invoice,Completed
11646,1054,2025-12-18,Invoice,Returned
11647,33,2025-12-02,Bank Transfer,Completed
11648,3529,2024-06-11,PayPal,Completed
11649,531,2023-09-08,PayPal,Completed
11650,221,2024-05-04,Invoice,Completed
11651,1748,2023-03-05,Bank Transfer,Completed
11652,1349,2023-02-14,PayPal,Completed
11653,4996,2024-07-25,Credit Card,Cancelled
11654,1674,2025-11-29,Bank Transfer,Completed
11655,1480,2025-10-14,PayPal,Completed
11656,326,2024-11-23,Bank Transfer,Completed
11657,2123,2025-01-02,PayPal,Returned
11658,2214,2023-01-13,Invoice,Completed
11659,3053,2023-12-16,Credit Card,Completed
11660,4127,2023-02-22,Credit Card,Completed
11661,1218,2025-07-02,Credit Card,Returned
11662,3063,2023-09-16,PayPal,Completed
11663,4193,2025-10-12,Invoice,Completed
11664,2428,2025-03-25,PayPal,Cancelled
11665,4956,2023-12-31,Bank Transfer,Completed
11666,451,2023-10-07,Credit Card,Completed
11667,2020,2025-03-11,Invoice,Completed
11668,991,2025-11-06,Credit Card,Completed
11669,2166,2025-05-31,PayPal,Completed
11670,3452,2024-05-31,Bank Transfer,Completed
11671,3625,2025-01-27,Invoice,Completed
11672,3002,2024-04-16,Bank Transfer,Completed
11673,4049,2025-12-31,PayPal,Completed
11674,489,2025-06-27,Invoice,Completed
11675,2466,2025-02-26,PayPal,Returned
11676,1719,2024-08-26,PayPal,Completed
11677,2498,2025-03-02,Invoice,Completed
11678,2900,2024-05-22,Invoice,Completed
11679,4686,2023-03-02,Credit Card,Cancelled
11680,1670,2024-07-24,PayPal,Returned
11681,4566,2025-11-23,PayPal,Completed
11682,4236,2025-03-09,PayPal,Completed
11683,67,2023-06-04,Credit Card,Returned
11684,898,2025-10-26,Bank Transfer,Completed
11685,2234,2024-02-27,Credit Card,Completed
11686,4853,2024-01-21,PayPal,Completed
11687,325,2024-03-31,Credit Card,Completed
11688,2721,2025-01-16,Credit Card,Completed
11689,3330,2024-12-18,Bank Transfer,Cancelled
11690,3956,2024-11-09,PayPal,Completed
11691,528,2025-05-30,Credit Card,Completed
11692,3973,2024-04-23,Invoice,Cancelled
11693,1244,2025-07-26,Invoice,Completed
11694,929,2023-11-04,PayPal,Completed
11695,3029,2025-07-27,Credit Card,Completed
11696,2532,2025-04-12,Credit Card,Completed
11697,3896,2025-04-29,PayPal,Completed
11698,3324,2024-11-02,Invoice,Completed
11699,838,2025-04-15,Invoice,Completed
11700,2400,2023-05-28,Invoice,Completed
11701,4846,2025-09-27,Bank Transfer,Completed
11702,2132,2023-04-17,Bank Transfer,Completed
11703,4126,2023-09-22,Credit Card,Returned
11704,1915,2025-01-15,Invoice,Completed
11705,4842,2025-06-18,Bank Transfer,Cancelled
11706,2885,2023-05-22,Invoice,Completed
11707,482,2025-11-17,Bank Transfer,Completed
11708,3161,2025-12-17,Bank Transfer,Completed
11709,4361,2025-02-17,Bank Transfer,Completed
11710,1990,2024-11-01,Invoice,Returned
11711,781,2025-06-20,Credit Card,Completed
11712,1737,2024-05-07,Invoice,Completed
11713,3406,2024-11-10,Invoice,Completed
11714,2827,2025-11-15,Invoice,Completed
11715,921,2025-12-07,Credit Card,Completed
11716,2426,2025-11-21,Credit Card,Completed
11717,56,2024-02-17,PayPal,Completed
11718,3717,2024-01-05,Credit Card,Completed
11719,1523,2024-04-01,PayPal,Completed
11720,816,2024-09-16,PayPal,Completed
11721,2520,2024-04-20,Credit Card,Completed
11722,2416,2024-06-30,PayPal,Completed
11723,2758,2025-03-04,Bank Transfer,Completed
11724,1817,2025-07-09,PayPal,Completed
11725,3383,2025-06-15,Bank Transfer,Completed
11726,2281,2025-08-24,PayPal,Completed
11727,3364,2023-03-08,PayPal,Returned
11728,1246,2023-04-03,Bank Transfer,Completed
11729,1955,2025-08-02,Credit Card,Completed
11730,1589,2024-12-09,PayPal,Completed
11731,1089,2025-01-17,Bank Transfer,Returned
11732,2111,2023-04-12,Bank Transfer,Completed
11733,1643,2024-02-07,Bank Transfer,Completed
11734,4672,2025-03-20,Invoice,Completed
11735,3224,2025-10-03,PayPal,Completed
11736,2643,2025-11-15,Bank Transfer,Completed
11737,2345,2024-11-15,Bank Transfer,Completed
11738,2720,2024-12-18,Invoice,Completed
11739,3803,2025-09-10,Bank Transfer,Completed
11740,4448,2024-12-13,Bank Transfer,Completed
11741,2661,2024-11-27,Bank Transfer,Completed
11742,1672,2025-11-09,Bank Transfer,Completed
11743,1674,2025-08-02,Credit Card,Completed
11744,2722,2025-11-11,Credit Card,Cancelled
11745,3781,2023-12-19,Bank Transfer,Completed
11746,2259,2024-12-03,Invoice,Completed
11747,531,2025-09-18,Bank Transfer,Returned
11748,2344,2023-07-20,Credit Card,Completed
11749,1473,2025-08-07,Invoice,Completed
11750,4490,2023-11-12,Credit Card,Completed
11751,3663,2025-08-19,Credit Card,Completed
11752,3958,2025-02-24,PayPal,Completed
11753,1314,2023-11-23,Bank Transfer,Completed
11754,4873,2024-10-24,Credit Card,Cancelled
11755,2005,2025-04-28,Bank Transfer,Completed
11756,184,2025-03-16,Credit Card,Completed
11757,3030,2024-08-31,Credit Card,Completed
11758,4919,2025-11-05,Credit Card,Completed
11759,274,2024-11-29,Bank Transfer,Cancelled
11760,4671,2024-11-19,Bank Transfer,Completed
11761,406,2023-04-28,Bank Transfer,Completed
11762,2608,2025-11-18,Bank Transfer,Completed
11763,4949,2023-11-06,Credit Card,Completed
11764,2519,2024-12-06,Invoice,Cancelled
11765,1332,2025-08-15,PayPal,Cancelled
11766,4546,2023-12-16,Invoice,Completed
11767,2906,2024-12-05,Invoice,Cancelled
11768,2925,2024-01-17,Invoice,Completed
11769,605,2025-07-06,Bank Transfer,Completed
11770,1270,2025-01-01,PayPal,Completed
11771,2499,2025-09-30,Credit Card,Completed
11772,910,2025-11-03,Credit Card,Completed
11773,1637,2025-03-29,PayPal,Cancelled
11774,4345,2025-06-06,Bank Transfer,Completed
11775,512,2024-12-21,PayPal,Completed
11776,43,2024-07-12,Invoice,Completed
11777,4633,2025-03-29,Credit Card,Completed
11778,3260,2025-11-10,Invoice,Cancelled
11779,1387,2024-08-18,Credit Card,Completed
11780,2820,2024-04-21,PayPal,Returned
11781,1332,2024-07-16,PayPal,Completed
11782,3547,2024-09-09,Invoice,Completed
11783,3771,2023-05-17,Invoice,Completed
11784,1900,2024-11-14,Credit Card,Completed
11785,2903,2024-11-11,Credit Card,Completed
11786,1731,2025-01-28,Invoice,Completed
11787,4861,2024-06-16,Invoice,Completed
11788,3279,2025-02-25,Credit Card,Completed
11789,3470,2025-10-20,Credit Card,Completed
11790,4708,2025-12-07,Bank Transfer,Cancelled
11791,2062,2025-01-23,Bank Transfer,Completed
11792,2669,2023-03-26,Invoice,Returned
11793,3009,2025-12-14,Invoice,Completed
11794,3012,2025-05-19,Invoice,Completed
11795,2187,2024-05-16,PayPal,Completed
11796,4537,2023-09-19,PayPal,Completed
11797,247,2023-09-13,Invoice,Completed
11798,1092,2023-10-24,Credit Card,Completed
11799,2596,2023-03-31,PayPal,Returned
11800,4197,2025-11-07,Credit Card,Completed
11801,1329,2024-12-15,Bank Transfer,Completed
11802,2328,2025-05-14,Credit Card,Cancelled
11803,4525,2025-09-06,PayPal,Completed
11804,2981,2025-08-04,Bank Transfer,Completed
11805,4673,2025-10-24,PayPal,Cancelled
11806,3469,2025-12-13,Invoice,Completed
11807,1637,2024-09-13,PayPal,Completed
11808,2001,2025-12-04,PayPal,Completed
11809,2766,2025-06-04,Credit Card,Completed
11810,4163,2023-05-12,Bank Transfer,Completed
11811,1342,2025-04-28,Bank Transfer,Completed
11812,2974,2025-05-02,Credit Card,Completed
11813,388,2025-11-09,Invoice,Completed
11814,3843,2024-06-28,Credit Card,Completed
11815,4579,2025-01-24,Credit Card,Completed
11816,1860,2023-01-26,Bank Transfer,Completed
11817,4224,2024-05-11,PayPal,Completed
11818,1630,2023-04-28,Invoice,Completed
11819,4375,2024-12-01,Bank Transfer,Completed
11820,3650,2025-08-27,Bank Transfer,Completed
11821,4934,2023-12-07,Bank Transfer,Completed
11822,4813,2024-12-05,PayPal,Cancelled
11823,4830,2023-12-04,Invoice,Completed
11824,1196,2023-08-05,PayPal,Completed
11825,2354,2024-11-23,Credit Card,Completed
11826,3649,2023-05-27,Credit Card,Cancelled
11827,13,2025-01-27,Credit Card,Completed
11828,332,2023-03-06,Invoice,Completed
11829,1348,2023-07-12,PayPal,Returned
11830,2702,2024-12-22,Bank Transfer,Completed
11831,4325,2025-02-01,Invoice,Completed
11832,4832,2023-03-02,Credit Card,Returned
11833,2087,2025-01-12,Credit Card,Completed
11834,1663,2025-09-15,Bank Transfer,Completed
11835,1608,2025-06-03,PayPal,Completed
11836,2866,2023-08-23,Credit Card,Completed
11837,360,2025-02-02,Credit Card,Completed
11838,1224,2025-04-19,PayPal,Completed
11839,436,2023-03-16,Invoice,Completed
11840,3935,2025-09-30,Bank Transfer,Completed
11841,3194,2025-11-09,PayPal,Completed
11842,315,2025-09-26,Bank Transfer,Completed
11843,4203,2025-09-02,Credit Card,Completed
11844,20,2025-06-23,PayPal,Completed
11845,3199,2025-03-16,Credit Card,Completed
11846,392,2025-04-25,Bank Transfer,Completed
11847,4645,2025-08-17,Invoice,Completed
11848,1834,2025-04-11,Bank Transfer,Completed
11849,4428,2024-05-06,Credit Card,Completed
11850,3448,2024-07-02,Credit Card,Completed
11851,4016,2025-11-04,PayPal,Completed
11852,4116,2023-02-06,Invoice,Completed
11853,2480,2025-05-13,Bank Transfer,Completed
11854,3880,2025-12-06,PayPal,Completed
11855,4827,2025-05-20,Bank Transfer,Completed
11856,2770,2025-12-28,Bank Transfer,Completed
11857,1135,2025-05-03,Invoice,Completed
11858,4973,2023-03-12,Credit Card,Returned
11859,3809,2025-09-05,Credit Card,Completed
11860,4706,2024-03-17,Invoice,Completed
11861,3722,2024-09-22,Bank Transfer,Completed
11862,3282,2024-04-18,Credit Card,Completed
11863,2553,2024-02-26,Bank Transfer,Completed
11864,844,2024-09-05,Invoice,Completed
11865,321,2024-07-05,PayPal,Completed
11866,465,2025-03-16,PayPal,Completed
11867,3933,2025-08-23,Bank Transfer,Completed
11868,1982,2024-03-31,Credit Card,Completed
11869,3785,2023-12-15,Invoice,Completed
11870,2787,2025-04-15,Invoice,Returned
11871,1577,2025-04-18,Bank Transfer,Completed
11872,4766,2025-11-06,PayPal,Completed
11873,4353,2023-02-03,Invoice,Completed
11874,4222,2025-09-28,PayPal,Completed
11875,4462,2024-11-30,Invoice,Completed
11876,1806,2025-03-05,PayPal,Completed
11877,33,2023-06-16,Invoice,Completed
11878,1097,2024-09-06,Bank Transfer,Completed
11879,3575,2023-12-29,Bank Transfer,Returned
11880,2551,2024-02-05,Bank Transfer,Completed
11881,1775,2024-11-18,Bank Transfer,Completed
11882,2952,2025-08-23,PayPal,Completed
11883,2308,2025-06-22,Credit Card,Completed
11884,171,2025-01-31,Invoice,Completed
11885,3759,2024-12-14,Credit Card,Completed
11886,2120,2024-08-31,PayPal,Completed
11887,1209,2025-12-16,PayPal,Cancelled
11888,4082,2024-12-29,Bank Transfer,Completed
11889,2612,2024-02-05,Bank Transfer,Completed
11890,580,2024-01-01,Bank Transfer,Returned
11891,4322,2025-02-23,Invoice,Completed
11892,1434,2024-12-02,Bank Transfer,Completed
11893,3458,2023-01-17,Credit Card,Returned
11894,295,2025-09-07,Invoice,Completed
11895,3635,2025-05-18,PayPal,Returned
11896,4600,2025-04-10,PayPal,Completed
11897,271,2023-05-09,Invoice,Completed
11898,2743,2024-06-15,Bank Transfer,Completed
11899,663,2025-11-25,Invoice,Completed
11900,4074,2025-10-06,Credit Card,Completed
11901,3084,2024-03-18,Credit Card,Completed
11902,4261,2023-10-06,Credit Card,Completed
11903,1725,2024-09-25,Bank Transfer,Completed
11904,1725,2024-06-08,Bank Transfer,Completed
11905,2458,2025-04-28,Credit Card,Completed
11906,2771,2025-12-13,Credit Card,Completed
11907,3720,2024-06-16,PayPal,Completed
11908,2302,2023-04-28,Credit Card,Completed
11909,4258,2025-11-04,PayPal,Completed
11910,3770,2023-03-18,PayPal,Completed
11911,2388,2025-12-05,Bank Transfer,Completed
11912,2812,2025-04-13,Invoice,Completed
11913,31,2025-11-29,Invoice,Completed
11914,3768,2023-11-30,Bank Transfer,Completed
11915,120,2023-03-22,Bank Transfer,Completed
11916,4605,2024-11-06,Bank Transfer,Completed
11917,2356,2024-09-27,Invoice,Completed
11918,903,2024-05-11,Credit Card,Completed
11919,1985,2025-12-08,Bank Transfer,Completed
11920,3535,2025-09-01,Invoice,Completed
11921,2105,2025-04-10,PayPal,Completed
11922,2352,2023-10-16,PayPal,Completed
11923,910,2025-06-14,Bank Transfer,Completed
11924,2115,2025-06-07,Bank Transfer,Completed
11925,3871,2024-08-28,PayPal,Completed
11926,4816,2025-11-20,PayPal,Completed
11927,2547,2023-10-23,Credit Card,Completed
11928,3065,2024-02-25,Bank Transfer,Completed
11929,2060,2023-04-30,Bank Transfer,Completed
11930,352,2025-08-07,Credit Card,Completed
11931,4922,2025-03-05,Invoice,Returned
11932,764,2024-04-21,Bank Transfer,Completed
11933,3779,2023-10-17,Credit Card,Completed
11934,3234,2023-03-21,Bank Transfer,Returned
11935,2368,2023-10-22,Credit Card,Returned
11936,1950,2024-09-30,Credit Card,Completed
11937,45,2024-01-26,Invoice,Completed
11938,1128,2024-02-12,Invoice,Completed
11939,2004,2025-10-18,Invoice,Returned
11940,1599,2024-11-26,Bank Transfer,Completed
11941,850,2025-06-09,Credit Card,Completed
11942,1875,2023-03-14,Bank Transfer,Completed
11943,118,2024-06-19,Invoice,Completed
11944,253,2024-10-30,Bank Transfer,Completed
11945,517,2023-11-16,Bank Transfer,Completed
11946,2136,2023-08-04,Invoice,Completed
11947,2456,2025-10-13,Credit Card,Completed
11948,379,2025-11-28,Credit Card,Completed
11949,1877,2023-05-26,PayPal,Returned
11950,4356,2024-05-31,Credit Card,Completed
11951,1469,2025-12-08,Bank Transfer,Completed
11952,3727,2023-06-02,Credit Card,Completed
11953,4926,2025-03-25,Bank Transfer,Completed
11954,4833,2025-12-16,Bank Transfer,Returned
11955,4490,2025-12-19,Bank Transfer,Returned
11956,2575,2024-10-21,Bank Transfer,Returned
11957,1619,2023-10-15,PayPal,Completed
11958,267,2023-12-02,Credit Card,Completed
11959,2657,2025-10-31,Invoice,Completed
11960,2501,2025-11-12,Credit Card,Returned
11961,3732,2025-02-19,PayPal,Completed
11962,321,2025-07-12,PayPal,Completed
11963,3216,2025-06-19,Bank Transfer,Completed
11964,1601,2025-04-10,Credit Card,Completed
11965,3076,2025-09-05,Credit Card,Completed
11966,1894,2025-05-01,PayPal,Completed
11967,3951,2024-12-10,Bank Transfer,Completed
11968,1581,2024-01-11,PayPal,Completed
11969,2680,2025-06-22,Bank Transfer,Completed
11970,1193,2024-10-24,Bank Transfer,Completed
11971,574,2024-03-29,PayPal,Completed
11972,1909,2025-08-13,Credit Card,Completed
11973,3878,2025-05-11,Invoice,Completed
11974,2457,2025-11-27,Invoice,Completed
11975,815,2023-10-20,PayPal,Completed
11976,315,2025-03-30,Credit Card,Completed
11977,685,2024-01-22,Bank Transfer,Cancelled
11978,3720,2025-11-08,Bank Transfer,Completed
11979,4566,2023-06-30,PayPal,Completed
11980,11,2025-04-05,PayPal,Returned
11981,2683,2025-08-04,Bank Transfer,Completed
11982,2376,2024-06-07,Bank Transfer,Completed
11983,2981,2025-12-06,Bank Transfer,Returned
11984,317,2025-09-26,Bank Transfer,Completed
11985,1718,2024-03-28,PayPal,Completed
11986,2170,2023-01-16,Bank Transfer,Completed
11987,3341,2024-03-31,PayPal,Completed
11988,548,2024-03-13,Credit Card,Completed
11989,2535,2025-10-31,PayPal,Completed
11990,4089,2025-12-13,PayPal,Completed
11991,1668,2023-05-12,Credit Card,Completed
11992,4287,2024-10-21,PayPal,Completed
11993,3514,2024-12-20,PayPal,Completed
11994,1087,2023-06-19,Credit Card,Completed
11995,2973,2024-07-03,Invoice,Completed
11996,4678,2024-04-24,PayPal,Completed
11997,1984,2024-12-11,Credit Card,Returned
11998,4474,2025-04-10,Invoice,Completed
11999,3949,2025-05-17,Bank Transfer,Returned
12000,1912,2023-09-01,Invoice,Cancelled
12001,1801,2025-08-23,Credit Card,Returned
12002,1087,2025-04-25,Credit Card,Cancelled
12003,1574,2025-10-30,Invoice,Completed
12004,3206,2024-09-25,Invoice,Completed
12005,4509,2025-11-02,PayPal,Completed
12006,1316,2025-10-09,Bank Transfer,Returned
12007,71,2024-09-13,Bank Transfer,Completed
12008,1178,2024-07-08,Bank Transfer,Completed
12009,1561,2025-11-24,Invoice,Completed
12010,922,2025-05-28,PayPal,Completed
12011,1142,2025-11-21,Bank Transfer,Completed
12012,1679,2025-08-09,Bank Transfer,Completed
12013,500,2025-02-21,Invoice,Completed
12014,4305,2023-07-28,Invoice,Completed
12015,4680,2024-03-25,Invoice,Completed
12016,4974,2025-12-14,Bank Transfer,Completed
12017,2562,2024-04-26,PayPal,Completed
12018,315,2023-06-20,Credit Card,Returned
12019,1465,2025-05-21,Invoice,Completed
12020,3497,2025-06-14,PayPal,Completed
12021,126,2024-03-18,Bank Transfer,Completed
12022,1489,2024-04-01,PayPal,Completed
12023,4175,2024-10-18,Credit Card,Completed
12024,4404,2023-02-16,PayPal,Returned
12025,2568,2025-08-02,Invoice,Completed
12026,3195,2024-04-24,PayPal,Completed
12027,3623,2025-09-29,Bank Transfer,Completed
12028,2140,2025-08-14,Invoice,Completed
12029,1125,2025-04-10,PayPal,Returned
12030,1814,2024-05-03,Credit Card,Completed
12031,2808,2024-11-27,Credit Card,Completed
12032,184,2024-09-20,Credit Card,Completed
12033,3324,2024-05-19,Credit Card,Completed
12034,2075,2025-09-23,Credit Card,Completed
12035,3746,2024-11-03,Invoice,Completed
12036,772,2025-09-10,Credit Card,Completed
12037,982,2023-07-10,PayPal,Completed
12038,3937,2023-09-09,Bank Transfer,Completed
12039,2801,2025-12-19,Credit Card,Cancelled
12040,921,2025-01-28,PayPal,Completed
12041,1532,2024-11-22,Invoice,Returned
12042,2966,2024-12-02,Bank Transfer,Returned
12043,3455,2023-12-16,Bank Transfer,Completed
12044,2433,2025-05-31,Credit Card,Returned
12045,382,2023-06-05,PayPal,Returned
12046,2806,2025-01-11,Credit Card,Completed
12047,4407,2025-01-09,Bank Transfer,Completed
12048,1753,2025-11-14,Bank Transfer,Completed
12049,4781,2024-12-04,PayPal,Completed
12050,2511,2023-09-02,Bank Transfer,Completed
12051,4654,2025-01-11,Bank Transfer,Completed
12052,1024,2023-06-16,Bank Transfer,Completed
12053,293,2023-12-04,Bank Transfer,Cancelled
12054,2515,2023-03-06,PayPal,Returned
12055,3207,2024-11-25,PayPal,Cancelled
12056,936,2023-06-05,Invoice,Completed
12057,3199,2024-10-19,Bank Transfer,Completed
12058,4655,2025-11-24,Bank Transfer,Completed
12059,4906,2025-06-01,Bank Transfer,Completed
12060,4556,2023-05-24,Credit Card,Completed
12061,1626,2023-12-26,PayPal,Returned
12062,2373,2025-04-21,Invoice,Completed
12063,3674,2025-11-03,Invoice,Completed
12064,3474,2023-03-09,PayPal,Completed
12065,2174,2025-08-23,PayPal,Completed
12066,3226,2024-12-30,Credit Card,Completed
12067,2515,2024-12-19,Bank Transfer,Completed
12068,3898,2025-12-08,Bank Transfer,Completed
12069,435,2025-06-26,PayPal,Returned
12070,2206,2025-09-25,Credit Card,Completed
12071,749,2024-06-06,Bank Transfer,Completed
12072,2171,2024-12-25,Credit Card,Completed
12073,1143,2025-02-27,PayPal,Completed
12074,978,2024-04-29,Bank Transfer,Completed
12075,1395,2025-01-08,PayPal,Completed
12076,3361,2024-01-11,PayPal,Completed
12077,34,2023-09-13,Bank Transfer,Completed
12078,2517,2024-06-29,Credit Card,Completed
12079,2337,2025-06-18,Invoice,Completed
12080,4889,2025-11-15,Bank Transfer,Completed
12081,3600,2024-10-05,Credit Card,Completed
12082,2106,2025-03-24,Bank Transfer,Completed
12083,4178,2023-07-06,Credit Card,Completed
12084,1103,2025-11-08,PayPal,Completed
12085,2706,2025-01-06,Bank Transfer,Completed
12086,2882,2025-07-25,Invoice,Completed
12087,101,2025-08-07,Credit Card,Completed
12088,1069,2024-02-09,Bank Transfer,Completed
12089,4413,2024-12-06,PayPal,Completed
12090,944,2025-12-09,Credit Card,Completed
12091,1371,2023-06-13,PayPal,Completed
12092,2870,2025-04-29,Invoice,Completed
12093,3460,2025-12-10,Bank Transfer,Completed
12094,120,2024-04-04,PayPal,Completed
12095,680,2025-10-05,PayPal,Cancelled
12096,3879,2025-11-24,Credit Card,Completed
12097,2639,2025-06-25,Credit Card,Completed
12098,2822,2024-01-03,Credit Card,Completed
12099,3095,2024-05-14,PayPal,Completed
12100,3824,2023-03-14,Invoice,Completed
12101,4575,2025-09-09,Bank Transfer,Completed
12102,3410,2025-09-25,Credit Card,Completed
12103,86,2025-03-15,Credit Card,Cancelled
12104,943,2024-06-04,Bank Transfer,Completed
12105,127,2023-05-23,Bank Transfer,Completed
12106,1975,2025-07-01,Bank Transfer,Completed
12107,4956,2025-06-07,PayPal,Completed
12108,782,2025-11-13,Bank Transfer,Completed
12109,1863,2025-06-10,PayPal,Completed
12110,3185,2025-09-06,PayPal,Completed
12111,4045,2025-06-24,Credit Card,Completed
12112,4069,2025-03-13,Invoice,Completed
12113,735,2024-08-30,Invoice,Completed
12114,4724,2025-11-07,Bank Transfer,Completed
12115,1233,2025-03-31,PayPal,Completed
12116,280,2024-07-28,PayPal,Completed
12117,1118,2023-06-03,PayPal,Completed
12118,4402,2024-03-24,Bank Transfer,Completed
12119,615,2024-12-17,Invoice,Completed
12120,4860,2024-03-06,Credit Card,Completed
12121,4220,2023-12-22,PayPal,Completed
12122,3408,2024-12-05,Bank Transfer,Returned
12123,615,2023-10-27,Bank Transfer,Completed
12124,873,2025-08-12,PayPal,Completed
12125,2996,2024-11-04,PayPal,Completed
12126,4913,2025-01-12,Credit Card,Completed
12127,825,2023-09-19,Invoice,Completed
12128,607,2024-05-02,PayPal,Completed
12129,3333,2024-08-11,Bank Transfer,Completed
12130,550,2025-08-19,Bank Transfer,Completed
12131,1302,2025-07-16,Invoice,Completed
12132,3390,2023-12-24,Bank Transfer,Completed
12133,1341,2025-02-28,Credit Card,Completed
12134,42,2024-01-21,Invoice,Returned
12135,999,2025-12-25,Bank Transfer,Completed
12136,1307,2025-12-05,Bank Transfer,Completed
12137,3444,2024-12-31,Invoice,Returned
12138,3847,2025-05-13,Credit Card,Completed
12139,4060,2025-08-13,PayPal,Completed
12140,3609,2025-06-02,Credit Card,Completed
12141,660,2025-05-14,Credit Card,Completed
12142,2886,2025-12-08,PayPal,Completed
12143,2051,2025-02-06,Credit Card,Cancelled
12144,4588,2025-03-18,Invoice,Returned
12145,1984,2025-09-24,PayPal,Completed
12146,4203,2025-04-17,PayPal,Completed
12147,2729,2025-06-13,Credit Card,Completed
12148,1005,2024-01-07,Bank Transfer,Completed
12149,2302,2024-06-26,Invoice,Returned
12150,2518,2023-09-19,PayPal,Returned
12151,3599,2024-11-19,Invoice,Completed
12152,4756,2024-10-03,PayPal,Completed
12153,3671,2025-12-30,Bank Transfer,Cancelled
12154,69,2025-02-23,Bank Transfer,Completed
12155,4309,2025-07-30,Credit Card,Completed
12156,2710,2024-05-14,Credit Card,Cancelled
12157,600,2025-09-09,PayPal,Completed
12158,163,2025-02-27,PayPal,Completed
12159,3780,2025-05-11,Invoice,Completed
12160,3753,2024-03-28,Invoice,Completed
12161,2,2024-12-21,Invoice,Cancelled
12162,3322,2025-03-16,Invoice,Cancelled
12163,628,2025-01-29,Credit Card,Completed
12164,2056,2025-11-14,Bank Transfer,Returned
12165,1645,2025-11-05,Invoice,Completed
12166,3706,2025-12-15,Credit Card,Completed
12167,571,2025-04-15,Credit Card,Completed
12168,2506,2025-12-16,Bank Transfer,Completed
12169,4479,2025-09-09,PayPal,Completed
12170,3040,2024-03-01,PayPal,Completed
12171,501,2024-08-31,PayPal,Completed
12172,4653,2024-01-13,Bank Transfer,Returned
12173,1673,2023-01-09,PayPal,Completed
12174,4832,2023-11-17,Bank Transfer,Completed
12175,2290,2023-01-09,PayPal,Completed
12176,4382,2025-06-01,Credit Card,Completed
12177,972,2024-08-29,Bank Transfer,Completed
12178,445,2024-04-18,Invoice,Returned
12179,1984,2025-07-08,Credit Card,Completed
12180,797,2025-09-10,Bank Transfer,Returned
12181,752,2025-12-18,Invoice,Returned
12182,4618,2025-03-23,Bank Transfer,Completed
12183,397,2024-10-10,Bank Transfer,Completed
12184,95,2024-04-10,Credit Card,Completed
12185,2858,2023-12-24,Credit Card,Completed
12186,4351,2023-12-14,Bank Transfer,Completed
12187,1200,2024-08-10,Bank Transfer,Completed
12188,4084,2025-12-27,Credit Card,Completed
12189,808,2023-01-02,Bank Transfer,Completed
12190,1755,2023-11-27,Credit Card,Cancelled
12191,2800,2023-11-18,Invoice,Completed
12192,3875,2025-05-29,PayPal,Returned
12193,2511,2024-06-04,Bank Transfer,Completed
12194,2245,2024-10-05,Credit Card,Cancelled
12195,4026,2023-09-21,Invoice,Completed
12196,4014,2024-08-05,Invoice,Completed
12197,1239,2023-07-06,Credit Card,Completed
12198,3531,2024-12-09,PayPal,Completed
12199,1620,2023-06-27,Credit Card,Completed
12200,889,2025-08-03,Invoice,Completed
12201,3563,2025-01-04,Bank Transfer,Completed
12202,3366,2025-06-05,Credit Card,Returned
12203,3805,2024-08-20,Invoice,Completed
12204,64,2024-07-08,Credit Card,Returned
12205,4242,2023-06-28,PayPal,Returned
12206,4504,2024-12-02,Invoice,Completed
12207,4183,2024-11-26,PayPal,Returned
12208,2307,2024-10-17,PayPal,Completed
12209,4859,2025-06-19,Invoice,Completed
12210,4693,2025-09-10,PayPal,Completed
12211,842,2025-06-29,Bank Transfer,Completed
12212,4025,2023-09-13,PayPal,Completed
12213,3138,2025-03-06,Bank Transfer,Completed
12214,885,2023-05-29,Invoice,Cancelled
12215,2189,2025-05-09,PayPal,Completed
12216,4013,2024-07-09,Invoice,Completed
12217,1778,2023-08-25,Credit Card,Completed
12218,3245,2025-10-06,Bank Transfer,Completed
12219,962,2025-02-26,Credit Card,Completed
12220,1184,2024-06-07,Credit Card,Completed
12221,4267,2023-03-05,Credit Card,Completed
12222,1007,2024-12-12,PayPal,Completed
12223,3619,2025-11-19,PayPal,Returned
12224,187,2025-02-06,Bank Transfer,Completed
12225,131,2025-12-16,Invoice,Completed
12226,4886,2023-09-01,Invoice,Completed
12227,679,2025-01-06,Invoice,Completed
12228,4708,2025-08-10,Credit Card,Completed
12229,2480,2024-12-04,Credit Card,Returned
12230,3492,2023-06-16,Credit Card,Cancelled
12231,621,2025-01-22,Invoice,Completed
12232,1691,2025-02-23,Credit Card,Completed
12233,4587,2025-06-09,Credit Card,Completed
12234,959,2025-07-08,Invoice,Completed
12235,3597,2025-07-16,Credit Card,Cancelled
12236,3239,2025-04-12,Credit Card,Completed
12237,4620,2023-12-17,PayPal,Cancelled
12238,3418,2024-08-04,Credit Card,Completed
12239,4230,2025-07-21,Credit Card,Completed
12240,1802,2025-12-06,PayPal,Completed
12241,3375,2023-05-26,Bank Transfer,Completed
12242,2764,2024-12-11,Credit Card,Completed
12243,2907,2024-04-18,Bank Transfer,Completed
12244,1663,2023-12-27,PayPal,Completed
12245,4675,2024-11-19,PayPal,Completed
12246,382,2025-02-17,PayPal,Completed
12247,136,2023-01-21,Bank Transfer,Completed
12248,259,2025-07-25,Credit Card,Completed
12249,1871,2025-08-29,Credit Card,Completed
12250,1992,2025-12-12,Bank Transfer,Completed
12251,3003,2023-11-09,Invoice,Completed
12252,4965,2025-02-04,PayPal,Completed
12253,41,2024-08-30,Invoice,Completed
12254,2498,2024-05-14,Invoice,Completed
12255,4952,2025-01-03,PayPal,Completed
12256,3316,2025-07-27,Invoice,Cancelled
12257,4882,2023-02-18,Bank Transfer,Completed
12258,4042,2025-12-14,PayPal,Returned
12259,1416,2025-08-20,Invoice,Completed
12260,3053,2025-06-29,Credit Card,Completed
12261,273,2025-07-07,Invoice,Completed
12262,2365,2024-07-17,Invoice,Completed
12263,450,2025-06-29,Invoice,Returned
12264,4617,2024-07-14,PayPal,Completed
12265,3425,2025-11-05,Credit Card,Completed
12266,1117,2023-11-06,Invoice,Completed
12267,4834,2024-03-26,PayPal,Returned
12268,3833,2024-12-23,PayPal,Completed
12269,3340,2024-04-26,Invoice,Returned
12270,4398,2024-08-27,Credit Card,Completed
12271,1782,2024-11-10,PayPal,Completed
12272,2347,2025-10-01,Invoice,Completed
12273,4733,2024-12-02,PayPal,Completed
12274,3519,2024-06-16,PayPal,Completed
12275,241,2024-01-27,Credit Card,Completed
12276,4500,2024-08-09,Invoice,Returned
12277,4974,2024-11-27,Bank Transfer,Completed
12278,152,2025-06-24,Credit Card,Completed
12279,3068,2023-08-06,Bank Transfer,Completed
12280,180,2023-12-23,Credit Card,Completed
12281,2953,2024-07-06,Invoice,Completed
12282,2864,2024-06-13,Credit Card,Completed
12283,1714,2024-07-20,Bank Transfer,Completed
12284,3296,2025-08-06,PayPal,Completed
12285,4595,2024-05-02,Credit Card,Completed
12286,2633,2024-11-16,Bank Transfer,Cancelled
12287,4522,2025-03-07,PayPal,Completed
12288,883,2024-01-04,Bank Transfer,Completed
12289,2843,2025-05-31,Bank Transfer,Completed
12290,2187,2024-12-20,Bank Transfer,Completed
12291,316,2024-09-22,Invoice,Returned
12292,4293,2025-08-20,Invoice,Completed
12293,2926,2024-01-21,Invoice,Completed
12294,3521,2025-10-25,Invoice,Completed
12295,4012,2024-12-30,Bank Transfer,Completed
12296,2390,2025-02-20,PayPal,Returned
12297,4680,2025-10-18,Bank Transfer,Completed
12298,1439,2025-08-27,PayPal,Completed
12299,4026,2025-02-12,Invoice,Completed
12300,2860,2025-07-01,Credit Card,Completed
12301,518,2024-09-07,PayPal,Returned
12302,532,2024-12-20,Credit Card,Returned
12303,3800,2023-04-28,Invoice,Completed
12304,2526,2023-06-14,Credit Card,Completed
12305,969,2025-09-07,PayPal,Completed
12306,4016,2023-04-24,Credit Card,Completed
12307,3156,2023-10-27,Credit Card,Completed
12308,2981,2025-08-08,Invoice,Completed
12309,772,2023-01-03,PayPal,Completed
12310,392,2024-03-14,PayPal,Returned
12311,973,2025-01-23,Bank Transfer,Completed
12312,2607,2025-02-05,Invoice,Completed
12313,4877,2025-07-22,Invoice,Completed
12314,2613,2024-11-19,Credit Card,Completed
12315,4914,2024-11-22,Bank Transfer,Completed
12316,3514,2025-06-06,PayPal,Completed
12317,2488,2024-11-14,PayPal,Returned
12318,4925,2025-02-20,Invoice,Completed
12319,4043,2025-11-04,Bank Transfer,Completed
12320,1713,2024-07-31,Credit Card,Completed
12321,1595,2024-07-12,Credit Card,Completed
12322,2063,2023-01-08,Invoice,Completed
12323,4188,2025-02-25,PayPal,Completed
12324,3460,2023-03-04,Credit Card,Completed
12325,4825,2024-11-18,Credit Card,Completed
12326,2675,2025-08-15,Credit Card,Completed
12327,1356,2024-12-22,Invoice,Completed
12328,4194,2024-02-28,Bank Transfer,Completed
12329,323,2025-07-30,PayPal,Completed
12330,620,2024-02-28,Bank Transfer,Completed
12331,1244,2025-06-13,Credit Card,Completed
12332,1514,2025-02-22,Bank Transfer,Cancelled
12333,1325,2023-10-28,Credit Card,Completed
12334,3822,2025-11-09,PayPal,Returned
12335,3712,2023-12-01,Credit Card,Completed
12336,3953,2025-12-26,Invoice,Completed
12337,3686,2023-01-16,Credit Card,Returned
12338,4865,2024-02-19,Bank Transfer,Completed
12339,4702,2023-11-30,PayPal,Completed
12340,1308,2023-01-30,Invoice,Completed
12341,313,2025-06-12,PayPal,Returned
12342,1430,2025-05-08,Invoice,Completed
12343,2531,2025-08-05,Credit Card,Completed
12344,2540,2024-02-09,Invoice,Completed
12345,3863,2024-09-20,PayPal,Completed
12346,4245,2025-04-08,Credit Card,Completed
12347,3498,2024-09-14,Invoice,Completed
12348,1885,2025-05-12,Bank Transfer,Completed
12349,1738,2025-03-16,Bank Transfer,Completed
12350,1444,2023-07-26,Credit Card,Completed
12351,1144,2025-07-26,Bank Transfer,Completed
12352,4823,2025-06-02,Credit Card,Completed
12353,52,2025-04-05,PayPal,Completed
12354,4732,2023-10-02,Credit Card,Completed
12355,3638,2024-02-25,Credit Card,Completed
12356,802,2024-07-22,PayPal,Completed
12357,2390,2024-03-11,Bank Transfer,Completed
12358,4313,2023-12-29,Bank Transfer,Completed
12359,3487,2025-08-16,Credit Card,Completed
12360,986,2025-03-20,PayPal,Returned
12361,4472,2025-01-03,PayPal,Completed
12362,3137,2023-12-27,PayPal,Completed
12363,3302,2025-11-16,Credit Card,Completed
12364,2414,2023-11-21,Invoice,Completed
12365,4628,2025-08-07,Credit Card,Returned
12366,1812,2025-12-13,Credit Card,Completed
12367,1120,2025-06-07,Invoice,Completed
12368,3870,2025-12-28,Credit Card,Completed
12369,439,2025-03-31,Invoice,Completed
12370,4952,2023-12-18,PayPal,Completed
12371,4407,2023-12-04,PayPal,Returned
12372,139,2024-05-02,Credit Card,Completed
12373,1773,2023-01-16,Bank Transfer,Completed
12374,3277,2025-04-28,Bank Transfer,Cancelled
12375,2826,2024-02-26,PayPal,Completed
12376,2580,2025-08-25,Invoice,Completed
12377,1980,2024-06-12,Bank Transfer,Completed
12378,2890,2024-10-31,PayPal,Completed
12379,4741,2025-12-12,PayPal,Completed
12380,3359,2024-01-19,Credit Card,Completed
12381,617,2025-06-02,Invoice,Completed
12382,167,2025-07-02,Bank Transfer,Returned
12383,2603,2023-12-22,Invoice,Completed
12384,3755,2024-11-16,Credit Card,Completed
12385,1219,2024-06-01,PayPal,Completed
12386,3296,2025-07-17,Credit Card,Completed
12387,997,2025-03-06,Credit Card,Completed
12388,1916,2024-10-27,Credit Card,Completed
12389,2472,2025-07-24,Credit Card,Completed
12390,508,2024-01-08,Bank Transfer,Completed
12391,58,2025-07-01,PayPal,Completed
12392,3427,2025-10-09,Credit Card,Completed
12393,469,2025-10-21,PayPal,Completed
12394,2560,2025-07-28,Invoice,Completed
12395,3046,2024-08-08,Bank Transfer,Completed
12396,39,2025-12-21,Invoice,Completed
12397,2747,2024-07-06,Credit Card,Returned
12398,2891,2025-03-20,PayPal,Completed
12399,3860,2023-10-13,Credit Card,Completed
12400,784,2025-12-21,Credit Card,Completed
12401,3459,2025-05-18,Credit Card,Completed
12402,2675,2025-07-01,Invoice,Cancelled
12403,709,2023-05-04,Credit Card,Completed
12404,1358,2025-07-10,Credit Card,Returned
12405,718,2025-07-20,PayPal,Completed
12406,1458,2025-04-19,Credit Card,Completed
12407,2032,2024-03-25,PayPal,Completed
12408,351,2024-11-08,PayPal,Completed
12409,1207,2023-07-19,Credit Card,Completed
12410,1955,2024-10-22,PayPal,Completed
12411,4057,2024-01-21,Credit Card,Cancelled
12412,1738,2024-05-31,PayPal,Completed
12413,36,2023-10-15,PayPal,Completed
12414,302,2024-01-01,Bank Transfer,Completed
12415,452,2023-05-22,PayPal,Completed
12416,666,2025-11-17,Bank Transfer,Returned
12417,3212,2024-12-07,PayPal,Completed
12418,3137,2024-07-26,Bank Transfer,Completed
12419,3472,2024-12-11,Bank Transfer,Completed
12420,428,2025-03-11,Credit Card,Completed
12421,4784,2025-11-18,Bank Transfer,Completed
12422,3335,2023-11-07,Credit Card,Completed
12423,119,2024-03-30,Bank Transfer,Completed
12424,118,2025-12-18,PayPal,Completed
12425,1859,2024-06-26,Invoice,Completed
12426,1591,2023-02-17,Invoice,Returned
12427,3969,2023-09-20,PayPal,Completed
12428,2019,2023-02-25,Invoice,Completed
12429,779,2025-12-26,Credit Card,Completed
12430,1831,2024-03-10,PayPal,Returned
12431,3140,2025-11-19,Credit Card,Completed
12432,4298,2025-12-29,PayPal,Completed
12433,3048,2025-02-10,Invoice,Completed
12434,2007,2023-03-10,Credit Card,Completed
12435,4330,2023-05-31,Credit Card,Completed
12436,3627,2024-11-02,Credit Card,Cancelled
12437,2273,2024-08-06,Bank Transfer,Completed
12438,603,2025-02-17,Invoice,Completed
12439,3377,2024-09-13,Credit Card,Completed
12440,2143,2025-11-25,Bank Transfer,Completed
12441,494,2024-12-10,Credit Card,Completed
12442,4535,2025-05-09,Invoice,Completed
12443,4655,2025-11-04,PayPal,Completed
12444,2918,2023-09-19,Invoice,Completed
12445,1757,2024-01-01,Credit Card,Completed
12446,12,2023-07-13,PayPal,Completed
12447,4835,2023-09-06,PayPal,Completed
12448,1893,2024-11-24,Credit Card,Completed
12449,1381,2024-04-29,PayPal,Returned
12450,1800,2024-08-26,PayPal,Completed
12451,324,2025-12-22,Credit Card,Completed
12452,2556,2023-10-05,Credit Card,Completed
12453,1755,2024-12-15,Bank Transfer,Completed
12454,4343,2023-06-29,Bank Transfer,Completed
12455,4057,2024-04-25,Credit Card,Completed
12456,4494,2024-12-05,Credit Card,Completed
12457,450,2025-12-02,Credit Card,Cancelled
12458,2030,2024-07-19,PayPal,Completed
12459,2260,2023-05-02,PayPal,Completed
12460,2541,2024-07-16,Bank Transfer,Returned
12461,905,2023-09-17,Bank Transfer,Completed
12462,1054,2024-01-01,Bank Transfer,Completed
12463,4433,2025-03-02,Credit Card,Completed
12464,2516,2023-05-07,Invoice,Completed
12465,3119,2024-10-13,Bank Transfer,Completed
12466,925,2025-02-21,Credit Card,Completed
12467,1506,2024-08-24,Credit Card,Completed
12468,197,2023-02-10,Credit Card,Completed
12469,2488,2025-12-23,Credit Card,Completed
12470,231,2024-06-21,Invoice,Completed
12471,906,2025-07-23,Bank Transfer,Completed
12472,868,2024-05-04,Bank Transfer,Completed
12473,3995,2024-10-26,PayPal,Cancelled
12474,3948,2024-07-16,PayPal,Completed
12475,31,2024-05-24,Bank Transfer,Completed
12476,4750,2023-02-16,Invoice,Completed
12477,3774,2024-06-13,Invoice,Completed
12478,1843,2025-10-30,Invoice,Returned
12479,1872,2025-05-06,Bank Transfer,Completed
12480,918,2023-09-16,Credit Card,Completed
12481,4399,2025-01-31,PayPal,Completed
12482,3794,2025-11-01,Bank Transfer,Completed
12483,1552,2025-05-14,Invoice,Completed
12484,1723,2023-09-22,Credit Card,Completed
12485,4264,2025-10-11,PayPal,Cancelled
12486,4952,2024-04-06,Bank Transfer,Completed
12487,1753,2024-10-01,Invoice,Cancelled
12488,239,2024-12-04,Bank Transfer,Completed
12489,1111,2025-09-26,Invoice,Completed
12490,2668,2025-11-23,PayPal,Completed
12491,1188,2025-11-22,PayPal,Completed
12492,2023,2023-01-17,PayPal,Returned
12493,4601,2025-11-18,Invoice,Completed
12494,2307,2023-04-15,Bank Transfer,Completed
12495,1820,2024-02-22,Bank Transfer,Completed
12496,2307,2024-11-26,Invoice,Cancelled
12497,4018,2024-10-31,Credit Card,Returned
12498,4811,2025-02-15,Credit Card,Completed
12499,12,2024-10-31,Bank Transfer,Completed
12500,4100,2025-11-25,PayPal,Completed
12501,632,2024-01-16,Credit Card,Returned
12502,173,2024-03-04,Bank Transfer,Completed
12503,4824,2025-11-17,PayPal,Completed
12504,1301,2023-05-23,PayPal,Returned
12505,491,2025-02-21,Invoice,Completed
12506,4102,2025-04-28,Bank Transfer,Completed
12507,4650,2024-11-19,Credit Card,Completed
12508,1913,2025-05-09,Invoice,Completed
12509,2750,2023-11-01,Credit Card,Completed
12510,2117,2025-09-27,Invoice,Completed
12511,319,2023-09-07,Credit Card,Completed
12512,4831,2024-07-31,Bank Transfer,Completed
12513,1529,2023-05-20,Invoice,Completed
12514,1764,2024-12-18,Bank Transfer,Completed
12515,1929,2025-04-17,Invoice,Completed
12516,4445,2025-11-29,Invoice,Completed
12517,717,2025-06-18,Invoice,Cancelled
12518,1488,2024-12-15,Bank Transfer,Returned
12519,1981,2025-11-24,Invoice,Completed
12520,3756,2024-10-30,Bank Transfer,Completed
12521,4264,2024-12-30,PayPal,Completed
12522,453,2025-02-06,Invoice,Completed
12523,3060,2024-08-10,Invoice,Completed
12524,108,2025-09-15,PayPal,Completed
12525,1240,2023-11-14,Bank Transfer,Completed
12526,4108,2024-12-25,Bank Transfer,Completed
12527,1641,2025-06-03,Invoice,Completed
12528,1957,2025-11-08,Bank Transfer,Completed
12529,1194,2025-10-25,Credit Card,Completed
12530,569,2024-11-21,Invoice,Completed
12531,485,2025-03-24,Invoice,Completed
12532,1196,2024-07-23,Credit Card,Completed
12533,395,2024-10-18,PayPal,Completed
12534,4245,2025-11-09,Bank Transfer,Completed
12535,4054,2025-11-23,Bank Transfer,Completed
12536,85,2025-11-03,Credit Card,Completed
12537,484,2023-09-04,PayPal,Completed
12538,971,2025-09-25,PayPal,Completed
12539,3001,2025-12-03,Credit Card,Completed
12540,4726,2024-06-14,Bank Transfer,Completed
12541,3280,2024-11-29,Bank Transfer,Completed
12542,4317,2025-07-24,Invoice,Completed
12543,4457,2024-12-30,PayPal,Completed
12544,4896,2025-12-28,Credit Card,Completed
12545,3284,2024-10-03,Bank Transfer,Completed
12546,1030,2025-05-27,PayPal,Completed
12547,1036,2025-08-05,PayPal,Completed
12548,2782,2024-11-11,Bank Transfer,Completed
12549,1209,2025-10-01,Credit Card,Completed
12550,3626,2024-12-19,Bank Transfer,Completed
12551,4461,2024-08-12,Invoice,Completed
12552,3257,2023-07-14,Invoice,Completed
12553,3548,2024-07-22,Invoice,Completed
12554,362,2025-06-13,Credit Card,Completed
12555,3984,2025-11-18,Credit Card,Completed
12556,4408,2024-02-02,Credit Card,Completed
12557,1262,2024-06-07,Invoice,Completed
12558,2353,2023-10-01,PayPal,Completed
12559,4366,2025-05-06,PayPal,Completed
12560,4565,2025-12-09,PayPal,Completed
12561,2616,2025-03-22,PayPal,Completed
12562,1332,2025-03-01,Bank Transfer,Completed
12563,600,2024-12-24,Bank Transfer,Completed
12564,4162,2023-06-11,Bank Transfer,Completed
12565,2796,2025-06-10,PayPal,Completed
12566,972,2025-02-13,Credit Card,Completed
12567,3079,2025-04-10,Bank Transfer,Completed
12568,985,2025-11-05,Bank Transfer,Returned
12569,3018,2025-07-28,Bank Transfer,Completed
12570,4297,2025-07-25,Invoice,Completed
12571,3791,2025-11-21,PayPal,Completed
12572,1937,2025-12-26,PayPal,Completed
12573,325,2025-01-20,Bank Transfer,Completed
12574,3600,2023-07-16,PayPal,Cancelled
12575,4860,2024-10-07,PayPal,Completed
12576,2826,2025-07-31,Invoice,Completed
12577,1516,2023-02-28,Bank Transfer,Completed
12578,1634,2023-04-19,Credit Card,Completed
12579,3186,2023-05-06,Invoice,Completed
12580,4431,2025-06-11,Bank Transfer,Completed
12581,4860,2024-11-16,PayPal,Completed
12582,2198,2024-06-23,Invoice,Completed
12583,1617,2023-07-11,Credit Card,Completed
12584,717,2025-06-12,Invoice,Completed
12585,3201,2024-04-28,Invoice,Completed
12586,2104,2024-02-22,PayPal,Completed
12587,3280,2025-04-02,PayPal,Completed
12588,1022,2024-12-28,Bank Transfer,Returned
12589,2139,2024-06-16,PayPal,Completed
12590,3646,2025-03-23,PayPal,Completed
12591,3951,2024-03-01,Bank Transfer,Completed
12592,4554,2025-08-07,Invoice,Completed
12593,1484,2023-12-31,Credit Card,Completed
12594,1531,2023-10-09,PayPal,Completed
12595,1849,2025-07-27,Bank Transfer,Completed
12596,2698,2025-05-21,PayPal,Completed
12597,3194,2023-11-12,Bank Transfer,Completed
12598,2688,2023-07-29,Bank Transfer,Returned
12599,4730,2025-09-15,Bank Transfer,Completed
12600,1777,2025-07-22,Invoice,Completed
12601,2334,2024-05-06,Invoice,Completed
12602,1881,2025-04-07,PayPal,Completed
12603,2146,2023-08-11,Invoice,Completed
12604,599,2024-11-20,Bank Transfer,Completed
12605,1944,2023-02-09,PayPal,Completed
12606,971,2024-07-20,PayPal,Completed
12607,4133,2023-05-19,Bank Transfer,Completed
12608,2245,2024-10-26,Bank Transfer,Completed
12609,2030,2024-08-24,Credit Card,Completed
12610,3405,2024-09-20,Invoice,Completed
12611,22,2023-03-30,Credit Card,Returned
12612,3087,2024-06-15,Bank Transfer,Completed
12613,966,2025-07-04,Credit Card,Completed
12614,2678,2024-06-23,PayPal,Cancelled
12615,141,2025-05-28,Credit Card,Completed
12616,3558,2024-06-24,Credit Card,Completed
12617,2982,2024-08-26,Bank Transfer,Completed
12618,3993,2025-01-01,Invoice,Completed
12619,1249,2025-12-04,Bank Transfer,Completed
12620,1003,2023-07-16,Credit Card,Completed
12621,844,2023-03-09,Invoice,Completed
12622,3965,2025-02-19,Invoice,Completed
12623,1647,2025-12-03,Invoice,Completed
12624,1973,2025-12-26,Invoice,Completed
12625,3553,2024-11-03,Bank Transfer,Completed
12626,1376,2024-10-17,Credit Card,Completed
12627,1416,2025-03-26,Invoice,Completed
12628,2728,2024-12-26,Invoice,Completed
12629,1409,2025-03-16,Invoice,Completed
12630,4030,2025-10-17,Invoice,Completed
12631,2886,2025-06-25,Credit Card,Completed
12632,3381,2024-11-13,Invoice,Completed
12633,2388,2024-10-10,PayPal,Completed
12634,2524,2025-03-21,Invoice,Returned
12635,3756,2024-10-03,PayPal,Completed
12636,3769,2024-10-05,Credit Card,Completed
12637,2743,2023-02-04,PayPal,Completed
12638,1533,2023-11-02,Credit Card,Completed
12639,1250,2024-11-07,PayPal,Completed
12640,1562,2025-09-01,Credit Card,Completed
12641,1177,2024-03-10,PayPal,Completed
12642,2164,2024-12-02,Invoice,Completed
12643,2186,2024-05-26,Credit Card,Cancelled
12644,3507,2023-07-09,Credit Card,Completed
12645,1824,2025-12-08,PayPal,Completed
12646,314,2025-09-29,Bank Transfer,Completed
12647,1464,2023-05-25,Invoice,Completed
12648,2676,2025-06-01,Bank Transfer,Completed
12649,847,2024-05-29,Invoice,Cancelled
12650,1487,2025-12-29,PayPal,Completed
12651,396,2024-04-07,PayPal,Completed
12652,1844,2024-01-14,Invoice,Cancelled
12653,1589,2025-01-05,PayPal,Completed
12654,2125,2025-09-12,Invoice,Completed
12655,3194,2023-11-22,Bank Transfer,Completed
12656,4448,2025-05-23,Invoice,Completed
12657,762,2023-04-26,Invoice,Completed
12658,3368,2025-11-16,PayPal,Completed
12659,4060,2023-05-30,PayPal,Cancelled
12660,3678,2025-11-14,Credit Card,Completed
12661,2189,2024-11-08,Invoice,Completed
12662,2857,2024-09-24,PayPal,Completed
12663,493,2025-12-17,PayPal,Completed
12664,514,2025-12-26,Credit Card,Completed
12665,906,2025-03-31,PayPal,Completed
12666,4246,2023-08-16,Bank Transfer,Completed
12667,1119,2024-11-20,Credit Card,Completed
12668,3419,2024-12-06,Invoice,Completed
12669,1087,2024-11-26,Bank Transfer,Returned
12670,4164,2025-01-07,Credit Card,Completed
12671,2820,2023-02-09,PayPal,Completed
12672,155,2025-05-24,Credit Card,Returned
12673,3525,2025-05-25,Credit Card,Completed
12674,3898,2023-07-27,Credit Card,Completed
12675,2445,2025-01-08,Bank Transfer,Completed
12676,576,2025-01-06,PayPal,Completed
12677,4645,2025-04-29,Invoice,Cancelled
12678,2254,2023-06-06,PayPal,Completed
12679,4187,2025-03-10,Bank Transfer,Completed
12680,4284,2024-03-12,PayPal,Completed
12681,1662,2024-11-20,PayPal,Returned
12682,2669,2025-07-19,PayPal,Completed
12683,3393,2025-05-19,PayPal,Cancelled
12684,379,2023-08-02,Bank Transfer,Completed
12685,495,2025-01-31,Credit Card,Completed
12686,4753,2025-12-14,Bank Transfer,Completed
12687,791,2023-10-05,Credit Card,Returned
12688,2222,2025-09-28,PayPal,Completed
12689,2407,2025-05-16,Invoice,Completed
12690,2990,2025-07-19,Bank Transfer,Completed
12691,3552,2024-03-14,Bank Transfer,Completed
12692,4095,2024-03-21,Invoice,Completed
12693,2205,2025-11-09,Bank Transfer,Completed
12694,2811,2024-06-13,Credit Card,Completed
12695,4787,2023-04-29,Invoice,Cancelled
12696,1673,2025-02-11,Invoice,Completed
12697,2642,2023-08-12,Bank Transfer,Completed
12698,151,2025-08-08,PayPal,Completed
12699,1448,2025-03-23,Invoice,Returned
12700,797,2025-10-17,Invoice,Completed
12701,3855,2025-07-29,Invoice,Completed
12702,2722,2023-07-22,PayPal,Completed
12703,691,2024-07-08,Bank Transfer,Completed
12704,1422,2025-07-20,PayPal,Completed
12705,4144,2024-08-19,Credit Card,Completed
12706,4624,2025-12-16,Bank Transfer,Completed
12707,3428,2025-06-15,Invoice,Completed
12708,2917,2023-02-02,PayPal,Completed
12709,580,2025-10-22,Bank Transfer,Completed
12710,2847,2023-07-02,Credit Card,Completed
12711,4483,2023-09-08,PayPal,Cancelled
12712,739,2025-06-14,Credit Card,Completed
12713,3021,2025-10-09,Bank Transfer,Completed
12714,3883,2024-12-12,PayPal,Completed
12715,1864,2024-03-22,PayPal,Completed
12716,2526,2024-06-03,Invoice,Completed
12717,1316,2024-05-24,PayPal,Completed
12718,4118,2024-05-05,Invoice,Returned
12719,3572,2024-01-20,Invoice,Completed
12720,1526,2025-02-20,PayPal,Completed
12721,3422,2025-11-06,Credit Card,Returned
12722,131,2024-04-12,Invoice,Completed
12723,260,2023-11-16,PayPal,Completed
12724,3839,2025-09-15,PayPal,Completed
12725,553,2025-06-21,Credit Card,Completed
12726,3203,2025-11-23,Credit Card,Completed
12727,441,2023-10-20,PayPal,Completed
12728,2407,2023-09-14,PayPal,Completed
12729,4178,2024-12-15,Bank Transfer,Completed
12730,4085,2025-02-26,PayPal,Completed
12731,1720,2024-11-01,Bank Transfer,Completed
12732,1470,2025-02-09,Bank Transfer,Completed
12733,4777,2023-11-09,Bank Transfer,Completed
12734,3281,2024-10-31,Bank Transfer,Returned
12735,635,2025-04-07,Invoice,Completed
12736,1711,2024-09-06,Invoice,Completed
12737,69,2025-04-26,Credit Card,Completed
12738,4036,2024-09-28,Invoice,Completed
12739,742,2024-05-13,PayPal,Completed
12740,705,2024-04-08,Invoice,Returned
12741,4361,2024-08-12,Bank Transfer,Completed
12742,3384,2023-02-18,PayPal,Returned
12743,656,2025-04-16,PayPal,Completed
12744,4822,2025-09-21,Credit Card,Completed
12745,2044,2024-06-07,Credit Card,Completed
12746,4769,2023-03-31,Bank Transfer,Completed
12747,4427,2025-12-24,Invoice,Completed
12748,4395,2024-02-19,PayPal,Completed
12749,568,2023-08-15,Credit Card,Completed
12750,2183,2024-06-24,Credit Card,Completed
12751,1473,2025-06-18,PayPal,Completed
12752,2350,2024-03-28,PayPal,Completed
12753,1111,2025-01-13,PayPal,Returned
12754,751,2024-08-17,Invoice,Completed
12755,4495,2023-07-31,Credit Card,Completed
12756,631,2024-05-09,Bank Transfer,Completed
12757,1460,2025-06-05,Credit Card,Completed
12758,3478,2025-02-24,Credit Card,Completed
12759,4455,2023-08-04,PayPal,Completed
12760,2133,2023-10-16,PayPal,Completed
12761,885,2025-03-22,Bank Transfer,Completed
12762,810,2025-08-23,Credit Card,Completed
12763,2525,2024-06-01,Invoice,Completed
12764,176,2025-02-05,Invoice,Completed
12765,2780,2023-10-29,Bank Transfer,Completed
12766,4553,2024-04-17,Bank Transfer,Completed
12767,4700,2023-02-12,PayPal,Completed
12768,2944,2025-07-14,Credit Card,Completed
12769,2946,2024-07-31,PayPal,Completed
12770,352,2025-08-26,Bank Transfer,Completed
12771,4224,2025-05-22,Credit Card,Completed
12772,2312,2025-09-06,Credit Card,Completed
12773,2423,2024-03-18,Bank Transfer,Completed
12774,4347,2023-11-14,Invoice,Completed
12775,2426,2025-12-16,Invoice,Completed
12776,3881,2025-05-30,Invoice,Completed
12777,4600,2025-09-11,Credit Card,Completed
12778,4289,2023-01-28,PayPal,Cancelled
12779,273,2024-06-06,PayPal,Completed
12780,2716,2025-06-21,Credit Card,Completed
12781,3667,2023-05-25,Bank Transfer,Completed
12782,4521,2025-01-05,Bank Transfer,Completed
12783,4608,2024-09-02,PayPal,Completed
12784,3314,2023-02-07,Bank Transfer,Completed
12785,1481,2024-01-10,PayPal,Completed
12786,3814,2024-03-17,Bank Transfer,Completed
12787,4763,2023-07-21,PayPal,Returned
12788,2823,2025-03-14,Bank Transfer,Completed
12789,579,2024-01-19,Bank Transfer,Completed
12790,561,2024-03-09,Invoice,Completed
12791,2774,2025-11-05,Credit Card,Completed
12792,4122,2024-10-16,Invoice,Completed
12793,597,2024-07-21,Invoice,Completed
12794,2208,2025-06-05,Bank Transfer,Completed
12795,4513,2025-11-11,PayPal,Completed
12796,3251,2023-02-23,Credit Card,Completed
12797,4628,2024-09-24,PayPal,Completed
12798,4755,2025-02-22,Invoice,Completed
12799,1270,2024-04-25,Bank Transfer,Completed
12800,3320,2025-07-18,Invoice,Completed
12801,739,2025-12-16,Credit Card,Completed
12802,2150,2025-11-30,Bank Transfer,Completed
12803,2573,2024-02-23,Bank Transfer,Completed
12804,737,2023-12-28,Invoice,Completed
12805,2636,2025-12-08,Credit Card,Completed
12806,4623,2024-10-06,Credit Card,Completed
12807,1120,2023-12-09,Credit Card,Completed
12808,3434,2025-05-20,PayPal,Returned
12809,157,2024-03-17,Invoice,Completed
12810,2541,2024-02-24,PayPal,Completed
12811,4223,2025-10-21,PayPal,Completed
12812,1134,2023-10-15,Invoice,Returned
12813,131,2023-05-02,Bank Transfer,Completed
12814,4209,2024-02-27,Credit Card,Completed
12815,4801,2025-02-18,Invoice,Cancelled
12816,1108,2023-08-09,Credit Card,Completed
12817,2019,2024-10-22,PayPal,Completed
12818,4754,2025-03-10,Invoice,Completed
12819,1084,2025-09-24,Bank Transfer,Completed
12820,471,2024-01-01,Credit Card,Completed
12821,3707,2025-08-27,PayPal,Completed
12822,4295,2024-01-08,Bank Transfer,Completed
12823,1282,2025-04-23,Bank Transfer,Returned
12824,1135,2024-09-04,Bank Transfer,Completed
12825,2132,2023-07-26,Bank Transfer,Completed
12826,2045,2025-05-27,Invoice,Returned
12827,1448,2023-12-19,PayPal,Completed
12828,2075,2023-11-05,PayPal,Completed
12829,1672,2024-06-11,PayPal,Cancelled
12830,2103,2025-04-02,PayPal,Completed
12831,418,2024-01-07,Invoice,Completed
12832,473,2023-11-13,Credit Card,Completed
12833,548,2023-01-22,PayPal,Completed
12834,3484,2024-10-22,Credit Card,Completed
12835,932,2024-09-01,Credit Card,Completed
12836,3391,2024-01-07,Invoice,Completed
12837,1201,2023-04-13,Bank Transfer,Completed
12838,2960,2024-09-02,Invoice,Returned
12839,551,2025-08-01,Invoice,Completed
12840,2456,2025-05-28,Credit Card,Returned
12841,984,2025-10-05,Bank Transfer,Completed
12842,4177,2023-01-21,Credit Card,Completed
12843,4330,2025-12-13,PayPal,Completed
12844,1337,2024-05-22,Bank Transfer,Completed
12845,1469,2025-12-26,Bank Transfer,Completed
12846,2257,2024-02-03,Credit Card,Completed
12847,1848,2024-10-21,PayPal,Completed
12848,2044,2024-06-06,Bank Transfer,Completed
12849,2574,2024-06-08,Invoice,Returned
12850,2678,2025-09-18,Credit Card,Completed
12851,3280,2025-06-25,Bank Transfer,Completed
12852,2217,2025-12-27,Credit Card,Completed
12853,463,2025-02-25,PayPal,Completed
12854,2181,2024-10-12,PayPal,Returned
12855,2500,2023-06-14,Bank Transfer,Returned
12856,2795,2025-12-30,PayPal,Returned
12857,1385,2024-12-23,PayPal,Completed
12858,2820,2025-05-15,Invoice,Completed
12859,3288,2024-08-07,Credit Card,Completed
12860,437,2024-12-20,Bank Transfer,Completed
12861,1224,2025-11-29,PayPal,Cancelled
12862,1026,2023-10-22,Bank Transfer,Completed
12863,281,2024-03-26,PayPal,Completed
12864,3551,2023-09-27,PayPal,Completed
12865,1934,2025-08-05,Bank Transfer,Completed
12866,4407,2023-04-28,Invoice,Cancelled
12867,2473,2023-05-31,Bank Transfer,Completed
12868,1162,2024-04-02,PayPal,Completed
12869,418,2024-11-25,Invoice,Completed
12870,2868,2024-08-06,PayPal,Completed
12871,2017,2023-03-29,PayPal,Completed
12872,849,2025-12-08,Invoice,Cancelled
12873,1329,2025-12-05,PayPal,Completed
12874,3886,2024-03-11,Invoice,Returned
12875,467,2025-06-11,Credit Card,Completed
12876,628,2025-01-17,Bank Transfer,Completed
12877,2949,2024-01-12,Credit Card,Completed
12878,3696,2024-02-17,PayPal,Completed
12879,513,2024-11-09,Credit Card,Completed
12880,536,2024-08-21,PayPal,Completed
12881,1599,2024-03-24,Credit Card,Cancelled
12882,3148,2025-08-18,Bank Transfer,Completed
12883,4767,2024-11-01,Credit Card,Completed
12884,2723,2025-04-04,Bank Transfer,Completed
12885,719,2023-11-19,Invoice,Completed
12886,3524,2024-12-10,Credit Card,Completed
12887,3702,2024-04-25,PayPal,Completed
12888,4495,2024-12-04,Credit Card,Completed
12889,2282,2025-07-25,PayPal,Completed
12890,95,2025-07-15,Bank Transfer,Completed
12891,479,2024-06-06,Bank Transfer,Completed
12892,2420,2025-05-09,PayPal,Completed
12893,4004,2025-11-29,Credit Card,Completed
12894,2104,2025-03-09,PayPal,Completed
12895,4867,2023-09-21,Invoice,Completed
12896,789,2025-04-26,Bank Transfer,Completed
12897,3728,2023-07-09,Invoice,Completed
12898,3896,2025-10-15,Bank Transfer,Completed
12899,4450,2024-11-27,Bank Transfer,Completed
12900,3680,2024-07-12,Bank Transfer,Completed
12901,4671,2023-04-19,Invoice,Completed
12902,2052,2024-07-07,PayPal,Completed
12903,4030,2025-11-07,PayPal,Completed
12904,2955,2023-02-14,PayPal,Completed
12905,1317,2024-10-25,PayPal,Returned
12906,1867,2025-11-23,Invoice,Completed
12907,2942,2024-07-24,Invoice,Completed
12908,2207,2024-09-01,Invoice,Completed
12909,1178,2025-01-17,Bank Transfer,Completed
12910,148,2024-10-11,Invoice,Completed
12911,4072,2023-10-25,Bank Transfer,Returned
12912,1598,2023-02-09,Bank Transfer,Completed
12913,2137,2025-02-21,Bank Transfer,Completed
12914,4082,2025-11-17,Bank Transfer,Completed
12915,1873,2023-07-12,PayPal,Completed
12916,1671,2023-12-12,Invoice,Completed
12917,1381,2024-06-25,PayPal,Completed
12918,1084,2025-08-19,Bank Transfer,Completed
12919,2665,2024-02-27,Bank Transfer,Completed
12920,1458,2025-10-24,Credit Card,Cancelled
12921,613,2023-04-16,Credit Card,Completed
12922,3017,2025-11-29,Invoice,Cancelled
12923,2789,2024-12-29,Invoice,Completed
12924,876,2025-04-07,Bank Transfer,Completed
12925,1078,2024-06-22,PayPal,Returned
12926,501,2025-07-26,Invoice,Completed
12927,574,2023-10-22,PayPal,Completed
12928,4812,2023-04-05,Credit Card,Returned
12929,1944,2024-07-25,Invoice,Completed
12930,285,2025-09-28,Bank Transfer,Completed
12931,1128,2025-07-02,Credit Card,Returned
12932,3775,2024-11-28,Invoice,Completed
12933,3270,2025-01-10,PayPal,Completed
12934,3431,2023-08-21,Bank Transfer,Completed
12935,2367,2025-09-17,Credit Card,Returned
12936,4533,2025-07-31,Bank Transfer,Completed
12937,3130,2025-04-05,PayPal,Completed
12938,4002,2024-10-15,Bank Transfer,Completed
12939,2891,2025-12-12,Bank Transfer,Completed
12940,275,2025-10-21,PayPal,Completed
12941,1301,2025-03-26,Credit Card,Completed
12942,2614,2024-06-27,Bank Transfer,Cancelled
12943,2647,2025-03-02,PayPal,Completed
12944,1982,2025-01-14,PayPal,Completed
12945,1264,2024-07-23,Bank Transfer,Completed
12946,2455,2024-04-12,PayPal,Completed
12947,3145,2024-08-07,PayPal,Cancelled
12948,4480,2025-01-12,PayPal,Completed
12949,1462,2024-09-01,Credit Card,Completed
12950,279,2024-02-19,Credit Card,Completed
12951,2912,2025-07-08,Credit Card,Completed
12952,1324,2024-12-08,Credit Card,Completed
12953,1062,2023-05-07,Bank Transfer,Completed
12954,873,2024-06-23,Invoice,Completed
12955,119,2025-10-26,Bank Transfer,Completed
12956,450,2025-07-03,Credit Card,Completed
12957,3813,2024-05-01,Credit Card,Returned
12958,4323,2025-11-27,PayPal,Completed
12959,410,2023-05-22,Invoice,Completed
12960,2175,2025-12-10,Credit Card,Returned
12961,4117,2024-01-24,Credit Card,Completed
12962,2850,2023-01-20,Credit Card,Returned
12963,4148,2024-09-07,Bank Transfer,Completed
12964,2505,2024-06-12,Credit Card,Completed
12965,1664,2024-12-14,Bank Transfer,Completed
12966,11,2025-08-09,PayPal,Returned
12967,4999,2025-09-18,PayPal,Completed
12968,2555,2024-07-31,Bank Transfer,Cancelled
12969,4849,2024-09-03,PayPal,Cancelled
12970,1143,2023-09-21,PayPal,Completed
12971,4670,2023-04-03,Credit Card,Completed
12972,4576,2025-03-23,Invoice,Returned
12973,1574,2023-05-02,PayPal,Cancelled
12974,3549,2025-06-13,PayPal,Completed
12975,2908,2024-12-14,Credit Card,Completed
12976,4619,2023-11-28,Bank Transfer,Completed
12977,319,2024-12-14,Invoice,Returned
12978,2759,2023-11-12,Credit Card,Completed
12979,423,2024-09-13,Invoice,Returned
12980,3758,2025-08-11,Invoice,Completed
12981,1206,2024-10-10,PayPal,Completed
12982,1713,2023-09-22,Bank Transfer,Completed
12983,4044,2025-06-04,Bank Transfer,Returned
12984,1551,2023-11-16,PayPal,Cancelled
12985,2234,2025-06-18,Invoice,Completed
12986,2665,2024-10-31,PayPal,Completed
12987,405,2024-10-01,Bank Transfer,Completed
12988,2047,2025-09-26,Bank Transfer,Completed
12989,3296,2025-05-22,Bank Transfer,Completed
12990,4860,2023-03-09,PayPal,Completed
12991,1646,2024-03-30,Invoice,Returned
12992,1871,2025-10-14,Invoice,Completed
12993,3139,2023-02-08,Bank Transfer,Completed
12994,338,2024-12-18,PayPal,Completed
12995,3923,2025-06-08,Invoice,Completed
12996,4847,2025-03-05,Invoice,Returned
12997,1829,2025-07-07,Invoice,Completed
12998,2812,2025-06-06,Credit Card,Completed
12999,1845,2025-05-07,Invoice,Returned
13000,1444,2025-08-31,Credit Card,Completed
13001,2785,2025-03-27,Bank Transfer,Completed
13002,1224,2024-08-02,Invoice,Completed
13003,738,2024-10-22,PayPal,Completed
13004,291,2025-05-29,PayPal,Completed
13005,1253,2025-10-19,Invoice,Completed
13006,811,2024-03-02,Bank Transfer,Completed
13007,887,2024-05-23,Bank Transfer,Completed
13008,1179,2025-11-23,Invoice,Completed
13009,4012,2025-01-17,Bank Transfer,Completed
13010,4745,2023-11-08,PayPal,Completed
13011,418,2025-04-12,PayPal,Completed
13012,2645,2025-12-26,Credit Card,Completed
13013,1785,2025-09-01,Credit Card,Completed
13014,2281,2025-06-24,PayPal,Completed
13015,4842,2023-12-09,PayPal,Completed
13016,4802,2025-10-18,Bank Transfer,Completed
13017,377,2024-12-04,Bank Transfer,Completed
13018,3184,2025-10-30,PayPal,Cancelled
13019,265,2024-05-09,Invoice,Completed
13020,3820,2023-04-28,PayPal,Cancelled
13021,211,2024-10-27,Bank Transfer,Cancelled
13022,4543,2024-02-28,PayPal,Completed
13023,972,2025-05-28,Bank Transfer,Completed
13024,2653,2025-12-08,PayPal,Completed
13025,1465,2025-05-06,Credit Card,Returned
13026,2904,2025-10-28,Bank Transfer,Completed
13027,1497,2024-09-30,Bank Transfer,Completed
13028,1608,2025-07-17,PayPal,Completed
13029,162,2025-09-19,PayPal,Completed
13030,2174,2025-05-24,Bank Transfer,Completed
13031,3053,2024-11-21,PayPal,Completed
13032,2904,2025-03-09,Credit Card,Completed
13033,2944,2025-05-15,Invoice,Completed
13034,94,2024-02-04,Credit Card,Completed
13035,3769,2025-08-20,Invoice,Completed
13036,2211,2025-12-04,Invoice,Completed
13037,2784,2024-10-14,Bank Transfer,Completed
13038,2186,2025-05-15,Credit Card,Returned
13039,3006,2025-06-16,Credit Card,Completed
13040,3251,2025-04-10,PayPal,Completed
13041,3545,2024-12-20,Invoice,Completed
13042,2392,2025-10-23,Bank Transfer,Completed
13043,844,2024-09-25,Credit Card,Completed
13044,1466,2023-04-26,Credit Card,Completed
13045,3587,2025-09-20,PayPal,Completed
13046,4467,2025-04-21,Invoice,Completed
13047,871,2025-09-24,Bank Transfer,Completed
13048,2314,2023-09-04,Invoice,Completed
13049,4071,2023-03-05,PayPal,Completed
13050,85,2025-11-25,Invoice,Returned
13051,1253,2023-09-20,Invoice,Completed
13052,1774,2025-08-20,Credit Card,Completed
13053,3577,2025-09-01,PayPal,Completed
13054,2698,2025-05-22,Credit Card,Completed
13055,217,2023-08-23,PayPal,Completed
13056,4711,2025-04-15,Bank Transfer,Completed
13057,4222,2025-10-30,Invoice,Cancelled
13058,1528,2024-08-29,Credit Card,Completed
13059,221,2024-08-15,PayPal,Completed
13060,3930,2024-09-18,Invoice,Completed
13061,4290,2023-06-01,Invoice,Cancelled
13062,388,2025-11-01,Invoice,Completed
13063,2510,2025-10-12,Credit Card,Completed
13064,2258,2025-12-30,PayPal,Cancelled
13065,2135,2025-01-25,Bank Transfer,Completed
13066,1204,2025-06-29,Invoice,Completed
13067,2847,2023-12-03,Invoice,Completed
13068,2731,2025-04-15,Bank Transfer,Completed
13069,1133,2025-03-30,Credit Card,Completed
13070,2267,2025-11-06,Invoice,Completed
13071,3910,2025-09-08,Invoice,Completed
13072,160,2025-11-27,Invoice,Returned
13073,202,2025-10-12,Credit Card,Completed
13074,2700,2025-10-12,Bank Transfer,Completed
13075,834,2023-04-30,Credit Card,Completed
13076,4747,2025-09-22,PayPal,Cancelled
13077,962,2025-02-19,Bank Transfer,Completed
13078,2127,2024-07-07,Bank Transfer,Completed
13079,44,2023-04-18,Credit Card,Completed
13080,774,2025-04-24,PayPal,Completed
13081,42,2024-05-07,Invoice,Completed
13082,3984,2024-10-17,Credit Card,Completed
13083,3220,2025-04-28,Credit Card,Completed
13084,2418,2025-11-12,Bank Transfer,Completed
13085,3443,2025-09-03,PayPal,Completed
13086,4309,2024-09-27,Bank Transfer,Completed
13087,3102,2024-07-15,Bank Transfer,Completed
13088,4656,2024-01-15,PayPal,Completed
13089,4587,2024-06-27,Credit Card,Completed
13090,1937,2023-07-20,PayPal,Completed
13091,1613,2025-12-15,Credit Card,Returned
13092,4681,2025-01-12,Credit Card,Completed
13093,1990,2023-08-17,Credit Card,Completed
13094,1803,2024-06-05,PayPal,Completed
13095,3441,2024-12-19,Credit Card,Completed
13096,3647,2024-12-09,PayPal,Completed
13097,4238,2023-03-14,Bank Transfer,Completed
13098,3012,2025-12-04,PayPal,Completed
13099,2974,2024-03-06,PayPal,Completed
13100,4620,2023-02-04,Invoice,Completed
13101,890,2023-05-22,PayPal,Completed
13102,2174,2025-01-19,Bank Transfer,Completed
13103,1775,2023-09-03,Bank Transfer,Completed
13104,3673,2023-03-24,Invoice,Completed
13105,3266,2024-07-06,Credit Card,Completed
13106,4870,2025-03-06,Bank Transfer,Completed
13107,1919,2023-07-21,Bank Transfer,Completed
13108,1966,2024-04-19,Bank Transfer,Completed
13109,107,2024-08-20,Credit Card,Completed
13110,3611,2023-10-10,PayPal,Returned
13111,2812,2024-11-19,Credit Card,Completed
13112,3200,2023-06-06,Bank Transfer,Returned
13113,3717,2023-04-01,PayPal,Completed
13114,4489,2024-11-30,Credit Card,Completed
13115,2247,2024-01-27,Invoice,Completed
13116,1762,2023-06-23,Bank Transfer,Completed
13117,3002,2024-08-27,Invoice,Completed
13118,2721,2025-11-14,Bank Transfer,Completed
13119,2501,2025-06-05,Invoice,Completed
13120,1742,2025-08-25,Invoice,Completed
13121,252,2025-10-15,Invoice,Completed
13122,2447,2025-12-16,Credit Card,Returned
13123,280,2025-07-10,Credit Card,Returned
13124,3429,2025-02-20,Bank Transfer,Returned
13125,4557,2024-06-19,Bank Transfer,Returned
13126,11,2023-11-11,Bank Transfer,Completed
13127,4995,2025-05-02,Invoice,Completed
13128,2604,2025-12-29,Invoice,Completed
13129,3561,2024-10-17,Bank Transfer,Completed
13130,3500,2025-06-04,Credit Card,Completed
13131,1715,2024-11-11,PayPal,Completed
13132,3489,2024-09-05,Invoice,Completed
13133,4609,2024-08-11,Bank Transfer,Completed
13134,523,2024-11-18,Credit Card,Returned
13135,4088,2024-06-21,Bank Transfer,Completed
13136,4120,2025-06-27,Invoice,Completed
13137,1987,2025-10-17,Credit Card,Completed
13138,2928,2025-10-25,PayPal,Completed
13139,2524,2023-12-29,Credit Card,Completed
13140,1339,2025-11-03,Credit Card,Completed
13141,4981,2024-05-22,Invoice,Cancelled
13142,4304,2024-04-15,Bank Transfer,Completed
13143,4013,2025-06-07,Credit Card,Completed
13144,2413,2024-04-09,Credit Card,Completed
13145,3968,2023-04-12,Bank Transfer,Cancelled
13146,812,2024-06-29,Invoice,Completed
13147,3430,2025-06-02,PayPal,Completed
13148,705,2024-05-05,Bank Transfer,Completed
13149,4790,2025-03-12,Credit Card,Completed
13150,3914,2025-04-09,PayPal,Returned
13151,3053,2025-06-13,Invoice,Completed
13152,1385,2025-11-04,Bank Transfer,Completed
13153,2976,2024-09-06,Bank Transfer,Completed
13154,3828,2023-10-22,PayPal,Completed
13155,96,2024-04-26,Invoice,Completed
13156,4692,2024-09-05,PayPal,Returned
13157,4502,2025-05-27,Credit Card,Cancelled
13158,2512,2023-01-28,Invoice,Completed
13159,2263,2024-04-22,Bank Transfer,Cancelled
13160,1055,2025-07-24,Invoice,Cancelled
13161,264,2025-04-18,PayPal,Completed
13162,2706,2025-06-12,Invoice,Completed
13163,2960,2025-08-22,Bank Transfer,Completed
13164,1159,2025-07-28,Bank Transfer,Completed
13165,3235,2025-04-28,Invoice,Completed
13166,3340,2024-09-14,Bank Transfer,Completed
13167,952,2025-12-22,Bank Transfer,Cancelled
13168,4922,2025-01-07,Bank Transfer,Completed
13169,1707,2023-12-03,Credit Card,Completed
13170,280,2024-03-26,Invoice,Completed
13171,2962,2025-05-08,PayPal,Completed
13172,84,2025-11-19,Bank Transfer,Completed
13173,4347,2023-11-07,Credit Card,Completed
13174,4874,2023-06-01,Credit Card,Completed
13175,4013,2025-10-23,Invoice,Completed
13176,3463,2025-11-14,Bank Transfer,Completed
13177,3866,2024-03-07,Bank Transfer,Completed
13178,745,2024-07-03,PayPal,Completed
13179,1136,2025-04-09,Bank Transfer,Completed
13180,3272,2024-05-09,PayPal,Completed
13181,4175,2025-10-19,Credit Card,Completed
13182,1767,2023-07-14,PayPal,Completed
13183,2635,2023-03-18,Credit Card,Completed
13184,4396,2023-12-09,PayPal,Cancelled
13185,4957,2024-03-18,Credit Card,Completed
13186,1749,2023-07-23,Credit Card,Completed
13187,1265,2023-05-04,PayPal,Cancelled
13188,2555,2025-07-03,Invoice,Completed
13189,889,2023-10-18,Credit Card,Completed
13190,1005,2025-11-13,Invoice,Completed
13191,4678,2024-06-22,Bank Transfer,Completed
13192,3153,2025-04-18,Credit Card,Completed
13193,4319,2023-12-27,PayPal,Returned
13194,4908,2024-01-16,Bank Transfer,Completed
13195,3137,2025-01-13,Bank Transfer,Completed
13196,4628,2024-12-29,PayPal,Completed
13197,2006,2025-07-15,Credit Card,Completed
13198,392,2025-07-05,Bank Transfer,Completed
13199,439,2025-04-18,Invoice,Completed
13200,4782,2024-09-25,PayPal,Completed
13201,676,2025-10-31,Credit Card,Completed
13202,2119,2025-03-06,Credit Card,Completed
13203,1745,2025-12-26,Credit Card,Returned
13204,2730,2025-08-29,PayPal,Completed
13205,4656,2023-03-28,Credit Card,Completed
13206,4894,2024-04-28,Credit Card,Completed
13207,1547,2025-01-10,Invoice,Completed
13208,1277,2025-06-02,Invoice,Completed
13209,1616,2024-12-22,Invoice,Completed
13210,3877,2025-07-30,Credit Card,Completed
13211,2292,2024-03-14,PayPal,Completed
13212,458,2023-11-13,PayPal,Completed
13213,4509,2023-04-14,Invoice,Completed
13214,1699,2025-01-11,PayPal,Completed
13215,1072,2025-05-04,Credit Card,Completed
13216,1312,2024-05-04,PayPal,Completed
13217,3679,2025-02-25,Invoice,Completed
13218,1271,2023-04-11,Credit Card,Completed
13219,1255,2023-06-30,Credit Card,Completed
13220,1994,2025-05-16,PayPal,Completed
13221,1085,2024-06-22,Bank Transfer,Completed
13222,2736,2025-04-19,Bank Transfer,Completed
13223,2519,2025-09-09,Bank Transfer,Completed
13224,2559,2025-09-27,Bank Transfer,Completed
13225,3952,2023-10-31,Bank Transfer,Returned
13226,2178,2024-11-05,Invoice,Completed
13227,1434,2025-06-13,PayPal,Completed
13228,3682,2025-07-19,PayPal,Completed
13229,199,2025-07-29,Invoice,Completed
13230,4106,2023-12-30,PayPal,Completed
13231,4535,2023-11-22,Invoice,Completed
13232,1425,2025-01-30,Bank Transfer,Completed
13233,2192,2025-06-20,Bank Transfer,Completed
13234,50,2024-04-26,Credit Card,Completed
13235,4949,2023-07-09,Bank Transfer,Returned
13236,1349,2025-05-29,PayPal,Completed
13237,2758,2024-04-03,Invoice,Completed
13238,1491,2023-10-22,Credit Card,Completed
13239,3958,2023-09-20,Bank Transfer,Completed
13240,1826,2024-04-21,Credit Card,Completed
13241,3203,2025-02-02,Bank Transfer,Cancelled
13242,4886,2024-06-11,Invoice,Completed
13243,682,2023-02-13,Bank Transfer,Completed
13244,1769,2023-06-26,PayPal,Completed
13245,4523,2024-03-24,Invoice,Returned
13246,4690,2025-04-08,Credit Card,Completed
13247,4346,2023-06-28,Bank Transfer,Completed
13248,1039,2024-12-29,Invoice,Completed
13249,3117,2023-08-04,Credit Card,Completed
13250,1635,2023-12-12,PayPal,Completed
13251,4907,2023-10-31,Credit Card,Completed
13252,616,2023-05-06,Credit Card,Completed
13253,4680,2025-04-19,PayPal,Completed
13254,4608,2024-10-12,Invoice,Returned
13255,693,2025-09-08,Credit Card,Cancelled
13256,3555,2023-06-29,PayPal,Completed
13257,3469,2023-09-15,PayPal,Completed
13258,4375,2024-04-11,PayPal,Cancelled
13259,1033,2025-07-12,Invoice,Completed
13260,337,2024-04-10,PayPal,Completed
13261,3926,2024-08-09,PayPal,Completed
13262,718,2024-04-06,Credit Card,Cancelled
13263,3697,2023-05-28,Credit Card,Completed
13264,2382,2025-11-28,Credit Card,Completed
13265,224,2024-12-21,Bank Transfer,Completed
13266,4999,2025-08-01,Invoice,Completed
13267,738,2025-04-07,Invoice,Completed
13268,2483,2024-11-25,Credit Card,Completed
13269,3524,2023-06-13,Bank Transfer,Returned
13270,38,2025-03-24,Invoice,Completed
13271,4574,2023-10-03,Credit Card,Returned
13272,1880,2024-08-16,Bank Transfer,Completed
13273,1558,2025-03-12,Invoice,Completed
13274,2862,2025-07-27,PayPal,Returned
13275,3497,2025-05-01,PayPal,Completed
13276,421,2025-04-19,PayPal,Completed
13277,801,2023-09-22,Credit Card,Completed
13278,685,2024-05-28,Invoice,Completed
13279,1045,2023-03-26,Credit Card,Completed
13280,3837,2025-06-01,Credit Card,Completed
13281,3800,2025-12-05,PayPal,Returned
13282,3777,2024-02-20,Credit Card,Completed
13283,2927,2023-06-10,PayPal,Completed
13284,1589,2024-10-26,Credit Card,Returned
13285,1953,2025-10-01,Invoice,Completed
13286,2840,2024-12-23,Bank Transfer,Completed
13287,1558,2023-04-02,Credit Card,Completed
13288,2014,2025-12-17,Bank Transfer,Returned
13289,4122,2025-09-06,Credit Card,Returned
13290,719,2023-08-24,PayPal,Completed
13291,4627,2025-11-18,Credit Card,Completed
13292,3387,2024-09-27,PayPal,Completed
13293,3102,2024-06-27,Bank Transfer,Completed
13294,4557,2024-10-09,PayPal,Completed
13295,4442,2025-09-11,PayPal,Completed
13296,3210,2025-04-08,Credit Card,Returned
13297,1588,2023-04-23,Credit Card,Completed
13298,2477,2025-12-08,Invoice,Returned
13299,552,2023-09-20,Credit Card,Completed
13300,4552,2025-06-24,PayPal,Completed
13301,1586,2025-03-18,Invoice,Completed
13302,1854,2023-11-17,Credit Card,Completed
13303,4670,2023-10-29,PayPal,Completed
13304,2134,2025-10-13,Bank Transfer,Cancelled
13305,3898,2024-08-22,Credit Card,Completed
13306,3314,2025-04-04,Bank Transfer,Completed
13307,4438,2024-11-18,Bank Transfer,Completed
13308,4494,2025-06-08,Credit Card,Completed
13309,338,2024-10-30,Bank Transfer,Cancelled
13310,2390,2024-03-20,Invoice,Completed
13311,3709,2024-06-17,Credit Card,Returned
13312,4212,2025-10-03,Invoice,Completed
13313,1531,2024-10-17,PayPal,Completed
13314,2485,2023-12-14,Bank Transfer,Returned
13315,305,2025-11-25,Bank Transfer,Completed
13316,4169,2025-08-08,Bank Transfer,Completed
13317,607,2023-04-17,Invoice,Completed
13318,265,2025-12-31,Bank Transfer,Returned
13319,4565,2025-05-10,Invoice,Completed
13320,1383,2023-10-11,Invoice,Completed
13321,1508,2024-01-11,Bank Transfer,Completed
13322,1473,2025-05-07,Bank Transfer,Completed
13323,3045,2025-07-24,PayPal,Completed
13324,125,2024-01-14,Invoice,Cancelled
13325,2588,2024-02-09,PayPal,Completed
13326,4438,2024-04-12,Bank Transfer,Cancelled
13327,2878,2025-02-08,Invoice,Completed
13328,4674,2023-10-31,Invoice,Completed
13329,399,2023-07-08,PayPal,Returned
13330,4575,2025-04-25,PayPal,Completed
13331,2700,2025-07-24,Invoice,Cancelled
13332,3046,2024-11-16,Credit Card,Completed
13333,4890,2024-06-17,Invoice,Completed
13334,2375,2024-09-05,PayPal,Cancelled
13335,474,2024-07-16,Bank Transfer,Completed
13336,3208,2025-12-09,Bank Transfer,Returned
13337,178,2025-07-14,PayPal,Completed
13338,3423,2023-12-09,PayPal,Completed
13339,2966,2024-07-11,Bank Transfer,Completed
13340,2233,2024-12-17,Invoice,Completed
13341,2715,2025-02-25,PayPal,Completed
13342,3988,2024-10-18,Credit Card,Completed
13343,4134,2025-08-21,Invoice,Completed
13344,1558,2025-07-14,PayPal,Completed
13345,4447,2024-11-19,Bank Transfer,Completed
13346,3459,2025-09-29,PayPal,Completed
13347,4307,2025-06-29,PayPal,Cancelled
13348,4926,2025-07-23,PayPal,Completed
13349,2026,2025-12-07,Invoice,Completed
13350,4419,2024-02-23,Credit Card,Completed
13351,155,2024-02-25,Invoice,Completed
13352,3821,2025-10-30,Bank Transfer,Cancelled
13353,2992,2025-07-18,Invoice,Completed
13354,3870,2025-11-21,Invoice,Completed
13355,4957,2023-04-29,PayPal,Returned
13356,844,2025-03-11,Credit Card,Completed
13357,1778,2023-09-15,Bank Transfer,Completed
13358,148,2024-11-18,Invoice,Completed
13359,3715,2023-10-04,PayPal,Completed
13360,4557,2023-08-18,PayPal,Returned
13361,1339,2023-01-26,Bank Transfer,Completed
13362,1916,2025-03-13,Invoice,Completed
13363,2636,2024-06-12,Bank Transfer,Completed
13364,10,2023-07-10,Invoice,Completed
13365,740,2024-04-30,PayPal,Completed
13366,3775,2023-10-26,Invoice,Completed
13367,2125,2025-11-29,Invoice,Completed
13368,2892,2024-04-27,Invoice,Completed
13369,2915,2024-05-13,Credit Card,Completed
13370,3704,2025-09-16,PayPal,Completed
13371,2709,2025-03-29,Bank Transfer,Completed
13372,3793,2025-05-23,Invoice,Completed
13373,670,2025-03-18,PayPal,Completed
13374,428,2025-12-01,Invoice,Completed
13375,1689,2023-12-07,Credit Card,Completed
13376,1401,2025-12-25,Credit Card,Completed
13377,1547,2025-09-08,Credit Card,Returned
13378,761,2025-01-29,PayPal,Completed
13379,4494,2025-04-11,PayPal,Completed
13380,3428,2025-03-29,Credit Card,Completed
13381,275,2023-04-21,Bank Transfer,Completed
13382,2588,2023-12-19,Credit Card,Completed
13383,174,2025-12-10,Bank Transfer,Completed
13384,2635,2024-12-10,Credit Card,Completed
13385,2341,2024-07-04,Bank Transfer,Completed
13386,3923,2025-07-09,PayPal,Completed
13387,4445,2024-12-03,Credit Card,Returned
13388,973,2023-01-28,PayPal,Completed
13389,278,2025-06-16,Bank Transfer,Completed
13390,2729,2025-06-12,Credit Card,Completed
13391,4575,2023-10-20,Credit Card,Completed
13392,3943,2025-12-07,Bank Transfer,Completed
13393,4851,2023-12-25,Credit Card,Completed
13394,3864,2024-10-05,Invoice,Completed
13395,3387,2023-07-26,Invoice,Completed
13396,1813,2025-02-14,PayPal,Completed
13397,2176,2024-07-01,Bank Transfer,Completed
13398,337,2024-06-05,PayPal,Completed
13399,3887,2025-09-05,PayPal,Completed
13400,4297,2023-01-21,Bank Transfer,Completed
13401,972,2025-08-10,Bank Transfer,Completed
13402,4968,2025-01-09,Invoice,Completed
13403,1010,2025-12-24,Credit Card,Completed
13404,1427,2025-01-29,Credit Card,Completed
13405,3553,2023-04-16,Bank Transfer,Completed
13406,2787,2023-04-08,Bank Transfer,Completed
13407,1559,2025-10-25,Bank Transfer,Completed
13408,4175,2025-09-17,Credit Card,Returned
13409,1173,2024-05-27,Bank Transfer,Completed
13410,4719,2025-03-02,PayPal,Completed
13411,3978,2024-11-07,PayPal,Completed
13412,4880,2025-12-13,Bank Transfer,Cancelled
13413,1816,2025-12-04,PayPal,Completed
13414,1917,2025-12-22,PayPal,Cancelled
13415,3090,2025-10-10,PayPal,Completed
13416,4893,2025-11-11,Bank Transfer,Completed
13417,1691,2023-12-18,Credit Card,Completed
13418,286,2025-09-08,PayPal,Completed
13419,3763,2025-05-22,Invoice,Completed
13420,1457,2025-12-11,PayPal,Returned
13421,980,2025-01-09,Bank Transfer,Returned
13422,4862,2023-06-06,PayPal,Completed
13423,1193,2025-02-07,Bank Transfer,Cancelled
13424,396,2025-05-02,Invoice,Completed
13425,1237,2023-12-22,Invoice,Cancelled
13426,2486,2024-07-23,Credit Card,Completed
13427,2167,2025-02-09,PayPal,Completed
13428,1449,2024-06-29,Bank Transfer,Completed
13429,3027,2024-06-30,Invoice,Completed
13430,4880,2023-08-26,Invoice,Completed
13431,2703,2025-11-28,Invoice,Completed
13432,3989,2025-06-28,Invoice,Completed
13433,2094,2023-01-03,PayPal,Completed
13434,1293,2025-07-12,Bank Transfer,Completed
13435,1984,2025-06-19,Invoice,Completed
13436,1371,2023-01-21,Credit Card,Completed
13437,1228,2024-06-24,Bank Transfer,Completed
13438,1689,2025-02-18,PayPal,Completed
13439,1283,2024-09-29,PayPal,Completed
13440,4509,2025-07-23,PayPal,Completed
13441,315,2024-08-29,Bank Transfer,Completed
13442,2842,2023-09-30,PayPal,Completed
13443,3428,2025-12-18,Bank Transfer,Completed
13444,1679,2024-01-19,PayPal,Completed
13445,3670,2025-05-30,PayPal,Completed
13446,4455,2023-09-12,Credit Card,Completed
13447,143,2024-05-08,Credit Card,Completed
13448,3674,2024-09-17,Bank Transfer,Completed
13449,956,2023-11-22,PayPal,Returned
13450,1102,2024-09-26,Bank Transfer,Completed
13451,3370,2023-10-06,Bank Transfer,Completed
13452,3901,2024-12-28,PayPal,Completed
13453,2842,2025-04-12,Invoice,Returned
13454,1511,2023-04-28,Bank Transfer,Completed
13455,1248,2025-10-14,Invoice,Completed
13456,2329,2023-11-14,Invoice,Completed
13457,992,2023-12-27,PayPal,Completed
13458,1305,2025-04-10,Bank Transfer,Cancelled
13459,4133,2024-10-18,PayPal,Completed
13460,578,2024-11-15,PayPal,Completed
13461,3977,2023-08-18,Credit Card,Cancelled
13462,2295,2025-08-17,Credit Card,Completed
13463,3465,2025-03-01,Bank Transfer,Cancelled
13464,2385,2023-08-30,Bank Transfer,Completed
13465,3079,2024-06-29,Invoice,Completed
13466,4176,2025-08-21,Credit Card,Completed
13467,2735,2025-01-06,Invoice,Completed
13468,735,2023-07-16,PayPal,Completed
13469,246,2024-06-28,Credit Card,Completed
13470,2582,2024-01-19,PayPal,Completed
13471,918,2024-11-28,PayPal,Completed
13472,2668,2025-09-19,Bank Transfer,Completed
13473,2766,2024-09-10,PayPal,Completed
13474,3799,2024-09-07,Bank Transfer,Completed
13475,997,2025-11-09,PayPal,Completed
13476,3752,2025-01-15,Bank Transfer,Completed
13477,2194,2025-01-03,PayPal,Completed
13478,3563,2024-02-17,Invoice,Completed
13479,3892,2025-02-19,Invoice,Completed
13480,4151,2025-01-14,Credit Card,Completed
13481,2767,2024-07-26,Bank Transfer,Completed
13482,1139,2025-12-26,Bank Transfer,Completed
13483,4214,2025-10-24,Bank Transfer,Completed
13484,751,2025-06-27,PayPal,Completed
13485,1781,2024-12-12,PayPal,Completed
13486,771,2024-10-10,Credit Card,Completed
13487,66,2023-11-14,Bank Transfer,Completed
13488,2246,2024-04-10,Credit Card,Returned
13489,2585,2025-07-19,PayPal,Completed
13490,2430,2024-10-01,PayPal,Completed
13491,1593,2025-10-24,Credit Card,Completed
13492,3647,2023-09-20,Credit Card,Completed
13493,1571,2024-11-21,Credit Card,Returned
13494,4457,2025-03-28,Bank Transfer,Cancelled
13495,2907,2024-11-27,Credit Card,Completed
13496,4296,2025-10-30,Credit Card,Completed
13497,3607,2025-12-26,PayPal,Completed
13498,3292,2023-07-28,Credit Card,Completed
13499,1301,2023-08-21,Bank Transfer,Completed
13500,481,2023-08-21,Bank Transfer,Cancelled
13501,701,2025-04-27,Credit Card,Completed
13502,1054,2024-06-28,PayPal,Completed
13503,583,2025-06-13,Credit Card,Completed
13504,1611,2024-08-05,Credit Card,Completed
13505,280,2025-03-11,Bank Transfer,Returned
13506,648,2025-07-16,Bank Transfer,Completed
13507,79,2024-12-20,Invoice,Completed
13508,760,2024-12-14,Credit Card,Completed
13509,3681,2023-06-11,Bank Transfer,Completed
13510,4634,2024-08-11,PayPal,Completed
13511,3673,2024-12-19,PayPal,Completed
13512,3498,2024-10-10,PayPal,Completed
13513,631,2025-11-06,PayPal,Completed
13514,772,2025-11-09,Bank Transfer,Completed
13515,4083,2025-08-31,Credit Card,Completed
13516,3429,2024-07-01,Bank Transfer,Completed
13517,1865,2025-05-30,PayPal,Completed
13518,664,2024-07-24,Invoice,Completed
13519,3694,2024-01-05,PayPal,Completed
13520,3292,2024-05-24,Invoice,Completed
13521,3840,2023-05-13,Credit Card,Completed
13522,2839,2024-05-11,Invoice,Cancelled
13523,954,2024-10-09,Credit Card,Completed
13524,1047,2025-12-07,Credit Card,Completed
13525,3837,2024-04-19,Invoice,Completed
13526,3982,2025-11-07,Invoice,Returned
13527,2918,2023-12-31,Credit Card,Cancelled
13528,3282,2023-11-20,Invoice,Completed
13529,4624,2024-11-29,Invoice,Completed
13530,4043,2025-04-20,Credit Card,Completed
13531,4744,2023-03-29,Invoice,Completed
13532,3494,2023-12-22,PayPal,Completed
13533,2465,2024-10-03,Invoice,Completed
13534,2593,2024-05-10,Invoice,Completed
13535,3844,2025-05-25,Credit Card,Completed
13536,1078,2024-11-23,Credit Card,Completed
13537,1486,2023-10-11,PayPal,Cancelled
13538,741,2025-11-03,Credit Card,Completed
13539,152,2024-03-26,PayPal,Completed
13540,4422,2025-06-11,Bank Transfer,Completed
13541,2185,2025-07-25,Invoice,Completed
13542,3713,2025-12-11,PayPal,Completed
13543,2208,2024-11-14,Credit Card,Cancelled
13544,2312,2025-02-28,PayPal,Completed
13545,4094,2024-05-15,Credit Card,Completed
13546,292,2025-04-25,Invoice,Returned
13547,2108,2024-10-12,Credit Card,Completed
13548,944,2024-09-12,Invoice,Returned
13549,809,2025-09-30,PayPal,Completed
13550,545,2023-04-07,Invoice,Completed
13551,1283,2025-10-24,PayPal,Completed
13552,928,2025-09-27,PayPal,Completed
13553,1117,2024-11-20,Bank Transfer,Completed
13554,4687,2024-11-08,Bank Transfer,Completed
13555,3974,2024-06-15,Credit Card,Completed
13556,1882,2025-12-28,PayPal,Completed
13557,3668,2023-07-20,Bank Transfer,Completed
13558,10,2025-01-30,PayPal,Completed
13559,2864,2025-04-28,Bank Transfer,Completed
13560,3353,2025-11-25,PayPal,Completed
13561,4191,2025-07-25,Credit Card,Completed
13562,4798,2025-03-25,Bank Transfer,Completed
13563,2582,2023-07-30,Bank Transfer,Cancelled
13564,3326,2024-06-29,Credit Card,Completed
13565,2268,2023-09-05,Invoice,Completed
13566,2007,2025-10-23,Credit Card,Completed
13567,3449,2025-06-27,Bank Transfer,Completed
13568,4149,2025-07-05,Invoice,Completed
13569,498,2025-04-02,Invoice,Completed
13570,2300,2024-11-20,Bank Transfer,Completed
13571,2621,2023-09-24,Invoice,Completed
13572,533,2024-05-08,Credit Card,Completed
13573,2343,2023-09-02,Invoice,Completed
13574,3923,2025-06-05,Credit Card,Completed
13575,4149,2023-10-11,PayPal,Completed
13576,3363,2025-05-16,PayPal,Completed
13577,1778,2025-05-07,Bank Transfer,Completed
13578,4312,2024-10-07,Bank Transfer,Completed
13579,2588,2023-08-30,Bank Transfer,Completed
13580,4911,2024-04-21,PayPal,Completed
13581,880,2024-04-27,Invoice,Returned
13582,3547,2025-05-15,Bank Transfer,Completed
13583,1581,2023-07-24,Bank Transfer,Completed
13584,2766,2025-09-06,Credit Card,Completed
13585,1347,2025-07-08,Invoice,Completed
13586,339,2023-11-15,Bank Transfer,Completed
13587,3909,2025-05-31,Bank Transfer,Completed
13588,2198,2025-04-16,PayPal,Cancelled
13589,1091,2025-06-26,PayPal,Completed
13590,3897,2023-11-18,Bank Transfer,Cancelled
13591,4429,2023-10-07,Credit Card,Completed
13592,1756,2024-01-10,Bank Transfer,Completed
13593,3765,2024-06-20,Credit Card,Completed
13594,4979,2025-08-06,Invoice,Returned
13595,4717,2025-06-17,Invoice,Completed
13596,3071,2025-11-20,Credit Card,Completed
13597,3409,2023-04-22,Invoice,Returned
13598,3922,2023-01-25,Credit Card,Completed
13599,3965,2025-05-13,PayPal,Completed
13600,2346,2024-03-10,Invoice,Completed
13601,778,2024-05-14,PayPal,Completed
13602,2499,2024-12-19,Bank Transfer,Returned
13603,3516,2023-07-05,Invoice,Completed
13604,2387,2025-03-24,Invoice,Completed
13605,3117,2024-05-03,Credit Card,Completed
13606,1754,2025-03-15,Bank Transfer,Completed
13607,3420,2025-09-11,PayPal,Completed
13608,397,2023-10-30,Credit Card,Completed
13609,4633,2025-11-23,Credit Card,Completed
13610,3957,2024-12-07,PayPal,Completed
13611,2923,2025-11-18,PayPal,Cancelled
13612,4122,2023-12-08,Bank Transfer,Completed
13613,3328,2025-02-15,Bank Transfer,Returned
13614,3605,2024-08-03,Invoice,Completed
13615,4715,2025-07-19,Credit Card,Completed
13616,210,2025-02-17,Credit Card,Completed
13617,848,2024-11-11,Invoice,Completed
13618,3789,2025-11-13,Bank Transfer,Completed
13619,3898,2024-07-03,Invoice,Completed
13620,1862,2023-12-21,PayPal,Completed
13621,399,2025-02-19,PayPal,Completed
13622,1928,2025-03-07,Invoice,Completed
13623,2889,2024-09-14,Credit Card,Completed
13624,1651,2024-11-05,PayPal,Completed
13625,3332,2025-12-09,PayPal,Completed
13626,577,2025-06-12,Credit Card,Completed
13627,1383,2023-07-19,PayPal,Completed
13628,1057,2023-12-13,Invoice,Completed
13629,2746,2025-12-18,Invoice,Cancelled
13630,1317,2025-06-07,PayPal,Completed
13631,430,2025-11-14,Bank Transfer,Completed
13632,702,2024-04-08,Invoice,Completed
13633,3732,2025-06-21,Credit Card,Completed
13634,942,2025-05-27,Bank Transfer,Completed
13635,3764,2024-03-29,Invoice,Completed
13636,2762,2024-12-22,PayPal,Completed
13637,4616,2025-03-10,Invoice,Returned
13638,115,2024-11-01,Credit Card,Completed
13639,2133,2025-09-05,PayPal,Returned
13640,3524,2025-09-10,Bank Transfer,Completed
13641,1012,2025-09-26,Bank Transfer,Completed
13642,330,2025-08-15,Bank Transfer,Completed
13643,1167,2024-11-06,Credit Card,Completed
13644,2424,2024-07-08,Bank Transfer,Completed
13645,930,2025-09-09,Invoice,Completed
13646,2819,2024-11-08,PayPal,Completed
13647,3762,2024-01-25,Bank Transfer,Completed
13648,351,2024-11-20,Bank Transfer,Completed
13649,4992,2023-09-10,Credit Card,Completed
13650,1126,2025-05-07,Credit Card,Completed
13651,3739,2024-05-16,Credit Card,Completed
13652,1149,2024-02-15,Bank Transfer,Completed
13653,3760,2025-12-07,Bank Transfer,Completed
13654,1410,2025-07-22,Credit Card,Completed
13655,4760,2025-07-31,Bank Transfer,Completed
13656,2109,2025-03-07,PayPal,Completed
13657,3287,2025-09-15,PayPal,Completed
13658,4044,2025-07-06,Bank Transfer,Completed
13659,171,2025-02-09,Invoice,Completed
13660,2929,2025-12-10,Credit Card,Completed
13661,362,2023-11-21,Bank Transfer,Completed
13662,3289,2025-11-30,PayPal,Completed
13663,2884,2024-07-31,PayPal,Completed
13664,3858,2024-12-06,Bank Transfer,Completed
13665,3510,2023-08-09,Invoice,Completed
13666,1431,2024-12-14,Invoice,Completed
13667,1438,2025-02-23,Bank Transfer,Completed
13668,2825,2025-12-30,Credit Card,Cancelled
13669,1512,2025-12-18,Credit Card,Completed
13670,3785,2025-12-13,Invoice,Completed
13671,2574,2024-05-30,Credit Card,Completed
13672,265,2025-12-27,PayPal,Completed
13673,849,2024-10-03,Bank Transfer,Completed
13674,3738,2025-09-27,Bank Transfer,Completed
13675,996,2023-12-17,Bank Transfer,Completed
13676,76,2024-11-19,Bank Transfer,Completed
13677,4408,2025-12-13,Invoice,Returned
13678,4494,2025-12-02,Bank Transfer,Returned
13679,2032,2025-04-30,Bank Transfer,Completed
13680,3845,2025-08-10,Credit Card,Completed
13681,2182,2023-11-05,Bank Transfer,Returned
13682,854,2025-06-03,Credit Card,Completed
13683,1230,2025-03-02,PayPal,Completed
13684,3506,2023-06-17,Invoice,Completed
13685,645,2023-07-23,PayPal,Completed
13686,729,2023-07-15,Credit Card,Completed
13687,2964,2025-06-05,PayPal,Completed
13688,3705,2023-09-10,PayPal,Completed
13689,1651,2024-10-17,Credit Card,Returned
13690,4695,2024-06-09,PayPal,Completed
13691,1650,2024-12-22,PayPal,Completed
13692,3788,2025-05-20,Credit Card,Completed
13693,1047,2025-05-01,PayPal,Cancelled
13694,2722,2024-11-26,Bank Transfer,Completed
13695,172,2024-10-13,Credit Card,Cancelled
13696,321,2024-07-27,Bank Transfer,Completed
13697,2299,2025-10-06,Bank Transfer,Cancelled
13698,1983,2024-05-10,PayPal,Completed
13699,4534,2024-02-13,PayPal,Completed
13700,2444,2025-06-22,Bank Transfer,Completed
13701,3227,2024-06-13,Credit Card,Completed
13702,2426,2025-09-22,PayPal,Completed
13703,1081,2024-05-06,Credit Card,Completed
13704,4668,2025-05-16,Bank Transfer,Completed
13705,1410,2023-03-30,Bank Transfer,Returned
13706,811,2024-07-13,Bank Transfer,Completed
13707,4683,2024-05-24,Credit Card,Completed
13708,2984,2025-08-26,Invoice,Completed
13709,1241,2025-12-13,Bank Transfer,Cancelled
13710,1825,2024-10-09,Bank Transfer,Completed
13711,3488,2025-09-03,Bank Transfer,Completed
13712,2855,2025-05-14,Bank Transfer,Completed
13713,4365,2025-12-13,Bank Transfer,Returned
13714,4438,2025-08-21,PayPal,Completed
13715,4380,2023-05-24,Credit Card,Completed
13716,1235,2025-05-26,Bank Transfer,Completed
13717,1685,2024-12-11,Invoice,Completed
13718,1863,2023-02-04,Credit Card,Completed
13719,521,2024-02-01,Invoice,Completed
13720,2770,2025-11-18,Credit Card,Completed
13721,1776,2025-11-20,Credit Card,Completed
13722,2020,2025-08-10,Invoice,Completed
13723,3066,2025-12-21,PayPal,Completed
13724,2109,2025-08-17,Invoice,Completed
13725,3382,2023-01-22,Invoice,Completed
13726,1607,2024-03-20,PayPal,Completed
13727,4007,2023-03-05,Credit Card,Completed
13728,2366,2023-06-21,Bank Transfer,Completed
13729,672,2023-12-20,PayPal,Cancelled
13730,16,2024-11-18,Bank Transfer,Completed
13731,916,2025-09-23,Invoice,Completed
13732,3435,2025-10-06,Credit Card,Completed
13733,4904,2025-02-28,Bank Transfer,Completed
13734,1900,2025-11-21,Invoice,Completed
13735,1122,2024-11-15,PayPal,Completed
13736,3275,2025-10-30,Bank Transfer,Completed
13737,4621,2024-10-01,Credit Card,Completed
13738,4034,2024-03-08,Bank Transfer,Completed
13739,3750,2025-11-15,Credit Card,Returned
13740,1861,2024-07-16,Credit Card,Completed
13741,1678,2024-11-18,Invoice,Completed
13742,555,2024-05-08,Bank Transfer,Completed
13743,993,2025-04-11,Bank Transfer,Completed
13744,4158,2025-12-29,Credit Card,Completed
13745,3032,2023-02-24,PayPal,Completed
13746,2939,2025-11-06,Credit Card,Completed
13747,2856,2023-01-09,PayPal,Completed
13748,1287,2024-06-18,Bank Transfer,Completed
13749,419,2023-10-25,Invoice,Cancelled
13750,821,2025-07-04,PayPal,Completed
13751,3431,2023-04-08,Credit Card,Completed
13752,1545,2024-12-24,PayPal,Completed
13753,3835,2024-03-29,Invoice,Completed
13754,1345,2023-08-27,Bank Transfer,Completed
13755,3957,2025-07-17,Credit Card,Completed
13756,4129,2023-12-18,Bank Transfer,Completed
13757,559,2023-12-25,Invoice,Completed
13758,4909,2024-03-06,Invoice,Completed
13759,3621,2025-01-26,Bank Transfer,Completed
13760,2405,2025-04-08,PayPal,Completed
13761,3258,2023-02-07,PayPal,Completed
13762,375,2024-01-18,Bank Transfer,Completed
13763,1202,2024-09-04,Bank Transfer,Completed
13764,2085,2024-05-11,Credit Card,Completed
13765,1151,2025-10-26,Invoice,Completed
13766,3635,2025-08-01,Invoice,Completed
13767,2444,2025-03-09,Invoice,Completed
13768,2017,2024-05-18,Credit Card,Completed
13769,4781,2025-05-15,Invoice,Completed
13770,3081,2025-09-19,Credit Card,Completed
13771,3339,2025-02-04,Credit Card,Completed
13772,3319,2025-07-29,Invoice,Completed
13773,4743,2025-06-27,PayPal,Completed
13774,4554,2025-01-10,Invoice,Completed
13775,4760,2024-04-18,Bank Transfer,Completed
13776,3483,2025-06-24,Credit Card,Completed
13777,2536,2023-12-07,PayPal,Completed
13778,3516,2025-07-24,Invoice,Completed
13779,3118,2025-08-16,PayPal,Completed
13780,4192,2025-08-31,Invoice,Returned
13781,487,2024-10-23,Invoice,Completed
13782,2770,2023-11-22,Credit Card,Completed
13783,725,2023-07-01,PayPal,Completed
13784,3021,2025-06-22,Invoice,Completed
13785,2642,2025-10-28,PayPal,Returned
13786,1421,2025-03-31,Credit Card,Completed
13787,3359,2023-09-14,PayPal,Cancelled
13788,368,2025-11-25,Credit Card,Completed
13789,2679,2025-12-25,Bank Transfer,Returned
13790,4129,2024-09-07,Invoice,Completed
13791,1050,2025-02-04,Invoice,Completed
13792,4738,2025-07-22,Bank Transfer,Completed
13793,268,2025-06-16,PayPal,Completed
13794,3831,2025-12-14,Credit Card,Completed
13795,2686,2023-07-26,Invoice,Completed
13796,1679,2025-01-20,PayPal,Completed
13797,2989,2025-05-07,PayPal,Completed
13798,2449,2025-10-31,Bank Transfer,Cancelled
13799,3655,2025-10-17,Invoice,Returned
13800,2516,2025-12-19,Bank Transfer,Completed
13801,273,2024-11-24,PayPal,Completed
13802,2176,2025-09-08,PayPal,Completed
13803,1301,2024-08-31,Bank Transfer,Completed
13804,4619,2024-08-25,PayPal,Completed
13805,445,2024-02-04,Credit Card,Completed
13806,868,2025-08-28,PayPal,Completed
13807,4901,2025-12-24,PayPal,Completed
13808,200,2024-02-08,Bank Transfer,Completed
13809,3910,2023-04-18,PayPal,Completed
13810,3667,2025-08-25,Bank Transfer,Completed
13811,419,2025-03-04,Bank Transfer,Completed
13812,1294,2025-12-09,Bank Transfer,Cancelled
13813,2670,2024-02-02,Bank Transfer,Completed
13814,1443,2023-05-13,Bank Transfer,Completed
13815,3633,2024-11-10,Bank Transfer,Completed
13816,1167,2023-06-06,PayPal,Completed
13817,3074,2024-02-16,Credit Card,Completed
13818,1611,2023-08-14,Invoice,Cancelled
13819,914,2023-12-26,Bank Transfer,Returned
13820,3269,2023-07-11,Invoice,Completed
13821,2127,2025-12-06,Bank Transfer,Completed
13822,98,2024-03-10,Credit Card,Completed
13823,891,2024-09-19,Invoice,Completed
13824,795,2025-11-05,Invoice,Returned
13825,2179,2025-04-24,Bank Transfer,Completed
13826,3493,2025-03-02,PayPal,Completed
13827,4811,2025-05-19,Credit Card,Completed
13828,1177,2025-09-06,Bank Transfer,Completed
13829,205,2025-10-20,Credit Card,Cancelled
13830,1159,2025-03-24,Credit Card,Cancelled
13831,1774,2025-10-31,Bank Transfer,Completed
13832,1252,2024-12-11,Bank Transfer,Completed
13833,1087,2024-03-08,Invoice,Completed
13834,1467,2025-10-22,Credit Card,Completed
13835,4182,2024-12-15,Bank Transfer,Completed
13836,3600,2025-11-09,Bank Transfer,Completed
13837,2881,2023-03-21,PayPal,Completed
13838,2540,2024-07-27,Bank Transfer,Completed
13839,4151,2025-12-02,Credit Card,Completed
13840,2203,2024-01-30,Credit Card,Completed
13841,2351,2025-11-29,PayPal,Completed
13842,531,2025-12-06,PayPal,Completed
13843,3459,2025-10-24,Credit Card,Completed
13844,3867,2025-01-01,PayPal,Completed
13845,672,2025-03-28,Credit Card,Completed
13846,3115,2025-10-13,Bank Transfer,Completed
13847,2492,2025-07-21,Credit Card,Completed
13848,1587,2025-03-13,Bank Transfer,Completed
13849,3918,2025-12-22,Invoice,Completed
13850,761,2025-05-01,Credit Card,Cancelled
13851,570,2025-12-18,Bank Transfer,Completed
13852,629,2023-04-20,Credit Card,Returned
13853,3452,2023-09-05,Invoice,Completed
13854,4963,2024-09-28,Invoice,Completed
13855,4408,2024-07-12,PayPal,Returned
13856,357,2025-07-27,Invoice,Returned
13857,1161,2023-10-12,Invoice,Completed
13858,2422,2025-12-18,Bank Transfer,Completed
13859,853,2024-04-21,Bank Transfer,Completed
13860,961,2024-09-02,Credit Card,Completed
13861,627,2024-03-05,PayPal,Completed
13862,363,2025-01-18,Invoice,Completed
13863,347,2023-04-22,PayPal,Completed
13864,2722,2023-09-23,Credit Card,Completed
13865,4302,2025-06-24,Invoice,Completed
13866,4434,2023-11-16,Credit Card,Completed
13867,3916,2024-01-09,PayPal,Completed
13868,215,2025-08-05,Credit Card,Completed
13869,1172,2023-06-20,Invoice,Completed
13870,3729,2024-09-12,PayPal,Cancelled
13871,3071,2023-02-18,PayPal,Completed
13872,3589,2024-05-29,Invoice,Completed
13873,4682,2025-05-13,Bank Transfer,Completed
13874,385,2023-06-14,Credit Card,Completed
13875,2420,2025-10-29,Invoice,Completed
13876,3093,2025-11-11,Credit Card,Completed
13877,4756,2023-07-09,Invoice,Completed
13878,3575,2025-12-26,Invoice,Completed
13879,976,2024-04-01,Invoice,Completed
13880,4344,2023-06-04,Credit Card,Cancelled
13881,4182,2023-01-11,Bank Transfer,Completed
13882,2050,2024-08-09,Credit Card,Completed
13883,2721,2025-03-13,Invoice,Completed
13884,1545,2024-05-11,Bank Transfer,Completed
13885,4622,2025-09-13,PayPal,Completed
13886,1762,2025-05-29,Bank Transfer,Completed
13887,172,2024-06-01,Bank Transfer,Completed
13888,4624,2025-06-14,Invoice,Completed
13889,3083,2025-11-28,Credit Card,Completed
13890,2073,2023-06-19,Bank Transfer,Completed
13891,350,2024-04-11,PayPal,Completed
13892,4285,2024-10-12,Bank Transfer,Completed
13893,2120,2024-11-14,PayPal,Completed
13894,2041,2024-12-16,Invoice,Returned
13895,1238,2024-04-04,Bank Transfer,Completed
13896,1904,2025-04-15,PayPal,Completed
13897,39,2025-03-26,PayPal,Completed
13898,87,2025-01-16,Invoice,Completed
13899,3442,2023-07-24,Invoice,Completed
13900,1945,2024-10-28,PayPal,Completed
13901,2783,2024-06-09,Credit Card,Completed
13902,3527,2024-11-08,Invoice,Completed
13903,4330,2025-11-18,Credit Card,Completed
13904,1483,2024-11-01,Bank Transfer,Completed
13905,3161,2023-01-30,Credit Card,Completed
13906,2414,2024-09-13,Invoice,Completed
13907,2568,2025-08-30,Credit Card,Returned
13908,4695,2025-07-25,Invoice,Completed
13909,2746,2024-11-25,Credit Card,Completed
13910,3415,2024-01-30,Credit Card,Completed
13911,4640,2024-10-14,PayPal,Completed
13912,818,2025-01-01,Bank Transfer,Completed
13913,38,2025-12-31,Credit Card,Completed
13914,3220,2025-03-25,PayPal,Returned
13915,4494,2025-05-09,Bank Transfer,Completed
13916,948,2024-11-09,Credit Card,Completed
13917,3542,2024-06-06,Bank Transfer,Completed
13918,1317,2025-08-23,Bank Transfer,Completed
13919,4390,2024-11-11,Invoice,Completed
13920,4447,2025-12-29,PayPal,Completed
13921,396,2024-10-05,Bank Transfer,Completed
13922,1803,2023-05-08,PayPal,Completed
13923,4091,2025-04-29,Invoice,Cancelled
13924,1742,2023-04-01,Credit Card,Completed
13925,2661,2024-01-31,Credit Card,Completed
13926,4935,2024-06-06,Credit Card,Returned
13927,4154,2025-06-18,Credit Card,Completed
13928,2526,2024-11-11,Invoice,Completed
13929,2720,2023-03-02,Credit Card,Completed
13930,2341,2025-03-01,PayPal,Completed
13931,3476,2024-08-12,Bank Transfer,Completed
13932,1826,2025-11-18,Invoice,Returned
13933,4126,2024-11-15,Bank Transfer,Completed
13934,3361,2025-05-22,Invoice,Returned
13935,2715,2023-12-20,Credit Card,Cancelled
13936,4668,2025-07-08,Invoice,Completed
13937,1579,2025-06-02,PayPal,Completed
13938,1087,2025-11-08,Invoice,Completed
13939,1985,2023-03-11,PayPal,Cancelled
13940,2008,2024-09-23,Credit Card,Completed
13941,1455,2025-04-26,Credit Card,Completed
13942,4847,2023-06-23,PayPal,Completed
13943,4530,2024-08-11,Credit Card,Completed
13944,4841,2025-11-29,PayPal,Completed
13945,218,2024-09-10,Invoice,Completed
13946,415,2025-12-23,Credit Card,Completed
13947,3825,2023-04-19,Bank Transfer,Completed
13948,2586,2025-05-30,PayPal,Completed
13949,438,2025-01-20,Invoice,Completed
13950,4091,2024-11-15,Invoice,Completed
13951,2870,2025-12-15,PayPal,Completed
13952,1679,2023-08-20,Credit Card,Completed
13953,2596,2025-11-03,Invoice,Returned
13954,1345,2025-05-06,Bank Transfer,Completed
13955,4666,2024-02-12,Bank Transfer,Completed
13956,2616,2025-11-07,Credit Card,Completed
13957,2408,2024-09-02,Bank Transfer,Completed
13958,1149,2025-08-24,Credit Card,Completed
13959,3905,2024-07-17,Credit Card,Completed
13960,3179,2025-09-26,Credit Card,Completed
13961,694,2025-03-19,Invoice,Completed
13962,522,2023-09-09,Invoice,Completed
13963,2138,2025-03-30,PayPal,Completed
13964,4998,2023-11-21,PayPal,Completed
13965,2125,2024-08-13,Credit Card,Completed
13966,3852,2023-10-28,Invoice,Completed
13967,3502,2023-02-16,Credit Card,Completed
13968,1943,2023-12-13,Invoice,Completed
13969,1336,2024-12-12,PayPal,Completed
13970,2125,2024-11-02,Invoice,Cancelled
13971,2154,2024-11-16,PayPal,Completed
13972,2713,2024-01-27,Invoice,Completed
13973,3085,2025-05-01,Credit Card,Completed
13974,3191,2025-05-18,Invoice,Completed
13975,2310,2024-06-11,PayPal,Completed
13976,2346,2025-10-23,Bank Transfer,Completed
13977,23,2025-03-25,Credit Card,Completed
13978,1854,2025-05-26,Invoice,Completed
13979,2584,2024-03-08,Credit Card,Completed
13980,1410,2023-01-02,Bank Transfer,Completed
13981,1863,2025-10-09,PayPal,Returned
13982,1565,2025-09-01,PayPal,Completed
13983,1109,2023-08-09,Bank Transfer,Completed
13984,4933,2024-06-29,Bank Transfer,Completed
13985,2694,2025-04-10,Invoice,Returned
13986,4180,2025-04-01,Bank Transfer,Completed
13987,4089,2025-10-04,PayPal,Completed
13988,3612,2023-09-07,Invoice,Completed
13989,1402,2024-09-03,PayPal,Completed
13990,740,2023-06-26,Credit Card,Completed
13991,231,2024-07-18,Invoice,Completed
13992,3441,2023-02-02,Invoice,Completed
13993,1123,2025-11-05,Credit Card,Completed
13994,1994,2024-12-05,PayPal,Returned
13995,3080,2025-09-25,PayPal,Completed
13996,2415,2023-04-24,PayPal,Completed
13997,4722,2023-12-29,Credit Card,Completed
13998,3591,2024-02-13,Credit Card,Completed
13999,1908,2024-07-14,Credit Card,Completed
14000,1935,2025-08-14,Bank Transfer,Completed
14001,3750,2024-07-14,Invoice,Completed
14002,1138,2023-12-05,PayPal,Completed
14003,1632,2023-05-03,Credit Card,Completed
14004,2731,2023-05-27,Invoice,Completed
14005,3583,2025-07-07,Bank Transfer,Completed
14006,2791,2024-09-20,Bank Transfer,Completed
14007,1184,2025-06-07,PayPal,Completed
14008,116,2025-04-28,Invoice,Completed
14009,3762,2023-08-30,Invoice,Completed
14010,4597,2023-09-12,Invoice,Completed
14011,3156,2025-07-03,PayPal,Completed
14012,4361,2025-06-02,Credit Card,Completed
14013,2066,2024-07-04,Bank Transfer,Completed
14014,452,2023-05-24,Invoice,Completed
14015,3004,2023-01-26,Invoice,Completed
14016,4474,2024-03-21,PayPal,Completed
14017,3335,2023-01-20,Bank Transfer,Completed
14018,817,2024-01-01,Credit Card,Completed
14019,4105,2024-08-22,Invoice,Completed
14020,3055,2023-08-06,Invoice,Completed
14021,2719,2023-07-08,PayPal,Completed
14022,2427,2025-11-04,Invoice,Completed
14023,1338,2025-01-25,PayPal,Completed
14024,3319,2025-11-25,PayPal,Completed
14025,3805,2024-05-27,Credit Card,Completed
14026,1243,2025-04-24,Bank Transfer,Completed
14027,3672,2023-12-05,Credit Card,Completed
14028,425,2025-03-02,Invoice,Completed
14029,2147,2023-08-20,Bank Transfer,Completed
14030,4728,2023-01-05,Credit Card,Completed
14031,359,2025-11-23,PayPal,Completed
14032,3785,2024-12-25,Credit Card,Completed
14033,4055,2025-11-21,Invoice,Completed
14034,2504,2024-05-13,Invoice,Completed
14035,3953,2024-05-06,Bank Transfer,Completed
14036,2633,2024-07-31,Bank Transfer,Completed
14037,4643,2025-05-20,Invoice,Completed
14038,4004,2025-01-03,Credit Card,Completed
14039,749,2025-11-20,Invoice,Cancelled
14040,2930,2023-02-23,PayPal,Returned
14041,602,2025-05-22,Invoice,Completed
14042,1532,2024-05-09,Credit Card,Completed
14043,4188,2023-11-09,PayPal,Completed
14044,4956,2024-11-23,Invoice,Completed
14045,1121,2024-11-19,Invoice,Completed
14046,2850,2023-09-02,Invoice,Completed
14047,2084,2023-12-02,Invoice,Completed
14048,4950,2024-08-08,PayPal,Completed
14049,746,2024-08-09,Credit Card,Completed
14050,3985,2024-04-24,PayPal,Completed
14051,2253,2023-09-21,Bank Transfer,Completed
14052,668,2023-01-10,Bank Transfer,Completed
14053,2003,2025-12-15,PayPal,Completed
14054,4730,2025-11-30,Invoice,Completed
14055,1214,2024-11-03,Credit Card,Completed
14056,137,2025-12-29,PayPal,Completed
14057,4418,2025-04-21,Bank Transfer,Completed
14058,4992,2023-05-09,Invoice,Completed
14059,3167,2023-07-31,Invoice,Completed
14060,3596,2025-11-15,Bank Transfer,Returned
14061,1993,2025-03-13,Invoice,Completed
14062,1024,2025-09-19,PayPal,Returned
14063,4349,2025-11-05,Credit Card,Returned
14064,2343,2024-09-24,PayPal,Returned
14065,4228,2023-04-05,Credit Card,Returned
14066,1397,2023-11-18,Invoice,Completed
14067,4109,2023-05-05,Bank Transfer,Completed
14068,1787,2023-11-18,PayPal,Completed
14069,608,2024-08-11,Credit Card,Completed
14070,2528,2023-08-01,Invoice,Completed
14071,1773,2023-10-22,Bank Transfer,Completed
14072,3130,2024-09-21,Invoice,Completed
14073,3962,2024-05-21,Bank Transfer,Completed
14074,3422,2024-10-17,Invoice,Completed
14075,3184,2024-09-02,Bank Transfer,Completed
14076,1041,2025-03-26,Credit Card,Completed
14077,2034,2025-11-26,Credit Card,Completed
14078,746,2023-07-14,Invoice,Completed
14079,1402,2023-06-30,Invoice,Completed
14080,2260,2025-09-28,Invoice,Completed
14081,1326,2024-11-20,Bank Transfer,Completed
14082,1695,2025-07-12,PayPal,Completed
14083,2459,2023-12-16,Credit Card,Completed
14084,1792,2025-09-06,Invoice,Completed
14085,4974,2025-11-19,Invoice,Completed
14086,1356,2025-03-18,Invoice,Cancelled
14087,4372,2023-07-11,Credit Card,Completed
14088,2520,2025-11-03,Invoice,Completed
14089,1637,2025-08-05,Invoice,Completed
14090,1177,2025-06-29,Invoice,Cancelled
14091,3249,2023-03-16,Bank Transfer,Completed
14092,2254,2025-08-11,Bank Transfer,Completed
14093,1084,2023-09-03,PayPal,Completed
14094,2034,2023-12-24,Invoice,Completed
14095,4765,2025-01-16,PayPal,Completed
14096,733,2024-02-21,Credit Card,Completed
14097,2492,2025-04-10,Invoice,Completed
14098,718,2025-02-19,Credit Card,Returned
14099,2090,2023-07-15,Bank Transfer,Completed
14100,487,2025-04-05,PayPal,Completed
14101,182,2025-11-19,Invoice,Completed
14102,2993,2023-10-13,PayPal,Completed
14103,507,2025-02-07,Credit Card,Completed
14104,4072,2024-05-23,PayPal,Returned
14105,292,2024-10-08,Invoice,Completed
14106,3668,2024-03-20,Bank Transfer,Returned
14107,4763,2024-06-06,PayPal,Completed
14108,907,2023-03-02,Credit Card,Completed
14109,2287,2025-12-21,Credit Card,Completed
14110,1331,2025-03-08,Credit Card,Completed
14111,201,2024-11-16,PayPal,Completed
14112,658,2024-07-11,Invoice,Completed
14113,4558,2024-12-14,Bank Transfer,Completed
14114,185,2024-07-06,Credit Card,Completed
14115,1416,2024-06-13,Bank Transfer,Cancelled
14116,4158,2024-10-13,Bank Transfer,Returned
14117,2984,2024-03-07,Credit Card,Completed
14118,1338,2023-11-09,PayPal,Returned
14119,2918,2024-12-26,PayPal,Cancelled
14120,2684,2025-09-19,Credit Card,Completed
14121,1538,2023-09-29,Credit Card,Returned
14122,1939,2023-03-09,Bank Transfer,Completed
14123,4627,2024-01-25,PayPal,Completed
14124,2984,2025-12-20,Invoice,Completed
14125,422,2025-09-06,Bank Transfer,Returned
14126,1266,2025-02-06,Credit Card,Returned
14127,651,2025-11-22,Invoice,Completed
14128,3180,2024-09-21,Invoice,Completed
14129,2603,2025-12-22,Invoice,Completed
14130,635,2024-03-30,Bank Transfer,Cancelled
14131,616,2024-01-16,PayPal,Completed
14132,1371,2025-03-20,Credit Card,Completed
14133,1314,2024-07-04,Credit Card,Completed
14134,2801,2025-03-09,Credit Card,Completed
14135,474,2024-04-10,Credit Card,Returned
14136,3130,2025-03-02,PayPal,Completed
14137,3219,2024-03-06,Credit Card,Completed
14138,706,2023-04-09,PayPal,Completed
14139,2192,2025-11-12,Invoice,Completed
14140,713,2025-10-25,Credit Card,Completed
14141,3750,2025-12-15,Bank Transfer,Completed
14142,1646,2025-05-29,Credit Card,Completed
14143,892,2025-04-29,Credit Card,Completed
14144,1914,2024-12-28,PayPal,Completed
14145,2469,2023-08-14,Credit Card,Returned
14146,635,2023-11-19,PayPal,Completed
14147,3550,2024-03-22,Invoice,Completed
14148,2168,2025-10-31,Invoice,Cancelled
14149,3130,2023-11-01,Credit Card,Completed
14150,3611,2025-11-18,Bank Transfer,Completed
14151,3600,2024-12-02,Bank Transfer,Completed
14152,3263,2025-05-28,Bank Transfer,Returned
14153,1833,2023-07-18,PayPal,Completed
14154,275,2024-02-27,PayPal,Completed
14155,2081,2025-12-08,Credit Card,Completed
14156,1553,2024-02-23,Bank Transfer,Completed
14157,2135,2024-03-31,Credit Card,Completed
14158,2356,2023-11-27,Bank Transfer,Completed
14159,4036,2023-08-19,PayPal,Completed
14160,4985,2024-01-06,Bank Transfer,Returned
14161,4945,2025-03-24,Bank Transfer,Completed
14162,4777,2024-10-03,Bank Transfer,Completed
14163,4366,2024-12-24,Credit Card,Completed
14164,695,2023-08-08,Credit Card,Completed
14165,111,2025-08-13,PayPal,Completed
14166,3308,2025-07-28,Bank Transfer,Completed
14167,4668,2023-02-15,PayPal,Completed
14168,487,2024-07-10,Credit Card,Returned
14169,3711,2023-05-09,Invoice,Completed
14170,2858,2025-08-04,Invoice,Completed
14171,2964,2025-06-16,PayPal,Completed
14172,3981,2025-11-07,PayPal,Completed
14173,678,2024-01-10,PayPal,Completed
14174,3713,2024-10-04,Bank Transfer,Completed
14175,2836,2023-11-14,Invoice,Completed
14176,51,2024-06-26,Bank Transfer,Completed
14177,3286,2024-12-01,Credit Card,Completed
14178,2461,2023-04-13,PayPal,Completed
14179,352,2025-05-27,Invoice,Completed
14180,3125,2024-12-17,Invoice,Completed
14181,4238,2025-09-06,Credit Card,Completed
14182,2490,2024-03-02,Credit Card,Completed
14183,3332,2025-11-08,PayPal,Completed
14184,140,2025-12-31,Invoice,Completed
14185,3406,2025-11-16,Bank Transfer,Completed
14186,3850,2025-07-23,Credit Card,Completed
14187,4621,2025-08-23,Bank Transfer,Completed
14188,4669,2025-01-12,PayPal,Completed
14189,2123,2023-11-20,Credit Card,Completed
14190,1266,2025-04-24,PayPal,Completed
14191,257,2025-05-26,Credit Card,Returned
14192,1337,2025-12-23,Invoice,Completed
14193,1886,2024-12-15,Invoice,Completed
14194,4059,2024-03-01,Invoice,Completed
14195,1743,2025-04-30,Bank Transfer,Completed
14196,426,2025-12-20,Credit Card,Completed
14197,2337,2023-11-06,Credit Card,Completed
14198,2369,2024-05-04,PayPal,Returned
14199,1142,2024-12-16,PayPal,Cancelled
14200,268,2023-10-28,Invoice,Completed
14201,1339,2023-02-17,PayPal,Cancelled
14202,2263,2024-05-17,Invoice,Completed
14203,828,2025-10-09,Bank Transfer,Completed
14204,4169,2023-03-27,PayPal,Returned
14205,927,2024-09-02,Bank Transfer,Completed
14206,388,2025-07-09,Invoice,Completed
14207,4091,2025-12-05,Bank Transfer,Completed
14208,344,2025-12-23,Bank Transfer,Completed
14209,2650,2024-08-24,Bank Transfer,Completed
14210,1196,2025-12-04,Invoice,Completed
14211,3117,2023-03-13,Invoice,Completed
14212,2888,2025-06-24,Invoice,Completed
14213,1453,2025-03-24,Bank Transfer,Completed
14214,581,2024-01-29,Invoice,Completed
14215,175,2024-11-20,Credit Card,Returned
14216,3061,2023-08-20,PayPal,Completed
14217,4428,2025-10-14,Invoice,Completed
14218,2049,2024-06-10,Bank Transfer,Completed
14219,4082,2025-03-09,Invoice,Completed
14220,2285,2023-10-09,PayPal,Completed
14221,3362,2023-12-07,Credit Card,Returned
14222,2375,2025-12-27,PayPal,Completed
14223,1809,2025-07-01,Bank Transfer,Cancelled
14224,3875,2025-12-10,Bank Transfer,Completed
14225,1976,2024-03-30,PayPal,Completed
14226,1238,2023-10-19,Bank Transfer,Cancelled
14227,1526,2024-11-17,Credit Card,Completed
14228,926,2024-11-11,Bank Transfer,Completed
14229,2817,2023-11-03,Invoice,Returned
14230,2231,2025-06-13,Credit Card,Completed
14231,2454,2024-06-15,Bank Transfer,Completed
14232,1489,2023-11-16,Invoice,Completed
14233,1862,2024-05-11,PayPal,Completed
14234,3639,2025-01-01,PayPal,Completed
14235,1315,2025-06-07,PayPal,Completed
14236,4879,2024-11-02,PayPal,Completed
14237,2571,2024-12-04,Invoice,Returned
14238,1596,2023-09-05,Bank Transfer,Completed
14239,2116,2025-11-14,PayPal,Completed
14240,4454,2025-11-22,Bank Transfer,Completed
14241,1102,2025-04-29,PayPal,Completed
14242,2780,2023-02-07,Credit Card,Completed
14243,266,2024-12-12,PayPal,Completed
14244,2833,2025-03-12,Credit Card,Completed
14245,759,2025-12-29,Bank Transfer,Completed
14246,2310,2025-12-29,PayPal,Completed
14247,489,2025-10-02,Bank Transfer,Returned
14248,4311,2023-05-01,Bank Transfer,Completed
14249,1929,2025-12-05,Bank Transfer,Completed
14250,1396,2025-02-24,Invoice,Completed
14251,3278,2025-08-12,Invoice,Completed
14252,4852,2024-08-07,PayPal,Returned
14253,2839,2024-04-27,Invoice,Completed
14254,3790,2024-10-12,PayPal,Completed
14255,3201,2023-09-19,PayPal,Completed
14256,4125,2024-06-10,Credit Card,Completed
14257,3383,2025-10-02,Bank Transfer,Completed
14258,2655,2023-03-18,PayPal,Completed
14259,2418,2023-09-25,Bank Transfer,Completed
14260,433,2023-08-13,Bank Transfer,Cancelled
14261,1210,2024-08-02,Bank Transfer,Completed
14262,4819,2025-12-30,Credit Card,Completed
14263,3024,2023-11-02,Bank Transfer,Completed
14264,3656,2023-09-16,Invoice,Completed
14265,1790,2025-11-14,PayPal,Completed
14266,615,2025-10-24,Credit Card,Completed
14267,2906,2023-03-08,Bank Transfer,Completed
14268,3065,2025-06-29,Bank Transfer,Completed
14269,1997,2025-04-04,PayPal,Completed
14270,2416,2025-07-14,PayPal,Completed
14271,261,2024-11-11,Credit Card,Completed
14272,1452,2025-12-27,Bank Transfer,Completed
14273,4674,2023-03-28,Invoice,Completed
14274,2484,2024-01-07,Credit Card,Completed
14275,1445,2024-07-26,Invoice,Completed
14276,3049,2024-09-26,Bank Transfer,Completed
14277,3269,2025-11-18,PayPal,Completed
14278,1046,2024-12-29,PayPal,Completed
14279,1289,2023-03-30,Credit Card,Completed
14280,4532,2024-08-08,Bank Transfer,Completed
14281,4036,2024-08-18,PayPal,Completed
14282,3576,2025-12-12,Credit Card,Returned
14283,1578,2025-02-09,Bank Transfer,Completed
14284,4176,2025-03-18,Bank Transfer,Completed
14285,1030,2025-05-26,Credit Card,Completed
14286,4053,2025-07-16,Credit Card,Cancelled
14287,2882,2025-03-17,PayPal,Completed
14288,4332,2024-01-11,PayPal,Completed
14289,241,2025-10-17,Credit Card,Returned
14290,4820,2025-06-12,PayPal,Completed
14291,737,2025-06-21,Credit Card,Completed
14292,4497,2025-12-30,Invoice,Completed
14293,2372,2025-08-14,PayPal,Completed
14294,2707,2025-09-07,Bank Transfer,Completed
14295,2952,2025-12-04,Invoice,Completed
14296,706,2023-09-26,Credit Card,Completed
14297,4091,2024-11-13,PayPal,Cancelled
14298,3570,2025-01-20,Bank Transfer,Returned
14299,2244,2024-05-08,PayPal,Returned
14300,1079,2025-09-16,Invoice,Completed
14301,4229,2025-07-09,Credit Card,Completed
14302,3486,2025-06-02,Bank Transfer,Completed
14303,4680,2025-12-30,PayPal,Completed
14304,3491,2024-02-13,Bank Transfer,Completed
14305,4476,2025-06-15,Invoice,Completed
14306,128,2024-12-23,Credit Card,Completed
14307,1900,2024-04-19,Bank Transfer,Completed
14308,2129,2023-10-12,Credit Card,Completed
14309,4603,2025-11-03,Credit Card,Completed
14310,1308,2025-02-05,Invoice,Completed
14311,1294,2025-09-03,Credit Card,Completed
14312,4909,2024-12-18,PayPal,Cancelled
14313,3180,2023-12-21,Bank Transfer,Completed
14314,4641,2024-05-18,Credit Card,Completed
14315,1114,2024-07-08,Credit Card,Returned
14316,1207,2025-12-16,Invoice,Returned
14317,2090,2023-01-12,Credit Card,Completed
14318,4951,2025-12-23,Bank Transfer,Completed
14319,967,2025-12-21,Bank Transfer,Completed
14320,4269,2025-12-29,Invoice,Completed
14321,3695,2024-10-27,PayPal,Completed
14322,1527,2025-12-11,PayPal,Completed
14323,3373,2024-07-25,Invoice,Completed
14324,3468,2023-02-25,Invoice,Completed
14325,2729,2023-12-26,Invoice,Completed
14326,1008,2025-12-01,PayPal,Completed
14327,16,2023-01-30,PayPal,Completed
14328,345,2024-12-19,Invoice,Completed
14329,2379,2023-05-21,Invoice,Completed
14330,1729,2024-03-19,Credit Card,Returned
14331,3323,2023-06-11,Invoice,Completed
14332,1672,2025-10-04,Credit Card,Completed
14333,2844,2025-01-31,Credit Card,Completed
14334,4562,2025-11-07,Bank Transfer,Returned
14335,2360,2025-05-04,Bank Transfer,Completed
14336,1804,2025-12-15,PayPal,Completed
14337,2542,2024-11-22,Invoice,Completed
14338,2117,2025-03-20,Invoice,Completed
14339,2539,2025-01-15,Invoice,Completed
14340,1725,2024-11-04,Invoice,Completed
14341,1818,2025-09-22,PayPal,Cancelled
14342,3638,2025-03-26,Bank Transfer,Cancelled
14343,3326,2025-08-13,Credit Card,Completed
14344,2648,2025-07-30,PayPal,Completed
14345,1365,2023-11-20,Credit Card,Completed
14346,2893,2025-03-31,Invoice,Completed
14347,806,2023-11-30,Bank Transfer,Completed
14348,3760,2025-01-23,Credit Card,Completed
14349,1851,2025-04-24,PayPal,Returned
14350,1726,2025-12-30,Credit Card,Completed
14351,4095,2023-03-05,Invoice,Completed
14352,2967,2023-06-16,Credit Card,Completed
14353,2193,2023-05-23,Credit Card,Cancelled
14354,922,2024-07-28,Credit Card,Completed
14355,1500,2025-08-31,Bank Transfer,Completed
14356,4048,2025-09-20,Credit Card,Completed
14357,2886,2025-06-16,Bank Transfer,Completed
14358,949,2025-11-04,Bank Transfer,Completed
14359,630,2024-04-30,Invoice,Completed
14360,4510,2023-06-11,Credit Card,Returned
14361,1914,2023-04-21,Credit Card,Returned
14362,656,2025-09-27,Bank Transfer,Completed
14363,3246,2025-06-10,Credit Card,Completed
14364,1135,2025-05-13,PayPal,Completed
14365,3547,2024-05-20,Credit Card,Completed
14366,2923,2024-07-06,Credit Card,Completed
14367,535,2025-12-08,PayPal,Completed
14368,4946,2023-05-01,Credit Card,Completed
14369,53,2025-07-19,Credit Card,Cancelled
14370,4801,2024-04-15,PayPal,Cancelled
14371,4144,2023-03-20,Bank Transfer,Cancelled
14372,4095,2025-06-21,Credit Card,Completed
14373,2674,2024-05-10,Bank Transfer,Completed
14374,1818,2025-06-03,Bank Transfer,Completed
14375,637,2025-05-21,Credit Card,Completed
14376,4226,2024-12-10,Credit Card,Completed
14377,4930,2025-07-22,PayPal,Completed
14378,1078,2025-01-20,Credit Card,Completed
14379,1661,2024-03-19,PayPal,Completed
14380,4879,2025-06-14,Invoice,Completed
14381,2253,2025-01-29,Credit Card,Completed
14382,4940,2023-01-27,Credit Card,Completed
14383,646,2025-11-07,Credit Card,Completed
14384,3376,2024-12-18,PayPal,Returned
14385,285,2025-10-12,Credit Card,Completed
14386,1277,2025-10-24,Bank Transfer,Completed
14387,3061,2024-09-20,PayPal,Completed
14388,3697,2024-11-21,Bank Transfer,Completed
14389,3462,2024-08-17,Invoice,Returned
14390,4287,2024-09-26,Credit Card,Completed
14391,1398,2025-11-03,Invoice,Completed
14392,806,2025-08-01,PayPal,Completed
14393,2365,2023-08-15,Credit Card,Completed
14394,4363,2025-02-22,Invoice,Completed
14395,4876,2025-12-29,PayPal,Completed
14396,1287,2025-02-05,Bank Transfer,Completed
14397,247,2025-07-30,PayPal,Completed
14398,4983,2025-07-15,Invoice,Completed
14399,1194,2024-06-02,Credit Card,Completed
14400,2663,2024-06-27,PayPal,Completed
14401,711,2025-06-05,Bank Transfer,Completed
14402,4504,2024-11-15,Invoice,Cancelled
14403,3064,2025-01-08,Credit Card,Completed
14404,798,2025-05-26,Invoice,Returned
14405,2734,2025-07-22,Credit Card,Completed
14406,4425,2024-03-01,Bank Transfer,Completed
14407,3396,2023-09-18,Invoice,Completed
14408,2890,2024-03-25,Credit Card,Returned
14409,1811,2024-11-21,Invoice,Completed
14410,1613,2024-05-23,Bank Transfer,Completed
14411,4927,2025-01-06,PayPal,Completed
14412,3439,2023-04-13,PayPal,Completed
14413,4794,2024-11-22,Bank Transfer,Returned
14414,4811,2024-06-22,Credit Card,Completed
14415,4398,2024-12-10,Credit Card,Completed
14416,906,2024-08-25,Bank Transfer,Completed
14417,4660,2024-03-16,PayPal,Completed
14418,1139,2025-11-08,PayPal,Completed
14419,123,2023-11-14,PayPal,Completed
14420,508,2025-04-28,Credit Card,Completed
14421,1255,2025-11-19,Invoice,Returned
14422,3323,2024-12-13,Credit Card,Completed
14423,3117,2025-10-19,PayPal,Completed
14424,1488,2023-08-12,Invoice,Completed
14425,4060,2024-11-11,Credit Card,Completed
14426,3726,2024-10-04,Bank Transfer,Completed
14427,2158,2023-01-18,PayPal,Completed
14428,870,2024-09-18,Credit Card,Completed
14429,3081,2024-06-24,Bank Transfer,Completed
14430,1573,2025-04-17,Invoice,Completed
14431,1049,2025-11-27,PayPal,Completed
14432,2664,2023-06-07,Bank Transfer,Completed
14433,4832,2024-05-06,Bank Transfer,Completed
14434,2655,2024-09-19,Bank Transfer,Completed
14435,2287,2024-10-02,Credit Card,Returned
14436,4679,2025-07-20,Credit Card,Completed
14437,884,2024-09-19,Bank Transfer,Completed
14438,4491,2023-02-27,Credit Card,Completed
14439,4079,2025-05-23,PayPal,Completed
14440,2621,2025-10-26,Invoice,Completed
14441,3607,2024-11-25,Invoice,Completed
14442,4679,2025-01-20,Invoice,Completed
14443,3417,2023-10-16,Invoice,Completed
14444,692,2023-12-22,PayPal,Completed
14445,775,2024-01-08,PayPal,Returned
14446,116,2024-09-04,PayPal,Completed
14447,2298,2025-11-21,Invoice,Completed
14448,104,2024-12-01,Bank Transfer,Completed
14449,2537,2023-11-22,PayPal,Completed
14450,1153,2024-02-23,Credit Card,Cancelled
14451,562,2024-07-11,Invoice,Completed
14452,986,2025-03-07,Invoice,Completed
14453,4727,2024-09-15,Credit Card,Completed
14454,1289,2024-07-21,PayPal,Completed
14455,726,2025-01-02,Invoice,Completed
14456,138,2024-01-18,Bank Transfer,Completed
14457,1884,2023-05-26,Credit Card,Returned
14458,2268,2023-02-21,Invoice,Completed
14459,1576,2024-02-01,Bank Transfer,Completed
14460,136,2023-06-17,Bank Transfer,Completed
14461,2602,2024-05-16,Bank Transfer,Completed
14462,2739,2025-07-18,Credit Card,Completed
14463,2089,2025-05-29,Invoice,Cancelled
14464,3400,2025-02-22,PayPal,Completed
14465,3149,2025-09-27,Credit Card,Completed
14466,4014,2024-03-14,Invoice,Returned
14467,4096,2025-10-26,PayPal,Completed
14468,872,2024-07-29,Credit Card,Completed
14469,3779,2024-07-31,Invoice,Completed
14470,2447,2024-08-05,Invoice,Completed
14471,442,2023-06-28,Credit Card,Completed
14472,2289,2025-12-18,Invoice,Completed
14473,4682,2023-09-04,Credit Card,Cancelled
14474,928,2024-05-22,Credit Card,Returned
14475,4784,2024-04-26,Bank Transfer,Completed
14476,1408,2023-05-19,Credit Card,Completed
14477,3755,2023-09-28,Credit Card,Completed
14478,240,2023-03-29,Invoice,Completed
14479,474,2024-03-26,Invoice,Completed
14480,2942,2025-10-10,Credit Card,Completed
14481,70,2024-05-20,Bank Transfer,Completed
14482,3484,2023-08-10,Bank Transfer,Returned
14483,1770,2025-03-27,Bank Transfer,Cancelled
14484,2982,2025-12-30,Invoice,Completed
14485,3191,2024-01-04,Credit Card,Completed
14486,4147,2024-03-11,Bank Transfer,Completed
14487,4337,2025-12-16,Bank Transfer,Completed
14488,118,2023-11-07,Invoice,Cancelled
14489,2592,2024-11-23,PayPal,Completed
14490,3618,2024-01-15,Invoice,Completed
14491,1960,2025-11-24,Credit Card,Returned
14492,236,2025-12-21,Credit Card,Completed
14493,986,2025-08-25,Bank Transfer,Completed
14494,3206,2024-04-21,PayPal,Completed
14495,4990,2024-08-03,Bank Transfer,Completed
14496,1727,2024-01-19,PayPal,Completed
14497,1687,2025-11-01,Credit Card,Completed
14498,233,2025-11-14,Invoice,Completed
14499,3080,2024-08-21,Credit Card,Completed
14500,430,2025-04-05,Invoice,Cancelled
14501,4809,2023-10-20,Bank Transfer,Completed
14502,4611,2024-09-09,PayPal,Completed
14503,544,2025-03-14,PayPal,Completed
14504,3686,2024-07-13,PayPal,Returned
14505,4841,2024-06-10,Invoice,Completed
14506,4252,2023-01-03,Credit Card,Completed
14507,4424,2025-08-15,PayPal,Returned
14508,305,2025-10-30,Invoice,Completed
14509,4128,2025-12-14,Bank Transfer,Completed
14510,2565,2025-05-31,Credit Card,Completed
14511,4594,2024-12-21,Credit Card,Completed
14512,2751,2024-02-27,Invoice,Returned
14513,2937,2025-12-31,Credit Card,Completed
14514,1448,2025-01-30,Credit Card,Completed
14515,1611,2025-04-27,Credit Card,Completed
14516,3033,2025-04-28,Credit Card,Completed
14517,1955,2025-09-21,PayPal,Returned
14518,4639,2023-01-21,Invoice,Completed
14519,3657,2023-12-21,Credit Card,Returned
14520,1269,2025-04-13,PayPal,Completed
14521,4943,2025-11-03,Credit Card,Completed
14522,3834,2025-05-01,Credit Card,Completed
14523,3060,2024-08-15,Invoice,Completed
14524,2213,2024-06-15,PayPal,Completed
14525,190,2025-06-17,Bank Transfer,Completed
14526,2293,2025-06-20,Bank Transfer,Completed
14527,2296,2025-02-18,Bank Transfer,Completed
14528,3881,2024-03-25,Credit Card,Completed
14529,1923,2025-11-20,Credit Card,Completed
14530,2361,2024-12-23,Invoice,Completed
14531,4431,2025-08-03,Credit Card,Returned
14532,2785,2023-12-15,Credit Card,Completed
14533,797,2024-05-25,Invoice,Completed
14534,4708,2025-10-17,Credit Card,Completed
14535,1200,2023-04-07,Credit Card,Completed
14536,56,2024-11-24,Invoice,Completed
14537,218,2024-11-02,Invoice,Completed
14538,2370,2025-06-29,Bank Transfer,Completed
14539,1324,2024-03-14,PayPal,Completed
14540,868,2023-12-20,PayPal,Completed
14541,717,2025-11-20,PayPal,Completed
14542,1466,2025-01-10,Credit Card,Completed
14543,3987,2023-07-09,Credit Card,Returned
14544,259,2023-11-23,Bank Transfer,Completed
14545,3925,2025-12-31,Credit Card,Completed
14546,3390,2023-11-25,Invoice,Completed
14547,3138,2025-02-22,Credit Card,Completed
14548,1424,2024-08-22,Bank Transfer,Returned
14549,4854,2025-10-27,PayPal,Completed
14550,4526,2025-07-02,Invoice,Completed
14551,754,2025-02-07,Credit Card,Completed
14552,2903,2023-01-23,Bank Transfer,Completed
14553,1564,2025-10-22,Bank Transfer,Returned
14554,4451,2024-09-20,Invoice,Completed
14555,4470,2025-11-23,Credit Card,Completed
14556,13,2024-11-12,Bank Transfer,Completed
14557,2507,2025-05-09,PayPal,Completed
14558,4354,2023-05-10,Invoice,Returned
14559,4005,2025-06-24,Invoice,Completed
14560,404,2024-05-18,Bank Transfer,Completed
14561,1733,2024-06-03,Bank Transfer,Completed
14562,474,2023-08-02,PayPal,Completed
14563,3251,2023-09-18,Invoice,Completed
14564,21,2023-11-15,PayPal,Completed
14565,3320,2024-05-07,Bank Transfer,Completed
14566,553,2025-11-01,Invoice,Completed
14567,1346,2024-06-23,Invoice,Completed
14568,1520,2025-06-05,Invoice,Completed
14569,2826,2023-06-02,PayPal,Completed
14570,1447,2025-01-31,Credit Card,Completed
14571,3066,2024-11-02,PayPal,Returned
14572,1481,2025-12-19,Invoice,Completed
14573,4049,2025-09-22,Bank Transfer,Cancelled
14574,392,2024-10-02,Bank Transfer,Completed
14575,2245,2025-07-20,Bank Transfer,Completed
14576,2231,2023-11-23,Bank Transfer,Completed
14577,1441,2024-12-31,Invoice,Completed
14578,2368,2023-05-19,Bank Transfer,Completed
14579,4002,2024-05-30,Invoice,Completed
14580,4566,2023-12-27,Invoice,Completed
14581,1540,2025-05-31,Bank Transfer,Completed
14582,305,2024-11-08,Bank Transfer,Completed
14583,2050,2025-06-29,PayPal,Completed
14584,3982,2024-11-26,Invoice,Completed
14585,4467,2023-06-08,Bank Transfer,Completed
14586,2477,2025-06-15,Invoice,Completed
14587,1252,2025-09-10,Credit Card,Completed
14588,2658,2025-11-08,Credit Card,Completed
14589,316,2025-01-10,Bank Transfer,Cancelled
14590,3201,2025-07-01,PayPal,Completed
14591,2168,2025-06-30,Credit Card,Cancelled
14592,3159,2023-10-04,PayPal,Completed
14593,4835,2023-10-18,Credit Card,Cancelled
14594,2003,2023-05-13,Invoice,Returned
14595,4897,2024-04-27,Credit Card,Returned
14596,2209,2024-10-24,Bank Transfer,Completed
14597,4511,2025-12-30,PayPal,Completed
14598,4814,2024-09-04,PayPal,Completed
14599,754,2025-06-07,Credit Card,Completed
14600,4300,2025-05-08,Credit Card,Completed
14601,4177,2023-12-05,Bank Transfer,Completed
14602,4968,2023-04-22,Bank Transfer,Completed
14603,1666,2024-12-19,PayPal,Completed
14604,3649,2025-05-14,Invoice,Completed
14605,45,2025-12-31,PayPal,Completed
14606,3275,2024-06-11,PayPal,Completed
14607,572,2025-11-04,Bank Transfer,Completed
14608,1249,2024-07-09,Credit Card,Returned
14609,347,2025-05-05,Invoice,Completed
14610,2080,2025-02-08,Bank Transfer,Completed
14611,3788,2023-04-12,Credit Card,Completed
14612,3499,2023-05-25,Credit Card,Completed
14613,3226,2023-02-14,Bank Transfer,Completed
14614,2724,2024-06-26,Invoice,Completed
14615,4135,2025-06-24,Invoice,Completed
14616,1834,2023-11-01,Invoice,Completed
14617,3623,2025-02-17,Invoice,Completed
14618,2726,2024-03-22,Credit Card,Completed
14619,319,2025-08-09,Invoice,Completed
14620,1480,2025-08-10,Bank Transfer,Completed
14621,2879,2025-07-21,Invoice,Cancelled
14622,3472,2024-12-03,Invoice,Completed
14623,1502,2024-03-17,Invoice,Completed
14624,390,2025-08-20,Bank Transfer,Completed
14625,3709,2023-11-15,Bank Transfer,Completed
14626,2204,2024-03-23,Invoice,Cancelled
14627,4759,2023-11-13,Bank Transfer,Completed
14628,650,2025-04-21,Credit Card,Completed
14629,183,2025-05-02,Credit Card,Completed
14630,1298,2025-04-02,Bank Transfer,Completed
14631,2193,2024-08-17,PayPal,Completed
14632,4322,2023-07-01,Credit Card,Completed
14633,1386,2025-11-12,Invoice,Returned
14634,996,2024-11-21,Credit Card,Completed
14635,4627,2024-08-07,Bank Transfer,Completed
14636,2034,2025-01-29,Bank Transfer,Completed
14637,762,2023-11-22,Credit Card,Completed
14638,1323,2023-08-25,Bank Transfer,Completed
14639,1214,2024-08-05,PayPal,Completed
14640,4102,2023-12-29,Bank Transfer,Cancelled
14641,427,2024-01-22,Invoice,Completed
14642,2468,2025-11-02,Bank Transfer,Completed
14643,3160,2024-12-08,Credit Card,Completed
14644,76,2024-11-03,PayPal,Completed
14645,2339,2025-05-05,PayPal,Completed
14646,4766,2025-12-04,Invoice,Completed
14647,4764,2023-07-22,Invoice,Completed
14648,3018,2025-09-10,Invoice,Completed
14649,3340,2025-01-23,PayPal,Completed
14650,1966,2023-09-17,Credit Card,Completed
14651,963,2024-03-31,Credit Card,Completed
14652,3974,2024-11-02,PayPal,Completed
14653,1773,2025-05-06,Credit Card,Completed
14654,1953,2024-01-19,Credit Card,Completed
14655,1719,2024-12-11,Credit Card,Completed
14656,2299,2025-04-30,PayPal,Completed
14657,3116,2024-09-25,Bank Transfer,Completed
14658,4088,2025-10-07,Bank Transfer,Completed
14659,3528,2025-10-13,Credit Card,Completed
14660,1117,2024-10-20,Bank Transfer,Completed
14661,3233,2025-12-16,Bank Transfer,Completed
14662,1356,2023-05-21,PayPal,Completed
14663,1474,2023-01-08,Credit Card,Completed
14664,1238,2024-07-07,Bank Transfer,Completed
14665,980,2025-02-11,Credit Card,Completed
14666,4747,2025-03-12,Credit Card,Completed
14667,961,2024-10-27,Credit Card,Completed
14668,3411,2023-08-12,Credit Card,Completed
14669,4924,2023-10-29,Invoice,Completed
14670,1618,2025-09-27,Bank Transfer,Completed
14671,2894,2025-10-11,Invoice,Completed
14672,265,2025-04-21,Credit Card,Cancelled
14673,2025,2025-04-12,Credit Card,Completed
14674,2354,2025-02-08,Bank Transfer,Completed
14675,1686,2023-12-03,Credit Card,Completed
14676,4540,2024-09-01,Invoice,Completed
14677,1263,2025-05-11,PayPal,Completed
14678,4034,2024-12-12,Credit Card,Completed
14679,4212,2023-02-09,Bank Transfer,Cancelled
14680,2429,2025-12-06,Credit Card,Completed
14681,4589,2025-09-21,Credit Card,Completed
14682,1231,2024-02-15,Credit Card,Completed
14683,3092,2025-03-01,Invoice,Completed
14684,3245,2025-11-19,Invoice,Returned
14685,25,2023-06-24,Bank Transfer,Completed
14686,1391,2024-11-17,Bank Transfer,Completed
14687,1762,2024-10-04,PayPal,Completed
14688,1387,2024-08-11,Bank Transfer,Completed
14689,451,2025-09-12,PayPal,Completed
14690,2343,2024-07-07,Credit Card,Completed
14691,4395,2023-04-30,Credit Card,Completed
14692,2881,2023-05-04,Bank Transfer,Completed
14693,929,2023-03-26,Credit Card,Completed
14694,3667,2024-08-09,Credit Card,Returned
14695,2484,2025-05-31,Invoice,Completed
14696,2897,2023-12-04,Credit Card,Completed
14697,1935,2025-03-27,Invoice,Completed
14698,4091,2025-05-03,Credit Card,Completed
14699,3934,2024-02-07,PayPal,Completed
14700,1108,2025-02-11,Credit Card,Completed
14701,738,2025-05-01,Bank Transfer,Completed
14702,875,2024-10-16,PayPal,Completed
14703,1227,2024-05-17,Bank Transfer,Completed
14704,2503,2025-03-03,Credit Card,Completed
14705,3609,2025-12-19,PayPal,Completed
14706,711,2024-08-30,Invoice,Completed
14707,2242,2024-07-20,PayPal,Completed
14708,1140,2024-10-13,Credit Card,Cancelled
14709,912,2023-05-22,Bank Transfer,Completed
14710,1874,2024-12-24,PayPal,Completed
14711,4921,2024-05-07,PayPal,Cancelled
14712,2744,2023-08-06,Bank Transfer,Completed
14713,1540,2024-10-15,Bank Transfer,Completed
14714,3179,2023-01-08,PayPal,Completed
14715,907,2024-08-01,Bank Transfer,Completed
14716,4964,2023-07-11,Invoice,Completed
14717,1329,2023-02-21,PayPal,Completed
14718,324,2025-09-02,PayPal,Completed
14719,3324,2025-11-15,Credit Card,Completed
14720,1871,2023-12-08,Bank Transfer,Completed
14721,4135,2024-12-14,PayPal,Completed
14722,689,2024-03-09,Invoice,Completed
14723,3094,2024-11-10,Invoice,Completed
14724,1611,2024-09-11,Invoice,Returned
14725,733,2024-02-27,Bank Transfer,Completed
14726,2143,2025-05-15,Bank Transfer,Completed
14727,2754,2023-08-15,Credit Card,Completed
14728,4861,2023-04-12,PayPal,Completed
14729,4534,2025-07-14,PayPal,Completed
14730,763,2025-04-14,PayPal,Completed
14731,2271,2024-11-14,Bank Transfer,Returned
14732,1652,2024-10-17,PayPal,Completed
14733,3532,2024-11-13,Credit Card,Completed
14734,4669,2024-09-11,PayPal,Completed
14735,1812,2024-07-21,Credit Card,Completed
14736,3430,2024-11-15,PayPal,Completed
14737,4214,2024-12-06,PayPal,Completed
14738,3189,2025-05-07,PayPal,Completed
14739,1253,2025-05-24,Credit Card,Completed
14740,478,2024-07-04,Invoice,Completed
14741,3206,2024-08-15,Bank Transfer,Completed
14742,2514,2024-06-29,Invoice,Completed
14743,806,2024-12-12,Invoice,Completed
14744,4883,2024-09-30,Bank Transfer,Completed
14745,4193,2025-10-31,Bank Transfer,Completed
14746,4531,2025-05-11,Bank Transfer,Completed
14747,4968,2025-11-05,Invoice,Completed
14748,2062,2025-05-22,Bank Transfer,Completed
14749,3673,2025-12-15,PayPal,Completed
14750,4072,2025-03-18,Credit Card,Cancelled
14751,2201,2025-12-11,Credit Card,Completed
14752,645,2023-10-08,PayPal,Completed
14753,2947,2023-04-11,Credit Card,Completed
14754,1148,2025-01-18,PayPal,Completed
14755,2665,2025-12-22,Invoice,Completed
14756,4808,2024-08-19,Credit Card,Completed
14757,4182,2023-12-13,Bank Transfer,Completed
14758,3505,2024-12-01,Bank Transfer,Completed
14759,2306,2025-03-29,Invoice,Completed
14760,4309,2024-04-21,Bank Transfer,Completed
14761,4283,2025-05-27,PayPal,Completed
14762,4764,2025-12-18,Bank Transfer,Returned
14763,1820,2025-11-04,Bank Transfer,Completed
14764,2611,2024-03-25,Invoice,Completed
14765,1639,2024-05-05,PayPal,Completed
14766,1079,2024-06-26,Invoice,Completed
14767,3198,2024-07-23,Invoice,Completed
14768,4403,2023-07-02,Invoice,Completed
14769,2673,2025-07-09,Credit Card,Completed
14770,734,2024-06-19,Bank Transfer,Completed
14771,4719,2025-10-22,Invoice,Completed
14772,2707,2025-11-21,PayPal,Completed
14773,4820,2023-02-21,Bank Transfer,Completed
14774,2552,2025-12-25,Bank Transfer,Returned
14775,2550,2025-05-23,Credit Card,Completed
14776,2697,2024-11-30,Credit Card,Cancelled
14777,2757,2024-07-17,Credit Card,Completed
14778,1153,2024-11-29,Credit Card,Completed
14779,987,2024-05-03,Invoice,Returned
14780,2777,2025-03-06,PayPal,Completed
14781,898,2023-06-19,Bank Transfer,Completed
14782,3379,2025-03-05,Credit Card,Completed
14783,1866,2024-03-06,Invoice,Completed
14784,1552,2023-02-07,Invoice,Completed
14785,4103,2024-12-24,Credit Card,Completed
14786,365,2025-01-17,Bank Transfer,Completed
14787,1835,2024-08-30,Credit Card,Completed
14788,2769,2023-05-15,Invoice,Cancelled
14789,4447,2025-11-02,Invoice,Completed
14790,1359,2025-02-23,Credit Card,Completed
14791,4900,2023-07-28,PayPal,Completed
14792,32,2024-11-23,PayPal,Completed
14793,3966,2024-11-13,Invoice,Completed
14794,4325,2023-04-25,Credit Card,Completed
14795,2382,2025-02-18,Bank Transfer,Completed
14796,986,2025-08-19,Bank Transfer,Returned
14797,3311,2025-06-27,Invoice,Cancelled
14798,2564,2023-12-03,PayPal,Completed
14799,3435,2025-10-06,Credit Card,Cancelled
14800,1439,2024-05-24,Bank Transfer,Cancelled
14801,98,2025-12-02,Invoice,Returned
14802,2826,2023-05-14,Bank Transfer,Completed
14803,2297,2024-11-05,Credit Card,Completed
14804,3783,2025-02-07,Credit Card,Completed
14805,4983,2024-01-27,Bank Transfer,Completed
14806,4889,2025-07-17,Invoice,Completed
14807,3180,2025-03-10,Credit Card,Completed
14808,3724,2023-02-08,Credit Card,Completed
14809,3328,2025-02-20,Invoice,Completed
14810,56,2024-11-09,Credit Card,Completed
14811,1737,2023-11-26,Credit Card,Completed
14812,4839,2025-12-29,PayPal,Completed
14813,2030,2025-11-04,Credit Card,Completed
14814,1566,2024-03-26,Bank Transfer,Completed
14815,4960,2024-12-15,PayPal,Completed
14816,4733,2024-04-23,PayPal,Completed
14817,1318,2025-07-21,PayPal,Completed
14818,3412,2025-11-23,Invoice,Completed
14819,623,2024-06-12,PayPal,Completed
14820,1333,2025-08-16,PayPal,Completed
14821,720,2024-11-14,Credit Card,Completed
14822,4812,2024-07-26,Credit Card,Completed
14823,2099,2025-11-27,PayPal,Completed
14824,4356,2024-11-23,Bank Transfer,Completed
14825,4654,2024-10-17,Invoice,Completed
14826,4946,2025-04-20,PayPal,Returned
14827,2924,2024-02-16,Bank Transfer,Completed
14828,4668,2024-05-03,Credit Card,Completed
14829,1587,2025-11-24,Invoice,Completed
14830,324,2025-04-25,PayPal,Completed
14831,1383,2025-09-04,PayPal,Cancelled
14832,49,2024-03-01,PayPal,Completed
14833,2641,2024-12-17,Credit Card,Completed
14834,2715,2025-12-16,Credit Card,Completed
14835,4003,2024-04-26,Credit Card,Completed
14836,3491,2023-10-12,Credit Card,Completed
14837,3037,2024-11-23,Invoice,Completed
14838,4607,2024-07-16,Credit Card,Completed
14839,2063,2023-10-10,Credit Card,Completed
14840,4588,2025-10-30,Bank Transfer,Completed
14841,94,2025-12-26,PayPal,Completed
14842,368,2025-01-06,Invoice,Completed
14843,1609,2025-07-20,PayPal,Completed
14844,986,2025-10-03,Invoice,Completed
14845,3811,2025-05-15,Invoice,Completed
14846,1094,2023-03-28,Invoice,Completed
14847,2767,2023-10-07,Bank Transfer,Completed
14848,2221,2023-05-13,PayPal,Completed
14849,2546,2023-01-21,Invoice,Completed
14850,4567,2024-04-11,PayPal,Completed
14851,2711,2024-07-21,Credit Card,Completed
14852,3565,2024-01-17,Credit Card,Completed
14853,1864,2023-05-02,Bank Transfer,Completed
14854,2219,2024-12-07,PayPal,Completed
14855,1734,2024-03-04,Credit Card,Completed
14856,3336,2025-08-08,Bank Transfer,Returned
14857,2560,2023-01-18,PayPal,Completed
14858,3267,2025-09-18,Credit Card,Returned
14859,1046,2025-12-06,Credit Card,Completed
14860,3771,2025-05-29,Bank Transfer,Completed
14861,260,2025-06-13,Credit Card,Cancelled
14862,2886,2025-11-24,Invoice,Completed
14863,2369,2023-12-10,Invoice,Completed
14864,1194,2025-12-28,Credit Card,Completed
14865,4250,2025-07-19,Bank Transfer,Completed
14866,3447,2025-06-07,PayPal,Completed
14867,1775,2024-06-14,Invoice,Completed
14868,461,2024-12-19,Credit Card,Returned
14869,1529,2025-04-03,Credit Card,Completed
14870,2017,2025-03-04,Invoice,Completed
14871,3443,2025-05-19,Credit Card,Completed
14872,4709,2023-06-01,Credit Card,Returned
14873,1245,2024-06-08,PayPal,Completed
14874,1136,2024-09-08,Invoice,Completed
14875,4226,2024-02-15,Bank Transfer,Completed
14876,944,2023-11-01,Invoice,Completed
14877,3066,2023-09-05,PayPal,Completed
14878,3502,2024-06-20,Bank Transfer,Completed
14879,3765,2024-11-10,Invoice,Completed
14880,3660,2023-04-29,Credit Card,Completed
14881,3528,2025-12-02,Credit Card,Completed
14882,619,2025-07-11,Bank Transfer,Completed
14883,652,2025-06-11,Credit Card,Completed
14884,2711,2023-11-01,PayPal,Completed
14885,1056,2025-02-14,Bank Transfer,Completed
14886,3015,2024-12-07,Bank Transfer,Completed
14887,4118,2025-12-22,PayPal,Completed
14888,2255,2025-06-26,PayPal,Completed
14889,821,2025-01-14,Credit Card,Completed
14890,4646,2025-09-26,Credit Card,Completed
14891,2955,2023-10-02,Bank Transfer,Returned
14892,981,2023-02-02,Bank Transfer,Completed
14893,857,2025-05-05,Invoice,Completed
14894,1963,2023-06-28,Credit Card,Completed
14895,1341,2023-07-27,Bank Transfer,Cancelled
14896,1994,2025-06-23,Bank Transfer,Completed
14897,4308,2024-02-29,Invoice,Completed
14898,3905,2025-03-11,Bank Transfer,Completed
14899,1163,2025-11-15,Credit Card,Returned
14900,3083,2024-04-23,PayPal,Completed
14901,4178,2023-12-18,Invoice,Completed
14902,2125,2023-07-12,PayPal,Completed
14903,4495,2023-08-22,Bank Transfer,Completed
14904,247,2023-04-28,PayPal,Completed
14905,4422,2023-06-10,Credit Card,Completed
14906,532,2024-09-05,Bank Transfer,Completed
14907,359,2024-04-28,PayPal,Completed
14908,3037,2025-05-20,PayPal,Completed
14909,3201,2025-10-13,PayPal,Completed
14910,760,2025-07-29,Invoice,Completed
14911,4998,2024-12-07,Invoice,Completed
14912,3509,2023-07-05,Invoice,Completed
14913,1639,2025-05-23,PayPal,Completed
14914,2561,2024-06-16,Credit Card,Completed
14915,4277,2023-06-07,Credit Card,Completed
14916,2875,2025-09-18,Credit Card,Returned
14917,3381,2024-05-18,Bank Transfer,Returned
14918,64,2023-12-19,Credit Card,Completed
14919,1325,2025-10-14,Invoice,Completed
14920,3971,2025-11-07,Credit Card,Completed
14921,4223,2024-05-19,PayPal,Completed
14922,1767,2024-06-07,Bank Transfer,Completed
14923,4245,2025-01-18,Bank Transfer,Completed
14924,407,2025-06-13,PayPal,Completed
14925,185,2023-04-29,Bank Transfer,Completed
14926,112,2025-02-03,Credit Card,Completed
14927,2722,2025-12-05,Credit Card,Completed
14928,307,2024-02-17,Invoice,Completed
14929,2700,2025-11-11,Invoice,Completed
14930,900,2025-12-04,Credit Card,Completed
14931,4110,2024-02-27,PayPal,Completed
14932,4502,2025-07-02,Bank Transfer,Completed
14933,3255,2024-01-14,PayPal,Completed
14934,1786,2025-06-17,Bank Transfer,Completed
14935,4248,2025-08-09,Invoice,Completed
14936,728,2024-01-26,Credit Card,Completed
14937,1682,2025-05-28,Credit Card,Cancelled
14938,1206,2025-08-22,PayPal,Completed
14939,3457,2024-06-11,Credit Card,Completed
14940,113,2023-10-24,Bank Transfer,Completed
14941,3465,2023-06-17,Credit Card,Completed
14942,1177,2025-01-14,PayPal,Returned
14943,2710,2025-12-19,Bank Transfer,Completed
14944,4475,2025-09-01,Credit Card,Completed
14945,1608,2024-09-10,Invoice,Completed
14946,2743,2024-12-12,Credit Card,Completed
14947,561,2024-03-11,PayPal,Completed
14948,1116,2023-10-16,PayPal,Completed
14949,3220,2024-11-02,Invoice,Cancelled
14950,187,2024-10-12,Bank Transfer,Completed
14951,2080,2024-12-01,Invoice,Completed
14952,863,2025-12-05,Bank Transfer,Returned
14953,1816,2025-02-15,Credit Card,Completed
14954,4962,2025-02-17,PayPal,Completed
14955,1936,2023-08-18,Credit Card,Completed
14956,2373,2025-12-30,PayPal,Cancelled
14957,3724,2025-07-18,Invoice,Completed
14958,3016,2025-10-19,Credit Card,Completed
14959,1226,2024-08-15,PayPal,Completed
14960,1980,2024-11-17,Credit Card,Completed
14961,274,2024-12-01,Bank Transfer,Returned
14962,985,2023-11-24,Bank Transfer,Completed
14963,513,2025-05-05,PayPal,Completed
14964,2983,2025-11-07,Invoice,Completed
14965,3108,2023-10-17,Credit Card,Completed
14966,1440,2023-06-08,Bank Transfer,Returned
14967,1108,2025-06-17,Invoice,Completed
14968,2347,2024-03-03,Bank Transfer,Returned
14969,3843,2025-03-07,Credit Card,Completed
14970,2006,2025-05-10,Invoice,Completed
14971,771,2024-04-29,PayPal,Completed
14972,216,2025-08-25,Bank Transfer,Completed
14973,16,2024-12-22,PayPal,Completed
14974,4300,2025-10-12,Bank Transfer,Cancelled
14975,1722,2025-07-10,PayPal,Completed
14976,4703,2025-10-12,Credit Card,Completed
14977,4330,2023-02-12,PayPal,Completed
14978,1481,2024-01-21,Invoice,Completed
14979,679,2023-06-14,Credit Card,Completed
14980,4332,2024-09-17,PayPal,Completed
14981,833,2025-10-31,Credit Card,Completed
14982,4123,2024-10-17,PayPal,Completed
14983,2246,2025-09-25,Credit Card,Completed
14984,3539,2024-05-06,Invoice,Completed
14985,2380,2024-05-20,Invoice,Completed
14986,3079,2025-11-03,PayPal,Completed
14987,2578,2024-08-29,Invoice,Completed
14988,792,2025-08-02,Bank Transfer,Completed
14989,536,2024-01-11,Credit Card,Completed
14990,672,2025-12-03,PayPal,Completed
14991,1323,2025-01-13,Invoice,Completed
14992,2813,2025-07-06,Credit Card,Completed
14993,2279,2023-06-13,Credit Card,Returned
14994,2036,2024-11-10,PayPal,Completed
14995,117,2025-11-06,Invoice,Completed
14996,3221,2025-10-19,Credit Card,Returned
14997,543,2023-04-02,Invoice,Completed
14998,3981,2024-04-08,Bank Transfer,Completed
14999,4602,2024-09-18,Bank Transfer,Completed
15000,2234,2023-11-01,Bank Transfer,Completed
15001,451,2025-06-10,Invoice,Cancelled
15002,1850,2023-11-14,Bank Transfer,Completed
15003,4558,2024-05-28,Credit Card,Completed
15004,1589,2025-04-11,Credit Card,Completed
15005,1464,2024-11-02,Invoice,Returned
15006,2068,2025-06-18,Credit Card,Completed
15007,2500,2025-12-10,Bank Transfer,Completed
15008,1828,2023-07-29,Credit Card,Completed
15009,56,2025-05-23,Bank Transfer,Completed
15010,2725,2024-01-01,PayPal,Completed
15011,1333,2024-08-16,Invoice,Completed
15012,1937,2023-03-09,Credit Card,Completed
15013,1078,2023-08-31,Invoice,Completed
15014,4075,2024-04-27,Invoice,Completed
15015,4544,2024-05-23,PayPal,Completed
15016,3846,2025-11-05,Invoice,Completed
15017,280,2025-06-21,PayPal,Completed
15018,2115,2025-12-16,Bank Transfer,Completed
15019,3083,2025-02-09,Bank Transfer,Completed
15020,806,2024-01-18,Bank Transfer,Completed
15021,3332,2024-05-06,Invoice,Completed
15022,4982,2024-04-27,Bank Transfer,Completed
15023,1744,2024-05-05,Bank Transfer,Completed
15024,4962,2025-04-20,Invoice,Completed
15025,3411,2024-12-08,Bank Transfer,Completed
15026,2742,2024-07-13,PayPal,Returned
15027,1600,2023-09-22,PayPal,Cancelled
15028,971,2023-02-16,PayPal,Completed
15029,4627,2023-12-20,Bank Transfer,Completed
15030,923,2023-07-14,Bank Transfer,Completed
15031,3612,2025-07-29,Invoice,Completed
15032,325,2023-07-22,PayPal,Completed
15033,1021,2025-06-05,Bank Transfer,Completed
15034,1150,2024-07-13,PayPal,Completed
15035,4858,2023-05-17,Invoice,Returned
15036,2211,2025-08-23,Credit Card,Completed
15037,433,2025-01-18,PayPal,Completed
15038,2417,2024-01-09,Bank Transfer,Cancelled
15039,2880,2025-11-03,PayPal,Completed
15040,2676,2023-03-30,PayPal,Returned
15041,1627,2023-12-02,Invoice,Completed
15042,3607,2025-06-30,Credit Card,Completed
15043,1803,2025-05-23,PayPal,Returned
15044,3834,2024-03-22,Credit Card,Completed
15045,2968,2023-04-28,Credit Card,Completed
15046,2461,2025-10-02,PayPal,Returned
15047,442,2024-04-20,Credit Card,Returned
15048,4252,2023-11-25,Invoice,Completed
15049,2415,2024-11-27,Credit Card,Completed
15050,4515,2025-11-11,PayPal,Completed
15051,1251,2023-03-27,PayPal,Completed
15052,2649,2025-07-12,Credit Card,Completed
15053,1198,2025-01-10,PayPal,Completed
15054,4665,2024-08-29,Bank Transfer,Completed
15055,3599,2025-06-23,Bank Transfer,Completed
15056,3391,2025-12-12,Invoice,Completed
15057,127,2023-12-31,PayPal,Completed
15058,234,2023-09-13,PayPal,Completed
15059,676,2025-11-13,Bank Transfer,Completed
15060,3384,2025-04-16,Bank Transfer,Completed
15061,1826,2024-09-12,Bank Transfer,Completed
15062,2424,2025-01-11,Invoice,Completed
15063,1394,2025-06-24,PayPal,Completed
15064,245,2025-07-18,Bank Transfer,Completed
15065,992,2025-11-17,Invoice,Completed
15066,3673,2024-08-30,PayPal,Completed
15067,3103,2024-03-27,Invoice,Completed
15068,4437,2025-03-21,PayPal,Completed
15069,2541,2024-08-17,Invoice,Completed
15070,3971,2025-02-04,Credit Card,Completed
15071,64,2024-08-22,PayPal,Completed
15072,1408,2023-09-29,Credit Card,Completed
15073,1966,2024-10-19,Credit Card,Returned
15074,4390,2025-05-06,Invoice,Completed
15075,3773,2025-08-11,Invoice,Returned
15076,3474,2024-11-10,Credit Card,Completed
15077,645,2023-10-20,Credit Card,Completed
15078,2991,2024-08-16,PayPal,Returned
15079,2631,2025-07-30,Credit Card,Cancelled
15080,2090,2024-08-14,PayPal,Returned
15081,55,2025-05-11,PayPal,Completed
15082,503,2024-11-20,Invoice,Completed
15083,1265,2024-01-17,Credit Card,Completed
15084,2069,2025-08-08,Invoice,Completed
15085,971,2023-06-04,Bank Transfer,Cancelled
15086,3430,2024-12-03,Bank Transfer,Cancelled
15087,2597,2023-12-09,PayPal,Completed
15088,988,2023-05-06,Invoice,Completed
15089,4033,2024-11-17,Credit Card,Completed
15090,1594,2024-11-15,Invoice,Completed
15091,1075,2025-05-20,Credit Card,Completed
15092,1262,2025-06-23,Bank Transfer,Completed
15093,4873,2025-06-08,Bank Transfer,Completed
15094,2640,2024-08-10,Bank Transfer,Completed
15095,1352,2025-03-14,Invoice,Completed
15096,2063,2025-01-15,Bank Transfer,Completed
15097,4496,2024-08-24,PayPal,Completed
15098,1750,2025-02-07,Invoice,Completed
15099,3239,2025-12-02,Invoice,Completed
15100,2461,2023-11-22,Invoice,Cancelled
15101,2660,2025-11-09,PayPal,Completed
15102,3198,2023-04-13,PayPal,Cancelled
15103,552,2024-04-14,PayPal,Completed
15104,4780,2024-03-21,Invoice,Completed
15105,620,2025-03-09,PayPal,Completed
15106,943,2023-08-23,Invoice,Completed
15107,4398,2025-10-24,Bank Transfer,Completed
15108,3381,2025-09-06,Bank Transfer,Completed
15109,731,2025-04-01,PayPal,Completed
15110,3561,2024-10-06,PayPal,Completed
15111,1972,2025-11-24,Bank Transfer,Completed
15112,3530,2025-09-08,Bank Transfer,Completed
15113,4729,2024-11-15,Invoice,Cancelled
15114,2191,2025-05-16,PayPal,Completed
15115,2994,2025-01-04,PayPal,Returned
15116,2859,2025-01-28,Bank Transfer,Completed
15117,4079,2024-05-10,Bank Transfer,Completed
15118,3993,2024-10-10,PayPal,Completed
15119,3240,2023-05-25,Credit Card,Completed
15120,2082,2024-06-10,Bank Transfer,Completed
15121,19,2025-05-10,Bank Transfer,Completed
15122,2940,2025-12-05,PayPal,Completed
15123,4135,2025-12-11,Bank Transfer,Completed
15124,4875,2024-12-26,PayPal,Completed
15125,1323,2025-02-18,Invoice,Completed
15126,2673,2023-11-15,Credit Card,Completed
15127,1492,2025-05-10,PayPal,Completed
15128,2451,2023-05-12,Invoice,Completed
15129,4030,2024-03-17,Credit Card,Completed
15130,964,2025-04-16,Bank Transfer,Completed
15131,2695,2024-04-16,Credit Card,Completed
15132,3325,2023-04-07,PayPal,Completed
15133,4103,2025-09-09,PayPal,Cancelled
15134,1232,2024-04-16,Credit Card,Completed
15135,332,2023-04-29,Invoice,Returned
15136,711,2023-05-19,Credit Card,Completed
15137,3743,2024-02-02,Invoice,Completed
15138,4009,2023-11-07,Bank Transfer,Completed
15139,2715,2025-07-20,Bank Transfer,Completed
15140,3336,2024-04-29,Invoice,Completed
15141,1386,2025-08-16,Invoice,Completed
15142,555,2023-11-02,Bank Transfer,Completed
15143,68,2024-11-10,PayPal,Completed
15144,2965,2025-05-04,Credit Card,Completed
15145,1371,2025-04-01,Invoice,Completed
15146,48,2025-02-11,PayPal,Completed
15147,1858,2025-11-20,Credit Card,Completed
15148,345,2023-12-30,Credit Card,Completed
15149,4531,2024-11-10,Credit Card,Completed
15150,4920,2025-10-25,Bank Transfer,Completed
15151,1036,2023-05-24,Invoice,Completed
15152,2480,2023-04-17,PayPal,Completed
15153,985,2024-01-06,Invoice,Completed
15154,1573,2025-03-15,Invoice,Completed
15155,4072,2024-02-14,PayPal,Completed
15156,39,2023-11-20,Credit Card,Completed
15157,3562,2024-10-07,PayPal,Completed
15158,2644,2025-02-25,Credit Card,Returned
15159,2832,2024-01-28,Bank Transfer,Completed
15160,960,2024-04-05,Invoice,Returned
15161,227,2025-02-25,Credit Card,Returned
15162,2923,2025-12-01,PayPal,Completed
15163,963,2025-04-22,PayPal,Completed
15164,1095,2025-07-27,PayPal,Completed
15165,2937,2024-06-21,PayPal,Returned
15166,4349,2024-03-02,PayPal,Completed
15167,3100,2024-10-01,Invoice,Completed
15168,2808,2025-08-18,PayPal,Completed
15169,4925,2024-10-04,Bank Transfer,Completed
15170,716,2025-09-22,Credit Card,Returned
15171,4886,2025-12-25,Bank Transfer,Completed
15172,1085,2023-05-15,Bank Transfer,Completed
15173,1236,2023-03-30,Bank Transfer,Completed
15174,1450,2023-09-23,PayPal,Completed
15175,580,2024-07-11,Invoice,Completed
15176,4036,2023-08-23,Credit Card,Completed
15177,3776,2025-10-14,PayPal,Returned
15178,3165,2023-02-19,Invoice,Returned
15179,1179,2024-04-22,Invoice,Completed
15180,2884,2023-11-14,Credit Card,Completed
15181,287,2025-11-23,PayPal,Completed
15182,2399,2025-04-17,PayPal,Returned
15183,1532,2025-11-12,Credit Card,Completed
15184,4550,2025-12-16,PayPal,Completed
15185,2909,2024-11-13,Credit Card,Completed
15186,272,2024-01-07,PayPal,Completed
15187,2789,2023-11-23,PayPal,Completed
15188,3256,2023-12-24,Invoice,Completed
15189,414,2025-05-22,PayPal,Returned
15190,443,2023-03-22,PayPal,Completed
15191,1300,2023-04-09,PayPal,Completed
15192,3288,2025-02-19,PayPal,Completed
15193,3474,2025-03-23,Invoice,Completed
15194,1644,2025-04-13,Invoice,Returned
15195,3879,2024-06-27,Invoice,Returned
15196,3358,2025-08-17,Invoice,Completed
15197,1106,2024-12-10,Invoice,Completed
15198,263,2023-07-10,Invoice,Completed
15199,83,2025-08-09,Credit Card,Completed
15200,548,2025-12-05,PayPal,Completed
15201,2006,2023-04-24,PayPal,Cancelled
15202,3960,2024-07-20,Invoice,Completed
15203,1909,2024-11-06,Invoice,Returned
15204,3895,2023-09-18,PayPal,Completed
15205,374,2025-10-11,Credit Card,Completed
15206,3328,2024-03-16,Invoice,Completed
15207,335,2025-07-27,Bank Transfer,Completed
15208,3230,2025-04-18,Invoice,Completed
15209,2320,2025-02-08,Invoice,Cancelled
15210,812,2023-11-22,Bank Transfer,Returned
15211,4988,2023-12-22,Credit Card,Completed
15212,3654,2023-04-03,Invoice,Completed
15213,1600,2024-01-17,PayPal,Returned
15214,3742,2024-05-27,Credit Card,Completed
15215,1515,2025-09-10,Bank Transfer,Completed
15216,1600,2024-06-20,Bank Transfer,Completed
15217,4520,2025-07-02,Bank Transfer,Returned
15218,2540,2024-09-14,PayPal,Completed
15219,4430,2025-07-29,Invoice,Completed
15220,1118,2025-12-18,Bank Transfer,Completed
15221,1390,2024-01-15,Bank Transfer,Completed
15222,1136,2025-10-06,Bank Transfer,Completed
15223,4405,2025-03-05,Bank Transfer,Completed
15224,386,2025-08-27,Bank Transfer,Completed
15225,4317,2025-04-01,PayPal,Completed
15226,3012,2024-08-27,Invoice,Completed
15227,2933,2023-12-30,PayPal,Completed
15228,1260,2023-05-11,PayPal,Completed
15229,1715,2024-12-11,Invoice,Completed
15230,2247,2025-12-26,Invoice,Cancelled
15231,1482,2025-06-17,Credit Card,Completed
15232,32,2024-05-06,Credit Card,Cancelled
15233,1976,2025-09-05,Invoice,Completed
15234,2073,2025-07-15,Bank Transfer,Completed
15235,3024,2024-03-13,Bank Transfer,Completed
15236,1788,2023-01-31,Bank Transfer,Completed
15237,16,2023-08-01,Credit Card,Completed
15238,4191,2025-10-20,Bank Transfer,Completed
15239,4287,2025-09-13,PayPal,Completed
15240,3020,2024-03-29,PayPal,Returned
15241,3055,2024-03-17,Credit Card,Completed
15242,3530,2025-08-05,Bank Transfer,Returned
15243,3718,2025-11-27,Invoice,Cancelled
15244,1265,2025-07-24,Bank Transfer,Returned
15245,520,2025-02-16,Bank Transfer,Completed
15246,1440,2024-01-19,PayPal,Completed
15247,3099,2024-12-04,Bank Transfer,Completed
15248,4643,2024-01-06,Credit Card,Completed
15249,2372,2025-08-19,Bank Transfer,Completed
15250,2965,2024-07-14,Invoice,Returned
15251,4,2025-09-11,Invoice,Returned
15252,2956,2024-07-08,PayPal,Completed
15253,2527,2025-09-02,Bank Transfer,Completed
15254,664,2024-05-13,PayPal,Completed
15255,1124,2024-09-15,Bank Transfer,Returned
15256,3562,2025-02-28,Bank Transfer,Completed
15257,1726,2023-05-12,Bank Transfer,Completed
15258,1320,2025-12-03,PayPal,Completed
15259,80,2025-01-12,Credit Card,Completed
15260,4713,2024-11-21,Bank Transfer,Completed
15261,2134,2025-09-16,PayPal,Completed
15262,4795,2025-10-09,Credit Card,Completed
15263,130,2024-12-01,Bank Transfer,Completed
15264,2342,2025-11-21,Bank Transfer,Completed
15265,2437,2023-05-02,PayPal,Completed
15266,3047,2023-07-23,Invoice,Completed
15267,4632,2025-02-07,PayPal,Completed
15268,454,2024-06-06,Invoice,Completed
15269,2239,2024-10-13,Bank Transfer,Completed
15270,3524,2024-05-07,Bank Transfer,Completed
15271,266,2024-08-04,PayPal,Completed
15272,1171,2025-09-01,Bank Transfer,Returned
15273,1150,2025-02-03,Credit Card,Completed
15274,3137,2025-12-30,Bank Transfer,Completed
15275,399,2025-07-31,Invoice,Returned
15276,1968,2024-03-04,Credit Card,Cancelled
15277,447,2024-02-20,Bank Transfer,Completed
15278,524,2024-05-16,Invoice,Cancelled
15279,1659,2025-09-19,PayPal,Cancelled
15280,4842,2023-02-27,Credit Card,Completed
15281,793,2024-01-01,Bank Transfer,Cancelled
15282,1030,2025-11-08,PayPal,Returned
15283,1080,2025-03-22,Credit Card,Completed
15284,3912,2023-12-28,Credit Card,Completed
15285,1207,2023-12-20,PayPal,Completed
15286,3695,2025-10-06,Bank Transfer,Completed
15287,2401,2025-11-02,Invoice,Completed
15288,4416,2024-02-08,Credit Card,Completed
15289,1154,2024-08-23,Credit Card,Returned
15290,479,2025-09-11,Credit Card,Completed
15291,2954,2025-07-17,Credit Card,Completed
15292,500,2025-08-24,Invoice,Completed
15293,2460,2024-11-29,Invoice,Completed
15294,4220,2025-11-12,Credit Card,Returned
15295,4131,2024-05-04,Invoice,Returned
15296,2937,2023-10-05,Bank Transfer,Completed
15297,3524,2025-05-22,Invoice,Returned
15298,2852,2024-12-14,PayPal,Completed
15299,398,2025-09-29,Invoice,Completed
15300,3850,2023-05-30,Bank Transfer,Completed
15301,1751,2025-09-20,Bank Transfer,Completed
15302,3613,2024-03-27,Bank Transfer,Cancelled
15303,2539,2025-04-04,PayPal,Cancelled
15304,1429,2023-03-21,Invoice,Completed
15305,4127,2025-02-21,PayPal,Completed
15306,2751,2025-05-30,Invoice,Completed
15307,1954,2024-06-23,PayPal,Returned
15308,4734,2023-12-16,PayPal,Completed
15309,3504,2024-12-13,PayPal,Completed
15310,4788,2025-09-10,Credit Card,Completed
15311,3316,2024-05-01,Credit Card,Completed
15312,1282,2024-02-03,Invoice,Completed
15313,3574,2024-03-10,Invoice,Completed
15314,2286,2025-12-03,PayPal,Completed
15315,2827,2024-06-12,Credit Card,Returned
15316,3453,2023-01-08,PayPal,Completed
15317,4087,2025-07-26,Credit Card,Completed
15318,43,2025-05-14,PayPal,Completed
15319,3462,2023-08-18,Credit Card,Cancelled
15320,3531,2025-12-23,Credit Card,Completed
15321,1254,2025-02-19,Invoice,Completed
15322,2270,2024-11-16,Credit Card,Completed
15323,4380,2024-07-09,Bank Transfer,Completed
15324,2355,2025-11-05,Invoice,Cancelled
15325,3159,2024-01-21,Credit Card,Completed
15326,3773,2024-03-18,Bank Transfer,Completed
15327,2640,2023-08-08,Bank Transfer,Completed
15328,399,2025-07-06,Credit Card,Completed
15329,176,2025-02-05,Invoice,Completed
15330,4388,2025-02-20,Invoice,Completed
15331,254,2023-12-20,Invoice,Completed
15332,2808,2025-04-01,Invoice,Completed
15333,192,2025-07-12,Bank Transfer,Completed
15334,3348,2024-06-10,Invoice,Cancelled
15335,4175,2025-08-13,Bank Transfer,Completed
15336,408,2024-05-31,Invoice,Completed
15337,3633,2025-07-05,Invoice,Completed
15338,4319,2023-03-11,Invoice,Cancelled
15339,2999,2024-12-22,PayPal,Completed
15340,988,2025-12-14,Credit Card,Cancelled
15341,187,2025-12-21,PayPal,Returned
15342,82,2024-03-13,Credit Card,Completed
15343,2147,2024-09-16,PayPal,Completed
15344,2872,2023-04-29,Invoice,Completed
15345,1016,2025-10-16,PayPal,Completed
15346,3068,2025-01-06,Bank Transfer,Completed
15347,4145,2024-07-12,Credit Card,Completed
15348,268,2023-07-23,Credit Card,Returned
15349,869,2025-12-02,Bank Transfer,Completed
15350,1565,2024-12-07,Invoice,Completed
15351,1210,2024-03-15,Bank Transfer,Completed
15352,883,2024-06-01,PayPal,Cancelled
15353,2965,2024-02-29,PayPal,Completed
15354,4368,2025-02-12,Credit Card,Completed
15355,2334,2025-11-22,PayPal,Completed
15356,1577,2025-10-01,PayPal,Completed
15357,2307,2024-10-08,Bank Transfer,Completed
15358,1399,2025-09-04,Invoice,Completed
15359,603,2024-08-26,Bank Transfer,Completed
15360,2588,2024-02-03,Credit Card,Returned
15361,560,2025-12-22,Credit Card,Returned
15362,868,2024-04-08,Credit Card,Completed
15363,3474,2024-05-01,Credit Card,Completed
15364,4725,2025-12-26,Credit Card,Completed
15365,387,2023-08-28,PayPal,Completed
15366,143,2025-07-07,Bank Transfer,Completed
15367,4223,2025-11-26,PayPal,Completed
15368,3275,2024-11-24,Invoice,Cancelled
15369,2964,2023-01-06,Credit Card,Completed
15370,816,2024-07-01,Credit Card,Completed
15371,4786,2023-07-21,Bank Transfer,Completed
15372,524,2024-08-18,Invoice,Completed
15373,3238,2025-08-03,Credit Card,Completed
15374,4752,2024-09-13,Bank Transfer,Completed
15375,70,2024-09-05,Bank Transfer,Completed
15376,207,2024-12-27,Invoice,Completed
15377,4069,2025-01-21,Invoice,Completed
15378,1519,2025-10-01,Credit Card,Cancelled
15379,2382,2024-04-14,Credit Card,Completed
15380,285,2025-08-31,Invoice,Completed
15381,4593,2025-01-03,PayPal,Completed
15382,2806,2024-04-04,Credit Card,Completed
15383,2047,2024-03-29,PayPal,Completed
15384,3219,2024-06-14,Invoice,Completed
15385,4373,2025-03-06,PayPal,Completed
15386,1133,2024-01-02,Credit Card,Completed
15387,2409,2025-11-17,Invoice,Cancelled
15388,434,2025-01-13,Credit Card,Completed
15389,4133,2025-11-17,Bank Transfer,Cancelled
15390,2784,2023-04-01,PayPal,Completed
15391,813,2024-05-24,Invoice,Completed
15392,4736,2023-02-18,Credit Card,Returned
15393,3742,2024-03-02,Bank Transfer,Completed
15394,2657,2025-10-06,Invoice,Completed
15395,904,2023-03-15,Credit Card,Completed
15396,4720,2024-09-10,Bank Transfer,Completed
15397,1607,2023-07-31,Credit Card,Completed
15398,3352,2024-08-18,Credit Card,Cancelled
15399,1369,2025-09-15,Invoice,Completed
15400,1369,2025-03-06,Credit Card,Completed
15401,440,2025-06-16,Invoice,Completed
15402,510,2024-05-31,Bank Transfer,Completed
15403,854,2025-11-30,Invoice,Completed
15404,2248,2025-05-22,Bank Transfer,Returned
15405,4243,2024-08-24,Bank Transfer,Cancelled
15406,3094,2024-08-30,Credit Card,Completed
15407,4956,2025-11-16,Invoice,Completed
15408,225,2025-01-15,Bank Transfer,Completed
15409,2658,2025-05-20,Credit Card,Completed
15410,2188,2024-08-19,Bank Transfer,Completed
15411,900,2023-12-25,Bank Transfer,Completed
15412,3531,2025-06-04,Invoice,Cancelled
15413,4389,2025-02-19,Invoice,Returned
15414,760,2024-11-16,Credit Card,Completed
15415,4120,2025-03-07,Bank Transfer,Completed
15416,1644,2023-12-09,Bank Transfer,Completed
15417,1765,2025-08-06,Bank Transfer,Completed
15418,4090,2025-12-03,PayPal,Completed
15419,1059,2025-11-01,Credit Card,Cancelled
15420,66,2024-04-29,Bank Transfer,Completed
15421,990,2024-08-06,Credit Card,Completed
15422,1457,2025-08-19,Bank Transfer,Completed
15423,434,2025-02-05,Credit Card,Completed
15424,1562,2024-12-20,Credit Card,Completed
15425,4426,2025-11-21,Invoice,Completed
15426,3196,2024-12-11,Invoice,Returned
15427,3362,2024-11-26,Invoice,Completed
15428,1303,2023-03-25,Bank Transfer,Completed
15429,619,2023-05-10,Credit Card,Completed
15430,2088,2023-01-16,Credit Card,Completed
15431,3049,2025-11-13,PayPal,Completed
15432,2655,2024-08-09,Invoice,Completed
15433,891,2024-10-18,Invoice,Completed
15434,1811,2025-09-21,PayPal,Completed
15435,3746,2025-02-21,Credit Card,Completed
15436,3755,2025-02-21,Bank Transfer,Completed
15437,4248,2024-03-31,PayPal,Completed
15438,2028,2025-09-11,Bank Transfer,Completed
15439,2973,2023-10-21,Credit Card,Completed
15440,4039,2023-04-12,Credit Card,Completed
15441,1967,2023-11-21,PayPal,Returned
15442,4439,2024-02-25,Bank Transfer,Completed
15443,3310,2024-03-14,PayPal,Completed
15444,4020,2025-04-18,Invoice,Completed
15445,1857,2023-12-19,Invoice,Completed
15446,1801,2025-04-23,Credit Card,Completed
15447,3505,2023-06-16,Credit Card,Completed
15448,3645,2023-09-19,Credit Card,Completed
15449,1796,2024-11-21,Invoice,Returned
15450,2483,2025-11-18,PayPal,Completed
15451,1858,2025-10-04,Invoice,Completed
15452,2628,2025-12-14,Invoice,Completed
15453,270,2025-03-31,Credit Card,Completed
15454,1163,2025-04-23,Bank Transfer,Completed
15455,3512,2025-03-08,Invoice,Returned
15456,1684,2025-03-06,Invoice,Completed
15457,3474,2023-09-19,PayPal,Completed
15458,4371,2024-12-17,Credit Card,Completed
15459,2140,2024-07-13,Bank Transfer,Returned
15460,4394,2024-09-18,Invoice,Completed
15461,353,2024-12-02,Credit Card,Completed
15462,1680,2023-08-18,Bank Transfer,Completed
15463,1354,2024-06-12,Credit Card,Completed
15464,647,2023-04-30,Bank Transfer,Completed
15465,685,2025-12-20,Bank Transfer,Completed
15466,1957,2023-08-01,Credit Card,Completed
15467,3627,2024-02-12,PayPal,Completed
15468,4934,2025-11-01,Bank Transfer,Completed
15469,3160,2024-11-02,Bank Transfer,Completed
15470,256,2023-08-30,PayPal,Completed
15471,4268,2024-07-11,Invoice,Completed
15472,1685,2023-07-28,PayPal,Completed
15473,4451,2023-11-30,Invoice,Completed
15474,423,2023-04-11,Credit Card,Completed
15475,2215,2024-09-12,Bank Transfer,Cancelled
15476,3469,2025-08-17,Bank Transfer,Completed
15477,2819,2025-01-26,PayPal,Completed
15478,1428,2025-02-17,Credit Card,Completed
15479,4889,2023-12-01,PayPal,Completed
15480,820,2024-05-25,Bank Transfer,Completed
15481,321,2025-09-21,Bank Transfer,Completed
15482,2203,2023-06-10,PayPal,Completed
15483,2971,2025-10-02,Invoice,Completed
15484,3689,2024-11-03,PayPal,Completed
15485,4918,2025-09-14,PayPal,Completed
15486,1721,2024-04-25,Invoice,Completed
15487,3963,2024-05-19,PayPal,Completed
15488,3815,2025-06-29,Invoice,Completed
15489,3260,2025-07-29,Credit Card,Completed
15490,206,2023-12-31,Credit Card,Completed
15491,1929,2025-12-16,Credit Card,Completed
15492,3611,2023-06-05,Credit Card,Completed
15493,3999,2023-05-09,Credit Card,Completed
15494,4751,2025-02-05,PayPal,Completed
15495,1216,2025-06-03,Bank Transfer,Completed
15496,2034,2025-12-10,PayPal,Completed
15497,3681,2024-08-05,Invoice,Completed
15498,1786,2023-02-23,Invoice,Completed
15499,2380,2025-02-13,Credit Card,Completed
15500,4994,2024-03-23,Invoice,Completed
15501,1806,2024-09-06,Bank Transfer,Returned
15502,3803,2024-11-07,Invoice,Completed
15503,465,2023-05-02,Credit Card,Completed
15504,3464,2024-11-05,Bank Transfer,Cancelled
15505,1194,2024-08-30,Bank Transfer,Completed
15506,4778,2025-05-25,Bank Transfer,Completed
15507,4086,2025-03-27,Invoice,Cancelled
15508,4452,2023-11-14,Bank Transfer,Completed
15509,3172,2023-12-06,Credit Card,Completed
15510,1071,2024-02-01,Credit Card,Returned
15511,4,2023-11-08,PayPal,Completed
15512,4412,2025-04-06,Credit Card,Completed
15513,4391,2025-12-28,Credit Card,Completed
15514,2363,2025-04-01,Credit Card,Completed
15515,2560,2025-02-18,Bank Transfer,Returned
15516,4301,2024-08-10,Credit Card,Completed
15517,412,2024-04-18,Credit Card,Completed
15518,1202,2025-11-12,Bank Transfer,Returned
15519,1526,2025-12-14,PayPal,Completed
15520,2998,2024-11-13,Invoice,Returned
15521,3835,2024-03-23,PayPal,Cancelled
15522,2465,2025-07-16,Bank Transfer,Returned
15523,2719,2023-08-25,Credit Card,Completed
15524,484,2025-07-12,PayPal,Completed
15525,1287,2025-08-28,Credit Card,Completed
15526,1242,2023-08-12,PayPal,Cancelled
15527,4325,2025-12-19,Credit Card,Completed
15528,2209,2025-12-23,Credit Card,Completed
15529,1010,2025-11-26,Bank Transfer,Completed
15530,2488,2024-11-12,Credit Card,Completed
15531,3201,2024-01-24,Bank Transfer,Completed
15532,4911,2025-01-21,Bank Transfer,Completed
15533,3041,2024-08-22,Invoice,Returned
15534,4881,2023-12-06,Invoice,Completed
15535,1521,2024-08-26,Bank Transfer,Completed
15536,1580,2025-04-12,Invoice,Completed
15537,2535,2023-05-13,Credit Card,Completed
15538,2753,2024-05-13,PayPal,Completed
15539,2830,2023-02-07,Bank Transfer,Completed
15540,3196,2025-06-27,PayPal,Completed
15541,3178,2025-03-22,PayPal,Completed
15542,3585,2023-04-29,Invoice,Completed
15543,4540,2025-12-12,Credit Card,Completed
15544,202,2023-02-17,Bank Transfer,Completed
15545,438,2025-01-30,Invoice,Completed
15546,1016,2025-07-21,Credit Card,Completed
15547,2762,2025-08-01,Bank Transfer,Completed
15548,3098,2023-03-11,PayPal,Completed
15549,2004,2025-11-09,Bank Transfer,Completed
15550,1876,2025-11-16,Credit Card,Completed
15551,963,2024-12-30,Invoice,Completed
15552,1012,2024-11-02,Credit Card,Cancelled
15553,276,2023-03-29,PayPal,Completed
15554,1188,2024-12-30,PayPal,Completed
15555,1934,2024-08-10,Invoice,Completed
15556,3445,2025-07-18,Bank Transfer,Returned
15557,1014,2024-08-03,PayPal,Completed
15558,4591,2025-04-30,PayPal,Completed
15559,499,2023-07-03,Credit Card,Completed
15560,516,2023-08-26,Bank Transfer,Completed
15561,225,2023-09-06,Invoice,Completed
15562,2255,2023-03-31,Invoice,Cancelled
15563,3316,2024-12-15,Bank Transfer,Completed
15564,2403,2025-08-06,Bank Transfer,Completed
15565,2083,2025-02-22,Bank Transfer,Returned
15566,1181,2025-01-13,Credit Card,Returned
15567,6,2025-04-27,Credit Card,Returned
15568,4036,2024-05-20,Invoice,Completed
15569,2344,2024-06-15,Bank Transfer,Completed
15570,2131,2024-04-20,Invoice,Completed
15571,3998,2025-05-25,PayPal,Completed
15572,1481,2023-10-14,PayPal,Cancelled
15573,2512,2023-01-28,PayPal,Returned
15574,3855,2025-02-06,Invoice,Completed
15575,743,2025-11-29,Invoice,Completed
15576,1463,2025-02-21,Invoice,Completed
15577,1582,2025-07-27,Invoice,Returned
15578,3868,2025-04-20,Invoice,Completed
15579,4596,2024-11-13,Invoice,Completed
15580,2062,2025-05-31,PayPal,Completed
15581,2374,2025-09-02,Credit Card,Completed
15582,787,2023-12-26,Invoice,Completed
15583,1205,2024-05-16,Invoice,Cancelled
15584,4651,2023-12-25,PayPal,Completed
15585,1920,2024-09-29,Invoice,Completed
15586,3607,2025-10-26,Invoice,Completed
15587,1786,2024-05-27,Bank Transfer,Completed
15588,3655,2024-06-30,Credit Card,Completed
15589,3213,2025-10-04,Credit Card,Completed
15590,2443,2024-11-26,Credit Card,Completed
15591,329,2024-12-11,Invoice,Completed
15592,1363,2025-10-05,Invoice,Completed
15593,2596,2024-11-08,PayPal,Returned
15594,3116,2025-04-28,PayPal,Returned
15595,2845,2023-06-07,PayPal,Returned
15596,4951,2023-11-07,Invoice,Completed
15597,1678,2024-08-04,Credit Card,Completed
15598,108,2024-11-11,Credit Card,Completed
15599,2937,2025-12-12,Invoice,Completed
15600,3363,2025-12-15,Invoice,Completed
15601,4890,2025-09-26,Credit Card,Completed
15602,2334,2024-04-22,Invoice,Completed
15603,2523,2025-12-11,Credit Card,Completed
15604,2290,2025-05-05,Bank Transfer,Completed
15605,603,2024-07-21,Bank Transfer,Completed
15606,3742,2025-05-16,Invoice,Cancelled
15607,3834,2023-02-05,Credit Card,Completed
15608,4529,2023-09-17,Invoice,Completed
15609,433,2025-09-07,Invoice,Completed
15610,2648,2025-03-27,Bank Transfer,Completed
15611,2786,2024-06-18,Invoice,Completed
15612,4273,2024-11-16,PayPal,Completed
15613,4605,2025-11-09,Bank Transfer,Completed
15614,723,2025-03-14,Credit Card,Completed
15615,1974,2024-07-28,Bank Transfer,Completed
15616,3815,2023-08-04,Credit Card,Completed
15617,3756,2024-03-27,Invoice,Completed
15618,820,2025-12-19,PayPal,Completed
15619,508,2024-09-11,Credit Card,Completed
15620,2723,2024-10-22,Credit Card,Completed
15621,2461,2024-11-14,PayPal,Completed
15622,2247,2025-10-26,PayPal,Completed
15623,4446,2025-02-15,Credit Card,Completed
15624,4058,2025-05-09,Invoice,Completed
15625,2949,2024-07-17,Credit Card,Completed
15626,122,2023-03-03,Invoice,Completed
15627,3275,2025-11-23,Bank Transfer,Completed
15628,3357,2025-12-03,Invoice,Completed
15629,3623,2025-12-03,Credit Card,Completed
15630,2057,2025-11-30,PayPal,Completed
15631,1839,2025-08-25,PayPal,Completed
15632,4216,2025-04-30,Invoice,Completed
15633,2898,2025-09-20,Bank Transfer,Returned
15634,2548,2025-02-11,PayPal,Completed
15635,1155,2023-08-28,Invoice,Cancelled
15636,2169,2024-07-19,Invoice,Completed
15637,1603,2025-12-15,Invoice,Completed
15638,3271,2024-06-03,PayPal,Cancelled
15639,4174,2025-10-11,PayPal,Completed
15640,3198,2023-06-19,Bank Transfer,Completed
15641,443,2024-05-14,Credit Card,Completed
15642,4110,2024-06-02,Credit Card,Completed
15643,576,2023-04-10,PayPal,Completed
15644,1045,2023-08-02,Credit Card,Completed
15645,4060,2023-11-23,Invoice,Completed
15646,377,2025-09-14,Credit Card,Completed
15647,4558,2023-04-30,PayPal,Completed
15648,1631,2024-04-02,Credit Card,Completed
15649,1738,2023-01-22,Credit Card,Completed
15650,1540,2025-05-10,PayPal,Completed
15651,728,2025-03-04,PayPal,Completed
15652,327,2025-03-26,Invoice,Returned
15653,1147,2024-06-30,Invoice,Completed
15654,3737,2023-12-09,PayPal,Completed
15655,3037,2025-06-01,PayPal,Completed
15656,4694,2025-08-21,Credit Card,Completed
15657,447,2023-09-04,PayPal,Completed
15658,3693,2024-11-05,Credit Card,Completed
15659,3416,2024-01-28,Invoice,Completed
15660,2538,2023-10-25,PayPal,Cancelled
15661,4744,2025-06-14,Invoice,Completed
15662,1095,2024-12-13,Credit Card,Completed
15663,3092,2023-12-17,Bank Transfer,Returned
15664,4330,2024-04-15,Bank Transfer,Completed
15665,1504,2025-12-13,Bank Transfer,Completed
15666,2599,2025-09-24,Invoice,Completed
15667,362,2025-10-22,Credit Card,Completed
15668,498,2024-10-08,Credit Card,Completed
15669,4639,2025-03-07,Bank Transfer,Completed
15670,3805,2024-07-03,PayPal,Completed
15671,2255,2023-05-24,PayPal,Completed
15672,3660,2024-07-31,Invoice,Completed
15673,4288,2025-02-04,Credit Card,Completed
15674,3476,2024-03-20,Credit Card,Completed
15675,879,2025-09-23,Bank Transfer,Completed
15676,1272,2023-09-26,Credit Card,Completed
15677,4915,2024-06-21,PayPal,Completed
15678,4644,2023-08-12,Credit Card,Returned
15679,1376,2024-08-04,Credit Card,Completed
15680,1109,2023-03-21,Credit Card,Completed
15681,4250,2024-03-03,Invoice,Returned
15682,3140,2024-07-31,PayPal,Cancelled
15683,2264,2024-10-29,Credit Card,Completed
15684,4414,2024-12-17,Invoice,Completed
15685,1430,2024-03-05,Invoice,Completed
15686,1114,2024-12-02,PayPal,Completed
15687,4639,2024-11-22,PayPal,Completed
15688,3349,2024-04-23,PayPal,Completed
15689,2022,2025-09-07,Credit Card,Completed
15690,2600,2024-12-18,PayPal,Completed
15691,3078,2024-05-11,PayPal,Completed
15692,2855,2025-12-02,Invoice,Completed
15693,215,2025-09-21,Bank Transfer,Completed
15694,4841,2025-12-22,Bank Transfer,Completed
15695,4762,2025-05-07,Credit Card,Completed
15696,3722,2024-07-04,PayPal,Completed
15697,108,2024-03-12,PayPal,Completed
15698,3826,2025-04-11,Credit Card,Completed
15699,1780,2025-12-21,Invoice,Returned
15700,1184,2025-03-10,Bank Transfer,Returned
15701,3190,2025-10-23,Invoice,Completed
15702,2990,2024-05-08,Credit Card,Completed
15703,3221,2024-08-07,PayPal,Cancelled
15704,2088,2025-11-09,Credit Card,Completed
15705,402,2025-07-04,Bank Transfer,Cancelled
15706,244,2025-12-21,Bank Transfer,Completed
15707,1861,2025-07-20,Bank Transfer,Completed
15708,2826,2024-09-25,Invoice,Completed
15709,847,2024-12-08,Bank Transfer,Completed
15710,1516,2025-11-06,PayPal,Completed
15711,4276,2024-12-23,PayPal,Completed
15712,1108,2024-02-07,Invoice,Completed
15713,3247,2024-09-09,PayPal,Completed
15714,384,2024-11-27,Invoice,Returned
15715,2552,2023-06-25,Credit Card,Completed
15716,331,2025-06-22,PayPal,Completed
15717,2798,2023-07-17,Credit Card,Completed
15718,4753,2024-08-05,Invoice,Completed
15719,749,2025-08-16,Invoice,Completed
15720,1571,2024-10-17,Credit Card,Completed
15721,3377,2025-09-18,Bank Transfer,Completed
15722,4991,2024-05-23,PayPal,Completed
15723,1044,2025-12-08,Invoice,Completed
15724,4294,2023-12-10,Invoice,Completed
15725,1635,2023-03-18,Invoice,Returned
15726,2436,2025-10-15,PayPal,Completed
15727,1907,2025-06-30,PayPal,Completed
15728,90,2024-01-04,Bank Transfer,Completed
15729,4870,2025-12-23,Credit Card,Completed
15730,3415,2024-11-17,Credit Card,Completed
15731,2800,2025-12-04,Bank Transfer,Completed
15732,3673,2024-11-19,Credit Card,Completed
15733,4374,2024-10-22,Invoice,Completed
15734,1294,2024-09-25,Bank Transfer,Completed
15735,3478,2024-05-15,Bank Transfer,Returned
15736,4812,2024-12-10,PayPal,Completed
15737,3771,2024-09-29,PayPal,Completed
15738,2729,2023-03-16,Invoice,Completed
15739,4137,2024-02-14,Credit Card,Completed
15740,4930,2023-12-14,Credit Card,Completed
15741,1862,2025-10-11,Invoice,Completed
15742,1129,2025-02-09,Bank Transfer,Completed
15743,524,2025-07-10,Invoice,Completed
15744,3048,2025-12-07,PayPal,Completed
15745,2693,2025-03-25,Credit Card,Completed
15746,1912,2025-12-22,Bank Transfer,Completed
15747,1599,2024-04-17,Credit Card,Completed
15748,1059,2023-11-15,Credit Card,Returned
15749,1031,2024-08-03,Bank Transfer,Returned
15750,848,2024-10-21,Invoice,Completed
15751,4897,2025-11-03,Invoice,Completed
15752,1280,2024-12-29,PayPal,Completed
15753,3642,2024-03-26,Bank Transfer,Completed
15754,186,2025-06-21,Bank Transfer,Completed
15755,116,2024-11-19,PayPal,Cancelled
15756,4847,2023-10-14,Bank Transfer,Completed
15757,3265,2025-01-15,Bank Transfer,Completed
15758,330,2025-11-12,Invoice,Completed
15759,4219,2025-09-19,Credit Card,Completed
15760,1108,2025-01-27,Bank Transfer,Completed
15761,4653,2024-07-03,Credit Card,Completed
15762,667,2023-06-09,Bank Transfer,Returned
15763,1383,2024-10-19,Credit Card,Completed
15764,1845,2025-06-30,Credit Card,Cancelled
15765,2310,2024-06-13,Credit Card,Cancelled
15766,176,2024-01-09,PayPal,Completed
15767,1992,2025-11-23,Bank Transfer,Completed
15768,1234,2025-08-31,PayPal,Completed
15769,2299,2025-03-20,PayPal,Completed
15770,3439,2023-09-01,PayPal,Completed
15771,1201,2023-09-15,Credit Card,Completed
15772,1469,2023-07-06,PayPal,Completed
15773,3830,2025-02-28,Bank Transfer,Completed
15774,4099,2023-07-27,Invoice,Completed
15775,86,2025-09-19,Invoice,Completed
15776,4502,2025-12-28,Credit Card,Completed
15777,3429,2024-06-20,Invoice,Completed
15778,1715,2024-10-01,Invoice,Completed
15779,1694,2025-05-25,PayPal,Completed
15780,3600,2025-11-26,PayPal,Cancelled
15781,4358,2025-11-02,Invoice,Completed
15782,3472,2023-04-20,Invoice,Completed
15783,116,2023-10-26,Bank Transfer,Returned
15784,3158,2025-07-02,PayPal,Completed
15785,3829,2025-05-04,Bank Transfer,Completed
15786,2133,2023-08-26,Invoice,Completed
15787,1806,2024-11-17,Credit Card,Completed
15788,4906,2025-07-25,Invoice,Completed
15789,2115,2023-12-20,Credit Card,Completed
15790,1410,2025-10-14,PayPal,Completed
15791,198,2023-04-12,PayPal,Completed
15792,2944,2025-07-27,PayPal,Completed
15793,654,2025-02-28,Credit Card,Completed
15794,1608,2024-04-22,PayPal,Completed
15795,592,2025-06-02,Bank Transfer,Completed
15796,2816,2025-07-27,Bank Transfer,Completed
15797,3336,2025-11-25,Invoice,Completed
15798,4806,2024-06-22,Bank Transfer,Completed
15799,1713,2025-05-02,Credit Card,Completed
15800,4257,2025-02-13,Credit Card,Returned
15801,4334,2024-12-03,Credit Card,Completed
15802,2375,2025-10-31,Credit Card,Completed
15803,1447,2023-01-07,Bank Transfer,Completed
15804,1295,2024-03-14,Invoice,Completed
15805,4772,2024-12-13,Invoice,Completed
15806,2307,2023-11-07,PayPal,Returned
15807,44,2025-11-10,Credit Card,Completed
15808,878,2025-03-28,Credit Card,Completed
15809,413,2024-10-29,Credit Card,Completed
15810,2054,2025-08-25,Credit Card,Cancelled
15811,3975,2024-09-27,Credit Card,Completed
15812,4316,2024-12-28,Bank Transfer,Completed
15813,2751,2023-01-06,Bank Transfer,Cancelled
15814,1047,2024-06-20,Credit Card,Completed
15815,2385,2023-09-05,PayPal,Completed
15816,2589,2025-05-05,Invoice,Completed
15817,3444,2024-10-30,PayPal,Completed
15818,335,2024-04-06,Credit Card,Completed
15819,253,2024-10-17,Credit Card,Completed
15820,4679,2023-12-10,PayPal,Completed
15821,1796,2025-11-20,Invoice,Completed
15822,3819,2023-04-14,PayPal,Completed
15823,1830,2025-10-09,Credit Card,Completed
15824,1753,2024-11-23,Credit Card,Completed
15825,857,2025-03-03,PayPal,Completed
15826,399,2024-04-07,Bank Transfer,Completed
15827,4847,2025-12-13,PayPal,Returned
15828,4926,2024-03-13,Bank Transfer,Completed
15829,1049,2025-01-29,PayPal,Completed
15830,1453,2025-12-28,PayPal,Completed
15831,2617,2025-10-23,Credit Card,Completed
15832,112,2024-12-12,Credit Card,Completed
15833,3248,2025-12-26,Credit Card,Completed
15834,4353,2025-05-15,Bank Transfer,Completed
15835,1538,2023-12-09,Invoice,Completed
15836,1302,2024-08-05,Credit Card,Completed
15837,3014,2024-05-14,PayPal,Returned
15838,862,2024-05-25,PayPal,Completed
15839,4045,2025-07-07,Invoice,Completed
15840,4827,2025-01-24,Credit Card,Completed
15841,86,2023-03-18,Invoice,Completed
15842,4277,2025-10-20,PayPal,Completed
15843,3549,2024-03-31,PayPal,Completed
15844,2099,2025-12-30,Credit Card,Completed
15845,4743,2025-12-06,Invoice,Returned
15846,3044,2025-11-28,PayPal,Completed
15847,3612,2025-08-21,Invoice,Completed
15848,2093,2023-12-22,Credit Card,Completed
15849,1083,2024-12-09,Credit Card,Completed
15850,878,2023-12-26,PayPal,Completed
15851,2999,2024-02-13,Credit Card,Cancelled
15852,1602,2025-02-22,PayPal,Completed
15853,618,2023-03-23,Bank Transfer,Returned
15854,4554,2025-12-14,Invoice,Completed
15855,255,2025-11-16,Bank Transfer,Completed
15856,1987,2024-07-07,PayPal,Completed
15857,1116,2024-11-26,PayPal,Completed
15858,4637,2024-10-15,Credit Card,Completed
15859,3942,2025-10-24,PayPal,Cancelled
15860,3435,2025-05-04,Invoice,Completed
15861,3195,2024-03-09,PayPal,Completed
15862,4216,2024-09-23,Credit Card,Completed
15863,3008,2024-09-02,Credit Card,Cancelled
15864,1113,2025-12-09,Invoice,Completed
15865,3260,2023-11-04,PayPal,Completed
15866,1713,2023-06-13,Credit Card,Completed
15867,1042,2025-10-22,Bank Transfer,Completed
15868,2283,2025-11-04,Credit Card,Returned
15869,501,2025-10-15,Bank Transfer,Completed
15870,199,2024-11-23,Bank Transfer,Completed
15871,2873,2025-04-08,Bank Transfer,Completed
15872,1020,2024-12-31,Invoice,Completed
15873,3849,2023-05-10,Invoice,Completed
15874,843,2025-02-06,Credit Card,Completed
15875,1718,2023-01-29,PayPal,Completed
15876,4181,2024-05-03,Invoice,Completed
15877,1049,2025-11-24,Invoice,Completed
15878,4819,2024-04-08,PayPal,Completed
15879,531,2025-11-28,Invoice,Completed
15880,4679,2024-01-30,Invoice,Completed
15881,919,2024-04-21,Credit Card,Returned
15882,232,2025-03-11,Invoice,Returned
15883,3260,2025-07-08,Invoice,Completed
15884,83,2024-11-16,PayPal,Completed
15885,3045,2025-10-24,PayPal,Completed
15886,2671,2023-03-22,Credit Card,Completed
15887,738,2025-11-18,Invoice,Completed
15888,21,2023-11-26,Bank Transfer,Completed
15889,865,2025-10-26,Invoice,Returned
15890,3177,2024-07-31,Bank Transfer,Completed
15891,4365,2025-09-10,Bank Transfer,Completed
15892,807,2025-04-19,Bank Transfer,Completed
15893,929,2023-11-04,Invoice,Completed
15894,1640,2025-11-16,Credit Card,Completed
15895,2615,2024-01-24,Invoice,Completed
15896,4283,2024-01-22,Invoice,Completed
15897,1616,2025-08-24,Bank Transfer,Completed
15898,3384,2023-07-11,PayPal,Completed
15899,4857,2023-12-23,Bank Transfer,Completed
15900,943,2024-11-18,PayPal,Completed
15901,109,2025-09-08,Invoice,Cancelled
15902,832,2023-09-20,Bank Transfer,Completed
15903,1458,2024-12-20,Credit Card,Completed
15904,3990,2025-05-24,Invoice,Completed
15905,924,2025-10-05,PayPal,Completed
15906,3133,2025-11-26,PayPal,Returned
15907,2905,2025-07-29,Bank Transfer,Completed
15908,4924,2025-04-02,Credit Card,Completed
15909,2980,2024-09-07,Bank Transfer,Completed
15910,452,2023-07-22,PayPal,Completed
15911,1563,2025-05-23,PayPal,Completed
15912,1181,2025-12-27,PayPal,Completed
15913,4447,2025-06-16,PayPal,Completed
15914,3076,2023-02-05,Bank Transfer,Cancelled
15915,769,2024-11-12,Credit Card,Completed
15916,4023,2025-02-27,Credit Card,Completed
15917,2344,2025-05-05,PayPal,Cancelled
15918,4323,2025-06-01,PayPal,Completed
15919,4862,2024-12-28,Invoice,Completed
15920,2327,2023-12-25,Credit Card,Completed
15921,4857,2025-11-29,PayPal,Completed
15922,1740,2025-05-11,Credit Card,Returned
15923,2993,2024-01-11,Bank Transfer,Completed
15924,1010,2024-04-30,Bank Transfer,Completed
15925,3295,2025-11-18,Credit Card,Completed
15926,3422,2025-10-29,Invoice,Completed
15927,4243,2024-08-05,Invoice,Completed
15928,4130,2023-03-18,PayPal,Completed
15929,4712,2023-04-05,Invoice,Completed
15930,453,2024-03-16,Credit Card,Completed
15931,3275,2025-03-12,PayPal,Completed
15932,4063,2025-01-24,Bank Transfer,Completed
15933,4343,2025-03-16,PayPal,Completed
15934,4119,2025-05-30,Invoice,Completed
15935,3162,2023-02-10,Credit Card,Completed
15936,4660,2023-07-10,Invoice,Returned
15937,4223,2024-06-12,Invoice,Completed
15938,3710,2023-10-02,Bank Transfer,Completed
15939,1793,2023-05-20,Credit Card,Completed
15940,593,2025-03-22,Credit Card,Completed
15941,4478,2025-08-25,Invoice,Completed
15942,844,2025-06-30,PayPal,Completed
15943,2014,2025-08-27,PayPal,Completed
15944,2210,2025-04-14,PayPal,Returned
15945,1340,2025-06-15,PayPal,Completed
15946,236,2024-03-02,PayPal,Completed
15947,1244,2025-12-28,Credit Card,Completed
15948,3415,2023-11-12,Credit Card,Completed
15949,505,2023-12-15,Invoice,Completed
15950,2712,2024-03-22,Invoice,Completed
15951,1078,2025-12-18,Bank Transfer,Completed
15952,532,2025-12-25,Bank Transfer,Completed
15953,1912,2025-08-07,Credit Card,Completed
15954,1149,2025-03-12,Invoice,Completed
15955,736,2024-11-30,Credit Card,Completed
15956,397,2025-12-15,PayPal,Completed
15957,1728,2025-05-10,Invoice,Returned
15958,1169,2025-12-01,Credit Card,Completed
15959,4635,2024-04-23,PayPal,Completed
15960,1000,2024-05-13,Bank Transfer,Cancelled
15961,3459,2025-09-29,Invoice,Completed
15962,522,2023-09-24,Invoice,Completed
15963,1160,2025-12-01,PayPal,Returned
15964,71,2024-11-21,Bank Transfer,Completed
15965,4078,2025-11-20,Bank Transfer,Completed
15966,4060,2024-05-17,Invoice,Completed
15967,844,2025-05-28,Credit Card,Completed
15968,1438,2024-11-03,Invoice,Completed
15969,3420,2025-03-10,Invoice,Cancelled
15970,1311,2024-11-18,Bank Transfer,Completed
15971,1166,2025-12-13,Invoice,Completed
15972,614,2025-05-07,Invoice,Completed
15973,1367,2024-02-01,Credit Card,Completed
15974,46,2025-11-11,Bank Transfer,Completed
15975,3861,2024-03-28,Credit Card,Completed
15976,1250,2024-06-27,PayPal,Completed
15977,3744,2023-07-05,PayPal,Completed
15978,2616,2025-11-06,Bank Transfer,Completed
15979,1911,2024-03-18,PayPal,Returned
15980,4279,2024-02-12,Credit Card,Completed
15981,1694,2025-11-17,Bank Transfer,Completed
15982,571,2025-08-16,Credit Card,Returned
15983,31,2023-09-09,Credit Card,Completed
15984,4998,2025-07-15,Invoice,Completed
15985,4034,2025-11-13,PayPal,Returned
15986,4326,2023-05-26,Invoice,Completed
15987,4438,2025-09-03,Bank Transfer,Returned
15988,3832,2024-12-20,PayPal,Completed
15989,4566,2025-04-17,PayPal,Completed
15990,564,2024-11-10,Invoice,Completed
15991,2299,2025-05-12,Bank Transfer,Cancelled
15992,1559,2023-03-11,Bank Transfer,Completed
15993,3860,2025-07-09,Invoice,Completed
15994,3641,2023-03-10,Credit Card,Returned
15995,2122,2024-10-02,Credit Card,Completed
15996,4223,2023-09-25,Invoice,Completed
15997,1277,2025-09-02,PayPal,Completed
15998,4372,2024-04-20,Invoice,Cancelled
15999,2473,2024-10-01,Credit Card,Completed
16000,3322,2024-09-01,Credit Card,Completed
16001,268,2025-07-18,Credit Card,Cancelled
16002,1009,2024-11-01,PayPal,Cancelled
16003,3941,2025-08-02,PayPal,Completed
16004,2733,2023-05-17,Credit Card,Completed
16005,477,2023-11-21,Invoice,Completed
16006,938,2024-12-23,Credit Card,Completed
16007,1408,2025-12-02,Bank Transfer,Completed
16008,2836,2023-05-19,Credit Card,Completed
16009,3421,2023-03-26,Bank Transfer,Completed
16010,2810,2023-10-05,PayPal,Completed
16011,2929,2025-03-23,Credit Card,Completed
16012,4123,2024-07-29,Bank Transfer,Completed
16013,1396,2025-09-03,PayPal,Completed
16014,406,2023-05-14,Bank Transfer,Completed
16015,1802,2023-11-26,Invoice,Completed
16016,529,2024-04-04,Invoice,Completed
16017,3288,2025-03-10,Credit Card,Cancelled
16018,1633,2025-05-01,Credit Card,Completed
16019,1766,2023-08-11,Bank Transfer,Completed
16020,3702,2025-11-30,Credit Card,Completed
16021,3584,2024-05-22,PayPal,Completed
16022,1085,2025-05-26,PayPal,Returned
16023,2435,2024-12-03,Credit Card,Completed
16024,3879,2023-12-24,Invoice,Returned
16025,3405,2025-09-22,Bank Transfer,Completed
16026,2253,2025-08-28,PayPal,Completed
16027,2438,2024-07-25,Bank Transfer,Completed
16028,3468,2025-01-29,Invoice,Completed
16029,2941,2024-02-11,Credit Card,Cancelled
16030,186,2025-05-05,PayPal,Completed
16031,3196,2024-04-14,PayPal,Returned
16032,1910,2025-09-20,Credit Card,Completed
16033,1806,2023-12-18,Invoice,Completed
16034,446,2023-02-01,Credit Card,Completed
16035,1871,2024-02-26,Credit Card,Completed
16036,333,2023-11-20,Invoice,Returned
16037,398,2024-11-21,PayPal,Completed
16038,2609,2023-12-04,Bank Transfer,Completed
16039,814,2025-07-10,Credit Card,Returned
16040,3497,2024-01-18,Credit Card,Completed
16041,952,2025-05-20,Bank Transfer,Completed
16042,4669,2025-01-17,PayPal,Completed
16043,1413,2025-12-24,Invoice,Completed
16044,2556,2025-12-31,Credit Card,Completed
16045,857,2025-10-13,Bank Transfer,Completed
16046,4912,2025-07-07,PayPal,Completed
16047,3557,2024-07-14,Bank Transfer,Completed
16048,4417,2025-07-01,Invoice,Completed
16049,1399,2025-12-07,Bank Transfer,Completed
16050,120,2023-02-19,PayPal,Completed
16051,645,2024-12-13,Credit Card,Completed
16052,1167,2023-12-19,Bank Transfer,Returned
16053,1589,2024-12-27,Invoice,Completed
16054,3520,2024-10-16,PayPal,Returned
16055,2174,2025-01-14,PayPal,Completed
16056,3005,2024-12-22,PayPal,Cancelled
16057,2367,2025-12-09,Bank Transfer,Completed
16058,3201,2024-12-23,PayPal,Completed
16059,4679,2025-09-22,PayPal,Completed
16060,2160,2024-04-27,PayPal,Completed
16061,4455,2024-09-12,Credit Card,Completed
16062,4039,2024-10-20,Bank Transfer,Completed
16063,4784,2024-03-10,Credit Card,Returned
16064,3480,2024-07-06,Credit Card,Completed
16065,2102,2025-02-09,Credit Card,Completed
16066,3560,2025-01-19,Invoice,Cancelled
16067,4994,2025-03-18,Invoice,Completed
16068,4662,2024-06-03,PayPal,Completed
16069,869,2024-04-22,PayPal,Completed
16070,1098,2025-02-23,Bank Transfer,Completed
16071,939,2023-08-26,PayPal,Cancelled
16072,3618,2024-02-04,PayPal,Completed
16073,258,2023-03-25,Bank Transfer,Completed
16074,4007,2023-05-16,PayPal,Completed
16075,2116,2024-01-20,PayPal,Completed
16076,3062,2023-02-11,PayPal,Completed
16077,4891,2024-01-23,PayPal,Completed
16078,4317,2025-04-04,Invoice,Completed
16079,566,2023-04-26,Invoice,Completed
16080,1878,2024-09-11,Invoice,Completed
16081,3049,2025-11-13,Credit Card,Completed
16082,2702,2025-08-04,PayPal,Completed
16083,1673,2024-04-10,PayPal,Completed
16084,2785,2025-11-20,Invoice,Completed
16085,3415,2024-05-08,PayPal,Completed
16086,4652,2023-05-15,Bank Transfer,Completed
16087,1554,2025-12-28,Credit Card,Completed
16088,2377,2025-10-13,Bank Transfer,Completed
16089,2122,2024-10-15,Invoice,Completed
16090,2980,2025-04-14,Bank Transfer,Completed
16091,3537,2025-04-18,PayPal,Cancelled
16092,3415,2023-11-24,Credit Card,Returned
16093,4325,2023-11-30,Credit Card,Completed
16094,753,2024-10-19,Bank Transfer,Completed
16095,208,2025-11-12,Credit Card,Completed
16096,4441,2023-01-22,PayPal,Completed
16097,254,2025-07-27,PayPal,Completed
16098,3057,2023-04-20,PayPal,Completed
16099,3048,2024-10-29,Invoice,Completed
16100,657,2025-03-20,Credit Card,Completed
16101,3441,2025-05-02,Invoice,Completed
16102,624,2023-04-22,Credit Card,Completed
16103,1582,2024-08-21,Credit Card,Completed
16104,1622,2025-01-23,PayPal,Completed
16105,3181,2023-05-04,PayPal,Completed
16106,1483,2023-08-30,Bank Transfer,Completed
16107,216,2025-04-12,Credit Card,Completed
16108,1062,2024-12-01,Credit Card,Completed
16109,4465,2023-10-14,Bank Transfer,Completed
16110,1553,2024-12-11,PayPal,Completed
16111,2797,2025-11-13,Bank Transfer,Completed
16112,2443,2023-02-03,Invoice,Completed
16113,4176,2025-03-24,Invoice,Completed
16114,2783,2023-05-17,Invoice,Completed
16115,1456,2023-01-14,Invoice,Completed
16116,1587,2023-09-25,PayPal,Completed
16117,2941,2024-08-26,PayPal,Completed
16118,681,2025-08-14,Credit Card,Completed
16119,4373,2024-03-13,Bank Transfer,Completed
16120,3288,2025-03-09,Bank Transfer,Completed
16121,835,2024-08-12,PayPal,Completed
16122,988,2024-01-07,Invoice,Completed
16123,800,2024-11-25,PayPal,Completed
16124,965,2025-08-09,PayPal,Completed
16125,390,2025-09-10,Bank Transfer,Completed
16126,1919,2025-09-22,Credit Card,Completed
16127,3441,2024-05-19,Invoice,Completed
16128,198,2025-08-06,Invoice,Returned
16129,4669,2023-12-13,Credit Card,Completed
16130,3667,2025-06-18,Invoice,Completed
16131,4385,2025-12-03,Credit Card,Completed
16132,4133,2023-01-30,Invoice,Completed
16133,2314,2024-09-15,Credit Card,Completed
16134,2089,2025-03-29,Invoice,Completed
16135,701,2025-05-16,PayPal,Completed
16136,1098,2023-11-05,Bank Transfer,Completed
16137,83,2025-12-16,Credit Card,Completed
16138,2055,2025-02-27,PayPal,Completed
16139,1176,2023-10-18,Invoice,Completed
16140,4354,2023-02-13,Credit Card,Completed
16141,3899,2025-07-28,Invoice,Completed
16142,3552,2023-05-28,PayPal,Completed
16143,279,2023-09-09,PayPal,Completed
16144,885,2025-01-13,Bank Transfer,Completed
16145,2021,2025-02-14,Bank Transfer,Completed
16146,1386,2025-05-02,Bank Transfer,Completed
16147,3856,2024-07-22,PayPal,Completed
16148,4607,2025-07-19,Bank Transfer,Completed
16149,147,2025-12-17,PayPal,Completed
16150,858,2024-03-01,Credit Card,Completed
16151,2727,2025-05-17,PayPal,Completed
16152,3527,2025-11-22,Credit Card,Completed
16153,645,2025-05-02,PayPal,Completed
16154,2738,2025-04-27,Credit Card,Completed
16155,4008,2023-12-25,Invoice,Completed
16156,4892,2024-12-11,PayPal,Completed
16157,54,2024-12-31,Credit Card,Completed
16158,4167,2025-05-14,Invoice,Completed
16159,4644,2025-12-30,Bank Transfer,Completed
16160,4265,2023-03-10,Bank Transfer,Completed
16161,3931,2023-05-03,PayPal,Completed
16162,939,2023-05-25,Credit Card,Cancelled
16163,4572,2025-06-22,Bank Transfer,Completed
16164,3550,2023-09-01,Invoice,Completed
16165,373,2025-03-06,Invoice,Completed
16166,1780,2024-05-03,Bank Transfer,Completed
16167,3808,2024-10-05,Credit Card,Completed
16168,3878,2023-12-17,Bank Transfer,Completed
16169,3337,2025-10-10,Credit Card,Completed
16170,876,2025-01-26,PayPal,Cancelled
16171,3663,2025-12-01,Credit Card,Completed
16172,2116,2025-01-13,PayPal,Completed
16173,1665,2023-08-11,Invoice,Completed
16174,3022,2023-10-29,Bank Transfer,Completed
16175,2201,2025-12-25,Invoice,Completed
16176,3629,2025-06-06,Invoice,Completed
16177,2961,2023-04-06,Invoice,Completed
16178,4461,2025-05-18,PayPal,Completed
16179,2713,2024-08-13,PayPal,Completed
16180,2574,2024-04-12,PayPal,Completed
16181,358,2023-10-01,Bank Transfer,Returned
16182,3964,2025-09-16,Bank Transfer,Completed
16183,3362,2023-05-01,PayPal,Completed
16184,1356,2024-03-23,Credit Card,Completed
16185,257,2024-04-11,Invoice,Completed
16186,3156,2023-10-12,Credit Card,Returned
16187,4676,2024-11-21,Credit Card,Returned
16188,325,2023-01-25,Bank Transfer,Completed
16189,1346,2024-04-05,PayPal,Completed
16190,3845,2025-11-24,Bank Transfer,Completed
16191,2503,2024-04-16,Invoice,Completed
16192,1637,2024-06-13,PayPal,Completed
16193,4808,2024-10-23,Credit Card,Completed
16194,1478,2024-12-30,Credit Card,Returned
16195,4964,2025-08-19,Bank Transfer,Completed
16196,4079,2023-11-20,Invoice,Completed
16197,639,2025-10-15,Credit Card,Completed
16198,3708,2025-07-05,Credit Card,Completed
16199,1578,2025-06-03,Credit Card,Completed
16200,3646,2023-06-09,Credit Card,Completed
16201,3572,2023-02-15,Invoice,Completed
16202,978,2025-02-04,Credit Card,Completed
16203,291,2025-10-07,Bank Transfer,Completed
16204,3074,2025-01-24,PayPal,Completed
16205,2588,2023-12-14,PayPal,Completed
16206,3104,2023-06-15,Bank Transfer,Completed
16207,1836,2025-05-14,Invoice,Returned
16208,1194,2025-06-03,Bank Transfer,Completed
16209,1052,2023-11-01,Credit Card,Completed
16210,3731,2023-03-01,Credit Card,Completed
16211,2846,2024-08-08,Invoice,Returned
16212,723,2025-01-22,Credit Card,Completed
16213,1255,2025-05-20,Invoice,Completed
16214,3625,2025-08-20,Bank Transfer,Completed
16215,122,2025-02-22,PayPal,Completed
16216,2228,2023-07-19,Bank Transfer,Completed
16217,231,2025-04-29,Invoice,Completed
16218,1435,2025-12-23,Credit Card,Completed
16219,1903,2025-11-09,PayPal,Completed
16220,1239,2025-10-14,Credit Card,Completed
16221,4938,2024-04-06,Credit Card,Completed
16222,3064,2025-06-29,Bank Transfer,Completed
16223,4647,2025-09-26,Credit Card,Completed
16224,228,2025-04-25,Credit Card,Returned
16225,3787,2024-01-31,Invoice,Completed
16226,2383,2025-12-06,Credit Card,Completed
16227,4617,2024-09-27,Bank Transfer,Completed
16228,2533,2023-08-21,Bank Transfer,Cancelled
16229,2593,2023-07-18,PayPal,Completed
16230,3693,2025-03-28,Credit Card,Completed
16231,4584,2024-09-12,Credit Card,Completed
16232,3301,2023-06-22,PayPal,Completed
16233,3025,2025-06-19,Credit Card,Cancelled
16234,852,2025-08-11,PayPal,Completed
16235,4814,2025-06-06,Bank Transfer,Completed
16236,4240,2023-12-02,PayPal,Completed
16237,2669,2025-05-05,Credit Card,Completed
16238,3035,2023-01-23,Invoice,Completed
16239,3383,2024-04-10,PayPal,Completed
16240,1170,2024-07-28,Invoice,Completed
16241,1198,2025-09-12,Credit Card,Cancelled
16242,1279,2024-07-19,Credit Card,Completed
16243,2772,2023-01-24,PayPal,Cancelled
16244,4104,2024-06-04,Invoice,Completed
16245,3351,2024-11-14,PayPal,Cancelled
16246,294,2025-12-03,Credit Card,Completed
16247,3452,2025-11-29,Invoice,Returned
16248,3028,2023-11-10,PayPal,Completed
16249,1483,2023-11-14,Invoice,Completed
16250,4038,2023-10-17,Credit Card,Completed
16251,2686,2025-08-02,PayPal,Completed
16252,4107,2023-01-13,Bank Transfer,Completed
16253,1270,2023-08-16,Bank Transfer,Completed
16254,3786,2024-12-13,Invoice,Completed
16255,758,2024-01-27,Invoice,Completed
16256,1078,2023-06-18,Credit Card,Completed
16257,1882,2024-06-13,Invoice,Completed
16258,2876,2024-03-05,Credit Card,Completed
16259,2359,2024-11-23,Invoice,Completed
16260,1430,2025-12-20,Invoice,Completed
16261,1149,2023-08-11,Bank Transfer,Completed
16262,4306,2024-06-28,Credit Card,Completed
16263,2104,2025-11-24,Credit Card,Completed
16264,3599,2025-10-19,Bank Transfer,Completed
16265,3377,2024-07-23,Credit Card,Completed
16266,3104,2025-05-13,Invoice,Completed
16267,108,2023-06-10,Invoice,Completed
16268,4127,2025-05-25,Bank Transfer,Completed
16269,3277,2025-12-16,PayPal,Completed
16270,3070,2024-12-12,Bank Transfer,Completed
16271,4822,2024-11-14,Invoice,Completed
16272,3023,2023-11-17,Bank Transfer,Returned
16273,4982,2025-03-16,Invoice,Completed
16274,1308,2025-01-31,Bank Transfer,Completed
16275,309,2025-04-01,PayPal,Completed
16276,854,2023-02-25,PayPal,Cancelled
16277,2390,2024-12-21,Credit Card,Completed
16278,56,2025-02-05,Bank Transfer,Completed
16279,4729,2023-12-08,Credit Card,Completed
16280,3097,2023-12-09,Bank Transfer,Completed
16281,1884,2024-03-07,Bank Transfer,Completed
16282,775,2025-05-25,Invoice,Completed
16283,4832,2025-02-17,Invoice,Completed
16284,678,2025-09-21,Invoice,Completed
16285,2323,2024-03-30,Invoice,Completed
16286,570,2025-11-12,Credit Card,Completed
16287,2463,2025-06-22,PayPal,Completed
16288,4943,2024-07-24,PayPal,Completed
16289,2425,2023-06-23,Bank Transfer,Cancelled
16290,330,2024-02-09,Credit Card,Completed
16291,798,2025-12-07,PayPal,Completed
16292,3470,2024-04-16,Bank Transfer,Completed
16293,4468,2024-05-09,Bank Transfer,Completed
16294,380,2023-11-19,PayPal,Completed
16295,1249,2025-08-18,Credit Card,Completed
16296,882,2024-03-06,Credit Card,Completed
16297,328,2024-05-09,Credit Card,Completed
16298,1672,2024-08-16,Bank Transfer,Completed
16299,3070,2024-09-07,Credit Card,Completed
16300,1018,2024-08-12,Invoice,Returned
16301,1832,2024-11-18,Credit Card,Completed
16302,787,2025-08-24,PayPal,Completed
16303,3013,2025-08-29,Bank Transfer,Completed
16304,4388,2025-08-10,PayPal,Completed
16305,4280,2023-07-03,PayPal,Completed
16306,2089,2025-08-11,PayPal,Completed
16307,1110,2023-08-04,Bank Transfer,Completed
16308,2102,2023-08-12,Invoice,Completed
16309,2285,2025-12-02,PayPal,Returned
16310,3859,2025-08-29,Bank Transfer,Completed
16311,4666,2024-12-23,PayPal,Completed
16312,1843,2025-10-17,PayPal,Cancelled
16313,648,2025-12-26,PayPal,Completed
16314,4590,2025-02-22,Credit Card,Completed
16315,2762,2025-02-25,PayPal,Completed
16316,1998,2025-07-02,Bank Transfer,Returned
16317,4529,2024-01-04,PayPal,Completed
16318,2755,2023-10-23,Invoice,Completed
16319,3827,2025-07-06,Bank Transfer,Returned
16320,1327,2024-05-26,Credit Card,Completed
16321,3861,2023-08-29,PayPal,Completed
16322,664,2024-04-21,Invoice,Completed
16323,3737,2024-06-11,Invoice,Completed
16324,2713,2025-12-12,Credit Card,Completed
16325,2176,2025-05-12,Bank Transfer,Completed
16326,4924,2024-12-08,Credit Card,Completed
16327,2676,2025-12-14,Invoice,Completed
16328,1569,2025-11-07,PayPal,Completed
16329,1987,2024-11-24,Invoice,Completed
16330,4552,2025-11-09,PayPal,Completed
16331,3382,2024-08-04,PayPal,Completed
16332,4610,2024-01-02,Bank Transfer,Cancelled
16333,70,2024-01-05,Invoice,Completed
16334,4453,2025-04-11,Credit Card,Completed
16335,2517,2024-11-16,Credit Card,Completed
16336,2168,2025-04-08,PayPal,Completed
16337,1674,2025-05-02,PayPal,Completed
16338,248,2023-02-17,Credit Card,Completed
16339,3188,2023-04-14,PayPal,Completed
16340,2288,2024-12-09,Invoice,Completed
16341,159,2023-11-20,Invoice,Completed
16342,632,2025-03-15,PayPal,Completed
16343,4542,2024-12-23,PayPal,Completed
16344,1095,2025-01-25,PayPal,Completed
16345,1606,2024-04-07,Credit Card,Completed
16346,4541,2025-03-21,Invoice,Completed
16347,2807,2025-09-07,Invoice,Completed
16348,2667,2025-12-30,Bank Transfer,Completed
16349,782,2025-09-15,Credit Card,Returned
16350,1219,2024-12-27,PayPal,Completed
16351,3024,2023-11-23,Bank Transfer,Completed
16352,420,2025-04-28,Credit Card,Returned
16353,967,2025-11-27,Bank Transfer,Completed
16354,1430,2023-12-13,Bank Transfer,Completed
16355,3125,2024-02-08,Bank Transfer,Completed
16356,474,2023-09-22,Invoice,Completed
16357,1876,2025-06-16,Invoice,Completed
16358,1122,2024-08-06,PayPal,Returned
16359,2475,2023-04-29,Credit Card,Completed
16360,1771,2025-10-17,PayPal,Completed
16361,1994,2024-12-27,PayPal,Returned
16362,1373,2024-05-10,Invoice,Completed
16363,2600,2024-05-25,Credit Card,Completed
16364,196,2024-03-23,PayPal,Completed
16365,1144,2024-10-03,Bank Transfer,Completed
16366,1283,2024-05-17,Invoice,Completed
16367,1713,2024-12-20,Bank Transfer,Completed
16368,2076,2025-07-19,Credit Card,Completed
16369,4190,2025-04-21,Bank Transfer,Completed
16370,36,2024-03-28,Bank Transfer,Completed
16371,3648,2024-12-06,Bank Transfer,Completed
16372,3600,2025-09-16,PayPal,Completed
16373,4412,2023-05-08,PayPal,Completed
16374,1077,2023-05-25,Bank Transfer,Completed
16375,2934,2024-12-26,Invoice,Completed
16376,1700,2025-03-21,Bank Transfer,Completed
16377,1901,2023-12-12,Bank Transfer,Completed
16378,3102,2025-06-24,Invoice,Completed
16379,3849,2025-03-27,Invoice,Completed
16380,4878,2025-11-19,PayPal,Completed
16381,1525,2023-10-26,PayPal,Completed
16382,858,2025-06-29,Credit Card,Cancelled
16383,2024,2023-06-03,Bank Transfer,Completed
16384,2520,2025-01-02,Credit Card,Cancelled
16385,2462,2024-12-23,PayPal,Cancelled
16386,2154,2024-07-16,Credit Card,Completed
16387,1647,2025-09-20,Bank Transfer,Completed
16388,3584,2023-01-10,PayPal,Completed
16389,2571,2024-11-30,PayPal,Completed
16390,753,2023-12-18,PayPal,Completed
16391,4952,2025-06-22,PayPal,Completed
16392,2759,2023-03-26,PayPal,Completed
16393,2493,2025-09-09,Bank Transfer,Completed
16394,4038,2025-09-15,Credit Card,Completed
16395,3220,2025-09-10,PayPal,Completed
16396,4068,2023-09-28,Bank Transfer,Completed
16397,450,2025-03-13,PayPal,Completed
16398,4756,2023-01-31,Credit Card,Completed
16399,2182,2025-09-23,Credit Card,Completed
16400,1338,2025-06-04,Invoice,Completed
16401,2102,2024-12-08,Invoice,Completed
16402,1335,2025-06-11,Invoice,Completed
16403,2728,2023-06-21,PayPal,Completed
16404,749,2024-12-06,Bank Transfer,Completed
16405,4286,2024-03-25,PayPal,Completed
16406,2438,2025-12-16,Bank Transfer,Completed
16407,2688,2025-10-01,Credit Card,Completed
16408,174,2025-06-13,PayPal,Completed
16409,2431,2025-11-25,PayPal,Completed
16410,1562,2024-05-29,Bank Transfer,Cancelled
16411,2015,2025-11-06,Bank Transfer,Completed
16412,4533,2024-05-03,Credit Card,Completed
16413,3040,2025-06-12,Invoice,Cancelled
16414,4031,2025-06-16,Bank Transfer,Completed
16415,1969,2023-02-08,PayPal,Returned
16416,4856,2024-06-14,Invoice,Completed
16417,4834,2023-02-11,PayPal,Returned
16418,292,2025-12-30,Invoice,Completed
16419,4509,2023-08-08,Credit Card,Completed
16420,116,2024-12-16,Bank Transfer,Completed
16421,4644,2025-08-03,Credit Card,Completed
16422,1621,2023-12-01,PayPal,Completed
16423,4586,2024-11-04,Invoice,Completed
16424,4039,2025-02-19,Invoice,Completed
16425,763,2023-10-11,PayPal,Completed
16426,1233,2025-07-23,PayPal,Completed
16427,2383,2024-04-03,Bank Transfer,Completed
16428,73,2023-12-12,Invoice,Completed
16429,4982,2024-12-28,PayPal,Cancelled
16430,2376,2024-08-11,Invoice,Completed
16431,3,2025-11-17,PayPal,Completed
16432,1215,2025-10-22,Credit Card,Cancelled
16433,302,2024-11-03,Credit Card,Completed
16434,3394,2024-06-12,Invoice,Completed
16435,4817,2024-05-04,Bank Transfer,Completed
16436,1266,2024-02-25,Invoice,Returned
16437,71,2024-12-18,PayPal,Completed
16438,627,2025-08-16,Bank Transfer,Completed
16439,492,2024-04-16,Credit Card,Completed
16440,3830,2023-11-19,PayPal,Completed
16441,4017,2024-10-26,PayPal,Completed
16442,808,2023-05-09,Credit Card,Completed
16443,1158,2025-05-15,PayPal,Completed
16444,1354,2024-11-28,PayPal,Completed
16445,3749,2024-11-12,PayPal,Completed
16446,690,2024-04-04,PayPal,Completed
16447,242,2025-11-08,Bank Transfer,Completed
16448,3128,2023-06-15,Invoice,Completed
16449,3958,2025-10-13,PayPal,Completed
16450,1783,2024-07-02,PayPal,Completed
16451,160,2025-10-22,PayPal,Completed
16452,1715,2025-06-09,Credit Card,Completed
16453,407,2023-07-08,Bank Transfer,Completed
16454,1932,2025-09-09,PayPal,Completed
16455,3493,2025-04-28,PayPal,Completed
16456,2420,2023-03-08,PayPal,Completed
16457,1702,2023-08-27,Bank Transfer,Completed
16458,4416,2025-03-18,PayPal,Returned
16459,829,2025-04-11,PayPal,Completed
16460,3593,2025-06-25,Bank Transfer,Completed
16461,4934,2025-06-01,PayPal,Completed
16462,4692,2025-04-08,Bank Transfer,Completed
16463,4139,2025-07-12,PayPal,Completed
16464,2248,2025-01-13,Credit Card,Returned
16465,4397,2024-02-15,Invoice,Cancelled
16466,1404,2025-11-13,Invoice,Completed
16467,1221,2023-02-08,Bank Transfer,Completed
16468,2619,2024-06-21,Bank Transfer,Returned
16469,3001,2025-06-09,PayPal,Completed
16470,2632,2024-08-31,Credit Card,Completed
16471,3854,2023-02-22,Credit Card,Completed
16472,3499,2023-05-04,Bank Transfer,Completed
16473,4090,2025-03-29,Credit Card,Completed
16474,4503,2025-12-12,Invoice,Cancelled
16475,2844,2024-12-23,Bank Transfer,Completed
16476,2505,2024-11-20,Bank Transfer,Completed
16477,3083,2024-04-25,Invoice,Completed
16478,1719,2024-02-09,PayPal,Completed
16479,624,2023-02-14,Bank Transfer,Completed
16480,3959,2024-03-03,Credit Card,Completed
16481,2719,2024-09-25,Invoice,Completed
16482,1836,2023-11-28,Bank Transfer,Completed
16483,3344,2023-06-10,Credit Card,Completed
16484,4150,2025-05-30,Credit Card,Completed
16485,2918,2025-11-03,PayPal,Completed
16486,1157,2025-11-26,Credit Card,Returned
16487,1675,2025-03-02,PayPal,Completed
16488,384,2023-04-12,Invoice,Completed
16489,3371,2025-06-20,Credit Card,Completed
16490,3039,2023-07-18,Invoice,Completed
16491,354,2025-04-17,Credit Card,Completed
16492,2732,2025-07-24,Bank Transfer,Completed
16493,260,2025-06-06,Bank Transfer,Completed
16494,51,2025-12-05,Bank Transfer,Completed
16495,2111,2025-06-17,Credit Card,Completed
16496,3604,2025-05-08,Invoice,Completed
16497,2150,2024-02-16,Credit Card,Completed
16498,684,2025-11-20,PayPal,Completed
16499,3443,2023-11-08,Credit Card,Completed
16500,1328,2025-11-08,PayPal,Returned
16501,4555,2024-04-19,Invoice,Completed
16502,1423,2023-08-21,PayPal,Completed
16503,2967,2025-09-04,Invoice,Returned
16504,2400,2023-01-06,Credit Card,Completed
16505,4556,2025-09-09,Invoice,Completed
16506,475,2024-02-17,Bank Transfer,Completed
16507,1215,2025-10-26,PayPal,Completed
16508,52,2025-05-07,Bank Transfer,Completed
16509,4465,2025-04-14,Bank Transfer,Completed
16510,1897,2024-06-19,Bank Transfer,Completed
16511,2564,2023-04-23,PayPal,Completed
16512,2509,2025-09-07,Invoice,Completed
16513,711,2023-10-29,Invoice,Completed
16514,746,2024-06-27,Bank Transfer,Cancelled
16515,2668,2025-02-11,Credit Card,Returned
16516,4806,2024-11-02,Bank Transfer,Completed
16517,4465,2023-11-29,PayPal,Completed
16518,499,2023-09-08,PayPal,Completed
16519,1951,2023-08-09,Bank Transfer,Completed
16520,2790,2025-10-07,Invoice,Completed
16521,1356,2023-03-07,Bank Transfer,Completed
16522,1618,2025-12-19,PayPal,Completed
16523,1318,2023-11-28,Credit Card,Completed
16524,2143,2023-07-18,Bank Transfer,Completed
16525,96,2025-01-16,PayPal,Completed
16526,4637,2023-05-28,Credit Card,Completed
16527,2071,2025-02-13,Credit Card,Completed
16528,2423,2025-09-26,Credit Card,Completed
16529,2315,2023-04-04,Invoice,Completed
16530,198,2025-08-11,Bank Transfer,Completed
16531,501,2024-07-23,Credit Card,Completed
16532,2989,2023-10-10,Bank Transfer,Completed
16533,221,2023-11-05,Credit Card,Completed
16534,3836,2025-11-16,Invoice,Completed
16535,4064,2023-07-19,PayPal,Completed
16536,2716,2025-10-10,Invoice,Completed
16537,3436,2024-12-17,PayPal,Completed
16538,1561,2023-03-20,PayPal,Completed
16539,2741,2024-10-13,Invoice,Completed
16540,1780,2025-08-27,Credit Card,Completed
16541,2636,2025-06-07,Invoice,Completed
16542,1638,2024-11-07,Bank Transfer,Returned
16543,968,2025-10-04,PayPal,Completed
16544,4374,2023-08-05,Credit Card,Completed
16545,531,2025-11-11,Credit Card,Completed
16546,3617,2025-09-22,Bank Transfer,Completed
16547,2541,2025-05-22,Credit Card,Completed
16548,1646,2025-08-27,Bank Transfer,Completed
16549,76,2024-12-17,Bank Transfer,Completed
16550,3869,2025-04-22,Credit Card,Completed
16551,3183,2024-12-29,Bank Transfer,Completed
16552,2434,2024-06-08,Invoice,Completed
16553,2447,2025-01-06,Invoice,Completed
16554,1214,2024-02-10,PayPal,Completed
16555,3730,2024-09-15,PayPal,Returned
16556,4497,2024-03-12,PayPal,Completed
16557,4133,2023-08-09,Invoice,Completed
16558,2109,2024-04-29,Bank Transfer,Completed
16559,4211,2025-09-27,PayPal,Cancelled
16560,4017,2024-07-08,Credit Card,Returned
16561,535,2025-06-26,Invoice,Completed
16562,4342,2023-11-04,Invoice,Cancelled
16563,4399,2024-08-27,Invoice,Completed
16564,509,2023-07-26,Credit Card,Completed
16565,1246,2023-09-05,Bank Transfer,Completed
16566,2328,2025-03-01,Invoice,Completed
16567,944,2025-02-19,Credit Card,Completed
16568,4707,2023-12-14,Credit Card,Returned
16569,4732,2024-10-25,PayPal,Completed
16570,1771,2025-10-07,Bank Transfer,Completed
16571,2095,2023-11-03,Credit Card,Completed
16572,2860,2023-02-10,Credit Card,Completed
16573,2525,2025-04-01,Credit Card,Completed
16574,3982,2023-04-13,Bank Transfer,Completed
16575,1336,2025-12-20,Bank Transfer,Completed
16576,4148,2025-02-21,Invoice,Completed
16577,4562,2024-10-20,Bank Transfer,Completed
16578,89,2024-09-03,Bank Transfer,Completed
16579,4914,2025-01-11,PayPal,Completed
16580,1310,2023-06-15,Invoice,Cancelled
16581,2904,2025-11-22,Credit Card,Completed
16582,1444,2025-03-09,Credit Card,Completed
16583,168,2023-11-13,Invoice,Completed
16584,877,2024-12-31,Credit Card,Completed
16585,2524,2023-08-26,PayPal,Completed
16586,2945,2023-02-07,Bank Transfer,Returned
16587,3120,2025-03-13,PayPal,Completed
16588,3937,2025-03-29,Invoice,Cancelled
16589,4620,2025-01-23,Invoice,Completed
16590,4820,2023-11-12,Credit Card,Completed
16591,1399,2025-02-14,Bank Transfer,Completed
16592,382,2023-04-18,Bank Transfer,Completed
16593,1942,2025-02-21,Invoice,Completed
16594,1496,2024-12-25,Invoice,Completed
16595,3180,2025-04-04,PayPal,Completed
16596,3056,2025-11-03,Credit Card,Completed
16597,1597,2025-09-25,Invoice,Completed
16598,225,2025-12-21,Bank Transfer,Returned
16599,403,2025-12-18,Bank Transfer,Completed
16600,4491,2025-07-18,Credit Card,Completed
16601,4976,2025-12-07,Bank Transfer,Completed
16602,3665,2025-10-11,Credit Card,Completed
16603,2861,2025-06-08,Credit Card,Completed
16604,2937,2023-05-20,Invoice,Completed
16605,1179,2023-04-06,Invoice,Completed
16606,2071,2025-09-14,Bank Transfer,Completed
16607,3584,2024-11-07,Bank Transfer,Cancelled
16608,3896,2025-08-25,Bank Transfer,Completed
16609,4333,2024-04-19,Bank Transfer,Returned
16610,4186,2024-07-27,PayPal,Completed
16611,1463,2025-05-14,PayPal,Completed
16612,3917,2025-11-14,Credit Card,Completed
16613,1571,2023-06-10,Bank Transfer,Completed
16614,2120,2025-10-05,Bank Transfer,Completed
16615,3604,2025-08-05,PayPal,Completed
16616,1188,2024-04-22,Invoice,Cancelled
16617,1000,2024-06-07,Credit Card,Completed
16618,1553,2023-04-01,Credit Card,Cancelled
16619,4807,2023-02-03,Invoice,Completed
16620,3104,2024-10-28,Invoice,Completed
16621,839,2023-06-23,PayPal,Completed
16622,1704,2023-11-24,PayPal,Completed
16623,3723,2025-09-22,Bank Transfer,Cancelled
16624,3361,2025-01-09,Bank Transfer,Completed
16625,4854,2025-03-16,Bank Transfer,Completed
16626,4620,2023-11-17,Invoice,Completed
16627,3325,2025-09-06,Bank Transfer,Completed
16628,2100,2025-10-11,Invoice,Completed
16629,4967,2024-12-02,Bank Transfer,Completed
16630,4846,2025-11-13,Invoice,Completed
16631,260,2025-09-21,Bank Transfer,Completed
16632,3796,2025-06-11,Credit Card,Returned
16633,4995,2025-06-14,Bank Transfer,Completed
16634,4590,2023-07-10,Invoice,Completed
16635,3691,2024-03-01,PayPal,Completed
16636,454,2023-05-06,Invoice,Completed
16637,1855,2023-01-19,PayPal,Completed
16638,2900,2023-10-08,Credit Card,Completed
16639,2694,2025-10-22,PayPal,Completed
16640,4890,2024-01-15,Invoice,Completed
16641,2944,2025-12-15,Invoice,Completed
16642,649,2025-02-07,Bank Transfer,Completed
16643,2731,2024-01-12,Invoice,Completed
16644,1896,2024-11-13,Bank Transfer,Completed
16645,3673,2023-12-20,PayPal,Completed
16646,3338,2025-12-23,Invoice,Completed
16647,1210,2025-09-23,Bank Transfer,Cancelled
16648,4584,2023-02-25,Bank Transfer,Completed
16649,3995,2025-12-02,Bank Transfer,Completed
16650,2143,2025-06-02,Credit Card,Completed
16651,1946,2023-06-01,PayPal,Completed
16652,4738,2025-04-18,Credit Card,Completed
16653,2939,2025-03-28,Bank Transfer,Completed
16654,681,2023-12-20,Credit Card,Completed
16655,3629,2025-07-05,Invoice,Completed
16656,2549,2023-06-09,Credit Card,Completed
16657,1249,2024-11-07,Bank Transfer,Completed
16658,2475,2023-01-22,Bank Transfer,Completed
16659,258,2025-12-14,Invoice,Cancelled
16660,3434,2025-06-29,Credit Card,Completed
16661,4813,2023-10-09,Bank Transfer,Completed
16662,490,2024-05-22,Bank Transfer,Completed
16663,4451,2023-10-12,PayPal,Completed
16664,4670,2025-07-13,Bank Transfer,Completed
16665,1614,2023-04-22,PayPal,Completed
16666,3979,2025-09-17,Credit Card,Completed
16667,4366,2025-11-29,Credit Card,Completed
16668,4632,2025-04-23,Credit Card,Completed
16669,4259,2023-12-14,Bank Transfer,Completed
16670,1318,2024-06-13,PayPal,Completed
16671,835,2024-10-28,Bank Transfer,Completed
16672,4679,2025-02-15,PayPal,Completed
16673,3795,2025-04-16,Bank Transfer,Completed
16674,1901,2024-12-25,Credit Card,Completed
16675,4672,2024-06-03,Credit Card,Completed
16676,794,2025-11-01,Credit Card,Completed
16677,2345,2023-05-30,Credit Card,Completed
16678,3086,2024-10-15,Credit Card,Completed
16679,3703,2025-07-21,PayPal,Completed
16680,3570,2023-04-26,Credit Card,Completed
16681,3292,2025-05-19,Invoice,Completed
16682,1009,2025-08-29,Invoice,Completed
16683,1517,2025-04-09,Bank Transfer,Completed
16684,2936,2023-01-28,Bank Transfer,Completed
16685,4626,2023-11-09,PayPal,Completed
16686,718,2024-05-23,Bank Transfer,Cancelled
16687,165,2024-01-06,PayPal,Completed
16688,2767,2025-12-11,Invoice,Completed
16689,219,2025-04-01,PayPal,Completed
16690,1062,2024-03-31,Credit Card,Completed
16691,4601,2025-11-22,Invoice,Completed
16692,3942,2025-06-19,PayPal,Completed
16693,4945,2024-03-17,Credit Card,Completed
16694,4199,2024-07-05,Bank Transfer,Returned
16695,2273,2023-11-29,Invoice,Completed
16696,2804,2025-12-15,PayPal,Completed
16697,4943,2024-11-28,Credit Card,Completed
16698,540,2025-11-03,Credit Card,Completed
16699,2003,2024-05-28,Bank Transfer,Completed
16700,184,2025-10-05,Invoice,Cancelled
16701,2478,2023-04-14,PayPal,Completed
16702,2003,2025-12-22,Bank Transfer,Completed
16703,3715,2025-11-12,Credit Card,Completed
16704,654,2024-06-17,PayPal,Completed
16705,3507,2025-07-20,Bank Transfer,Completed
16706,1179,2025-06-30,Bank Transfer,Completed
16707,4707,2025-11-06,Invoice,Completed
16708,1797,2024-04-12,PayPal,Completed
16709,2938,2024-10-14,Bank Transfer,Completed
16710,2380,2025-10-09,Invoice,Cancelled
16711,1596,2025-07-23,Credit Card,Cancelled
16712,1623,2024-07-22,Bank Transfer,Completed
16713,1799,2025-09-21,Invoice,Cancelled
16714,3088,2023-04-02,PayPal,Completed
16715,1687,2025-07-26,Invoice,Completed
16716,3344,2023-12-07,Credit Card,Completed
16717,4530,2024-03-18,PayPal,Completed
16718,4493,2024-11-10,Invoice,Completed
16719,4551,2024-09-26,Bank Transfer,Completed
16720,2314,2024-11-30,Bank Transfer,Completed
16721,2044,2024-12-18,Credit Card,Cancelled
16722,1085,2024-05-11,Credit Card,Completed
16723,4129,2023-11-04,PayPal,Completed
16724,4590,2025-07-14,Bank Transfer,Cancelled
16725,119,2024-07-30,Bank Transfer,Completed
16726,2314,2024-11-19,Bank Transfer,Completed
16727,3687,2025-03-26,Credit Card,Completed
16728,2021,2025-11-11,PayPal,Completed
16729,3359,2025-05-21,Credit Card,Completed
16730,478,2023-03-30,Bank Transfer,Completed
16731,4033,2025-09-15,PayPal,Returned
16732,4828,2025-12-26,PayPal,Completed
16733,4382,2024-10-23,Credit Card,Returned
16734,4025,2025-12-15,Bank Transfer,Completed
16735,2285,2024-12-20,Bank Transfer,Completed
16736,2486,2024-10-08,Credit Card,Cancelled
16737,301,2024-05-10,Invoice,Completed
16738,1574,2025-04-06,Credit Card,Completed
16739,3305,2024-01-01,Invoice,Completed
16740,1808,2023-07-09,Bank Transfer,Completed
16741,735,2023-02-27,Invoice,Completed
16742,881,2024-03-26,Bank Transfer,Completed
16743,1180,2024-07-25,Credit Card,Completed
16744,3003,2024-12-23,PayPal,Returned
16745,3768,2024-03-26,Bank Transfer,Completed
16746,315,2025-12-23,Invoice,Completed
16747,2717,2024-03-25,PayPal,Completed
16748,3861,2024-09-16,Invoice,Cancelled
16749,998,2023-07-07,Credit Card,Cancelled
16750,3551,2024-02-15,Invoice,Completed
16751,1699,2023-04-04,PayPal,Returned
16752,724,2024-12-29,PayPal,Completed
16753,3303,2025-06-29,PayPal,Cancelled
16754,4735,2023-11-25,Invoice,Completed
16755,1057,2024-06-22,Credit Card,Completed
16756,572,2023-02-05,PayPal,Completed
16757,4606,2025-09-16,Credit Card,Completed
16758,3276,2025-07-25,Credit Card,Completed
16759,2349,2023-04-30,Bank Transfer,Completed
16760,3072,2024-06-19,Credit Card,Completed
16761,3834,2025-12-07,Invoice,Completed
16762,2357,2024-07-20,Invoice,Returned
16763,615,2024-12-04,Invoice,Completed
16764,74,2024-06-07,Credit Card,Completed
16765,3347,2025-02-06,Bank Transfer,Completed
16766,477,2025-12-19,PayPal,Completed
16767,2771,2025-12-30,PayPal,Completed
16768,4356,2025-07-20,PayPal,Completed
16769,3249,2024-08-04,PayPal,Completed
16770,1380,2024-11-11,Invoice,Completed
16771,4563,2024-06-09,PayPal,Completed
16772,209,2025-12-23,Credit Card,Completed
16773,4124,2025-05-21,Bank Transfer,Completed
16774,4264,2024-09-25,PayPal,Cancelled
16775,3412,2023-01-26,Bank Transfer,Cancelled
16776,1683,2024-11-30,PayPal,Completed
16777,4161,2025-12-23,Invoice,Completed
16778,4324,2024-12-02,Bank Transfer,Completed
16779,157,2023-11-11,Bank Transfer,Completed
16780,3002,2023-02-16,Invoice,Completed
16781,876,2024-06-07,Invoice,Returned
16782,2331,2025-11-16,Invoice,Completed
16783,474,2025-12-30,PayPal,Completed
16784,1938,2025-12-01,PayPal,Completed
16785,4027,2025-06-09,Bank Transfer,Completed
16786,2215,2024-12-28,Credit Card,Completed
16787,2752,2025-01-31,Bank Transfer,Completed
16788,2744,2024-12-14,Bank Transfer,Completed
16789,1774,2025-05-20,Bank Transfer,Completed
16790,1755,2024-08-21,Credit Card,Completed
16791,3007,2025-04-17,Invoice,Completed
16792,711,2023-08-07,Invoice,Completed
16793,633,2024-02-22,Bank Transfer,Completed
16794,4076,2025-09-13,Bank Transfer,Completed
16795,1441,2025-11-08,Credit Card,Completed
16796,2450,2024-12-14,Invoice,Completed
16797,4255,2023-03-07,PayPal,Completed
16798,3393,2025-11-21,Bank Transfer,Completed
16799,1624,2025-05-16,Bank Transfer,Completed
16800,2276,2024-08-15,PayPal,Completed
16801,397,2025-02-08,Credit Card,Cancelled
16802,65,2024-09-03,Bank Transfer,Completed
16803,352,2024-10-14,Credit Card,Completed
16804,2825,2025-10-28,Credit Card,Completed
16805,4175,2023-10-13,Invoice,Completed
16806,1710,2023-07-07,Credit Card,Completed
16807,4954,2023-01-06,Invoice,Completed
16808,2739,2024-04-20,Bank Transfer,Completed
16809,4654,2023-09-19,PayPal,Returned
16810,4551,2023-12-21,Invoice,Completed
16811,4574,2023-01-24,Credit Card,Completed
16812,815,2023-12-29,PayPal,Completed
16813,4022,2024-05-12,PayPal,Completed
16814,4727,2023-03-07,Credit Card,Completed
16815,2441,2025-02-19,Credit Card,Completed
16816,4112,2025-01-06,Bank Transfer,Completed
16817,61,2023-06-26,PayPal,Completed
16818,3488,2025-02-05,PayPal,Completed
16819,2785,2025-12-31,Bank Transfer,Completed
16820,2628,2025-12-01,PayPal,Completed
16821,2708,2023-01-06,PayPal,Returned
16822,2888,2025-08-07,PayPal,Completed
16823,977,2024-06-05,PayPal,Completed
16824,2772,2023-04-30,Bank Transfer,Completed
16825,2274,2024-03-30,PayPal,Completed
16826,4907,2024-04-29,PayPal,Returned
16827,4541,2024-12-02,PayPal,Completed
16828,4086,2025-04-09,Bank Transfer,Completed
16829,2391,2025-06-27,Credit Card,Completed
16830,1403,2024-01-24,Credit Card,Completed
16831,168,2024-04-29,Bank Transfer,Completed
16832,720,2024-04-14,Credit Card,Completed
16833,739,2024-06-16,Bank Transfer,Completed
16834,2,2025-12-31,Credit Card,Completed
16835,1122,2025-07-23,PayPal,Completed
16836,3965,2025-12-18,Invoice,Completed
16837,1231,2025-05-08,Invoice,Completed
16838,3274,2024-08-06,Invoice,Completed
16839,1921,2024-07-18,Bank Transfer,Cancelled
16840,185,2024-11-07,Credit Card,Completed
16841,1015,2024-08-18,PayPal,Completed
16842,4189,2025-09-06,Credit Card,Completed
16843,693,2024-10-14,PayPal,Completed
16844,201,2024-03-30,Bank Transfer,Completed
16845,2113,2025-07-20,Bank Transfer,Completed
16846,3509,2025-09-29,PayPal,Completed
16847,4625,2024-08-23,Bank Transfer,Completed
16848,4169,2025-04-15,Invoice,Completed
16849,733,2023-04-22,Bank Transfer,Completed
16850,2211,2024-12-07,Credit Card,Completed
16851,2476,2023-03-30,Invoice,Completed
16852,3627,2023-03-03,PayPal,Completed
16853,2145,2025-02-25,Bank Transfer,Completed
16854,921,2024-04-08,PayPal,Completed
16855,3843,2025-06-21,Invoice,Completed
16856,3544,2025-11-03,Credit Card,Completed
16857,4192,2023-09-06,Credit Card,Completed
16858,2835,2025-06-05,PayPal,Cancelled
16859,587,2024-11-26,Credit Card,Completed
16860,2263,2023-07-22,Credit Card,Completed
16861,214,2025-04-01,Credit Card,Completed
16862,3085,2025-02-21,PayPal,Completed
16863,4550,2024-11-26,Credit Card,Cancelled
16864,3814,2025-11-20,PayPal,Cancelled
16865,1334,2024-11-30,PayPal,Completed
16866,1062,2025-12-26,PayPal,Cancelled
16867,2162,2024-11-22,PayPal,Completed
16868,3882,2023-07-28,Bank Transfer,Cancelled
16869,3798,2024-10-20,Bank Transfer,Returned
16870,666,2023-11-11,Bank Transfer,Completed
16871,2106,2025-02-07,Bank Transfer,Returned
16872,1770,2025-05-08,Credit Card,Completed
16873,3177,2024-10-18,Bank Transfer,Completed
16874,4380,2023-06-27,Invoice,Completed
16875,2140,2024-10-18,Bank Transfer,Completed
16876,4003,2023-05-31,Invoice,Completed
16877,1099,2025-04-28,Bank Transfer,Completed
16878,1410,2025-08-03,PayPal,Completed
16879,1317,2025-12-11,Credit Card,Completed
16880,2393,2023-09-22,PayPal,Completed
16881,3344,2024-12-09,Credit Card,Completed
16882,2317,2025-01-05,PayPal,Cancelled
16883,414,2025-11-18,PayPal,Completed
16884,1397,2025-03-10,PayPal,Completed
16885,132,2023-09-16,Invoice,Cancelled
16886,2294,2024-09-10,PayPal,Returned
16887,3560,2025-04-04,Invoice,Returned
16888,2227,2025-05-14,PayPal,Cancelled
16889,2503,2025-10-07,PayPal,Completed
16890,2564,2023-11-09,Invoice,Completed
16891,1233,2025-12-04,Credit Card,Completed
16892,2437,2023-04-23,Invoice,Completed
16893,4558,2025-12-22,Invoice,Cancelled
16894,4767,2025-10-02,Invoice,Completed
16895,2784,2025-04-09,Invoice,Completed
16896,1131,2025-06-14,PayPal,Returned
16897,3254,2023-05-16,Bank Transfer,Completed
16898,1927,2023-03-24,Invoice,Returned
16899,335,2023-07-04,Invoice,Completed
16900,4291,2023-06-10,PayPal,Completed
16901,2541,2024-12-20,Bank Transfer,Completed
16902,3500,2023-12-16,Invoice,Completed
16903,3684,2025-10-04,Credit Card,Completed
16904,3958,2024-09-21,Credit Card,Completed
16905,1129,2025-05-10,Invoice,Completed
16906,4701,2025-04-02,PayPal,Completed
16907,3953,2024-04-27,Credit Card,Completed
16908,4225,2024-01-20,Invoice,Completed
16909,3133,2024-05-23,PayPal,Completed
16910,46,2025-08-09,Bank Transfer,Completed
16911,179,2025-01-26,Invoice,Completed
16912,2662,2024-02-04,Credit Card,Completed
16913,1867,2025-08-27,PayPal,Completed
16914,3125,2023-04-15,PayPal,Completed
16915,1149,2025-05-13,Credit Card,Completed
16916,1934,2024-09-14,Bank Transfer,Returned
16917,4834,2025-06-11,Credit Card,Completed
16918,272,2025-11-21,Credit Card,Completed
16919,4995,2025-06-28,Invoice,Completed
16920,2495,2024-09-17,Bank Transfer,Completed
16921,176,2023-09-25,Bank Transfer,Completed
16922,2592,2025-08-17,Credit Card,Completed
16923,2092,2024-10-09,Invoice,Completed
16924,3303,2023-05-20,Credit Card,Completed
16925,3006,2025-05-31,PayPal,Completed
16926,2414,2024-03-25,PayPal,Completed
16927,882,2023-04-05,Bank Transfer,Completed
16928,4246,2025-11-07,PayPal,Returned
16929,1012,2024-11-03,PayPal,Completed
16930,4530,2024-03-12,Invoice,Completed
16931,3135,2025-05-29,Bank Transfer,Cancelled
16932,241,2025-10-27,Credit Card,Completed
16933,2691,2023-01-01,Bank Transfer,Completed
16934,2117,2025-05-03,Credit Card,Cancelled
16935,707,2025-07-13,PayPal,Completed
16936,4273,2023-12-11,Bank Transfer,Completed
16937,263,2024-11-07,Bank Transfer,Completed
16938,3850,2023-06-13,Credit Card,Completed
16939,808,2025-06-25,PayPal,Returned
16940,1157,2025-09-23,Invoice,Completed
16941,1848,2023-07-15,Invoice,Completed
16942,504,2025-08-26,Bank Transfer,Completed
16943,1055,2025-07-17,Invoice,Completed
16944,500,2024-05-29,Invoice,Completed
16945,4149,2025-05-06,Bank Transfer,Completed
16946,3713,2023-01-01,Credit Card,Completed
16947,1201,2025-11-23,Bank Transfer,Cancelled
16948,1523,2024-12-22,Bank Transfer,Completed
16949,3573,2025-03-04,Invoice,Completed
16950,2083,2025-04-13,Credit Card,Completed
16951,3037,2024-12-30,Bank Transfer,Completed
16952,1235,2025-10-01,PayPal,Completed
16953,4842,2025-02-21,Invoice,Completed
16954,4630,2025-11-10,Bank Transfer,Cancelled
16955,276,2025-01-22,Bank Transfer,Completed
16956,4909,2023-10-30,Bank Transfer,Completed
16957,1434,2025-11-13,PayPal,Completed
16958,4289,2025-04-28,Invoice,Completed
16959,2889,2025-05-14,Invoice,Completed
16960,1635,2025-12-23,Bank Transfer,Completed
16961,99,2023-05-20,Invoice,Cancelled
16962,2255,2024-09-01,PayPal,Completed
16963,4002,2024-01-14,PayPal,Completed
16964,4933,2025-03-13,Invoice,Completed
16965,2150,2025-08-18,Credit Card,Completed
16966,2864,2025-12-13,Invoice,Completed
16967,4374,2024-10-02,Bank Transfer,Completed
16968,2659,2025-07-30,PayPal,Completed
16969,1825,2025-11-15,Credit Card,Returned
16970,4939,2025-04-29,Bank Transfer,Returned
16971,3865,2024-01-20,Invoice,Completed
16972,2965,2025-02-19,Credit Card,Completed
16973,867,2025-12-15,Bank Transfer,Completed
16974,3206,2025-12-25,Bank Transfer,Completed
16975,171,2025-03-24,Bank Transfer,Completed
16976,2694,2025-10-28,PayPal,Returned
16977,3047,2023-11-30,PayPal,Completed
16978,1021,2024-01-24,Bank Transfer,Completed
16979,1193,2025-12-05,Credit Card,Completed
16980,1317,2023-08-30,Bank Transfer,Completed
16981,302,2023-11-21,PayPal,Completed
16982,2221,2024-08-23,Credit Card,Completed
16983,3130,2025-01-30,Credit Card,Completed
16984,1675,2025-02-14,Credit Card,Completed
16985,3872,2024-03-25,Bank Transfer,Completed
16986,1380,2025-11-17,Credit Card,Completed
16987,3921,2025-11-14,Bank Transfer,Cancelled
16988,4759,2024-07-20,Credit Card,Returned
16989,700,2024-09-08,Credit Card,Completed
16990,2381,2025-05-16,PayPal,Completed
16991,3070,2025-04-11,PayPal,Completed
16992,2235,2024-07-09,Invoice,Completed
16993,1589,2024-08-15,PayPal,Completed
16994,746,2024-05-30,Invoice,Completed
16995,534,2024-01-09,Invoice,Returned
16996,2387,2024-10-06,Bank Transfer,Completed
16997,4427,2025-05-02,Credit Card,Completed
16998,2692,2025-06-21,Bank Transfer,Completed
16999,2602,2025-07-24,Bank Transfer,Completed
17000,2675,2024-06-30,Credit Card,Returned
17001,263,2025-07-11,PayPal,Completed
17002,174,2023-01-14,Bank Transfer,Returned
17003,4493,2024-10-28,Bank Transfer,Completed
17004,4214,2025-08-06,Invoice,Returned
17005,3573,2025-03-13,PayPal,Completed
17006,3128,2024-10-24,PayPal,Completed
17007,985,2025-03-26,Bank Transfer,Completed
17008,835,2025-11-10,PayPal,Completed
17009,3679,2025-01-04,Invoice,Returned
17010,761,2025-08-11,Invoice,Cancelled
17011,1799,2025-12-21,Bank Transfer,Completed
17012,1071,2025-05-19,Invoice,Completed
17013,2034,2025-01-11,Invoice,Completed
17014,2938,2023-03-17,Invoice,Completed
17015,293,2024-06-30,Bank Transfer,Returned
17016,3115,2025-01-03,PayPal,Completed
17017,3594,2025-08-09,Credit Card,Returned
17018,346,2024-09-12,Invoice,Completed
17019,975,2025-12-09,Invoice,Completed
17020,2392,2024-03-02,Credit Card,Completed
17021,3543,2025-06-23,Bank Transfer,Completed
17022,282,2024-08-21,Bank Transfer,Completed
17023,2160,2024-11-05,Invoice,Completed
17024,1382,2025-08-14,Bank Transfer,Completed
17025,178,2024-03-30,PayPal,Completed
17026,3528,2023-06-26,PayPal,Completed
17027,451,2024-11-30,Invoice,Completed
17028,2957,2024-12-06,Credit Card,Completed
17029,1029,2025-08-09,Invoice,Completed
17030,1576,2025-12-14,Credit Card,Returned
17031,3827,2023-04-16,Bank Transfer,Completed
17032,1734,2025-02-01,Credit Card,Completed
17033,3714,2025-04-27,PayPal,Completed
17034,4183,2025-12-24,PayPal,Completed
17035,3406,2025-11-29,Bank Transfer,Completed
17036,2219,2025-05-25,PayPal,Completed
17037,3720,2024-12-01,Bank Transfer,Cancelled
17038,1410,2023-10-13,Credit Card,Returned
17039,3404,2024-07-11,Invoice,Completed
17040,2423,2025-01-25,PayPal,Completed
17041,4949,2025-06-06,PayPal,Completed
17042,3515,2025-03-17,Bank Transfer,Completed
17043,1361,2025-05-27,Credit Card,Completed
17044,2142,2024-09-02,Invoice,Returned
17045,1712,2025-06-08,Invoice,Completed
17046,3735,2023-09-13,Invoice,Completed
17047,2399,2023-10-15,Invoice,Completed
17048,2398,2023-10-16,Invoice,Completed
17049,3948,2025-11-01,Bank Transfer,Completed
17050,3923,2023-05-21,Bank Transfer,Completed
17051,1324,2025-08-13,Bank Transfer,Completed
17052,4443,2024-01-06,Bank Transfer,Completed
17053,4986,2024-10-18,Bank Transfer,Completed
17054,1241,2025-11-15,Bank Transfer,Completed
17055,2688,2025-01-26,PayPal,Completed
17056,3546,2023-12-11,Bank Transfer,Completed
17057,3126,2024-03-16,PayPal,Returned
17058,4830,2025-11-17,PayPal,Completed
17059,2380,2024-08-31,Bank Transfer,Completed
17060,1111,2025-01-27,Bank Transfer,Completed
17061,2772,2024-10-08,Credit Card,Completed
17062,277,2024-07-05,Bank Transfer,Completed
17063,1232,2023-12-25,Invoice,Completed
17064,2383,2025-05-02,Credit Card,Completed
17065,4885,2025-05-30,Credit Card,Completed
17066,3905,2024-03-05,Invoice,Completed
17067,1138,2025-08-02,PayPal,Completed
17068,3144,2025-09-29,Bank Transfer,Completed
17069,3621,2025-11-17,PayPal,Completed
17070,4750,2023-10-13,Invoice,Completed
17071,3009,2024-04-08,Invoice,Completed
17072,2344,2025-10-04,Credit Card,Completed
17073,4214,2023-11-28,Credit Card,Completed
17074,1214,2023-01-08,PayPal,Completed
17075,1450,2025-10-14,Credit Card,Completed
17076,2928,2024-05-05,Invoice,Completed
17077,3517,2024-08-16,Bank Transfer,Completed
17078,4357,2024-09-22,Invoice,Completed
17079,2699,2025-09-24,Credit Card,Completed
17080,1678,2024-05-18,Invoice,Completed
17081,3900,2025-11-01,PayPal,Completed
17082,3584,2025-03-01,Bank Transfer,Completed
17083,4724,2024-12-05,PayPal,Completed
17084,3197,2024-05-04,Credit Card,Returned
17085,5,2024-01-21,Bank Transfer,Completed
17086,2543,2025-03-07,PayPal,Completed
17087,388,2024-09-23,Credit Card,Completed
17088,4130,2025-11-12,PayPal,Completed
17089,2660,2024-11-09,Bank Transfer,Completed
17090,958,2024-11-24,Credit Card,Completed
17091,803,2024-08-18,Invoice,Returned
17092,3628,2025-08-02,Credit Card,Completed
17093,3861,2024-08-28,Credit Card,Completed
17094,984,2024-02-27,Credit Card,Completed
17095,1832,2025-10-06,Bank Transfer,Returned
17096,92,2025-02-07,Credit Card,Completed
17097,1943,2025-02-01,Invoice,Completed
17098,59,2025-02-22,Credit Card,Cancelled
17099,1657,2025-05-31,PayPal,Completed
17100,4509,2024-04-19,Bank Transfer,Completed
17101,2439,2023-03-11,Invoice,Completed
17102,1249,2025-08-21,PayPal,Completed
17103,1126,2023-08-19,PayPal,Cancelled
17104,3969,2025-06-03,Bank Transfer,Completed
17105,3480,2023-06-01,Bank Transfer,Completed
17106,3167,2024-07-01,Credit Card,Completed
17107,4455,2023-04-29,Bank Transfer,Completed
17108,414,2024-12-01,PayPal,Completed
17109,2527,2025-04-02,Bank Transfer,Completed
17110,4888,2023-10-30,PayPal,Completed
17111,74,2024-06-27,Credit Card,Completed
17112,4075,2025-11-23,Bank Transfer,Completed
17113,3067,2024-09-17,Credit Card,Completed
17114,2105,2025-08-14,Invoice,Completed
17115,2075,2025-11-21,Bank Transfer,Completed
17116,4104,2025-12-17,Invoice,Returned
17117,1161,2025-11-05,Bank Transfer,Completed
17118,1588,2024-04-24,Credit Card,Completed
17119,2138,2025-12-11,PayPal,Completed
17120,400,2025-08-23,Invoice,Completed
17121,4817,2025-09-14,Bank Transfer,Completed
17122,4924,2023-02-02,PayPal,Completed
17123,1977,2025-12-06,PayPal,Returned
17124,3650,2025-07-23,Credit Card,Completed
17125,4356,2025-07-14,Bank Transfer,Completed
17126,3058,2023-05-31,Invoice,Completed
17127,2928,2024-01-05,PayPal,Completed
17128,1820,2025-12-10,PayPal,Completed
17129,1182,2024-11-16,PayPal,Completed
17130,4395,2024-07-27,PayPal,Completed
17131,3276,2025-09-16,Credit Card,Completed
17132,1730,2023-06-09,Credit Card,Completed
17133,4872,2024-08-19,PayPal,Completed
17134,4038,2024-07-01,Invoice,Completed
17135,4624,2024-06-01,PayPal,Completed
17136,3629,2024-04-13,Credit Card,Completed
17137,3196,2023-12-11,Invoice,Cancelled
17138,2245,2023-11-01,Bank Transfer,Completed
17139,1462,2025-03-22,Credit Card,Completed
17140,4143,2025-11-17,PayPal,Completed
17141,2895,2024-11-22,PayPal,Completed
17142,4041,2024-04-01,Invoice,Completed
17143,2512,2023-10-09,Credit Card,Returned
17144,2114,2025-09-07,PayPal,Cancelled
17145,4990,2025-12-16,PayPal,Completed
17146,524,2024-05-31,PayPal,Completed
17147,113,2024-03-24,Invoice,Cancelled
17148,138,2025-02-12,Invoice,Returned
17149,504,2025-07-20,Credit Card,Completed
17150,1165,2024-10-03,Credit Card,Completed
17151,342,2025-03-13,PayPal,Completed
17152,4197,2025-05-29,Credit Card,Completed
17153,789,2025-12-10,PayPal,Returned
17154,4973,2023-10-19,Bank Transfer,Completed
17155,2092,2025-12-30,Bank Transfer,Completed
17156,4270,2024-07-21,Invoice,Completed
17157,545,2025-06-04,PayPal,Completed
17158,673,2025-01-10,PayPal,Completed
17159,3598,2024-11-05,Bank Transfer,Completed
17160,3681,2025-05-12,PayPal,Completed
17161,2621,2024-07-25,Credit Card,Completed
17162,608,2023-08-14,Bank Transfer,Completed
17163,3452,2024-11-07,PayPal,Completed
17164,755,2024-12-01,Bank Transfer,Completed
17165,2137,2023-12-02,Credit Card,Completed
17166,438,2025-11-26,Bank Transfer,Completed
17167,4380,2023-12-29,PayPal,Completed
17168,3406,2024-08-10,PayPal,Completed
17169,1150,2023-10-02,Credit Card,Completed
17170,3308,2024-12-11,Bank Transfer,Completed
17171,1487,2024-04-13,PayPal,Completed
17172,3765,2024-11-07,Credit Card,Completed
17173,4593,2023-12-26,Bank Transfer,Completed
17174,1941,2023-04-14,Bank Transfer,Completed
17175,1602,2025-07-24,Bank Transfer,Completed
17176,3489,2025-03-23,PayPal,Completed
17177,1680,2024-05-21,Credit Card,Completed
17178,3727,2023-04-03,Invoice,Completed
17179,4075,2025-10-09,Credit Card,Completed
17180,4338,2023-10-27,Invoice,Completed
17181,1000,2025-11-23,Bank Transfer,Completed
17182,4685,2024-10-30,Bank Transfer,Completed
17183,1875,2024-05-21,Credit Card,Cancelled
17184,4593,2025-06-20,Invoice,Completed
17185,4455,2025-10-19,Credit Card,Completed
17186,2873,2024-06-25,Bank Transfer,Completed
17187,4264,2024-08-07,PayPal,Cancelled
17188,4702,2024-09-07,PayPal,Completed
17189,4917,2025-11-18,Credit Card,Completed
17190,3091,2025-05-08,Bank Transfer,Completed
17191,264,2024-01-27,Bank Transfer,Completed
17192,3630,2023-11-14,Invoice,Completed
17193,1830,2024-01-01,Invoice,Completed
17194,4883,2024-02-19,Invoice,Completed
17195,1079,2024-01-01,PayPal,Completed
17196,1792,2025-04-07,PayPal,Completed
17197,1008,2023-07-28,Bank Transfer,Completed
17198,4939,2024-07-15,Bank Transfer,Completed
17199,4442,2025-03-08,Bank Transfer,Completed
17200,3778,2024-03-24,Bank Transfer,Completed
17201,2441,2023-05-03,PayPal,Completed
17202,2732,2023-05-31,Bank Transfer,Completed
17203,604,2023-08-14,Bank Transfer,Completed
17204,2621,2025-09-13,Credit Card,Completed
17205,1351,2025-04-07,Credit Card,Completed
17206,2402,2023-05-02,PayPal,Completed
17207,1466,2024-07-19,PayPal,Completed
17208,944,2024-03-10,Bank Transfer,Returned
17209,2572,2025-01-17,Credit Card,Cancelled
17210,3082,2024-12-02,PayPal,Completed
17211,1789,2024-11-01,Bank Transfer,Completed
17212,4764,2024-04-21,Credit Card,Returned
17213,3254,2023-09-03,PayPal,Completed
17214,4241,2025-06-21,Invoice,Completed
17215,4448,2025-10-22,Credit Card,Completed
17216,2883,2025-11-30,Invoice,Completed
17217,1450,2023-04-22,Credit Card,Completed
17218,2160,2025-06-19,Credit Card,Returned
17219,3689,2025-06-07,PayPal,Completed
17220,2699,2025-12-02,PayPal,Completed
17221,495,2024-02-03,PayPal,Completed
17222,710,2025-06-21,PayPal,Completed
17223,4905,2023-04-15,Invoice,Completed
17224,1855,2025-03-14,Credit Card,Completed
17225,3702,2024-06-02,Invoice,Completed
17226,3758,2025-07-15,Invoice,Completed
17227,2107,2025-10-07,PayPal,Returned
17228,1646,2024-06-19,PayPal,Completed
17229,2432,2024-12-04,PayPal,Completed
17230,2013,2023-07-31,Invoice,Completed
17231,2898,2024-08-19,PayPal,Completed
17232,2899,2024-06-14,Invoice,Completed
17233,2331,2023-11-12,Credit Card,Completed
17234,1453,2025-11-03,PayPal,Returned
17235,240,2023-09-21,Bank Transfer,Completed
17236,233,2025-03-18,PayPal,Completed
17237,1780,2025-10-31,Invoice,Completed
17238,2034,2025-11-12,PayPal,Completed
17239,4625,2025-08-05,PayPal,Returned
17240,3587,2023-11-05,Invoice,Cancelled
17241,3777,2025-08-27,Bank Transfer,Completed
17242,2990,2024-03-07,PayPal,Completed
17243,1785,2025-11-18,PayPal,Completed
17244,4618,2025-05-22,Credit Card,Completed
17245,2574,2025-07-29,Credit Card,Completed
17246,2193,2023-06-06,Invoice,Completed
17247,2071,2025-01-22,Invoice,Completed
17248,2203,2025-08-30,PayPal,Completed
17249,3722,2025-10-05,Bank Transfer,Completed
17250,3041,2023-03-02,Bank Transfer,Completed
17251,1886,2025-11-28,Bank Transfer,Completed
17252,4455,2023-03-27,Invoice,Cancelled
17253,3318,2025-02-26,Credit Card,Completed
17254,3813,2025-05-08,PayPal,Completed
17255,4376,2023-07-13,Invoice,Completed
17256,4917,2023-04-04,PayPal,Completed
17257,578,2025-07-29,Bank Transfer,Completed
17258,2229,2024-07-12,PayPal,Completed
17259,1443,2023-07-13,Credit Card,Completed
17260,875,2025-07-09,Credit Card,Completed
17261,1877,2025-09-24,PayPal,Completed
17262,2599,2025-01-27,PayPal,Completed
17263,2480,2023-10-13,Bank Transfer,Completed
17264,2919,2023-02-02,Invoice,Completed
17265,4301,2025-05-15,PayPal,Completed
17266,3249,2024-12-22,Bank Transfer,Completed
17267,4347,2025-03-31,Invoice,Completed
17268,4618,2025-08-23,Credit Card,Completed
17269,3630,2024-09-08,Bank Transfer,Completed
17270,482,2023-08-12,Invoice,Cancelled
17271,1247,2025-11-28,Invoice,Completed
17272,4396,2024-12-18,Bank Transfer,Completed
17273,1512,2025-02-27,Bank Transfer,Completed
17274,658,2025-11-24,Bank Transfer,Completed
17275,3831,2025-11-23,Invoice,Completed
17276,2473,2025-01-10,Bank Transfer,Returned
17277,272,2024-04-01,PayPal,Returned
17278,514,2025-12-30,Credit Card,Completed
17279,447,2025-04-27,Bank Transfer,Completed
17280,2641,2024-08-09,PayPal,Completed
17281,3982,2024-12-29,Invoice,Completed
17282,3905,2024-08-17,Credit Card,Completed
17283,4256,2025-10-29,PayPal,Completed
17284,2105,2024-11-02,Credit Card,Completed
17285,483,2025-09-02,Credit Card,Completed
17286,3429,2025-09-16,Credit Card,Returned
17287,3444,2025-09-02,PayPal,Completed
17288,611,2025-06-03,Credit Card,Completed
17289,2978,2025-09-29,Bank Transfer,Completed
17290,4040,2024-07-15,Bank Transfer,Completed
17291,1595,2023-07-26,PayPal,Returned
17292,4385,2025-09-18,Invoice,Completed
17293,3718,2024-11-14,Invoice,Completed
17294,790,2023-08-16,Bank Transfer,Completed
17295,4124,2023-07-27,Bank Transfer,Completed
17296,3066,2023-10-10,Invoice,Completed
17297,2193,2025-06-29,Invoice,Returned
17298,4975,2025-05-24,PayPal,Completed
17299,3148,2023-12-04,PayPal,Completed
17300,4323,2025-09-22,Bank Transfer,Completed
17301,4303,2024-03-13,PayPal,Completed
17302,3692,2025-08-05,Bank Transfer,Completed
17303,2882,2024-11-07,Bank Transfer,Completed
17304,26,2025-06-11,Invoice,Completed
17305,3052,2024-07-08,Credit Card,Completed
17306,468,2024-05-29,Credit Card,Completed
17307,4618,2025-09-17,Credit Card,Completed
17308,4875,2023-03-13,Credit Card,Completed
17309,2,2025-12-17,Credit Card,Completed
17310,3397,2025-03-29,Invoice,Completed
17311,2561,2024-09-06,Invoice,Completed
17312,1905,2025-03-11,Bank Transfer,Completed
17313,4972,2023-08-09,PayPal,Completed
17314,1459,2024-11-25,Invoice,Cancelled
17315,3754,2025-12-23,Bank Transfer,Completed
17316,4308,2024-01-09,PayPal,Completed
17317,121,2025-06-03,Invoice,Completed
17318,1415,2024-09-09,PayPal,Cancelled
17319,3475,2025-04-02,PayPal,Completed
17320,1465,2023-12-05,Credit Card,Completed
17321,2097,2024-10-20,Invoice,Returned
17322,3930,2025-12-20,Bank Transfer,Completed
17323,3622,2023-11-25,Bank Transfer,Completed
17324,1814,2025-03-18,Invoice,Completed
17325,983,2025-01-14,Credit Card,Completed
17326,165,2025-01-02,Bank Transfer,Cancelled
17327,1089,2025-02-27,Bank Transfer,Completed
17328,3916,2024-11-17,Bank Transfer,Returned
17329,2880,2023-02-05,Bank Transfer,Completed
17330,772,2025-11-06,PayPal,Completed
17331,968,2025-09-05,Bank Transfer,Completed
17332,3685,2023-11-03,Credit Card,Cancelled
17333,2417,2024-08-14,Bank Transfer,Completed
17334,2136,2025-07-16,Invoice,Completed
17335,3390,2025-12-20,Bank Transfer,Completed
17336,61,2025-12-04,Credit Card,Completed
17337,1236,2025-11-05,Credit Card,Completed
17338,3286,2023-10-08,Credit Card,Cancelled
17339,3649,2025-11-14,PayPal,Completed
17340,4598,2025-10-21,Invoice,Completed
17341,3375,2024-07-03,Invoice,Completed
17342,4575,2024-07-23,PayPal,Completed
17343,1636,2024-10-08,Bank Transfer,Completed
17344,4227,2025-04-05,Bank Transfer,Completed
17345,4920,2024-02-15,Credit Card,Completed
17346,1148,2023-02-18,PayPal,Cancelled
17347,4695,2023-09-09,Credit Card,Completed
17348,1550,2024-09-15,PayPal,Cancelled
17349,3663,2024-03-14,PayPal,Completed
17350,4031,2025-07-11,PayPal,Completed
17351,3448,2023-07-12,Credit Card,Completed
17352,4019,2025-11-15,PayPal,Completed
17353,2190,2025-11-03,Bank Transfer,Completed
17354,2906,2025-11-11,Bank Transfer,Completed
17355,3741,2025-06-19,Invoice,Completed
17356,4945,2023-07-13,PayPal,Completed
17357,4826,2024-09-12,Credit Card,Completed
17358,4131,2023-08-23,Credit Card,Completed
17359,2377,2025-12-25,Credit Card,Completed
17360,877,2024-05-12,Credit Card,Completed
17361,3430,2025-01-25,Credit Card,Returned
17362,774,2025-07-24,Credit Card,Returned
17363,4948,2025-11-17,Bank Transfer,Completed
17364,1828,2025-07-03,Invoice,Completed
17365,1829,2025-04-21,Bank Transfer,Completed
17366,2858,2024-10-15,Credit Card,Completed
17367,490,2025-02-16,PayPal,Completed
17368,525,2023-06-21,PayPal,Completed
17369,2840,2025-10-25,Credit Card,Completed
17370,4284,2024-12-17,Invoice,Completed
17371,4343,2023-03-21,PayPal,Completed
17372,365,2025-11-17,Credit Card,Completed
17373,3542,2024-11-07,Invoice,Completed
17374,1367,2025-10-12,Invoice,Completed
17375,4609,2025-10-01,PayPal,Completed
17376,3295,2025-08-26,Invoice,Completed
17377,3260,2023-04-26,Bank Transfer,Completed
17378,2368,2024-01-26,Credit Card,Completed
17379,4774,2025-10-18,Invoice,Completed
17380,4323,2025-11-05,PayPal,Completed
17381,495,2024-10-06,Credit Card,Returned
17382,337,2024-09-15,PayPal,Completed
17383,830,2023-11-04,Invoice,Completed
17384,848,2025-12-14,Credit Card,Completed
17385,2569,2023-12-14,PayPal,Cancelled
17386,3995,2023-11-20,Credit Card,Completed
17387,746,2025-04-09,Bank Transfer,Completed
17388,1008,2024-01-20,Invoice,Completed
17389,2174,2025-11-27,Invoice,Completed
17390,967,2023-01-24,PayPal,Completed
17391,1096,2023-01-13,Invoice,Completed
17392,4481,2024-11-19,Credit Card,Returned
17393,2755,2024-11-06,Bank Transfer,Cancelled
17394,4744,2023-10-16,Invoice,Completed
17395,1620,2024-11-11,Credit Card,Completed
17396,2888,2024-08-12,Bank Transfer,Completed
17397,795,2025-10-31,Bank Transfer,Completed
17398,1674,2023-01-20,PayPal,Cancelled
17399,4359,2025-12-18,Bank Transfer,Completed
17400,1073,2025-03-08,Invoice,Completed
17401,105,2023-09-27,Bank Transfer,Completed
17402,2595,2023-04-02,PayPal,Completed
17403,1169,2024-12-13,Invoice,Completed
17404,781,2024-01-08,Invoice,Completed
17405,2461,2024-04-05,Invoice,Completed
17406,2949,2024-01-23,Bank Transfer,Completed
17407,2688,2025-03-31,Invoice,Completed
17408,2879,2024-12-24,Credit Card,Completed
17409,987,2023-05-25,Bank Transfer,Completed
17410,2113,2024-12-04,Credit Card,Completed
17411,3267,2025-08-04,Credit Card,Completed
17412,1907,2023-05-30,Invoice,Completed
17413,4346,2025-10-31,Credit Card,Completed
17414,1907,2025-01-17,Credit Card,Completed
17415,3568,2025-12-04,PayPal,Completed
17416,2905,2023-09-21,PayPal,Completed
17417,59,2025-12-28,PayPal,Completed
17418,1659,2025-03-25,Credit Card,Completed
17419,793,2025-01-05,PayPal,Completed
17420,3504,2024-11-26,PayPal,Cancelled
17421,1110,2023-02-20,PayPal,Completed
17422,4875,2025-11-28,Credit Card,Cancelled
17423,211,2025-03-25,Bank Transfer,Completed
17424,510,2023-06-17,Invoice,Completed
17425,4106,2023-02-14,PayPal,Returned
17426,3255,2023-04-08,PayPal,Cancelled
17427,3732,2025-02-21,Credit Card,Completed
17428,2017,2025-02-26,Bank Transfer,Completed
17429,4859,2024-11-15,PayPal,Completed
17430,4184,2024-04-12,Invoice,Completed
17431,4540,2024-12-08,Credit Card,Completed
17432,2193,2024-11-27,PayPal,Completed
17433,3663,2023-02-11,Bank Transfer,Completed
17434,1179,2024-03-14,Invoice,Returned
17435,1286,2023-04-13,Bank Transfer,Completed
17436,1681,2025-11-06,Bank Transfer,Completed
17437,4557,2025-06-06,Credit Card,Completed
17438,2923,2025-12-29,Invoice,Returned
17439,3059,2024-04-06,Credit Card,Completed
17440,4089,2025-10-21,PayPal,Completed
17441,1412,2025-02-14,PayPal,Cancelled
17442,2832,2024-09-30,Bank Transfer,Completed
17443,932,2023-12-24,Credit Card,Completed
17444,2378,2025-06-17,Invoice,Completed
17445,16,2025-11-08,Bank Transfer,Completed
17446,2821,2024-01-09,Invoice,Returned
17447,162,2023-11-04,Bank Transfer,Completed
17448,1777,2025-05-11,Credit Card,Completed
17449,519,2025-12-19,Invoice,Completed
17450,4069,2025-06-28,Bank Transfer,Returned
17451,4572,2024-03-17,Invoice,Completed
17452,4131,2024-08-22,Credit Card,Completed
17453,3847,2024-07-11,Invoice,Completed
17454,1068,2025-09-27,Invoice,Completed
17455,3738,2025-07-17,Credit Card,Completed
17456,134,2025-01-29,Credit Card,Completed
17457,2142,2024-03-05,PayPal,Completed
17458,2966,2025-11-27,Credit Card,Cancelled
17459,1055,2025-04-02,PayPal,Completed
17460,10,2025-12-15,Invoice,Completed
17461,1184,2025-01-19,Credit Card,Completed
17462,681,2025-08-30,Bank Transfer,Completed
17463,706,2025-08-23,Bank Transfer,Cancelled
17464,1422,2024-05-17,Credit Card,Completed
17465,2565,2025-12-11,Invoice,Completed
17466,4653,2023-02-16,Invoice,Completed
17467,1159,2025-07-15,Invoice,Completed
17468,3799,2025-12-12,Credit Card,Cancelled
17469,4052,2024-05-19,Invoice,Completed
17470,4940,2025-03-29,Invoice,Completed
17471,2677,2024-12-31,Bank Transfer,Completed
17472,452,2025-07-08,Credit Card,Completed
17473,1692,2025-10-10,Bank Transfer,Completed
17474,1354,2025-02-14,Bank Transfer,Completed
17475,829,2025-08-26,PayPal,Completed
17476,1111,2024-04-18,Credit Card,Completed
17477,976,2023-12-30,Invoice,Returned
17478,4473,2024-09-04,Credit Card,Completed
17479,1408,2025-04-24,PayPal,Completed
17480,4633,2023-11-16,PayPal,Completed
17481,4686,2025-04-27,Invoice,Completed
17482,1438,2024-07-23,Bank Transfer,Completed
17483,2427,2025-08-08,PayPal,Completed
17484,67,2023-03-16,PayPal,Cancelled
17485,3069,2025-04-16,Bank Transfer,Cancelled
17486,2316,2025-03-30,Bank Transfer,Completed
17487,966,2025-11-29,Credit Card,Cancelled
17488,2644,2025-05-26,PayPal,Completed
17489,3271,2025-08-08,Credit Card,Completed
17490,3358,2025-11-08,Bank Transfer,Completed
17491,4926,2025-04-22,Credit Card,Cancelled
17492,4282,2024-03-23,Bank Transfer,Completed
17493,1003,2025-10-13,Invoice,Completed
17494,2137,2025-06-26,PayPal,Returned
17495,3197,2024-08-27,Invoice,Completed
17496,4231,2025-05-24,Invoice,Completed
17497,4017,2025-10-11,PayPal,Cancelled
17498,1753,2025-12-18,Bank Transfer,Completed
17499,1852,2025-12-05,Credit Card,Completed
17500,1381,2024-05-03,Bank Transfer,Completed
17501,4166,2024-08-24,PayPal,Completed
17502,3731,2023-07-17,Credit Card,Completed
17503,1017,2024-01-27,PayPal,Cancelled
17504,2355,2025-10-24,Invoice,Completed
17505,2590,2024-06-14,Invoice,Returned
17506,3669,2025-03-04,Bank Transfer,Completed
17507,795,2025-04-14,PayPal,Cancelled
17508,1938,2025-07-26,Invoice,Completed
17509,3337,2023-11-12,PayPal,Returned
17510,439,2024-04-09,Bank Transfer,Returned
17511,1901,2024-09-24,Bank Transfer,Cancelled
17512,4922,2024-06-19,Credit Card,Completed
17513,1265,2025-12-22,PayPal,Completed
17514,3979,2025-09-12,PayPal,Completed
17515,2036,2024-10-31,Bank Transfer,Completed
17516,1374,2025-10-21,Invoice,Cancelled
17517,1117,2024-05-29,Credit Card,Completed
17518,2531,2025-07-30,Credit Card,Completed
17519,2182,2023-12-25,Bank Transfer,Completed
17520,3475,2025-07-18,Bank Transfer,Returned
17521,1954,2024-10-04,PayPal,Returned
17522,4041,2023-07-14,Invoice,Completed
17523,145,2024-03-03,PayPal,Completed
17524,4178,2024-08-01,Credit Card,Completed
17525,4963,2025-06-27,Invoice,Completed
17526,1499,2023-05-16,PayPal,Completed
17527,1465,2025-04-08,Bank Transfer,Cancelled
17528,3309,2025-05-28,Credit Card,Completed
17529,4118,2025-04-03,Invoice,Completed
17530,3779,2025-07-07,Bank Transfer,Returned
17531,1261,2023-11-07,PayPal,Completed
17532,1109,2025-01-27,Invoice,Completed
17533,541,2025-11-29,Credit Card,Completed
17534,399,2025-02-22,Bank Transfer,Completed
17535,3395,2025-02-23,PayPal,Completed
17536,3456,2025-06-16,Credit Card,Completed
17537,2674,2024-05-13,PayPal,Completed
17538,3796,2025-05-15,Invoice,Completed
17539,4681,2025-11-15,Bank Transfer,Completed
17540,4060,2023-01-24,Bank Transfer,Completed
17541,288,2025-10-13,PayPal,Cancelled
17542,666,2023-12-20,PayPal,Completed
17543,3885,2024-10-03,Bank Transfer,Cancelled
17544,281,2025-09-27,Credit Card,Completed
17545,1036,2025-09-02,PayPal,Completed
17546,560,2025-11-01,PayPal,Completed
17547,1069,2025-11-28,Invoice,Completed
17548,3066,2024-09-23,Credit Card,Completed
17549,4676,2025-04-05,PayPal,Completed
17550,3681,2024-07-19,PayPal,Returned
17551,4359,2024-06-02,Bank Transfer,Completed
17552,80,2024-09-05,Credit Card,Completed
17553,1139,2025-06-22,Credit Card,Completed
17554,2830,2024-11-16,Credit Card,Completed
17555,379,2025-08-24,Bank Transfer,Completed
17556,890,2025-06-24,PayPal,Completed
17557,188,2023-02-13,PayPal,Completed
17558,3705,2025-03-13,Bank Transfer,Completed
17559,268,2024-09-11,Invoice,Completed
17560,722,2024-10-04,PayPal,Returned
17561,4699,2025-08-28,PayPal,Completed
17562,972,2024-12-20,PayPal,Completed
17563,459,2025-10-27,PayPal,Completed
17564,607,2025-05-26,Bank Transfer,Completed
17565,2358,2024-12-24,PayPal,Completed
17566,2294,2025-07-02,PayPal,Completed
17567,3,2023-03-18,Invoice,Completed
17568,4685,2023-02-27,Bank Transfer,Completed
17569,3482,2023-06-03,PayPal,Completed
17570,3679,2024-09-12,PayPal,Completed
17571,284,2024-01-09,PayPal,Completed
17572,3583,2025-12-23,Invoice,Completed
17573,508,2024-12-16,Invoice,Completed
17574,2150,2025-04-11,Invoice,Returned
17575,279,2024-03-10,PayPal,Completed
17576,2974,2024-04-29,Credit Card,Completed
17577,2882,2024-05-15,PayPal,Completed
17578,3504,2025-05-13,PayPal,Returned
17579,1478,2024-10-24,Credit Card,Completed
17580,270,2024-11-28,Credit Card,Completed
17581,1336,2025-02-01,PayPal,Completed
17582,3288,2025-07-15,Credit Card,Returned
17583,3811,2023-06-15,Invoice,Completed
17584,4574,2025-07-22,Bank Transfer,Completed
17585,4151,2024-12-31,Bank Transfer,Completed
17586,2354,2025-04-17,Bank Transfer,Completed
17587,2729,2024-05-06,Invoice,Completed
17588,59,2024-08-10,Credit Card,Cancelled
17589,3306,2024-01-03,Bank Transfer,Cancelled
17590,4191,2025-12-20,PayPal,Completed
17591,3326,2024-11-13,Bank Transfer,Completed
17592,107,2025-12-29,PayPal,Completed
17593,1252,2024-11-08,Invoice,Completed
17594,793,2023-12-21,Bank Transfer,Completed
17595,3616,2024-11-20,PayPal,Completed
17596,2938,2023-03-20,Bank Transfer,Completed
17597,1465,2025-11-08,Invoice,Completed
17598,4463,2025-08-28,PayPal,Cancelled
17599,1073,2025-06-06,Credit Card,Completed
17600,3155,2025-02-21,PayPal,Completed
17601,3454,2025-01-19,PayPal,Completed
17602,3203,2025-12-30,Invoice,Completed
17603,40,2024-03-09,Invoice,Cancelled
17604,4489,2025-07-24,PayPal,Returned
17605,1428,2025-01-20,Bank Transfer,Returned
17606,1444,2025-12-18,Invoice,Completed
17607,4873,2025-09-05,Invoice,Completed
17608,1080,2025-12-31,PayPal,Completed
17609,2886,2025-01-28,Bank Transfer,Completed
17610,3503,2023-12-05,Bank Transfer,Cancelled
17611,4972,2024-11-18,Invoice,Completed
17612,1810,2025-05-24,Credit Card,Completed
17613,2751,2025-07-20,Invoice,Returned
17614,4904,2023-01-02,Bank Transfer,Cancelled
17615,2278,2024-11-19,Invoice,Returned
17616,4872,2024-01-09,Credit Card,Completed
17617,2576,2025-10-17,Bank Transfer,Completed
17618,4328,2023-09-29,Invoice,Completed
17619,4025,2025-04-14,PayPal,Completed
17620,4311,2024-02-23,Bank Transfer,Completed
17621,2338,2024-06-09,Bank Transfer,Completed
17622,1376,2025-11-28,PayPal,Completed
17623,2801,2024-01-16,Invoice,Cancelled
17624,193,2023-06-22,PayPal,Completed
17625,3565,2023-05-10,Invoice,Completed
17626,886,2024-11-18,Invoice,Completed
17627,407,2025-03-23,Invoice,Completed
17628,1274,2024-05-06,Credit Card,Completed
17629,2028,2025-05-05,Invoice,Completed
17630,1901,2023-04-26,PayPal,Completed
17631,67,2025-10-02,Invoice,Returned
17632,3761,2025-08-26,PayPal,Completed
17633,273,2025-12-23,PayPal,Completed
17634,3409,2025-11-26,Credit Card,Completed
17635,116,2024-06-08,PayPal,Completed
17636,1891,2024-07-29,PayPal,Completed
17637,1425,2025-06-24,Invoice,Completed
17638,4325,2023-08-28,Invoice,Completed
17639,4922,2024-04-20,Invoice,Completed
17640,2422,2023-08-01,Invoice,Completed
17641,3490,2024-10-02,Credit Card,Completed
17642,4617,2024-12-23,PayPal,Completed
17643,4310,2023-12-12,Bank Transfer,Returned
17644,4547,2023-02-26,Invoice,Cancelled
17645,3147,2025-05-31,PayPal,Completed
17646,3337,2023-02-12,Invoice,Returned
17647,4486,2025-12-17,Invoice,Completed
17648,1712,2023-12-23,Credit Card,Cancelled
17649,3785,2025-04-12,Invoice,Completed
17650,707,2024-09-08,Credit Card,Cancelled
17651,3692,2023-04-24,Invoice,Completed
17652,4611,2024-10-22,Bank Transfer,Completed
17653,4810,2024-11-27,Bank Transfer,Cancelled
17654,2589,2025-09-29,Bank Transfer,Completed
17655,997,2025-06-12,PayPal,Completed
17656,1762,2023-05-27,PayPal,Completed
17657,580,2023-12-10,Bank Transfer,Completed
17658,3587,2024-04-18,PayPal,Completed
17659,3581,2023-07-29,Credit Card,Cancelled
17660,152,2024-10-04,Bank Transfer,Completed
17661,4930,2025-12-23,Invoice,Completed
17662,2918,2024-11-26,PayPal,Completed
17663,939,2025-06-21,Credit Card,Completed
17664,465,2025-04-29,PayPal,Completed
17665,2030,2025-09-25,Invoice,Completed
17666,4568,2023-12-17,PayPal,Completed
17667,218,2025-07-01,Bank Transfer,Completed
17668,502,2025-10-23,Credit Card,Completed
17669,4372,2023-10-30,Bank Transfer,Completed
17670,2597,2024-05-29,Bank Transfer,Completed
17671,1778,2025-12-15,PayPal,Completed
17672,4178,2025-07-25,Credit Card,Completed
17673,3322,2024-03-14,PayPal,Completed
17674,289,2025-01-01,Credit Card,Completed
17675,4420,2024-08-04,Credit Card,Cancelled
17676,2508,2024-11-08,PayPal,Completed
17677,2127,2024-06-07,Invoice,Returned
17678,3270,2024-03-11,PayPal,Completed
17679,3681,2025-04-22,Credit Card,Completed
17680,504,2025-07-23,Bank Transfer,Completed
17681,1777,2025-10-17,Bank Transfer,Completed
17682,3460,2023-10-03,Credit Card,Completed
17683,1892,2025-09-01,Credit Card,Cancelled
17684,799,2024-02-06,Bank Transfer,Completed
17685,2265,2024-08-31,Credit Card,Completed
17686,4329,2025-11-06,Invoice,Returned
17687,4570,2024-10-02,Bank Transfer,Returned
17688,990,2023-11-27,Credit Card,Completed
17689,1963,2023-10-11,Credit Card,Completed
17690,4068,2024-10-23,Bank Transfer,Completed
17691,4844,2025-07-09,Credit Card,Completed
17692,4511,2025-12-30,Credit Card,Completed
17693,3661,2025-07-31,Bank Transfer,Completed
17694,3258,2025-10-19,Bank Transfer,Completed
17695,729,2025-06-26,Bank Transfer,Completed
17696,13,2025-11-03,PayPal,Completed
17697,3680,2023-05-22,Invoice,Completed
17698,3811,2025-11-22,Credit Card,Completed
17699,1040,2024-07-26,Bank Transfer,Completed
17700,518,2025-11-18,Invoice,Completed
17701,400,2023-05-21,Credit Card,Completed
17702,3771,2025-05-28,PayPal,Completed
17703,1650,2025-06-15,Bank Transfer,Returned
17704,56,2025-12-30,Bank Transfer,Completed
17705,3082,2025-07-15,PayPal,Completed
17706,2176,2024-07-09,Bank Transfer,Completed
17707,937,2024-12-27,Credit Card,Completed
17708,4963,2024-06-21,PayPal,Completed
17709,3397,2023-11-26,Bank Transfer,Completed
17710,3300,2024-01-28,Bank Transfer,Completed
17711,328,2023-12-23,Bank Transfer,Returned
17712,723,2024-12-21,Credit Card,Completed
17713,4687,2025-11-09,Invoice,Returned
17714,1646,2025-11-13,PayPal,Completed
17715,3853,2023-04-15,PayPal,Completed
17716,845,2023-05-28,Bank Transfer,Returned
17717,1600,2024-01-23,Credit Card,Returned
17718,1447,2024-02-07,Credit Card,Returned
17719,1557,2023-06-22,Invoice,Completed
17720,2851,2024-07-16,PayPal,Completed
17721,3861,2025-01-28,Bank Transfer,Cancelled
17722,1184,2025-01-17,Invoice,Returned
17723,2361,2024-12-17,Credit Card,Completed
17724,1021,2024-05-19,Bank Transfer,Completed
17725,4887,2025-05-20,Invoice,Cancelled
17726,1582,2025-09-04,Invoice,Completed
17727,2708,2024-05-28,PayPal,Completed
17728,274,2023-06-06,Bank Transfer,Completed
17729,1537,2024-03-30,PayPal,Completed
17730,918,2023-09-02,Invoice,Cancelled
17731,2040,2024-10-17,PayPal,Completed
17732,2196,2023-10-04,Credit Card,Completed
17733,429,2024-10-11,Bank Transfer,Completed
17734,4070,2023-12-22,Bank Transfer,Returned
17735,4508,2025-06-18,Bank Transfer,Completed
17736,4465,2023-02-28,PayPal,Returned
17737,2668,2024-12-25,Bank Transfer,Completed
17738,532,2023-10-27,PayPal,Completed
17739,4587,2023-01-03,Invoice,Completed
17740,1218,2025-10-12,Credit Card,Completed
17741,2247,2025-04-19,PayPal,Completed
17742,3742,2023-06-29,Invoice,Cancelled
17743,4157,2025-04-12,PayPal,Completed
17744,4347,2025-02-23,PayPal,Completed
17745,3520,2024-10-24,Bank Transfer,Completed
17746,1242,2024-08-21,Invoice,Completed
17747,313,2025-10-28,Bank Transfer,Completed
17748,2075,2024-01-23,Credit Card,Completed
17749,4519,2024-07-28,Credit Card,Completed
17750,1775,2024-05-08,Credit Card,Returned
17751,1456,2025-07-17,Credit Card,Completed
17752,1014,2025-11-15,Credit Card,Cancelled
17753,4846,2025-09-25,Credit Card,Completed
17754,1552,2025-08-09,Invoice,Completed
17755,3220,2025-12-24,Invoice,Completed
17756,3316,2025-05-12,Invoice,Completed
17757,4216,2025-06-29,Invoice,Completed
17758,2700,2025-12-22,PayPal,Completed
17759,239,2023-01-15,PayPal,Cancelled
17760,493,2025-03-16,Invoice,Returned
17761,2067,2025-06-18,Bank Transfer,Cancelled
17762,56,2025-11-16,Invoice,Completed
17763,3359,2025-10-25,PayPal,Completed
17764,2352,2025-09-18,Bank Transfer,Completed
17765,1473,2025-12-01,Bank Transfer,Completed
17766,1788,2024-12-12,PayPal,Completed
17767,2256,2023-01-15,Invoice,Completed
17768,591,2023-01-24,Invoice,Completed
17769,4677,2024-12-18,PayPal,Completed
17770,783,2024-09-09,Invoice,Completed
17771,4969,2024-09-28,PayPal,Completed
17772,4936,2024-07-30,Credit Card,Completed
17773,3101,2025-11-16,Bank Transfer,Returned
17774,2986,2024-06-12,Bank Transfer,Completed
17775,261,2025-10-01,PayPal,Returned
17776,1167,2025-11-07,Invoice,Completed
17777,3016,2024-11-15,Bank Transfer,Completed
17778,4279,2024-09-23,Invoice,Completed
17779,3532,2025-07-08,PayPal,Returned
17780,57,2025-05-21,Invoice,Completed
17781,2991,2024-05-07,Bank Transfer,Returned
17782,2308,2023-07-05,Invoice,Completed
17783,1960,2024-02-21,PayPal,Completed
17784,1530,2023-08-23,PayPal,Completed
17785,4154,2024-03-29,Credit Card,Completed
17786,4663,2024-02-16,Credit Card,Completed
17787,12,2025-03-20,Bank Transfer,Completed
17788,2241,2025-12-06,PayPal,Completed
17789,2673,2025-05-01,PayPal,Completed
17790,4277,2025-11-21,Credit Card,Completed
17791,4066,2025-07-28,Bank Transfer,Completed
17792,183,2025-06-08,PayPal,Completed
17793,76,2024-08-15,PayPal,Completed
17794,4746,2024-05-03,Invoice,Completed
17795,2206,2025-09-22,Bank Transfer,Completed
17796,3272,2025-11-09,PayPal,Completed
17797,4127,2024-09-28,Bank Transfer,Completed
17798,385,2023-01-20,Bank Transfer,Completed
17799,1624,2025-08-05,Credit Card,Cancelled
17800,1987,2024-03-17,Invoice,Completed
17801,3727,2023-01-21,Bank Transfer,Completed
17802,1028,2025-08-16,Bank Transfer,Completed
17803,3082,2024-11-28,Bank Transfer,Cancelled
17804,2694,2025-05-01,Bank Transfer,Returned
17805,817,2025-11-14,PayPal,Completed
17806,1205,2024-12-15,Credit Card,Completed
17807,2613,2024-11-17,Bank Transfer,Completed
17808,3536,2024-03-24,Credit Card,Cancelled
17809,3365,2024-04-10,Invoice,Returned
17810,392,2025-08-08,Credit Card,Completed
17811,1796,2024-09-25,Bank Transfer,Completed
17812,794,2023-10-17,Invoice,Completed
17813,2402,2023-06-22,Bank Transfer,Completed
17814,1077,2024-10-23,Invoice,Completed
17815,1482,2024-10-14,Invoice,Completed
17816,2953,2025-04-03,PayPal,Completed
17817,3925,2024-10-21,Credit Card,Completed
17818,3755,2023-09-13,Credit Card,Completed
17819,575,2024-11-21,Bank Transfer,Completed
17820,1744,2025-11-09,PayPal,Completed
17821,4639,2023-10-10,PayPal,Completed
17822,2700,2025-05-05,PayPal,Cancelled
17823,2389,2025-02-03,Credit Card,Returned
17824,4658,2025-06-27,Bank Transfer,Completed
17825,1171,2023-09-25,Invoice,Completed
17826,4310,2025-11-29,Bank Transfer,Completed
17827,4133,2025-03-05,Bank Transfer,Completed
17828,3206,2025-09-23,Credit Card,Completed
17829,2854,2024-01-25,Credit Card,Completed
17830,2109,2025-06-18,Credit Card,Completed
17831,319,2025-07-26,Bank Transfer,Completed
17832,3942,2024-07-27,Invoice,Returned
17833,3927,2024-07-11,Bank Transfer,Completed
17834,187,2025-04-06,Invoice,Completed
17835,1038,2023-06-20,Bank Transfer,Completed
17836,346,2025-06-15,PayPal,Completed
17837,948,2023-03-26,Credit Card,Completed
17838,1971,2023-11-20,Credit Card,Completed
17839,537,2025-04-12,Invoice,Returned
17840,110,2023-06-28,PayPal,Completed
17841,2226,2025-12-16,Invoice,Completed
17842,1377,2025-10-12,Bank Transfer,Completed
17843,1552,2025-03-09,PayPal,Returned
17844,3140,2025-08-29,Credit Card,Completed
17845,2750,2025-10-29,Invoice,Completed
17846,1149,2024-02-13,Invoice,Completed
17847,1768,2025-09-25,Bank Transfer,Returned
17848,752,2023-11-24,Invoice,Completed
17849,2750,2024-08-14,PayPal,Completed
17850,3003,2024-12-28,Credit Card,Completed
17851,2525,2025-05-27,Credit Card,Completed
17852,247,2023-03-04,Bank Transfer,Returned
17853,1684,2024-03-24,Invoice,Returned
17854,150,2025-02-20,Credit Card,Completed
17855,2965,2024-06-10,PayPal,Completed
17856,3777,2025-07-20,Credit Card,Returned
17857,4072,2025-04-01,Credit Card,Completed
17858,2961,2024-01-07,PayPal,Completed
17859,230,2023-09-17,Bank Transfer,Completed
17860,335,2025-03-12,PayPal,Completed
17861,4463,2024-09-27,Credit Card,Completed
17862,3105,2023-10-26,Bank Transfer,Completed
17863,3344,2024-05-05,Credit Card,Completed
17864,3424,2024-04-07,Credit Card,Completed
17865,3595,2023-07-15,Invoice,Completed
17866,3382,2024-12-19,Credit Card,Completed
17867,4008,2025-07-10,Credit Card,Completed
17868,2697,2025-01-14,Credit Card,Completed
17869,2067,2025-09-04,Bank Transfer,Completed
17870,4621,2023-08-17,PayPal,Completed
17871,4675,2024-09-09,Invoice,Completed
17872,595,2025-02-21,PayPal,Completed
17873,4029,2025-04-23,Credit Card,Completed
17874,2372,2025-05-10,Bank Transfer,Completed
17875,3242,2025-06-09,Credit Card,Completed
17876,945,2025-04-01,Invoice,Returned
17877,3472,2023-06-21,Credit Card,Completed
17878,3431,2025-05-10,Invoice,Completed
17879,2251,2025-06-05,Credit Card,Completed
17880,4762,2025-12-28,Credit Card,Returned
17881,3896,2025-05-08,Bank Transfer,Completed
17882,666,2025-05-02,Bank Transfer,Completed
17883,3397,2024-11-26,Bank Transfer,Completed
17884,4126,2025-10-11,Credit Card,Returned
17885,1029,2025-12-30,Bank Transfer,Completed
17886,1289,2025-07-24,PayPal,Completed
17887,4546,2025-02-24,PayPal,Returned
17888,3294,2023-05-26,PayPal,Completed
17889,4044,2025-06-07,Bank Transfer,Completed
17890,2774,2025-05-22,PayPal,Completed
17891,1239,2025-07-21,Credit Card,Completed
17892,2887,2023-08-12,Bank Transfer,Completed
17893,529,2025-04-03,Bank Transfer,Completed
17894,2541,2024-03-30,Bank Transfer,Completed
17895,2280,2025-07-07,PayPal,Returned
17896,1730,2024-01-16,Bank Transfer,Completed
17897,3737,2025-04-30,Credit Card,Completed
17898,4514,2024-03-29,Bank Transfer,Completed
17899,2221,2023-01-20,Bank Transfer,Completed
17900,2516,2025-03-16,PayPal,Completed
17901,1654,2023-07-23,Bank Transfer,Cancelled
17902,1094,2025-04-08,Credit Card,Completed
17903,1660,2025-11-20,Credit Card,Completed
17904,1740,2025-12-14,PayPal,Cancelled
17905,4639,2024-01-10,PayPal,Completed
17906,221,2025-08-20,Credit Card,Completed
17907,3266,2024-06-05,PayPal,Completed
17908,4917,2025-11-06,Invoice,Completed
17909,2548,2025-07-31,PayPal,Completed
17910,887,2023-05-18,Credit Card,Completed
17911,2400,2024-08-07,Credit Card,Completed
17912,2095,2024-05-17,PayPal,Completed
17913,2148,2025-07-29,PayPal,Completed
17914,3503,2024-08-11,Bank Transfer,Completed
17915,2257,2025-04-30,Bank Transfer,Completed
17916,2373,2025-02-13,Invoice,Completed
17917,3112,2025-12-18,Bank Transfer,Completed
17918,2170,2025-11-27,PayPal,Completed
17919,2920,2024-08-31,Credit Card,Completed
17920,638,2025-06-04,Invoice,Completed
17921,2809,2025-09-07,Invoice,Completed
17922,4316,2025-11-05,Invoice,Completed
17923,1617,2023-05-08,Credit Card,Cancelled
17924,1812,2024-04-06,Invoice,Completed
17925,1525,2024-04-27,Credit Card,Completed
17926,2596,2024-09-08,Bank Transfer,Completed
17927,2841,2023-10-27,Invoice,Completed
17928,3790,2024-11-12,Invoice,Completed
17929,3499,2025-04-11,Bank Transfer,Completed
17930,3030,2024-11-13,Bank Transfer,Completed
17931,3698,2025-04-14,Invoice,Completed
17932,4195,2023-05-05,PayPal,Cancelled
17933,1876,2025-10-18,Bank Transfer,Completed
17934,213,2025-11-27,Invoice,Completed
17935,2753,2025-03-02,PayPal,Completed
17936,3077,2025-10-23,Invoice,Completed
17937,812,2023-08-23,Invoice,Completed
17938,2083,2025-08-09,Invoice,Completed
17939,3148,2023-08-02,Invoice,Completed
17940,2516,2024-08-08,Invoice,Completed
17941,3840,2024-05-02,Credit Card,Completed
17942,1066,2025-01-25,Credit Card,Completed
17943,4340,2024-04-06,PayPal,Cancelled
17944,376,2025-03-19,Bank Transfer,Completed
17945,4041,2024-06-22,Invoice,Completed
17946,2632,2025-10-05,PayPal,Completed
17947,1562,2025-03-16,Bank Transfer,Returned
17948,575,2023-12-16,Credit Card,Completed
17949,1770,2024-05-16,Bank Transfer,Completed
17950,1554,2025-09-23,PayPal,Completed
17951,1308,2024-07-14,Bank Transfer,Completed
17952,3696,2024-12-11,Invoice,Completed
17953,2055,2025-03-30,Credit Card,Completed
17954,597,2024-05-30,Bank Transfer,Completed
17955,4937,2024-03-28,PayPal,Completed
17956,1841,2024-10-26,PayPal,Completed
17957,2423,2023-12-16,Invoice,Cancelled
17958,445,2024-03-16,Invoice,Completed
17959,764,2023-04-28,Bank Transfer,Cancelled
17960,3382,2024-04-08,Credit Card,Completed
17961,1430,2024-04-28,Credit Card,Completed
17962,2411,2025-12-10,Bank Transfer,Returned
17963,1270,2025-01-30,PayPal,Completed
17964,1127,2025-07-31,Bank Transfer,Returned
17965,656,2023-03-30,Bank Transfer,Completed
17966,2150,2023-07-12,Credit Card,Completed
17967,1230,2025-08-24,Credit Card,Completed
17968,3836,2025-03-07,Bank Transfer,Completed
17969,1576,2023-11-20,Invoice,Completed
17970,2163,2024-08-04,Bank Transfer,Completed
17971,550,2024-12-13,Credit Card,Completed
17972,4973,2025-09-19,Bank Transfer,Completed
17973,3903,2023-04-25,Bank Transfer,Completed
17974,3122,2025-02-07,Bank Transfer,Completed
17975,3215,2025-05-29,Invoice,Completed
17976,3340,2025-12-19,Invoice,Returned
17977,824,2025-08-18,PayPal,Completed
17978,2516,2024-03-07,Bank Transfer,Completed
17979,2097,2025-05-23,PayPal,Completed
17980,598,2025-07-10,Invoice,Returned
17981,1520,2025-06-10,Bank Transfer,Returned
17982,2426,2025-08-29,Credit Card,Completed
17983,2863,2025-11-08,PayPal,Cancelled
17984,4029,2023-06-28,Invoice,Completed
17985,2289,2023-07-09,Invoice,Completed
17986,4611,2025-08-08,Credit Card,Completed
17987,1152,2024-02-03,Credit Card,Cancelled
17988,3891,2023-04-22,Bank Transfer,Completed
17989,813,2024-07-31,Bank Transfer,Cancelled
17990,2731,2025-08-29,Bank Transfer,Completed
17991,296,2023-08-15,PayPal,Completed
17992,221,2025-04-19,Invoice,Completed
17993,1612,2023-01-08,Credit Card,Completed
17994,1810,2023-07-18,Bank Transfer,Completed
17995,3316,2024-06-02,Credit Card,Completed
17996,1572,2023-06-03,Credit Card,Completed
17997,1658,2025-09-21,Bank Transfer,Completed
17998,3360,2025-10-08,Credit Card,Returned
17999,1827,2025-07-03,Bank Transfer,Completed
18000,221,2024-01-19,Bank Transfer,Completed
18001,124,2024-12-02,PayPal,Completed
18002,432,2023-11-13,Bank Transfer,Completed
18003,4336,2024-03-13,Invoice,Completed
18004,2684,2024-11-27,Bank Transfer,Completed
18005,4899,2025-06-14,PayPal,Completed
18006,97,2023-06-22,PayPal,Completed
18007,3795,2024-03-31,PayPal,Completed
18008,100,2025-11-21,PayPal,Completed
18009,1609,2024-09-02,Credit Card,Completed
18010,58,2025-11-27,Bank Transfer,Completed
18011,3321,2025-12-27,Invoice,Completed
18012,2720,2024-12-05,Credit Card,Completed
18013,1478,2024-03-21,Credit Card,Completed
18014,3785,2025-08-03,Credit Card,Returned
18015,695,2023-10-10,Credit Card,Completed
18016,4571,2024-02-02,Credit Card,Returned
18017,3714,2025-07-29,Bank Transfer,Completed
18018,2237,2024-09-07,PayPal,Completed
18019,1345,2023-12-02,Credit Card,Completed
18020,4322,2025-04-01,Invoice,Completed
18021,1133,2025-06-12,Bank Transfer,Completed
18022,3154,2023-08-13,Credit Card,Completed
18023,2616,2024-03-08,Credit Card,Completed
18024,4215,2023-12-23,PayPal,Completed
18025,4520,2024-07-06,Credit Card,Completed
18026,4489,2025-07-10,Invoice,Completed
18027,3060,2025-05-26,Credit Card,Completed
18028,3700,2025-04-11,Credit Card,Cancelled
18029,648,2023-01-14,Bank Transfer,Completed
18030,1445,2023-09-10,Credit Card,Completed
18031,1705,2023-12-25,PayPal,Returned
18032,2075,2024-03-02,Bank Transfer,Completed
18033,4056,2023-09-18,Credit Card,Completed
18034,259,2024-08-11,Invoice,Completed
18035,499,2023-05-20,Invoice,Completed
18036,640,2025-06-28,PayPal,Completed
18037,4850,2025-08-01,Credit Card,Completed
18038,4089,2025-01-12,Credit Card,Completed
18039,1287,2023-06-14,PayPal,Completed
18040,3847,2025-10-31,Bank Transfer,Completed
18041,4240,2025-12-12,Credit Card,Completed
18042,3968,2023-12-02,Bank Transfer,Returned
18043,4152,2025-05-18,Credit Card,Completed
18044,4857,2025-09-18,Bank Transfer,Cancelled
18045,2665,2024-12-14,Credit Card,Completed
18046,1518,2024-05-01,Bank Transfer,Completed
18047,272,2024-10-30,Credit Card,Completed
18048,1102,2024-11-24,Credit Card,Completed
18049,951,2024-07-30,PayPal,Completed
18050,2835,2025-11-22,Credit Card,Completed
18051,3516,2025-06-22,PayPal,Completed
18052,4423,2024-01-17,PayPal,Completed
18053,927,2025-01-25,PayPal,Completed
18054,1047,2025-05-04,PayPal,Completed
18055,1772,2023-09-07,PayPal,Completed
18056,784,2024-06-11,Invoice,Completed
18057,375,2025-11-09,Bank Transfer,Completed
18058,3545,2025-01-05,Credit Card,Completed
18059,4738,2023-12-18,PayPal,Completed
18060,4482,2023-08-09,Invoice,Completed
18061,1637,2024-11-28,PayPal,Completed
18062,1750,2024-12-20,Invoice,Completed
18063,3397,2024-05-14,Credit Card,Returned
18064,207,2025-03-13,Invoice,Cancelled
18065,4402,2023-05-09,Invoice,Completed
18066,1683,2023-09-16,PayPal,Completed
18067,3558,2024-12-19,PayPal,Completed
18068,2381,2023-04-27,Bank Transfer,Completed
18069,2528,2025-10-23,Invoice,Completed
18070,888,2023-09-10,Bank Transfer,Completed
18071,3546,2025-04-21,PayPal,Completed
18072,499,2024-07-19,Invoice,Completed
18073,4370,2024-07-30,Invoice,Completed
18074,1586,2025-07-11,PayPal,Completed
18075,138,2024-11-15,PayPal,Completed
18076,1167,2025-06-06,Credit Card,Completed
18077,1356,2024-11-19,Bank Transfer,Completed
18078,4467,2025-02-02,Invoice,Completed
18079,4505,2025-07-07,Credit Card,Completed
18080,156,2025-02-18,Invoice,Completed
18081,3899,2025-02-28,Credit Card,Completed
18082,2660,2025-08-02,Bank Transfer,Completed
18083,1419,2025-12-03,Credit Card,Completed
18084,2613,2024-07-03,Invoice,Completed
18085,1418,2025-01-16,Credit Card,Completed
18086,4198,2023-06-08,PayPal,Completed
18087,4344,2024-06-12,Credit Card,Completed
18088,4731,2024-08-13,Invoice,Cancelled
18089,1307,2025-09-12,PayPal,Completed
18090,703,2024-11-25,Invoice,Completed
18091,4059,2025-06-11,Invoice,Completed
18092,3888,2023-02-10,PayPal,Cancelled
18093,2323,2024-10-13,Invoice,Completed
18094,371,2025-11-06,Invoice,Completed
18095,2659,2023-12-26,PayPal,Completed
18096,3401,2023-03-07,Bank Transfer,Completed
18097,1528,2024-09-07,PayPal,Returned
18098,2063,2025-05-18,Bank Transfer,Completed
18099,1201,2024-10-01,Bank Transfer,Returned
18100,2048,2024-10-08,Invoice,Completed
18101,883,2025-04-17,Credit Card,Completed
18102,4996,2024-02-06,Credit Card,Completed
18103,3168,2025-06-30,PayPal,Returned
18104,93,2023-09-29,Invoice,Completed
18105,1854,2024-07-25,Bank Transfer,Completed
18106,4483,2025-04-05,PayPal,Completed
18107,3180,2025-09-06,Credit Card,Completed
18108,2867,2025-08-04,Credit Card,Returned
18109,3838,2025-06-03,Credit Card,Completed
18110,766,2024-06-12,Invoice,Completed
18111,3675,2023-08-08,Credit Card,Completed
18112,1936,2023-12-18,Credit Card,Completed
18113,358,2025-10-08,Bank Transfer,Completed
18114,4940,2025-10-02,Invoice,Returned
18115,2569,2025-12-04,PayPal,Completed
18116,1650,2023-05-21,Bank Transfer,Completed
18117,1758,2024-12-12,Bank Transfer,Completed
18118,3956,2025-03-29,PayPal,Completed
18119,1807,2025-05-24,Credit Card,Completed
18120,1256,2025-03-25,Invoice,Returned
18121,2979,2025-07-16,PayPal,Completed
18122,2000,2024-06-12,Invoice,Completed
18123,2300,2023-11-08,Bank Transfer,Completed
18124,4523,2023-12-05,Credit Card,Completed
18125,665,2023-01-26,Credit Card,Completed
18126,1852,2024-06-02,Credit Card,Cancelled
18127,4370,2023-06-17,Bank Transfer,Completed
18128,2966,2024-04-29,Invoice,Completed
18129,829,2025-03-11,Invoice,Completed
18130,2880,2025-11-03,PayPal,Returned
18131,1252,2025-09-16,Credit Card,Completed
18132,427,2024-02-03,Bank Transfer,Completed
18133,944,2023-08-28,Invoice,Completed
18134,3273,2023-11-23,PayPal,Completed
18135,4274,2025-12-15,Invoice,Completed
18136,2383,2024-12-21,Invoice,Completed
18137,4018,2023-11-11,Credit Card,Completed
18138,3611,2025-09-17,Bank Transfer,Completed
18139,605,2024-07-24,PayPal,Completed
18140,4529,2025-11-05,Invoice,Completed
18141,4794,2024-02-15,Invoice,Completed
18142,4368,2024-07-22,Credit Card,Completed
18143,2311,2024-11-19,Bank Transfer,Completed
18144,4634,2025-11-02,PayPal,Completed
18145,2533,2025-10-12,PayPal,Completed
18146,2740,2025-01-13,PayPal,Returned
18147,587,2023-12-23,Bank Transfer,Completed
18148,4457,2024-08-03,Bank Transfer,Completed
18149,2525,2025-12-18,Bank Transfer,Completed
18150,50,2025-02-19,Credit Card,Completed
18151,3362,2025-07-26,Invoice,Cancelled
18152,2025,2024-09-26,Credit Card,Completed
18153,836,2024-12-08,Bank Transfer,Completed
18154,2169,2024-09-02,PayPal,Returned
18155,4756,2025-05-17,Credit Card,Completed
18156,362,2025-09-26,Invoice,Cancelled
18157,4284,2024-11-20,Credit Card,Returned
18158,687,2024-11-01,Invoice,Completed
18159,2429,2024-05-21,Invoice,Completed
18160,1066,2023-11-06,Invoice,Completed
18161,2427,2025-11-28,Bank Transfer,Completed
18162,2036,2024-04-23,Credit Card,Completed
18163,3278,2025-08-12,Credit Card,Completed
18164,2826,2025-05-28,PayPal,Completed
18165,1762,2025-08-03,Invoice,Completed
18166,2728,2025-11-26,PayPal,Completed
18167,2354,2025-03-07,PayPal,Completed
18168,21,2025-11-05,Invoice,Completed
18169,3888,2023-10-24,PayPal,Completed
18170,2338,2025-03-10,PayPal,Completed
18171,4574,2025-07-18,PayPal,Cancelled
18172,3245,2024-03-02,Bank Transfer,Completed
18173,4850,2025-06-20,Credit Card,Completed
18174,4240,2025-07-23,Bank Transfer,Completed
18175,3613,2025-09-08,Invoice,Completed
18176,3685,2024-04-19,Bank Transfer,Completed
18177,2958,2025-04-28,Credit Card,Completed
18178,349,2024-04-09,Invoice,Completed
18179,2060,2025-06-18,Credit Card,Completed
18180,2657,2024-10-11,Credit Card,Completed
18181,3990,2025-02-07,Invoice,Completed
18182,1449,2024-08-17,Invoice,Completed
18183,2308,2023-10-14,Bank Transfer,Completed
18184,2249,2023-11-07,PayPal,Completed
18185,3544,2023-05-24,Credit Card,Completed
18186,1161,2025-03-02,Bank Transfer,Completed
18187,4256,2025-09-24,PayPal,Completed
18188,2682,2023-02-14,PayPal,Completed
18189,4922,2023-05-05,Bank Transfer,Completed
18190,2504,2024-10-05,Bank Transfer,Completed
18191,479,2025-06-17,Invoice,Completed
18192,3567,2023-10-07,Bank Transfer,Completed
18193,2851,2024-03-02,PayPal,Completed
18194,3263,2024-01-04,Invoice,Completed
18195,3516,2024-07-29,Credit Card,Completed
18196,2800,2023-12-26,PayPal,Completed
18197,4840,2024-06-04,Invoice,Cancelled
18198,3725,2025-06-09,PayPal,Completed
18199,2850,2025-02-23,PayPal,Completed
18200,1821,2023-05-30,Invoice,Completed
18201,3745,2025-03-20,PayPal,Completed
18202,3337,2024-10-28,Credit Card,Completed
18203,3598,2025-11-25,Bank Transfer,Completed
18204,514,2024-03-22,Bank Transfer,Completed
18205,1128,2025-06-07,PayPal,Completed
18206,3673,2025-06-11,Credit Card,Completed
18207,2610,2023-12-23,Bank Transfer,Completed
18208,4497,2025-11-07,PayPal,Returned
18209,4852,2024-11-09,Credit Card,Completed
18210,4880,2025-04-25,PayPal,Completed
18211,1476,2023-09-17,Bank Transfer,Returned
18212,2531,2024-02-11,Credit Card,Completed
18213,2573,2025-01-26,Bank Transfer,Completed
18214,1804,2024-04-26,Bank Transfer,Completed
18215,1617,2024-11-15,Invoice,Completed
18216,1453,2024-06-29,Credit Card,Completed
18217,4658,2025-03-22,PayPal,Completed
18218,2837,2024-11-06,Invoice,Completed
18219,1600,2023-01-10,Invoice,Completed
18220,2435,2025-03-30,Credit Card,Completed
18221,3499,2024-08-25,Bank Transfer,Completed
18222,903,2024-05-23,Credit Card,Completed
18223,3590,2023-06-21,Credit Card,Completed
18224,2752,2023-12-22,Credit Card,Completed
18225,1831,2023-12-25,PayPal,Completed
18226,1110,2025-11-25,Bank Transfer,Completed
18227,2824,2024-09-06,Bank Transfer,Completed
18228,762,2023-03-25,Invoice,Completed
18229,3151,2023-09-05,PayPal,Completed
18230,3862,2023-05-26,Bank Transfer,Completed
18231,1504,2025-01-29,Invoice,Completed
18232,1812,2023-11-16,Bank Transfer,Cancelled
18233,2741,2024-11-14,PayPal,Completed
18234,1700,2024-06-25,Credit Card,Completed
18235,561,2025-08-15,Credit Card,Completed
18236,189,2024-04-28,Invoice,Completed
18237,1675,2024-10-06,Invoice,Completed
18238,1005,2025-06-02,Credit Card,Completed
18239,3106,2024-09-07,Credit Card,Completed
18240,3375,2025-08-05,Invoice,Completed
18241,2913,2025-04-10,Bank Transfer,Completed
18242,2096,2024-08-11,Invoice,Completed
18243,1936,2024-11-18,Credit Card,Completed
18244,1686,2025-12-13,Invoice,Completed
18245,54,2025-04-10,Credit Card,Completed
18246,2473,2025-11-08,Bank Transfer,Completed
18247,2301,2023-11-07,Bank Transfer,Completed
18248,273,2024-11-03,Bank Transfer,Completed
18249,1186,2025-11-11,Bank Transfer,Completed
18250,2249,2024-04-30,Bank Transfer,Completed
18251,1302,2025-12-13,Credit Card,Completed
18252,4682,2023-06-26,PayPal,Returned
18253,3319,2025-11-07,PayPal,Returned
18254,4202,2024-09-21,Invoice,Completed
18255,4280,2023-05-17,PayPal,Returned
18256,3618,2025-10-22,PayPal,Completed
18257,3097,2024-02-02,PayPal,Completed
18258,3662,2023-02-17,PayPal,Completed
18259,1145,2023-08-31,Invoice,Completed
18260,2441,2025-04-08,Credit Card,Completed
18261,3858,2025-12-19,Credit Card,Completed
18262,1133,2023-07-20,Credit Card,Completed
18263,2951,2024-10-10,PayPal,Completed
18264,4278,2023-11-09,Credit Card,Completed
18265,4085,2025-06-23,Bank Transfer,Completed
18266,889,2023-08-01,Credit Card,Cancelled
18267,439,2024-01-15,Invoice,Completed
18268,568,2023-11-26,Credit Card,Completed
18269,3099,2024-12-23,Invoice,Completed
18270,4949,2025-10-16,Bank Transfer,Completed
18271,2920,2024-11-23,Bank Transfer,Completed
18272,4859,2023-04-21,PayPal,Completed
18273,525,2024-12-31,Invoice,Completed
18274,4625,2025-08-09,Invoice,Cancelled
18275,4251,2023-08-25,PayPal,Completed
18276,4164,2023-05-16,Invoice,Completed
18277,1429,2023-11-17,Invoice,Completed
18278,544,2025-06-24,Invoice,Cancelled
18279,2415,2025-02-01,Credit Card,Completed
18280,888,2024-12-15,Invoice,Completed
18281,4270,2024-01-29,Credit Card,Completed
18282,3657,2024-05-11,Credit Card,Completed
18283,2230,2025-12-12,Invoice,Completed
18284,2056,2024-01-16,Bank Transfer,Completed
18285,425,2025-11-07,Invoice,Returned
18286,3844,2025-01-19,Credit Card,Completed
18287,2143,2023-08-10,PayPal,Completed
18288,4134,2024-10-17,Bank Transfer,Completed
18289,4313,2025-12-03,Credit Card,Returned
18290,2724,2024-08-20,Invoice,Cancelled
18291,4244,2025-10-07,Credit Card,Completed
18292,1538,2024-02-09,Bank Transfer,Returned
18293,450,2025-01-09,Bank Transfer,Completed
18294,870,2025-09-20,Invoice,Cancelled
18295,2478,2025-11-17,Bank Transfer,Completed
18296,1700,2024-11-05,PayPal,Cancelled
18297,4723,2025-03-21,Bank Transfer,Completed
18298,3239,2023-01-07,Credit Card,Completed
18299,1078,2024-02-04,PayPal,Completed
18300,2945,2024-03-10,Bank Transfer,Completed
18301,2305,2023-06-20,Invoice,Completed
18302,4981,2024-03-11,Invoice,Completed
18303,4008,2024-04-28,PayPal,Completed
18304,2981,2025-12-14,Credit Card,Completed
18305,4092,2025-04-16,Invoice,Completed
18306,785,2024-08-29,Credit Card,Completed
18307,3253,2025-12-25,Invoice,Completed
18308,830,2023-09-29,Invoice,Completed
18309,1657,2024-10-27,Credit Card,Completed
18310,884,2025-03-28,Invoice,Completed
18311,2679,2023-04-17,Invoice,Completed
18312,3214,2025-05-29,Credit Card,Completed
18313,3452,2023-07-01,Credit Card,Cancelled
18314,4546,2023-09-07,Credit Card,Completed
18315,62,2023-10-10,Bank Transfer,Completed
18316,4965,2025-11-22,PayPal,Cancelled
18317,2274,2025-04-29,Credit Card,Completed
18318,4605,2025-04-04,PayPal,Completed
18319,127,2024-12-26,Invoice,Completed
18320,765,2024-03-26,Credit Card,Completed
18321,1967,2025-03-05,PayPal,Completed
18322,2583,2024-08-11,PayPal,Completed
18323,916,2023-09-16,Invoice,Completed
18324,442,2025-05-05,PayPal,Completed
18325,2525,2023-08-20,Bank Transfer,Cancelled
18326,2558,2023-11-20,Bank Transfer,Returned
18327,710,2025-08-27,Bank Transfer,Completed
18328,3061,2025-04-09,PayPal,Completed
18329,1512,2025-03-14,Bank Transfer,Completed
18330,387,2024-08-20,Bank Transfer,Completed
18331,718,2024-07-25,Bank Transfer,Completed
18332,4946,2025-05-05,Invoice,Completed
18333,75,2025-06-19,Credit Card,Returned
18334,1067,2024-11-23,Credit Card,Cancelled
18335,485,2025-12-14,Invoice,Completed
18336,1242,2025-12-07,Bank Transfer,Completed
18337,2626,2024-08-13,Credit Card,Completed
18338,4152,2025-08-30,Bank Transfer,Completed
18339,553,2024-12-17,Bank Transfer,Completed
18340,3374,2024-11-24,Credit Card,Cancelled
18341,4453,2023-04-16,PayPal,Completed
18342,4654,2025-01-12,PayPal,Completed
18343,2174,2025-11-06,Invoice,Completed
18344,3907,2025-07-25,Invoice,Completed
18345,4584,2025-07-30,PayPal,Completed
18346,301,2023-10-11,Bank Transfer,Completed
18347,2978,2024-06-11,PayPal,Returned
18348,4418,2024-01-06,Bank Transfer,Completed
18349,3400,2024-04-22,Invoice,Completed
18350,4117,2025-01-18,PayPal,Completed
18351,4689,2024-06-19,Bank Transfer,Completed
18352,1333,2024-12-29,PayPal,Completed
18353,3846,2024-09-13,Invoice,Returned
18354,1108,2024-03-19,PayPal,Completed
18355,2096,2023-06-23,PayPal,Returned
18356,3516,2025-11-01,Bank Transfer,Completed
18357,3586,2023-01-25,Credit Card,Completed
18358,3352,2023-01-04,Invoice,Completed
18359,787,2025-09-04,Credit Card,Completed
18360,2962,2025-12-30,Bank Transfer,Completed
18361,377,2025-06-07,Bank Transfer,Completed
18362,4996,2023-02-02,Credit Card,Completed
18363,192,2023-12-28,Invoice,Completed
18364,4566,2025-12-16,Credit Card,Completed
18365,2028,2025-08-19,Credit Card,Completed
18366,2559,2025-01-04,Invoice,Completed
18367,3389,2024-01-11,Credit Card,Completed
18368,2636,2023-01-31,Credit Card,Returned
18369,2717,2023-02-14,PayPal,Completed
18370,4941,2025-02-24,Invoice,Completed
18371,3205,2023-02-16,Invoice,Returned
18372,877,2025-12-28,Credit Card,Completed
18373,1298,2023-11-12,Invoice,Completed
18374,1445,2025-05-24,Credit Card,Completed
18375,302,2023-10-02,Credit Card,Completed
18376,4704,2024-12-14,Credit Card,Completed
18377,2195,2023-05-29,Invoice,Completed
18378,4265,2025-07-13,Credit Card,Completed
18379,2043,2025-01-24,PayPal,Completed
18380,179,2023-06-08,Invoice,Completed
18381,1984,2025-09-24,PayPal,Completed
18382,2424,2024-12-19,PayPal,Completed
18383,758,2025-11-18,Bank Transfer,Returned
18384,3042,2025-11-15,Credit Card,Returned
18385,1526,2025-11-17,Credit Card,Completed
18386,3762,2023-05-24,Credit Card,Completed
18387,3780,2023-08-06,PayPal,Completed
18388,1591,2025-12-25,Bank Transfer,Completed
18389,2416,2024-11-06,Invoice,Returned
18390,35,2024-01-13,Credit Card,Completed
18391,1979,2025-07-15,Credit Card,Completed
18392,1188,2024-02-20,PayPal,Cancelled
18393,3545,2025-06-07,PayPal,Completed
18394,2958,2025-09-14,Bank Transfer,Completed
18395,2831,2025-07-28,Bank Transfer,Completed
18396,4643,2024-03-04,Invoice,Completed
18397,1397,2024-08-01,Credit Card,Completed
18398,2011,2024-08-14,Invoice,Completed
18399,4213,2024-11-09,PayPal,Completed
18400,646,2023-10-23,PayPal,Returned
18401,2345,2024-09-29,Bank Transfer,Completed
18402,1311,2024-11-23,Invoice,Completed
18403,2979,2024-12-08,PayPal,Returned
18404,503,2025-08-29,Bank Transfer,Completed
18405,3068,2024-11-28,Bank Transfer,Completed
18406,1673,2024-01-02,Invoice,Completed
18407,4257,2025-04-11,Invoice,Completed
18408,2574,2025-08-09,Credit Card,Completed
18409,474,2024-04-26,Credit Card,Completed
18410,1986,2025-03-26,Bank Transfer,Completed
18411,938,2023-09-19,Bank Transfer,Completed
18412,856,2024-05-23,Credit Card,Completed
18413,1828,2025-11-11,Bank Transfer,Completed
18414,3982,2025-11-12,Credit Card,Completed
18415,2535,2025-01-14,Invoice,Completed
18416,4182,2025-05-16,Credit Card,Completed
18417,3474,2025-09-29,Credit Card,Returned
18418,3679,2025-12-08,Bank Transfer,Returned
18419,1829,2024-11-08,Invoice,Returned
18420,3974,2024-12-30,Invoice,Completed
18421,3559,2024-08-17,PayPal,Cancelled
18422,3080,2023-05-14,Invoice,Cancelled
18423,3780,2024-08-25,Bank Transfer,Returned
18424,3947,2025-08-03,Credit Card,Completed
18425,4495,2025-08-16,Credit Card,Returned
18426,1096,2025-11-01,Credit Card,Completed
18427,3320,2023-04-10,Credit Card,Completed
18428,3096,2024-12-05,Bank Transfer,Completed
18429,2266,2023-07-14,Bank Transfer,Completed
18430,1554,2023-12-01,Bank Transfer,Completed
18431,325,2025-11-06,Bank Transfer,Completed
18432,2818,2024-11-13,Invoice,Completed
18433,3895,2025-07-05,Invoice,Completed
18434,1853,2023-05-02,Invoice,Cancelled
18435,3991,2024-08-18,Bank Transfer,Completed
18436,3208,2025-04-21,PayPal,Completed
18437,4532,2023-08-27,Credit Card,Completed
18438,3929,2024-05-04,Bank Transfer,Completed
18439,4902,2023-05-02,Credit Card,Completed
18440,2250,2025-04-01,Credit Card,Returned
18441,1839,2025-12-15,Bank Transfer,Completed
18442,3985,2025-09-05,PayPal,Completed
18443,1853,2025-12-17,Credit Card,Cancelled
18444,281,2025-09-21,Credit Card,Completed
18445,601,2025-09-30,Bank Transfer,Completed
18446,2647,2025-01-16,Bank Transfer,Completed
18447,2988,2024-11-28,PayPal,Completed
18448,719,2024-08-06,Credit Card,Completed
18449,3971,2025-08-28,Credit Card,Completed
18450,2622,2023-11-11,Invoice,Completed
18451,172,2023-04-18,PayPal,Completed
18452,2851,2025-12-02,Credit Card,Completed
18453,4755,2023-01-09,Invoice,Completed
18454,3403,2025-12-19,Bank Transfer,Completed
18455,4486,2025-06-09,PayPal,Completed
18456,1797,2024-05-07,PayPal,Completed
18457,4541,2025-05-12,Credit Card,Completed
18458,3206,2025-08-27,Invoice,Completed
18459,2053,2024-01-23,Bank Transfer,Completed
18460,3197,2025-07-16,Invoice,Completed
18461,4409,2025-08-15,PayPal,Completed
18462,1845,2024-01-29,Bank Transfer,Completed
18463,2190,2023-03-24,PayPal,Returned
18464,3773,2023-12-04,Credit Card,Completed
18465,3178,2023-12-01,Invoice,Completed
18466,2351,2023-05-03,Credit Card,Returned
18467,463,2025-06-06,Credit Card,Completed
18468,891,2024-07-06,Invoice,Completed
18469,2168,2025-10-26,Invoice,Completed
18470,1703,2024-02-02,Bank Transfer,Completed
18471,1579,2024-09-30,Bank Transfer,Completed
18472,1877,2025-03-21,Credit Card,Completed
18473,2354,2025-10-20,Credit Card,Completed
18474,3410,2024-12-03,Invoice,Completed
18475,3861,2024-06-29,Credit Card,Completed
18476,202,2025-10-10,Invoice,Completed
18477,4109,2024-04-16,Bank Transfer,Completed
18478,1803,2023-05-27,Bank Transfer,Completed
18479,406,2024-09-20,Bank Transfer,Completed
18480,3938,2025-07-29,Bank Transfer,Completed
18481,3780,2023-03-06,PayPal,Completed
18482,3155,2025-01-25,Bank Transfer,Completed
18483,3030,2025-02-04,Invoice,Completed
18484,3562,2025-11-22,Credit Card,Completed
18485,2167,2024-03-19,Credit Card,Completed
18486,3609,2024-03-10,PayPal,Cancelled
18487,2570,2024-09-15,Invoice,Completed
18488,4226,2024-06-09,Invoice,Completed
18489,697,2025-06-16,Credit Card,Completed
18490,4609,2025-03-23,Invoice,Completed
18491,1342,2025-07-06,Invoice,Completed
18492,1454,2025-08-29,Invoice,Returned
18493,3222,2025-11-19,PayPal,Completed
18494,4659,2024-09-04,Invoice,Completed
18495,1164,2025-12-23,Bank Transfer,Completed
18496,4561,2023-12-17,PayPal,Completed
18497,4910,2025-05-27,Credit Card,Completed
18498,2237,2024-12-10,Invoice,Cancelled
18499,1813,2025-08-27,PayPal,Completed
18500,1137,2024-10-28,Bank Transfer,Completed
18501,3163,2025-07-28,PayPal,Completed
18502,2094,2025-11-23,Bank Transfer,Completed
18503,4589,2025-06-12,Bank Transfer,Cancelled
18504,3934,2025-07-21,Invoice,Completed
18505,1460,2023-05-06,Credit Card,Completed
18506,4026,2023-12-05,Credit Card,Completed
18507,1343,2025-12-17,Invoice,Completed
18508,986,2025-05-08,Credit Card,Completed
18509,4463,2024-12-30,Bank Transfer,Cancelled
18510,2742,2024-06-21,Credit Card,Completed
18511,3461,2023-03-29,Credit Card,Completed
18512,3740,2024-06-24,Invoice,Returned
18513,1218,2024-11-14,PayPal,Returned
18514,2640,2023-12-12,Bank Transfer,Completed
18515,1334,2023-11-01,Invoice,Completed
18516,1135,2024-11-21,Credit Card,Completed
18517,407,2025-01-25,Bank Transfer,Completed
18518,3348,2024-01-15,Credit Card,Completed
18519,2985,2025-01-27,Bank Transfer,Completed
18520,2927,2025-11-06,PayPal,Completed
18521,4017,2024-10-23,PayPal,Completed
18522,4206,2025-10-02,Credit Card,Completed
18523,3007,2025-11-21,PayPal,Returned
18524,2428,2023-06-18,Credit Card,Completed
18525,2496,2023-06-24,Invoice,Completed
18526,3791,2024-10-27,Bank Transfer,Completed
18527,4971,2025-01-28,PayPal,Completed
18528,1725,2024-08-29,PayPal,Completed
18529,1976,2024-05-05,Credit Card,Completed
18530,186,2025-03-22,Credit Card,Completed
18531,4263,2023-01-05,Invoice,Completed
18532,3571,2025-12-14,PayPal,Completed
18533,3319,2024-01-04,Bank Transfer,Completed
18534,3363,2025-11-15,Credit Card,Completed
18535,3458,2023-07-16,Credit Card,Completed
18536,298,2024-01-13,Bank Transfer,Completed
18537,2806,2024-01-08,Invoice,Completed
18538,1947,2025-12-29,Bank Transfer,Completed
18539,4429,2023-01-10,Bank Transfer,Completed
18540,2022,2025-03-21,Bank Transfer,Completed
18541,105,2025-10-13,Invoice,Completed
18542,1788,2025-04-19,Bank Transfer,Cancelled
18543,3981,2024-06-16,Invoice,Completed
18544,3351,2025-12-08,Credit Card,Completed
18545,1997,2025-11-02,Invoice,Completed
18546,1118,2024-09-07,Credit Card,Completed
18547,326,2025-01-11,Credit Card,Cancelled
18548,2203,2025-12-13,Bank Transfer,Completed
18549,3270,2025-12-22,Invoice,Returned
18550,2547,2024-09-26,Bank Transfer,Completed
18551,588,2025-09-23,Invoice,Completed
18552,2814,2024-04-06,Invoice,Completed
18553,2975,2024-06-27,Invoice,Completed
18554,1869,2023-10-19,Credit Card,Completed
18555,566,2023-12-10,PayPal,Completed
18556,4519,2025-04-06,Invoice,Completed
18557,2697,2024-11-23,Credit Card,Returned
18558,2744,2024-01-03,Invoice,Completed
18559,3599,2024-08-02,PayPal,Completed
18560,464,2024-06-28,Invoice,Completed
18561,4707,2025-12-24,Invoice,Completed
18562,4770,2025-09-28,Credit Card,Completed
18563,4450,2024-07-16,Credit Card,Completed
18564,2211,2025-11-13,PayPal,Completed
18565,2284,2024-05-24,Bank Transfer,Completed
18566,290,2025-04-16,Invoice,Completed
18567,58,2025-12-13,PayPal,Completed
18568,1592,2024-07-18,PayPal,Returned
18569,2603,2025-04-26,PayPal,Completed
18570,2593,2024-03-30,Credit Card,Completed
18571,339,2024-02-23,Invoice,Completed
18572,2416,2025-01-12,Bank Transfer,Cancelled
18573,1054,2025-12-20,Bank Transfer,Completed
18574,4157,2024-09-30,PayPal,Completed
18575,1517,2025-11-27,Credit Card,Completed
18576,430,2025-11-14,PayPal,Completed
18577,1292,2024-02-05,Credit Card,Returned
18578,1998,2024-08-01,Credit Card,Completed
18579,1979,2025-03-25,Credit Card,Completed
18580,581,2024-11-28,Credit Card,Completed
18581,1349,2023-06-24,Bank Transfer,Cancelled
18582,115,2025-12-28,Bank Transfer,Completed
18583,719,2025-06-30,PayPal,Completed
18584,578,2024-09-12,Credit Card,Completed
18585,3560,2025-03-02,PayPal,Completed
18586,8,2023-06-10,Credit Card,Completed
18587,3012,2024-11-12,Invoice,Completed
18588,2461,2025-11-23,Invoice,Completed
18589,3377,2025-11-04,Invoice,Completed
18590,4784,2024-05-17,Invoice,Completed
18591,4768,2024-12-08,PayPal,Completed
18592,4114,2025-05-12,Credit Card,Completed
18593,693,2024-05-21,Bank Transfer,Completed
18594,1227,2023-05-02,PayPal,Cancelled
18595,2672,2024-11-19,PayPal,Completed
18596,725,2025-02-12,Credit Card,Completed
18597,4169,2023-01-13,Credit Card,Completed
18598,2646,2023-06-23,Invoice,Completed
18599,4648,2023-12-08,Invoice,Completed
18600,1883,2024-05-30,Invoice,Completed
18601,3359,2024-12-15,PayPal,Completed
18602,2819,2024-03-28,PayPal,Completed
18603,4036,2024-03-07,Bank Transfer,Completed
18604,3727,2025-10-12,Invoice,Completed
18605,4104,2023-09-15,PayPal,Completed
18606,1695,2024-11-12,PayPal,Completed
18607,2327,2025-12-05,Invoice,Completed
18608,2090,2025-03-08,PayPal,Completed
18609,3842,2025-05-30,Bank Transfer,Completed
18610,1621,2024-09-04,Invoice,Completed
18611,1565,2023-02-12,Bank Transfer,Completed
18612,2452,2025-03-27,PayPal,Completed
18613,2138,2025-03-14,PayPal,Completed
18614,2911,2023-07-19,Credit Card,Completed
18615,470,2024-10-10,Bank Transfer,Completed
18616,4846,2025-11-14,Credit Card,Completed
18617,2293,2023-12-05,Bank Transfer,Completed
18618,3875,2024-10-09,PayPal,Completed
18619,4043,2024-10-09,Invoice,Cancelled
18620,2629,2025-08-21,Invoice,Completed
18621,4987,2025-09-02,Invoice,Completed
18622,3951,2025-07-06,Credit Card,Completed
18623,1648,2024-06-19,Invoice,Completed
18624,3905,2023-05-15,Credit Card,Completed
18625,2784,2024-06-01,Bank Transfer,Returned
18626,3496,2025-04-26,Credit Card,Cancelled
18627,4204,2025-05-17,Invoice,Completed
18628,4585,2025-12-12,Bank Transfer,Completed
18629,1039,2024-10-01,Bank Transfer,Completed
18630,104,2025-03-15,Invoice,Completed
18631,2214,2024-12-14,PayPal,Completed
18632,4835,2023-09-25,Invoice,Completed
18633,4384,2024-10-09,Credit Card,Completed
18634,3265,2024-12-18,Bank Transfer,Completed
18635,1015,2025-12-04,PayPal,Completed
18636,1157,2024-06-21,Credit Card,Completed
18637,3900,2025-12-20,Bank Transfer,Completed
18638,702,2024-12-16,PayPal,Completed
18639,4161,2024-01-19,Invoice,Completed
18640,550,2023-11-21,PayPal,Completed
18641,720,2023-09-10,Invoice,Completed
18642,489,2024-09-30,Credit Card,Completed
18643,2498,2023-02-16,Invoice,Completed
18644,363,2024-09-20,Invoice,Completed
18645,4567,2025-12-25,PayPal,Completed
18646,1576,2025-04-17,Credit Card,Completed
18647,196,2025-07-07,PayPal,Completed
18648,2018,2023-08-02,PayPal,Completed
18649,4376,2024-10-23,Credit Card,Returned
18650,1961,2024-03-19,Credit Card,Cancelled
18651,3550,2025-11-02,Bank Transfer,Completed
18652,530,2023-11-10,Bank Transfer,Completed
18653,4177,2024-10-06,Invoice,Completed
18654,3430,2025-01-28,Credit Card,Completed
18655,4568,2024-11-25,Bank Transfer,Completed
18656,2963,2025-09-07,PayPal,Completed
18657,3555,2024-01-03,PayPal,Cancelled
18658,2951,2024-07-03,Bank Transfer,Completed
18659,4381,2025-08-04,Credit Card,Completed
18660,2120,2024-12-06,PayPal,Completed
18661,3443,2024-08-01,PayPal,Completed
18662,3780,2023-03-03,Invoice,Completed
18663,4959,2025-07-01,PayPal,Completed
18664,2887,2025-12-16,PayPal,Completed
18665,4737,2025-03-04,Invoice,Returned
18666,2147,2025-10-01,Invoice,Completed
18667,739,2024-11-27,Bank Transfer,Completed
18668,2616,2024-01-03,Bank Transfer,Cancelled
18669,3017,2023-01-31,Invoice,Completed
18670,4313,2025-04-03,PayPal,Cancelled
18671,4546,2024-11-10,PayPal,Cancelled
18672,3953,2025-07-27,Credit Card,Completed
18673,4617,2025-05-09,Invoice,Completed
18674,4703,2025-12-25,Invoice,Completed
18675,326,2024-11-23,Bank Transfer,Returned
18676,3091,2024-08-31,Invoice,Completed
18677,1111,2024-03-19,Credit Card,Returned
18678,2224,2024-10-28,Invoice,Completed
18679,1469,2025-10-16,Credit Card,Returned
18680,1889,2023-03-25,Invoice,Completed
18681,4875,2025-12-19,Credit Card,Completed
18682,3551,2025-12-28,Bank Transfer,Completed
18683,2778,2025-02-08,PayPal,Completed
18684,3847,2024-05-11,Bank Transfer,Completed
18685,2899,2023-12-24,Bank Transfer,Cancelled
18686,291,2024-03-07,Invoice,Completed
18687,2596,2023-04-07,PayPal,Completed
18688,1639,2024-10-26,Credit Card,Returned
18689,1376,2023-04-20,Credit Card,Completed
18690,1522,2025-05-31,Credit Card,Returned
18691,2196,2024-06-27,PayPal,Completed
18692,612,2023-11-29,PayPal,Completed
18693,2887,2024-12-18,Invoice,Completed
18694,2202,2025-12-17,Credit Card,Returned
18695,3646,2025-05-10,Bank Transfer,Completed
18696,3159,2024-11-09,PayPal,Completed
18697,1077,2025-07-22,Credit Card,Completed
18698,3,2025-06-17,Invoice,Completed
18699,2259,2025-11-01,Credit Card,Completed
18700,3198,2023-12-05,PayPal,Completed
18701,4946,2025-10-03,Invoice,Completed
18702,3315,2024-04-05,Invoice,Completed
18703,4972,2025-11-29,Bank Transfer,Completed
18704,3073,2024-03-13,Bank Transfer,Completed
18705,4974,2025-11-21,Bank Transfer,Completed
18706,2440,2025-12-11,Invoice,Completed
18707,2988,2023-09-16,Invoice,Completed
18708,4598,2025-12-17,PayPal,Completed
18709,2802,2023-06-07,Invoice,Completed
18710,3275,2023-12-20,Credit Card,Completed
18711,4220,2024-09-19,Credit Card,Completed
18712,2699,2025-12-28,PayPal,Completed
18713,1529,2024-11-07,Bank Transfer,Completed
18714,2305,2024-12-22,Credit Card,Completed
18715,3495,2025-05-09,Bank Transfer,Completed
18716,2780,2025-12-14,Credit Card,Completed
18717,10,2025-07-28,Invoice,Completed
18718,2985,2023-12-26,Invoice,Completed
18719,745,2024-04-07,Invoice,Completed
18720,1868,2023-06-27,PayPal,Completed
18721,2844,2025-03-26,Invoice,Completed
18722,876,2023-11-10,Invoice,Completed
18723,2071,2024-02-10,PayPal,Completed
18724,2256,2025-10-29,Credit Card,Completed
18725,4272,2024-05-05,Invoice,Completed
18726,877,2025-01-04,PayPal,Completed
18727,1912,2024-07-27,Credit Card,Completed
18728,3562,2023-05-18,Bank Transfer,Completed
18729,2028,2024-06-16,PayPal,Completed
18730,990,2024-08-08,PayPal,Completed
18731,2378,2025-11-03,Invoice,Completed
18732,1525,2024-05-02,Credit Card,Completed
18733,4173,2024-07-05,Bank Transfer,Completed
18734,2181,2025-07-27,PayPal,Completed
18735,1947,2025-07-06,Invoice,Completed
18736,3085,2025-08-10,Invoice,Completed
18737,1616,2025-12-06,Invoice,Completed
18738,1023,2025-08-08,Invoice,Completed
18739,3919,2024-08-08,Credit Card,Cancelled
18740,2432,2025-08-31,Invoice,Completed
18741,548,2024-11-21,PayPal,Completed
18742,277,2024-03-09,Bank Transfer,Completed
18743,2736,2024-04-07,Bank Transfer,Completed
18744,3278,2023-12-25,Invoice,Completed
18745,2861,2023-09-15,Bank Transfer,Completed
18746,2875,2023-11-14,Bank Transfer,Completed
18747,1258,2023-04-29,Credit Card,Completed
18748,4696,2025-10-29,Invoice,Completed
18749,3232,2025-11-23,PayPal,Completed
18750,2565,2025-01-26,Credit Card,Returned
18751,1873,2025-09-17,Bank Transfer,Returned
18752,861,2023-11-13,Credit Card,Completed
18753,3332,2025-11-07,Invoice,Completed
18754,1656,2024-11-20,Invoice,Completed
18755,4614,2023-05-06,Invoice,Completed
18756,2762,2023-09-09,Invoice,Completed
18757,4793,2024-04-14,Bank Transfer,Completed
18758,4889,2023-03-27,Invoice,Completed
18759,1116,2024-04-15,Credit Card,Completed
18760,214,2023-04-24,Invoice,Completed
18761,2293,2024-01-10,PayPal,Completed
18762,2792,2024-02-22,Credit Card,Completed
18763,3955,2025-12-28,Credit Card,Completed
18764,3804,2024-01-09,Invoice,Completed
18765,3565,2024-01-14,Bank Transfer,Completed
18766,3699,2025-05-02,Bank Transfer,Completed
18767,845,2025-10-03,Credit Card,Completed
18768,2710,2024-07-15,Credit Card,Cancelled
18769,1705,2025-10-18,PayPal,Completed
18770,3572,2024-05-21,PayPal,Completed
18771,619,2023-11-27,Credit Card,Completed
18772,3101,2024-05-08,Bank Transfer,Completed
18773,1267,2025-02-21,Invoice,Completed
18774,4093,2024-06-21,Credit Card,Completed
18775,4931,2025-04-20,Credit Card,Completed
18776,4594,2024-01-11,Invoice,Completed
18777,1475,2025-05-15,Invoice,Completed
18778,4946,2024-05-29,Bank Transfer,Completed
18779,595,2024-10-03,PayPal,Cancelled
18780,2682,2024-12-27,Bank Transfer,Completed
18781,592,2025-05-02,Bank Transfer,Completed
18782,197,2024-01-14,PayPal,Returned
18783,1008,2025-09-13,PayPal,Completed
18784,4989,2025-06-03,Invoice,Returned
18785,4141,2024-01-07,Invoice,Completed
18786,3953,2025-12-18,PayPal,Completed
18787,4692,2025-04-13,Bank Transfer,Completed
18788,4812,2024-09-29,Invoice,Completed
18789,1833,2023-10-07,Bank Transfer,Completed
18790,4528,2024-12-09,PayPal,Completed
18791,3722,2023-10-19,Bank Transfer,Completed
18792,1159,2024-09-02,PayPal,Completed
18793,1089,2024-08-09,PayPal,Completed
18794,1340,2025-06-01,Bank Transfer,Completed
18795,2929,2023-11-22,Invoice,Returned
18796,2129,2025-08-31,Invoice,Completed
18797,2618,2024-05-04,Invoice,Completed
18798,3833,2024-09-19,Bank Transfer,Completed
18799,2224,2025-07-18,Bank Transfer,Completed
18800,743,2025-03-09,Bank Transfer,Completed
18801,1515,2024-04-13,Invoice,Cancelled
18802,518,2024-07-14,Credit Card,Completed
18803,4572,2024-04-11,Invoice,Completed
18804,176,2025-02-04,Bank Transfer,Completed
18805,1463,2024-05-12,PayPal,Cancelled
18806,1672,2025-06-06,Invoice,Completed
18807,1857,2025-01-19,PayPal,Completed
18808,37,2023-09-17,PayPal,Completed
18809,3928,2024-04-16,Bank Transfer,Completed
18810,2935,2023-12-23,PayPal,Completed
18811,3579,2024-07-18,PayPal,Completed
18812,2177,2024-11-27,Credit Card,Completed
18813,4302,2024-11-20,Credit Card,Completed
18814,553,2025-07-02,Bank Transfer,Completed
18815,4668,2023-11-18,Bank Transfer,Returned
18816,2656,2025-12-02,PayPal,Completed
18817,4763,2024-05-24,PayPal,Completed
18818,3142,2024-04-04,Invoice,Completed
18819,2173,2025-05-01,Invoice,Completed
18820,3355,2025-08-16,PayPal,Returned
18821,1544,2024-07-05,Bank Transfer,Completed
18822,3567,2025-06-25,Bank Transfer,Returned
18823,3737,2025-10-25,Invoice,Completed
18824,2185,2025-07-13,PayPal,Completed
18825,714,2023-03-11,PayPal,Completed
18826,786,2025-09-05,Credit Card,Completed
18827,2282,2025-07-20,Credit Card,Completed
18828,2941,2025-04-17,Bank Transfer,Completed
18829,4741,2025-07-07,Invoice,Completed
18830,4909,2025-12-20,PayPal,Completed
18831,1870,2024-09-04,Credit Card,Completed
18832,4496,2023-05-06,Credit Card,Completed
18833,273,2024-10-09,Credit Card,Returned
18834,2952,2023-04-01,Invoice,Completed
18835,640,2024-03-28,Bank Transfer,Completed
18836,1962,2025-01-27,Invoice,Completed
18837,1315,2024-04-15,Bank Transfer,Returned
18838,3493,2025-05-01,Invoice,Returned
18839,4419,2025-08-31,PayPal,Returned
18840,2268,2024-08-23,Invoice,Completed
18841,1872,2025-11-06,Credit Card,Completed
18842,4219,2023-05-28,Credit Card,Completed
18843,2241,2025-09-16,Bank Transfer,Completed
18844,4364,2025-09-06,Credit Card,Completed
18845,1766,2024-04-29,Bank Transfer,Completed
18846,1616,2024-04-02,Credit Card,Cancelled
18847,4504,2024-04-10,Invoice,Completed
18848,3734,2025-08-22,PayPal,Completed
18849,4238,2025-09-09,PayPal,Completed
18850,3046,2024-05-09,PayPal,Completed
18851,585,2025-02-02,Invoice,Completed
18852,2945,2023-09-05,Bank Transfer,Completed
18853,4284,2024-10-18,PayPal,Completed
18854,3256,2025-12-31,Bank Transfer,Completed
18855,2315,2023-10-09,Invoice,Cancelled
18856,1988,2025-12-02,Bank Transfer,Cancelled
18857,992,2025-09-02,Bank Transfer,Completed
18858,4807,2025-12-16,Credit Card,Completed
18859,797,2023-11-08,PayPal,Completed
18860,4474,2023-12-14,Credit Card,Completed
18861,2907,2023-02-05,Bank Transfer,Completed
18862,1749,2025-06-05,Invoice,Completed
18863,280,2025-03-25,Credit Card,Completed
18864,879,2023-11-07,Invoice,Returned
18865,3959,2025-08-04,PayPal,Completed
18866,203,2024-04-03,Invoice,Completed
18867,98,2023-08-29,Bank Transfer,Completed
18868,4164,2024-08-25,Credit Card,Completed
18869,407,2023-06-16,Invoice,Completed
18870,3303,2024-02-19,Credit Card,Returned
18871,2520,2024-06-26,Credit Card,Returned
18872,2460,2025-09-27,Invoice,Completed
18873,857,2025-08-05,Invoice,Completed
18874,718,2024-09-18,Credit Card,Completed
18875,1453,2025-06-05,Bank Transfer,Cancelled
18876,1666,2025-01-06,PayPal,Completed
18877,4773,2024-05-22,PayPal,Cancelled
18878,2522,2025-06-06,Bank Transfer,Completed
18879,667,2025-04-29,Invoice,Returned
18880,2298,2025-03-03,PayPal,Returned
18881,4641,2025-03-02,Invoice,Completed
18882,3488,2025-04-29,PayPal,Completed
18883,2957,2024-07-12,Bank Transfer,Completed
18884,1590,2025-10-12,Invoice,Completed
18885,3310,2023-10-15,Credit Card,Completed
18886,396,2025-10-25,PayPal,Completed
18887,1728,2024-05-23,Bank Transfer,Completed
18888,2048,2023-08-12,Credit Card,Completed
18889,735,2025-02-10,PayPal,Completed
18890,1358,2024-07-02,Bank Transfer,Completed
18891,4279,2025-08-25,Credit Card,Completed
18892,371,2024-09-04,PayPal,Completed
18893,3631,2025-04-16,Invoice,Completed
18894,4664,2024-04-13,Invoice,Completed
18895,1890,2023-12-10,PayPal,Completed
18896,657,2024-07-16,PayPal,Completed
18897,2934,2025-02-18,Invoice,Returned
18898,4625,2025-04-06,Credit Card,Completed
18899,2148,2025-01-17,Bank Transfer,Completed
18900,4358,2025-12-25,Bank Transfer,Completed
18901,3273,2025-05-06,Credit Card,Returned
18902,2275,2025-11-23,Invoice,Completed
18903,3518,2023-07-31,Invoice,Completed
18904,3389,2023-04-26,Credit Card,Completed
18905,2267,2024-04-17,Credit Card,Completed
18906,2614,2023-09-01,Invoice,Returned
18907,4079,2024-12-04,Credit Card,Completed
18908,4548,2024-11-29,Bank Transfer,Completed
18909,3209,2025-01-13,Invoice,Completed
18910,3138,2025-06-24,Bank Transfer,Completed
18911,297,2025-12-15,Bank Transfer,Returned
18912,447,2025-10-20,Bank Transfer,Returned
18913,362,2023-08-01,Credit Card,Completed
18914,2739,2024-05-19,Credit Card,Completed
18915,4968,2024-02-08,Bank Transfer,Returned
18916,4433,2023-11-05,Invoice,Completed
18917,2525,2024-12-18,Invoice,Completed
18918,56,2024-12-24,Invoice,Completed
18919,3554,2023-12-29,Credit Card,Completed
18920,1085,2025-05-25,Invoice,Completed
18921,1170,2025-06-13,Bank Transfer,Completed
18922,2775,2023-02-14,PayPal,Completed
18923,3510,2024-07-25,Bank Transfer,Returned
18924,207,2025-10-31,Invoice,Completed
18925,4202,2024-11-30,Invoice,Completed
18926,2817,2024-05-29,Invoice,Completed
18927,726,2024-02-05,PayPal,Completed
18928,1081,2024-01-20,Bank Transfer,Completed
18929,2934,2023-07-01,PayPal,Completed
18930,1172,2025-08-27,Credit Card,Completed
18931,846,2023-06-08,Credit Card,Completed
18932,3346,2024-03-26,Bank Transfer,Completed
18933,2227,2023-03-31,PayPal,Cancelled
18934,1030,2025-07-26,Bank Transfer,Completed
18935,2447,2023-03-20,PayPal,Returned
18936,2842,2024-04-13,Bank Transfer,Completed
18937,2509,2025-01-11,Credit Card,Completed
18938,2415,2024-08-10,PayPal,Cancelled
18939,2303,2024-03-14,Bank Transfer,Completed
18940,2211,2024-03-06,Bank Transfer,Completed
18941,1332,2025-08-10,Invoice,Completed
18942,303,2025-12-17,Bank Transfer,Completed
18943,1985,2024-05-30,Bank Transfer,Completed
18944,1818,2023-03-20,PayPal,Completed
18945,3903,2023-03-15,Credit Card,Completed
18946,1532,2025-07-06,Credit Card,Completed
18947,4061,2024-12-23,PayPal,Cancelled
18948,914,2025-07-28,Invoice,Completed
18949,1079,2025-05-12,Invoice,Completed
18950,2484,2025-11-10,Invoice,Completed
18951,4258,2025-10-27,PayPal,Completed
18952,2248,2025-08-01,Invoice,Cancelled
18953,2397,2024-10-26,Bank Transfer,Completed
18954,4604,2024-04-13,Invoice,Completed
18955,479,2024-11-20,PayPal,Completed
18956,3465,2024-11-17,Bank Transfer,Completed
18957,1886,2025-02-22,Credit Card,Completed
18958,1714,2023-11-15,Bank Transfer,Completed
18959,1288,2025-04-05,Credit Card,Returned
18960,3989,2024-10-04,Credit Card,Returned
18961,173,2025-03-04,PayPal,Returned
18962,4512,2024-01-15,Invoice,Returned
18963,1638,2024-09-08,Credit Card,Completed
18964,4063,2023-12-11,Invoice,Completed
18965,310,2025-10-18,Invoice,Completed
18966,973,2024-11-06,Bank Transfer,Completed
18967,1804,2023-12-26,Credit Card,Cancelled
18968,4618,2023-03-23,Invoice,Completed
18969,45,2025-04-23,Credit Card,Completed
18970,4750,2023-12-16,Invoice,Returned
18971,3101,2025-12-26,Invoice,Completed
18972,4722,2024-12-10,Invoice,Returned
18973,4041,2024-03-22,Bank Transfer,Completed
18974,4019,2025-04-06,Credit Card,Completed
18975,1162,2024-03-06,Invoice,Completed
18976,3360,2025-08-30,Bank Transfer,Completed
18977,151,2024-04-13,PayPal,Completed
18978,1763,2025-12-25,Credit Card,Completed
18979,1764,2025-02-16,Credit Card,Completed
18980,607,2025-09-20,Credit Card,Completed
18981,2719,2023-05-16,Credit Card,Completed
18982,676,2024-05-30,PayPal,Completed
18983,4391,2025-06-17,Credit Card,Completed
18984,4081,2025-04-04,Bank Transfer,Completed
18985,3364,2023-11-24,Bank Transfer,Returned
18986,4370,2024-06-09,PayPal,Completed
18987,2032,2024-02-19,Invoice,Completed
18988,4767,2025-02-25,PayPal,Completed
18989,3376,2024-05-26,Bank Transfer,Completed
18990,4904,2024-04-14,Credit Card,Completed
18991,4123,2023-12-08,Credit Card,Completed
18992,2378,2024-08-09,Invoice,Completed
18993,2673,2023-11-25,PayPal,Completed
18994,1436,2025-12-11,Credit Card,Completed
18995,505,2023-10-01,Bank Transfer,Completed
18996,1214,2025-11-13,PayPal,Completed
18997,3493,2024-09-01,PayPal,Returned
18998,13,2024-07-04,Invoice,Completed
18999,1665,2024-01-03,Invoice,Returned
19000,239,2025-03-18,Credit Card,Completed
19001,3148,2025-05-01,PayPal,Completed
19002,3282,2024-10-17,Bank Transfer,Completed
19003,4257,2023-04-17,Invoice,Completed
19004,971,2025-11-16,Credit Card,Completed
19005,4564,2025-12-21,Credit Card,Returned
19006,1845,2024-09-04,PayPal,Completed
19007,2863,2025-02-25,Invoice,Completed
19008,1710,2024-09-27,Bank Transfer,Cancelled
19009,3255,2024-04-29,Bank Transfer,Completed
19010,3500,2023-05-23,Invoice,Completed
19011,143,2024-10-03,PayPal,Completed
19012,3122,2025-08-28,Invoice,Completed
19013,3784,2023-02-06,Credit Card,Completed
19014,1884,2025-01-21,PayPal,Completed
19015,732,2025-10-23,Bank Transfer,Completed
19016,4210,2023-12-19,Credit Card,Cancelled
19017,3121,2023-11-12,Bank Transfer,Completed
19018,1129,2025-07-18,PayPal,Completed
19019,4150,2024-02-07,Invoice,Completed
19020,4002,2023-11-21,Credit Card,Completed
19021,3674,2024-07-04,PayPal,Completed
19022,3278,2024-07-21,Bank Transfer,Completed
19023,2805,2025-10-17,Credit Card,Completed
19024,1341,2025-03-02,Bank Transfer,Completed
19025,2389,2024-08-06,Credit Card,Completed
19026,2243,2024-12-10,Invoice,Completed
19027,728,2025-12-06,PayPal,Completed
19028,4217,2023-07-23,Bank Transfer,Completed
19029,2966,2023-12-08,Bank Transfer,Cancelled
19030,2775,2025-12-11,Credit Card,Completed
19031,4663,2025-12-08,Bank Transfer,Completed
19032,530,2023-11-06,Invoice,Completed
19033,121,2023-09-16,Invoice,Completed
19034,2537,2024-08-23,Invoice,Completed
19035,3632,2023-04-07,Bank Transfer,Completed
19036,887,2025-04-04,PayPal,Completed
19037,1830,2023-05-24,Invoice,Completed
19038,1286,2023-04-21,Invoice,Completed
19039,4023,2024-11-04,Credit Card,Completed
19040,4696,2025-12-08,Bank Transfer,Completed
19041,570,2024-08-30,Invoice,Completed
19042,3637,2024-06-09,PayPal,Completed
19043,2546,2025-12-30,Invoice,Completed
19044,3406,2024-12-08,Bank Transfer,Completed
19045,266,2024-07-01,Bank Transfer,Completed
19046,3300,2024-07-13,Bank Transfer,Completed
19047,900,2023-11-25,Invoice,Completed
19048,4447,2024-11-24,Bank Transfer,Completed
19049,1996,2024-09-13,PayPal,Completed
19050,682,2024-03-01,Invoice,Completed
19051,998,2023-10-12,PayPal,Cancelled
19052,2706,2024-04-17,Invoice,Completed
19053,177,2024-11-21,PayPal,Completed
19054,552,2023-04-21,Invoice,Completed
19055,1603,2023-09-30,PayPal,Completed
19056,2783,2025-12-02,Bank Transfer,Completed
19057,3990,2024-12-16,Credit Card,Completed
19058,2816,2023-04-30,Credit Card,Completed
19059,4868,2025-05-08,Credit Card,Completed
19060,3697,2023-04-27,PayPal,Completed
19061,205,2025-06-18,Invoice,Completed
19062,978,2025-06-28,Bank Transfer,Completed
19063,1118,2025-03-31,Invoice,Completed
19064,2320,2025-06-12,Bank Transfer,Completed
19065,166,2023-06-11,Invoice,Completed
19066,440,2025-06-07,Bank Transfer,Completed
19067,3418,2023-09-01,Credit Card,Completed
19068,1057,2024-05-20,Credit Card,Completed
19069,1061,2025-11-30,Invoice,Completed
19070,1773,2024-11-17,PayPal,Completed
19071,3777,2025-12-13,Invoice,Completed
19072,4795,2023-06-12,Credit Card,Completed
19073,3486,2024-10-29,PayPal,Returned
19074,2628,2023-04-28,Invoice,Completed
19075,4832,2025-03-13,Credit Card,Completed
19076,3339,2023-05-26,PayPal,Completed
19077,670,2023-11-04,Bank Transfer,Completed
19078,4739,2024-02-12,PayPal,Completed
19079,1397,2025-06-27,Invoice,Cancelled
19080,1406,2023-10-18,Invoice,Completed
19081,2542,2025-09-22,PayPal,Completed
19082,3909,2023-08-24,Invoice,Completed
19083,4963,2023-03-13,PayPal,Completed
19084,2874,2024-07-24,Bank Transfer,Completed
19085,1243,2025-12-20,Credit Card,Completed
19086,1890,2023-07-19,Bank Transfer,Completed
19087,3810,2023-07-04,Invoice,Completed
19088,3976,2025-06-29,Invoice,Completed
19089,1554,2024-04-18,Bank Transfer,Completed
19090,4557,2025-05-30,Bank Transfer,Completed
19091,985,2023-11-30,Invoice,Returned
19092,2215,2024-10-08,Invoice,Completed
19093,731,2024-02-22,Bank Transfer,Completed
19094,2489,2024-09-28,Bank Transfer,Completed
19095,2111,2025-07-15,Bank Transfer,Completed
19096,4120,2025-07-09,Bank Transfer,Completed
19097,1323,2024-11-27,Credit Card,Completed
19098,1272,2025-11-22,PayPal,Completed
19099,481,2024-02-19,Bank Transfer,Completed
19100,3436,2024-01-16,Bank Transfer,Completed
19101,4652,2025-02-26,PayPal,Returned
19102,1952,2025-03-05,Bank Transfer,Completed
19103,2637,2023-04-01,Bank Transfer,Completed
19104,1514,2025-02-19,PayPal,Completed
19105,367,2024-06-30,Invoice,Completed
19106,2401,2025-06-26,Invoice,Completed
19107,4156,2025-08-19,PayPal,Completed
19108,633,2024-12-23,Invoice,Completed
19109,446,2023-01-04,Bank Transfer,Completed
19110,4353,2025-03-18,Credit Card,Cancelled
19111,4656,2025-06-27,Bank Transfer,Completed
19112,756,2024-01-29,Bank Transfer,Completed
19113,2481,2024-10-13,PayPal,Completed
19114,3094,2025-12-12,Invoice,Completed
19115,2818,2024-04-02,PayPal,Completed
19116,4954,2023-12-25,Bank Transfer,Completed
19117,1166,2023-12-11,Bank Transfer,Completed
19118,1529,2024-12-28,Credit Card,Completed
19119,483,2025-12-03,Invoice,Returned
19120,2569,2025-02-20,Credit Card,Completed
19121,584,2024-04-08,Bank Transfer,Completed
19122,235,2025-03-20,Credit Card,Returned
19123,2420,2025-03-08,Invoice,Completed
19124,1633,2025-02-07,Invoice,Completed
19125,2390,2023-10-10,Invoice,Completed
19126,4402,2025-03-17,PayPal,Completed
19127,3693,2024-09-03,Bank Transfer,Returned
19128,709,2023-02-09,Bank Transfer,Completed
19129,1112,2024-12-14,Bank Transfer,Completed
19130,4194,2025-12-26,PayPal,Completed
19131,2696,2024-06-01,Credit Card,Completed
19132,173,2025-12-12,Invoice,Completed
19133,3045,2023-06-25,Bank Transfer,Completed
19134,1023,2025-06-12,Invoice,Returned
19135,2897,2023-07-25,PayPal,Completed
19136,496,2024-03-04,PayPal,Returned
19137,2424,2025-01-09,Bank Transfer,Completed
19138,4470,2025-02-02,Invoice,Completed
19139,78,2025-07-20,Bank Transfer,Completed
19140,487,2025-02-27,Credit Card,Completed
19141,2531,2025-02-03,Credit Card,Completed
19142,4982,2025-11-13,Invoice,Completed
19143,2211,2024-09-29,Invoice,Completed
19144,344,2023-12-27,Credit Card,Completed
19145,3488,2023-10-14,Bank Transfer,Cancelled
19146,2922,2024-07-30,PayPal,Completed
19147,206,2025-05-26,Credit Card,Completed
19148,1558,2023-03-25,PayPal,Completed
19149,346,2023-08-19,PayPal,Completed
19150,3860,2023-07-11,Bank Transfer,Completed
19151,3860,2025-01-25,Invoice,Completed
19152,2858,2024-01-20,Invoice,Completed
19153,4792,2023-10-21,Invoice,Completed
19154,3169,2025-02-02,PayPal,Completed
19155,227,2025-07-08,PayPal,Completed
19156,1141,2024-05-11,PayPal,Completed
19157,1603,2025-01-17,Bank Transfer,Completed
19158,2717,2023-06-28,Bank Transfer,Completed
19159,3023,2025-11-25,PayPal,Completed
19160,4552,2024-05-17,Credit Card,Completed
19161,2950,2025-12-30,Credit Card,Completed
19162,4492,2025-12-20,PayPal,Completed
19163,147,2025-07-24,PayPal,Returned
19164,4221,2023-02-12,PayPal,Completed
19165,1918,2024-12-17,Credit Card,Returned
19166,1270,2023-06-09,Bank Transfer,Cancelled
19167,1481,2025-11-03,PayPal,Completed
19168,1990,2025-08-02,PayPal,Completed
19169,4818,2025-12-16,Credit Card,Completed
19170,2001,2025-02-20,Bank Transfer,Completed
19171,4201,2024-12-01,Bank Transfer,Completed
19172,3224,2024-11-29,Credit Card,Completed
19173,3068,2024-07-14,Credit Card,Completed
19174,2017,2024-10-18,PayPal,Completed
19175,1860,2025-03-18,PayPal,Completed
19176,744,2025-11-24,Bank Transfer,Returned
19177,378,2025-02-06,Credit Card,Returned
19178,4241,2025-10-01,Credit Card,Completed
19179,1454,2025-10-07,Bank Transfer,Completed
19180,4072,2024-11-29,Invoice,Returned
19181,3248,2024-05-29,PayPal,Completed
19182,4774,2025-03-21,Bank Transfer,Completed
19183,4772,2024-09-21,Bank Transfer,Completed
19184,1184,2023-05-30,Credit Card,Completed
19185,1819,2024-07-04,Bank Transfer,Completed
19186,1640,2025-12-28,Credit Card,Completed
19187,3445,2023-04-05,Bank Transfer,Completed
19188,619,2025-05-11,PayPal,Completed
19189,746,2025-09-17,Credit Card,Completed
19190,3156,2025-03-29,PayPal,Cancelled
19191,3958,2025-01-07,Invoice,Completed
19192,135,2025-05-21,Credit Card,Completed
19193,3798,2024-09-02,PayPal,Returned
19194,3147,2023-06-16,Credit Card,Completed
19195,4272,2025-12-10,Invoice,Completed
19196,2085,2024-09-06,Invoice,Completed
19197,1925,2025-04-13,Invoice,Completed
19198,2314,2024-12-08,PayPal,Completed
19199,4649,2023-04-15,Bank Transfer,Completed
19200,1122,2025-12-05,Bank Transfer,Completed
19201,3283,2025-08-05,Credit Card,Completed
19202,2837,2023-09-22,Invoice,Completed
19203,1578,2025-12-21,PayPal,Completed
19204,3347,2025-06-16,PayPal,Completed
19205,3186,2024-10-22,PayPal,Completed
19206,4815,2025-02-23,Credit Card,Completed
19207,4929,2023-07-12,Invoice,Completed
19208,3221,2024-12-29,Invoice,Completed
19209,2013,2023-05-17,PayPal,Completed
19210,3086,2024-12-18,Invoice,Completed
19211,1680,2024-12-24,Bank Transfer,Completed
19212,425,2025-10-17,Invoice,Completed
19213,1456,2025-06-06,Credit Card,Completed
19214,2416,2024-01-29,Bank Transfer,Completed
19215,807,2025-10-29,Invoice,Completed
19216,3833,2025-01-11,Credit Card,Completed
19217,3706,2025-02-17,PayPal,Completed
19218,4129,2023-10-26,Bank Transfer,Returned
19219,3775,2025-10-02,PayPal,Cancelled
19220,433,2025-11-23,Bank Transfer,Completed
19221,543,2025-07-20,Credit Card,Cancelled
19222,3402,2025-11-28,Invoice,Completed
19223,1313,2024-04-06,PayPal,Cancelled
19224,663,2025-10-05,Bank Transfer,Completed
19225,657,2024-11-07,Credit Card,Completed
19226,4029,2023-10-17,PayPal,Returned
19227,2299,2025-04-16,PayPal,Completed
19228,2888,2025-04-30,Invoice,Completed
19229,15,2024-03-19,Bank Transfer,Completed
19230,3046,2023-02-28,Credit Card,Completed
19231,4379,2023-11-30,Invoice,Completed
19232,4882,2024-07-29,Invoice,Completed
19233,1597,2023-10-24,Invoice,Cancelled
19234,3818,2023-11-24,PayPal,Completed
19235,4541,2024-07-20,Invoice,Cancelled
19236,2499,2025-12-10,Bank Transfer,Completed
19237,3403,2025-07-11,PayPal,Completed
19238,965,2024-04-27,PayPal,Completed
19239,3271,2025-12-04,Credit Card,Completed
19240,3175,2025-03-27,Credit Card,Completed
19241,1215,2024-10-03,Bank Transfer,Completed
19242,3552,2024-10-18,Bank Transfer,Completed
19243,4234,2024-08-11,Invoice,Completed
19244,3798,2024-01-05,Credit Card,Returned
19245,1624,2024-07-14,Invoice,Completed
19246,4759,2024-12-05,PayPal,Completed
19247,508,2024-12-06,Credit Card,Completed
19248,2075,2025-07-08,PayPal,Completed
19249,3117,2024-06-12,PayPal,Completed
19250,688,2025-05-29,Bank Transfer,Completed
19251,223,2025-01-17,Bank Transfer,Completed
19252,2979,2025-12-10,Invoice,Completed
19253,1543,2024-07-13,PayPal,Returned
19254,731,2025-11-06,Bank Transfer,Completed
19255,1355,2025-08-30,Invoice,Completed
19256,529,2025-03-20,PayPal,Completed
19257,3469,2025-04-04,Invoice,Completed
19258,64,2023-06-05,Credit Card,Completed
19259,31,2025-12-04,Credit Card,Completed
19260,4314,2023-07-13,Invoice,Completed
19261,4002,2024-12-31,Credit Card,Completed
19262,1356,2024-05-09,Bank Transfer,Completed
19263,2400,2024-09-03,Credit Card,Completed
19264,3728,2025-02-22,Invoice,Completed
19265,2396,2025-11-11,Bank Transfer,Returned
19266,3618,2024-10-05,Bank Transfer,Completed
19267,4867,2025-12-25,Bank Transfer,Completed
19268,1427,2025-02-02,PayPal,Completed
19269,4732,2023-10-12,Credit Card,Completed
19270,3950,2023-11-19,PayPal,Completed
19271,870,2025-05-29,Invoice,Completed
19272,1215,2023-04-08,Credit Card,Completed
19273,4324,2024-11-01,Invoice,Returned
19274,3697,2023-09-21,PayPal,Completed
19275,1185,2024-09-07,Bank Transfer,Completed
19276,3459,2025-06-28,PayPal,Completed
19277,3538,2024-10-07,Bank Transfer,Completed
19278,1878,2023-10-17,PayPal,Cancelled
19279,919,2024-02-02,Invoice,Completed
19280,3978,2024-06-22,Invoice,Completed
19281,2775,2023-05-10,PayPal,Completed
19282,3611,2025-01-24,PayPal,Completed
19283,3620,2025-02-19,Credit Card,Completed
19284,221,2023-04-28,Invoice,Completed
19285,1739,2024-08-01,Credit Card,Completed
19286,4461,2024-08-15,Invoice,Completed
19287,623,2024-05-13,PayPal,Completed
19288,166,2024-12-27,Credit Card,Completed
19289,4547,2024-05-28,Bank Transfer,Completed
19290,2732,2024-08-18,Credit Card,Completed
19291,4159,2025-08-09,Invoice,Completed
19292,1954,2023-10-14,Bank Transfer,Completed
19293,1415,2025-03-03,PayPal,Completed
19294,4363,2024-11-19,Credit Card,Cancelled
19295,3363,2024-04-10,Bank Transfer,Completed
19296,3740,2025-06-08,Bank Transfer,Completed
19297,302,2024-12-22,Invoice,Completed
19298,2344,2024-10-28,Bank Transfer,Completed
19299,4138,2025-04-15,Credit Card,Completed
19300,1440,2025-08-14,Invoice,Completed
19301,1610,2025-12-16,Bank Transfer,Completed
19302,2541,2025-03-12,Bank Transfer,Completed
19303,2473,2025-10-17,Bank Transfer,Completed
19304,3251,2023-01-03,Invoice,Completed
19305,3075,2024-12-07,Invoice,Completed
19306,229,2023-12-16,PayPal,Completed
19307,1641,2023-06-21,PayPal,Completed
19308,262,2024-12-08,Invoice,Completed
19309,2660,2025-06-25,Invoice,Completed
19310,778,2024-08-13,Invoice,Completed
19311,1451,2025-04-17,Bank Transfer,Completed
19312,2570,2024-11-08,PayPal,Completed
19313,177,2024-09-11,Credit Card,Completed
19314,611,2024-03-23,Bank Transfer,Completed
19315,3511,2024-07-09,Bank Transfer,Completed
19316,2104,2024-06-01,Credit Card,Completed
19317,4527,2025-03-27,Invoice,Returned
19318,3017,2023-07-28,Bank Transfer,Completed
19319,3481,2023-06-18,PayPal,Completed
19320,4305,2025-04-08,Bank Transfer,Returned
19321,2756,2024-12-19,Bank Transfer,Completed
19322,273,2024-09-03,PayPal,Completed
19323,2953,2023-09-28,Invoice,Returned
19324,1633,2024-08-12,Credit Card,Completed
19325,2205,2025-08-02,PayPal,Completed
19326,3655,2025-10-31,Credit Card,Completed
19327,3250,2025-05-16,Invoice,Completed
19328,92,2023-04-24,Invoice,Completed
19329,1233,2025-04-18,Invoice,Completed
19330,2816,2024-01-17,Invoice,Completed
19331,76,2024-04-22,Bank Transfer,Completed
19332,1672,2023-11-26,Invoice,Cancelled
19333,962,2025-07-21,Bank Transfer,Completed
19334,964,2025-03-29,Invoice,Completed
19335,2941,2025-02-23,Invoice,Completed
19336,2503,2025-04-16,Invoice,Completed
19337,3166,2024-01-11,PayPal,Completed
19338,3633,2024-09-20,Bank Transfer,Completed
19339,906,2025-03-16,Credit Card,Completed
19340,1893,2025-03-19,Invoice,Completed
19341,3373,2025-08-04,Invoice,Completed
19342,1789,2024-03-20,PayPal,Completed
19343,3373,2025-07-16,Bank Transfer,Returned
19344,3583,2024-09-15,Invoice,Completed
19345,582,2025-04-18,Bank Transfer,Completed
19346,3672,2024-10-03,Bank Transfer,Completed
19347,2530,2025-12-03,Invoice,Completed
19348,2511,2023-11-08,Invoice,Completed
19349,1078,2025-04-22,PayPal,Completed
19350,1620,2025-01-15,Bank Transfer,Completed
19351,4036,2023-11-01,Credit Card,Returned
19352,2631,2023-05-04,PayPal,Cancelled
19353,266,2025-08-11,PayPal,Completed
19354,904,2023-10-06,Credit Card,Completed
19355,2243,2023-11-16,Credit Card,Completed
19356,3273,2025-12-19,PayPal,Completed
19357,1346,2025-05-30,Credit Card,Completed
19358,2115,2024-01-31,Bank Transfer,Completed
19359,124,2025-01-31,Credit Card,Completed
19360,4194,2024-12-10,Invoice,Completed
19361,1931,2025-09-20,Credit Card,Completed
19362,4828,2025-06-09,Credit Card,Completed
19363,2061,2025-09-09,Invoice,Completed
19364,2089,2023-12-12,PayPal,Cancelled
19365,3244,2025-03-22,Invoice,Completed
19366,4206,2023-03-22,Credit Card,Cancelled
19367,3268,2023-05-09,PayPal,Completed
19368,203,2025-05-26,Bank Transfer,Completed
19369,842,2023-02-21,Invoice,Returned
19370,550,2025-01-19,Credit Card,Cancelled
19371,917,2025-09-17,Invoice,Completed
19372,3434,2024-07-06,PayPal,Completed
19373,537,2023-03-29,PayPal,Completed
19374,4624,2025-05-27,PayPal,Cancelled
19375,310,2025-11-22,PayPal,Completed
19376,4203,2025-05-30,Invoice,Returned
19377,2069,2025-01-17,PayPal,Completed
19378,400,2024-01-01,Bank Transfer,Completed
19379,2404,2023-02-02,Bank Transfer,Completed
19380,4178,2025-05-09,Invoice,Completed
19381,3101,2024-01-02,Bank Transfer,Completed
19382,4481,2025-10-02,PayPal,Completed
19383,992,2024-10-15,Bank Transfer,Completed
19384,1944,2024-12-07,Invoice,Returned
19385,518,2025-07-01,Invoice,Completed
19386,3273,2025-07-24,PayPal,Completed
19387,3639,2025-03-24,PayPal,Completed
19388,4405,2025-11-27,Bank Transfer,Completed
19389,1786,2025-12-22,Credit Card,Completed
19390,1081,2025-12-02,Invoice,Completed
19391,207,2025-09-02,PayPal,Completed
19392,321,2025-05-19,Bank Transfer,Completed
19393,1644,2025-04-11,Invoice,Completed
19394,4414,2023-07-07,PayPal,Completed
19395,971,2024-03-01,Credit Card,Completed
19396,3280,2023-01-13,Bank Transfer,Completed
19397,1657,2023-09-02,Credit Card,Completed
19398,1262,2024-09-14,PayPal,Completed
19399,3065,2023-09-18,PayPal,Completed
19400,1877,2025-11-07,Invoice,Returned
19401,1335,2025-08-17,Credit Card,Completed
19402,2199,2023-05-14,Bank Transfer,Completed
19403,1090,2024-01-29,Bank Transfer,Completed
19404,4741,2025-08-29,PayPal,Completed
19405,4916,2025-08-14,Credit Card,Completed
19406,1839,2025-12-01,Invoice,Completed
19407,198,2025-12-30,Bank Transfer,Completed
19408,2346,2025-12-18,Credit Card,Returned
19409,3705,2024-08-11,Invoice,Completed
19410,138,2024-01-31,Bank Transfer,Completed
19411,1029,2025-07-05,Invoice,Completed
19412,47,2024-04-03,Credit Card,Completed
19413,3566,2025-08-17,Bank Transfer,Returned
19414,4093,2024-12-10,Invoice,Completed
19415,3138,2025-08-06,Bank Transfer,Returned
19416,2960,2024-03-07,Bank Transfer,Completed
19417,3324,2024-11-21,Invoice,Completed
19418,3877,2025-01-01,Credit Card,Completed
19419,2935,2025-11-30,Invoice,Completed
19420,4583,2024-02-23,PayPal,Completed
19421,4461,2025-11-26,Bank Transfer,Completed
19422,1453,2025-08-16,PayPal,Completed
19423,4938,2025-06-11,PayPal,Completed
19424,1676,2025-07-31,Credit Card,Completed
19425,1177,2025-02-16,Bank Transfer,Completed
19426,4682,2024-01-21,Credit Card,Completed
19427,3169,2023-11-19,Credit Card,Cancelled
19428,611,2025-10-10,Credit Card,Completed
19429,944,2025-06-06,Credit Card,Completed
19430,4065,2023-12-14,Bank Transfer,Completed
19431,442,2025-02-27,PayPal,Completed
19432,3761,2024-09-23,Invoice,Completed
19433,4160,2023-10-09,Bank Transfer,Returned
19434,3713,2024-12-08,Invoice,Completed
19435,557,2024-03-13,Invoice,Completed
19436,3913,2023-06-25,Credit Card,Completed
19437,597,2024-10-16,Invoice,Completed
19438,1527,2025-01-30,Bank Transfer,Completed
19439,1088,2023-04-02,Credit Card,Returned
19440,3264,2024-08-01,Bank Transfer,Completed
19441,4586,2024-02-10,PayPal,Completed
19442,2080,2023-03-05,Invoice,Completed
19443,4010,2023-08-14,PayPal,Completed
19444,1113,2023-09-05,Invoice,Completed
19445,315,2023-11-12,PayPal,Completed
19446,4189,2025-08-15,Invoice,Completed
19447,4192,2024-09-14,Bank Transfer,Completed
19448,2787,2023-09-19,Bank Transfer,Returned
19449,4460,2023-07-01,PayPal,Completed
19450,2956,2024-04-01,Invoice,Completed
19451,1076,2025-08-10,Invoice,Completed
19452,3284,2024-06-18,PayPal,Completed
19453,37,2023-10-11,Bank Transfer,Completed
19454,2590,2024-08-04,Credit Card,Completed
19455,2358,2024-12-25,Bank Transfer,Returned
19456,933,2023-03-03,Invoice,Completed
19457,2129,2025-03-11,Credit Card,Completed
19458,3421,2024-07-24,Credit Card,Returned
19459,359,2023-01-21,Credit Card,Completed
19460,3602,2025-04-21,PayPal,Completed
19461,4763,2025-05-25,Bank Transfer,Completed
19462,2112,2025-03-12,Bank Transfer,Returned
19463,2792,2024-05-23,Bank Transfer,Completed
19464,883,2024-12-07,PayPal,Completed
19465,1055,2024-07-15,Bank Transfer,Completed
19466,1999,2025-05-15,Bank Transfer,Completed
19467,1278,2025-01-23,Invoice,Completed
19468,3846,2023-05-31,Bank Transfer,Completed
19469,4203,2025-03-24,Invoice,Completed
19470,99,2025-05-03,Credit Card,Completed
19471,4008,2024-06-25,Credit Card,Completed
19472,4630,2025-10-18,Invoice,Completed
19473,410,2025-09-19,Bank Transfer,Completed
19474,3609,2023-11-04,Invoice,Completed
19475,699,2025-11-08,Bank Transfer,Returned
19476,1470,2024-09-16,Credit Card,Completed
19477,3659,2025-06-04,Invoice,Completed
19478,828,2025-08-24,Invoice,Completed
19479,4737,2024-11-19,PayPal,Completed
19480,4990,2024-07-29,PayPal,Completed
19481,704,2025-11-14,Invoice,Completed
19482,1040,2024-01-02,Invoice,Completed
19483,3947,2024-02-09,PayPal,Completed
19484,2664,2024-06-15,Invoice,Completed
19485,2958,2025-10-04,Credit Card,Completed
19486,2164,2025-11-27,Bank Transfer,Completed
19487,2552,2023-12-21,PayPal,Completed
19488,2183,2025-10-08,Credit Card,Returned
19489,4273,2024-02-11,PayPal,Completed
19490,1824,2025-12-15,PayPal,Completed
19491,530,2025-02-07,Invoice,Completed
19492,796,2023-01-16,Credit Card,Completed
19493,3943,2023-03-11,PayPal,Completed
19494,2860,2023-09-20,PayPal,Completed
19495,2042,2023-11-17,PayPal,Completed
19496,3914,2025-07-14,Credit Card,Cancelled
19497,610,2023-12-24,Credit Card,Completed
19498,4656,2025-12-14,Bank Transfer,Completed
19499,437,2025-03-18,PayPal,Completed
19500,1710,2025-05-08,PayPal,Completed
19501,4517,2023-12-19,Bank Transfer,Completed
19502,915,2025-11-02,Bank Transfer,Completed
19503,1328,2025-04-15,Bank Transfer,Completed
19504,4250,2025-10-08,PayPal,Completed
19505,494,2025-12-07,Credit Card,Completed
19506,2832,2023-08-13,PayPal,Completed
19507,1874,2023-06-25,Credit Card,Completed
19508,1756,2025-08-15,Bank Transfer,Completed
19509,3858,2025-10-10,Credit Card,Completed
19510,3421,2025-01-23,Invoice,Completed
19511,3858,2024-06-20,Invoice,Completed
19512,105,2025-04-02,Credit Card,Completed
19513,3317,2024-04-10,PayPal,Returned
19514,4513,2024-01-13,Bank Transfer,Completed
19515,3766,2024-11-06,Invoice,Completed
19516,3259,2023-12-17,PayPal,Completed
19517,709,2024-11-03,Bank Transfer,Completed
19518,2723,2025-12-07,Invoice,Completed
19519,4888,2025-09-16,Invoice,Completed
19520,3294,2025-11-29,PayPal,Completed
19521,1502,2025-08-17,Invoice,Completed
19522,1529,2024-06-07,Credit Card,Completed
19523,60,2025-08-22,Invoice,Completed
19524,4070,2025-11-18,Credit Card,Completed
19525,4224,2025-12-02,Credit Card,Completed
19526,1345,2025-04-29,PayPal,Cancelled
19527,2613,2023-12-12,Credit Card,Cancelled
19528,4333,2023-03-21,Credit Card,Completed
19529,4971,2023-09-19,PayPal,Completed
19530,1896,2025-12-12,Credit Card,Completed
19531,1442,2024-10-10,Credit Card,Returned
19532,3933,2025-09-30,Invoice,Returned
19533,2209,2024-10-14,Credit Card,Completed
19534,4792,2025-04-09,Bank Transfer,Completed
19535,1616,2023-02-21,Credit Card,Completed
19536,1590,2024-01-30,Credit Card,Completed
19537,2327,2024-09-10,Invoice,Completed
19538,2394,2025-03-13,Credit Card,Completed
19539,3359,2023-10-30,Bank Transfer,Completed
19540,4080,2025-07-11,Credit Card,Returned
19541,2268,2024-06-18,Credit Card,Completed
19542,4245,2025-08-27,Credit Card,Completed
19543,3923,2023-06-28,PayPal,Completed
19544,1402,2025-04-26,Credit Card,Completed
19545,2363,2024-03-27,PayPal,Completed
19546,878,2025-08-07,Credit Card,Completed
19547,3081,2024-08-01,Bank Transfer,Completed
19548,1812,2025-04-13,Invoice,Returned
19549,2870,2025-11-25,Bank Transfer,Completed
19550,1442,2023-02-13,PayPal,Completed
19551,2111,2023-01-24,Invoice,Completed
19552,3312,2025-07-16,Credit Card,Completed
19553,3341,2025-03-27,Credit Card,Completed
19554,2354,2024-03-27,Bank Transfer,Completed
19555,4143,2024-11-11,Invoice,Completed
19556,4175,2023-03-24,Bank Transfer,Completed
19557,2443,2023-11-22,PayPal,Completed
19558,4317,2024-08-27,Invoice,Completed
19559,2812,2025-09-11,Invoice,Cancelled
19560,55,2024-10-31,Invoice,Completed
19561,753,2025-01-26,Bank Transfer,Completed
19562,2752,2025-10-16,Bank Transfer,Completed
19563,1845,2024-04-14,PayPal,Completed
19564,3257,2025-05-15,Invoice,Completed
19565,965,2025-10-06,Credit Card,Completed
19566,937,2023-12-03,Credit Card,Completed
19567,810,2024-06-09,Bank Transfer,Completed
19568,5000,2025-12-20,Credit Card,Completed
19569,1383,2025-12-22,Bank Transfer,Completed
19570,2154,2023-12-25,Bank Transfer,Completed
19571,3829,2023-05-05,Invoice,Completed
19572,44,2024-03-01,Bank Transfer,Completed
19573,3437,2024-07-27,Bank Transfer,Completed
19574,3523,2024-09-16,PayPal,Completed
19575,3446,2025-03-03,Credit Card,Completed
19576,1523,2025-11-05,PayPal,Completed
19577,1141,2024-05-09,PayPal,Completed
19578,3976,2025-09-25,Invoice,Cancelled
19579,3627,2023-06-20,PayPal,Completed
19580,1855,2023-03-24,Bank Transfer,Completed
19581,3382,2024-11-18,Invoice,Completed
19582,3258,2023-04-24,Bank Transfer,Completed
19583,3109,2024-07-21,Bank Transfer,Completed
19584,2725,2025-11-04,Credit Card,Completed
19585,4031,2024-01-18,Credit Card,Completed
19586,1892,2025-05-20,Bank Transfer,Completed
19587,3188,2024-04-07,Credit Card,Completed
19588,1394,2023-03-30,Invoice,Completed
19589,4249,2024-12-27,Credit Card,Completed
19590,1573,2025-09-12,Invoice,Completed
19591,1210,2024-08-10,PayPal,Completed
19592,1744,2025-03-01,Invoice,Completed
19593,583,2025-11-06,PayPal,Returned
19594,1354,2025-08-02,Bank Transfer,Returned
19595,442,2023-11-23,Bank Transfer,Completed
19596,141,2025-06-13,Credit Card,Completed
19597,1992,2024-11-16,Credit Card,Completed
19598,503,2025-06-24,Bank Transfer,Returned
19599,991,2024-11-11,Credit Card,Completed
19600,4024,2023-08-17,Credit Card,Completed
19601,2728,2025-01-08,Invoice,Completed
19602,4042,2024-11-09,Invoice,Returned
19603,1148,2024-11-28,Invoice,Completed
19604,4679,2025-10-21,Bank Transfer,Completed
19605,3661,2025-11-03,Credit Card,Completed
19606,1826,2024-09-30,Bank Transfer,Completed
19607,2997,2024-10-03,Bank Transfer,Completed
19608,1245,2024-11-26,PayPal,Completed
19609,484,2024-11-29,Invoice,Completed
19610,3202,2025-12-04,Credit Card,Completed
19611,2535,2025-03-30,Bank Transfer,Completed
19612,4496,2024-03-08,Invoice,Completed
19613,2378,2024-12-08,Bank Transfer,Completed
19614,779,2025-03-10,PayPal,Completed
19615,3027,2025-03-21,Bank Transfer,Completed
19616,4695,2025-01-25,Bank Transfer,Completed
19617,4259,2023-11-06,Bank Transfer,Completed
19618,2466,2023-03-10,PayPal,Completed
19619,3686,2024-05-18,PayPal,Completed
19620,1373,2024-08-31,Invoice,Completed
19621,525,2023-04-27,Credit Card,Completed
19622,2754,2025-08-25,Bank Transfer,Completed
19623,1311,2024-05-25,Credit Card,Cancelled
19624,2721,2025-11-13,PayPal,Completed
19625,362,2023-10-01,Bank Transfer,Completed
19626,75,2023-04-19,Credit Card,Cancelled
19627,3218,2024-11-02,Invoice,Cancelled
19628,3469,2023-11-18,PayPal,Completed
19629,1048,2025-11-27,Credit Card,Completed
19630,2166,2023-01-22,Bank Transfer,Completed
19631,2188,2024-08-14,Credit Card,Completed
19632,4373,2025-11-21,Invoice,Completed
19633,2436,2024-07-12,Invoice,Completed
19634,44,2023-06-19,Bank Transfer,Completed
19635,1818,2024-04-07,Bank Transfer,Completed
19636,2734,2024-11-14,Invoice,Completed
19637,4307,2023-11-14,Credit Card,Completed
19638,4372,2024-10-16,Invoice,Completed
19639,3583,2025-09-13,PayPal,Completed
19640,891,2025-10-15,PayPal,Completed
19641,2821,2023-04-06,Bank Transfer,Completed
19642,3085,2023-10-12,Bank Transfer,Cancelled
19643,2189,2024-03-06,Credit Card,Completed
19644,4106,2025-02-04,Bank Transfer,Completed
19645,1168,2024-06-14,Invoice,Returned
19646,885,2025-09-20,Credit Card,Completed
19647,3706,2025-05-29,Credit Card,Completed
19648,1651,2023-07-02,Bank Transfer,Completed
19649,1851,2025-03-08,PayPal,Completed
19650,1261,2023-07-23,PayPal,Completed
19651,185,2024-02-07,Invoice,Completed
19652,3427,2023-11-07,PayPal,Completed
19653,2871,2023-11-01,Credit Card,Completed
19654,1711,2025-03-01,Credit Card,Completed
19655,1237,2025-01-01,PayPal,Completed
19656,3317,2023-11-05,Credit Card,Returned
19657,3137,2025-12-26,Bank Transfer,Completed
19658,1432,2024-08-24,PayPal,Completed
19659,1686,2023-06-26,Invoice,Returned
19660,2436,2023-08-05,Invoice,Completed
19661,1652,2025-01-23,Credit Card,Completed
19662,3983,2025-12-20,Bank Transfer,Completed
19663,3524,2025-01-10,Invoice,Completed
19664,2672,2025-12-03,Bank Transfer,Completed
19665,161,2024-09-19,PayPal,Completed
19666,2531,2024-09-10,Bank Transfer,Completed
19667,764,2024-11-15,Bank Transfer,Returned
19668,3335,2025-05-12,Invoice,Completed
19669,4726,2024-06-22,PayPal,Cancelled
19670,2770,2025-10-08,Bank Transfer,Completed
19671,2971,2023-03-03,PayPal,Completed
19672,4372,2024-09-14,Bank Transfer,Completed
19673,4236,2024-11-23,PayPal,Returned
19674,736,2025-02-18,Bank Transfer,Completed
19675,2773,2024-03-07,PayPal,Returned
19676,505,2024-08-31,Bank Transfer,Completed
19677,1652,2024-11-04,Credit Card,Completed
19678,4339,2025-05-02,Bank Transfer,Completed
19679,2990,2025-07-19,Bank Transfer,Completed
19680,3344,2025-06-17,Bank Transfer,Completed
19681,940,2024-05-22,Credit Card,Completed
19682,540,2025-12-31,Invoice,Completed
19683,2510,2025-09-24,PayPal,Completed
19684,2002,2024-02-14,PayPal,Completed
19685,2460,2023-11-25,Credit Card,Completed
19686,4262,2024-04-20,Invoice,Completed
19687,132,2024-09-29,Invoice,Completed
19688,1190,2025-09-26,Invoice,Completed
19689,2285,2025-07-23,Bank Transfer,Completed
19690,75,2025-09-26,Bank Transfer,Cancelled
19691,2072,2024-03-02,PayPal,Completed
19692,1075,2025-02-03,PayPal,Completed
19693,1156,2024-03-15,PayPal,Completed
19694,49,2023-07-16,Bank Transfer,Completed
19695,4707,2025-04-30,Credit Card,Completed
19696,3714,2023-09-12,Credit Card,Completed
19697,3413,2025-04-15,Invoice,Completed
19698,4223,2025-03-29,Credit Card,Completed
19699,3098,2025-08-21,Bank Transfer,Completed
19700,108,2023-09-06,PayPal,Completed
19701,415,2025-07-28,Invoice,Completed
19702,4995,2025-12-31,Credit Card,Returned
19703,4960,2025-09-26,Bank Transfer,Completed
19704,3539,2025-06-29,Credit Card,Completed
19705,2551,2025-04-10,Invoice,Completed
19706,1679,2024-08-24,Bank Transfer,Completed
19707,3915,2025-06-10,Invoice,Completed
19708,2394,2025-06-05,Bank Transfer,Completed
19709,356,2025-03-14,Credit Card,Completed
19710,3587,2025-08-08,Bank Transfer,Completed
19711,1696,2024-09-25,Credit Card,Completed
19712,733,2023-08-06,Credit Card,Cancelled
19713,4410,2024-12-28,Credit Card,Completed
19714,1007,2024-02-21,Invoice,Completed
19715,2944,2024-07-12,PayPal,Completed
19716,483,2023-02-06,PayPal,Returned
19717,1239,2024-07-10,Invoice,Completed
19718,2565,2025-08-19,PayPal,Completed
19719,979,2024-12-16,Bank Transfer,Cancelled
19720,1221,2023-01-21,Credit Card,Returned
19721,949,2024-10-19,Invoice,Completed
19722,1300,2024-03-25,PayPal,Completed
19723,1593,2024-10-29,PayPal,Cancelled
19724,237,2024-08-04,Credit Card,Returned
19725,2734,2025-11-24,Credit Card,Completed
19726,3139,2023-03-23,PayPal,Completed
19727,3509,2025-04-30,Bank Transfer,Completed
19728,1686,2025-09-26,Bank Transfer,Completed
19729,4930,2025-12-09,PayPal,Cancelled
19730,2655,2023-11-06,Credit Card,Completed
19731,3507,2024-12-08,Bank Transfer,Completed
19732,3242,2023-03-27,Credit Card,Cancelled
19733,281,2024-11-14,Credit Card,Completed
19734,3382,2023-08-13,Bank Transfer,Completed
19735,3564,2025-09-14,Bank Transfer,Completed
19736,895,2023-07-25,Invoice,Completed
19737,1231,2024-11-25,Credit Card,Completed
19738,2923,2024-11-30,Invoice,Completed
19739,2637,2025-12-16,Invoice,Completed
19740,4794,2025-04-04,Credit Card,Completed
19741,1725,2024-03-21,Bank Transfer,Cancelled
19742,772,2024-01-17,Bank Transfer,Completed
19743,4088,2023-08-18,Invoice,Completed
19744,2115,2025-07-04,Credit Card,Completed
19745,572,2025-05-06,Credit Card,Completed
19746,4536,2025-02-21,Credit Card,Returned
19747,495,2023-03-23,Invoice,Completed
19748,3500,2025-07-09,Credit Card,Completed
19749,2943,2025-03-23,PayPal,Cancelled
19750,4625,2025-12-11,PayPal,Completed
19751,2966,2025-01-27,PayPal,Completed
19752,631,2024-04-08,PayPal,Completed
19753,2010,2024-07-08,Invoice,Completed
19754,3031,2023-11-04,Credit Card,Completed
19755,679,2025-06-04,Bank Transfer,Completed
19756,1737,2025-05-21,Credit Card,Completed
19757,2206,2023-12-01,Bank Transfer,Completed
19758,1899,2023-10-08,Bank Transfer,Completed
19759,1593,2023-05-23,PayPal,Completed
19760,3303,2025-11-12,Bank Transfer,Completed
19761,2594,2024-01-05,PayPal,Completed
19762,3708,2024-05-25,Bank Transfer,Completed
19763,3750,2024-03-12,Invoice,Returned
19764,504,2024-08-15,Invoice,Completed
19765,4198,2025-05-27,Credit Card,Completed
19766,1443,2025-10-14,Invoice,Completed
19767,2986,2023-11-12,Credit Card,Completed
19768,1245,2025-05-02,Invoice,Completed
19769,3570,2024-06-04,Credit Card,Completed
19770,487,2025-12-21,Credit Card,Completed
19771,13,2024-04-02,Bank Transfer,Completed
19772,1367,2023-01-16,PayPal,Completed
19773,1239,2024-11-26,Credit Card,Completed
19774,4949,2023-09-25,PayPal,Completed
19775,4496,2023-03-29,Credit Card,Completed
19776,1416,2025-05-13,Invoice,Returned
19777,658,2025-06-12,PayPal,Completed
19778,3705,2024-10-09,Bank Transfer,Completed
19779,4106,2025-04-24,Invoice,Completed
19780,3265,2024-12-13,Credit Card,Completed
19781,3039,2025-03-12,Invoice,Completed
19782,1319,2025-02-07,Credit Card,Completed
19783,799,2025-04-14,Credit Card,Completed
19784,3635,2023-11-30,Bank Transfer,Completed
19785,2143,2024-02-27,PayPal,Completed
19786,4438,2024-09-15,Invoice,Completed
19787,1293,2024-09-22,Invoice,Completed
19788,255,2025-07-20,Credit Card,Completed
19789,4265,2024-06-22,Credit Card,Completed
19790,2308,2023-10-15,Invoice,Returned
19791,473,2024-02-01,Credit Card,Completed
19792,651,2023-12-16,Invoice,Completed
19793,3736,2025-06-11,Invoice,Completed
19794,1770,2024-10-20,Invoice,Returned
19795,2136,2025-05-22,Credit Card,Completed
19796,1480,2024-08-18,Bank Transfer,Completed
19797,1535,2025-10-31,Credit Card,Completed
19798,3648,2025-12-22,Credit Card,Returned
19799,4971,2025-04-17,Credit Card,Completed
19800,4069,2025-10-07,Invoice,Completed
19801,3484,2024-11-21,Credit Card,Completed
19802,1825,2025-11-25,Credit Card,Completed
19803,3136,2025-09-09,Invoice,Completed
19804,4799,2025-12-27,Invoice,Completed
19805,221,2025-03-07,Invoice,Returned
19806,646,2025-07-24,Invoice,Completed
19807,3545,2024-12-16,Bank Transfer,Completed
19808,1527,2024-02-12,Credit Card,Cancelled
19809,1874,2024-06-07,Invoice,Completed
19810,3361,2025-11-02,Bank Transfer,Completed
19811,1016,2023-04-17,Credit Card,Completed
19812,3244,2025-02-01,Bank Transfer,Completed
19813,537,2024-06-28,Credit Card,Completed
19814,3648,2024-07-14,PayPal,Completed
19815,4511,2025-10-26,PayPal,Completed
19816,910,2025-09-29,Invoice,Completed
19817,3423,2025-02-09,Credit Card,Completed
19818,1469,2024-03-03,Invoice,Returned
19819,1223,2024-10-26,Invoice,Completed
19820,4149,2024-08-08,Invoice,Returned
19821,4457,2024-06-05,Invoice,Completed
19822,2983,2023-07-06,PayPal,Returned
19823,2910,2024-12-17,Credit Card,Completed
19824,3276,2024-04-06,Invoice,Completed
19825,4656,2025-04-09,Invoice,Completed
19826,1561,2024-04-26,Credit Card,Completed
19827,1399,2024-09-04,Invoice,Completed
19828,284,2023-04-11,PayPal,Returned
19829,1716,2025-12-27,Credit Card,Completed
19830,473,2024-11-21,Bank Transfer,Completed
19831,711,2023-02-21,Invoice,Completed
19832,2380,2024-12-15,PayPal,Returned
19833,4182,2025-10-13,Invoice,Completed
19834,3785,2025-07-18,PayPal,Completed
19835,332,2025-05-15,Bank Transfer,Cancelled
19836,3740,2023-09-06,Credit Card,Completed
19837,862,2025-04-06,Invoice,Completed
19838,4486,2025-07-12,Bank Transfer,Returned
19839,4986,2025-01-10,Invoice,Cancelled
19840,581,2025-11-02,Invoice,Completed
19841,2650,2024-03-08,Bank Transfer,Completed
19842,809,2024-01-19,Credit Card,Completed
19843,1438,2025-10-13,Bank Transfer,Completed
19844,3760,2025-03-09,PayPal,Returned
19845,542,2023-01-04,Invoice,Completed
19846,1609,2024-06-05,Bank Transfer,Completed
19847,1617,2025-10-02,Credit Card,Completed
19848,515,2023-02-27,Credit Card,Completed
19849,4243,2023-01-07,Invoice,Completed
19850,2359,2024-03-13,PayPal,Cancelled
19851,3831,2025-11-13,PayPal,Completed
19852,485,2025-11-07,Credit Card,Returned
19853,1510,2024-11-29,Invoice,Completed
19854,4522,2024-12-24,Invoice,Completed
19855,1222,2024-05-11,Credit Card,Cancelled
19856,1979,2024-01-21,Invoice,Completed
19857,3566,2025-08-25,PayPal,Completed
19858,251,2023-07-12,Credit Card,Completed
19859,3241,2024-11-06,PayPal,Completed
19860,1428,2025-03-17,Credit Card,Completed
19861,1866,2023-07-07,Invoice,Completed
19862,4679,2024-11-29,Credit Card,Completed
19863,2801,2025-01-16,PayPal,Completed
19864,1229,2025-06-21,PayPal,Completed
19865,4097,2024-01-08,Bank Transfer,Completed
19866,4280,2024-03-27,Bank Transfer,Completed
19867,4445,2025-01-07,Credit Card,Completed
19868,1517,2025-12-22,PayPal,Completed
19869,816,2023-12-19,PayPal,Completed
19870,1297,2025-12-24,Bank Transfer,Returned
19871,1402,2025-05-27,Bank Transfer,Completed
19872,1825,2025-09-04,Invoice,Completed
19873,1346,2023-06-13,Credit Card,Completed
19874,1061,2024-04-04,Invoice,Completed
19875,4342,2023-04-20,Invoice,Completed
19876,740,2024-06-26,Bank Transfer,Completed
19877,2692,2025-12-21,PayPal,Completed
19878,3957,2023-07-10,Credit Card,Completed
19879,840,2024-12-31,Invoice,Completed
19880,2512,2023-01-13,Credit Card,Completed
19881,3724,2025-05-26,Invoice,Completed
19882,559,2023-11-27,Credit Card,Completed
19883,2608,2023-08-20,Invoice,Completed
19884,25,2024-05-17,Credit Card,Returned
19885,4512,2025-07-17,PayPal,Completed
19886,916,2023-07-12,Credit Card,Completed
19887,4867,2024-01-01,Credit Card,Completed
19888,1073,2023-01-18,Bank Transfer,Completed
19889,4175,2025-12-14,Bank Transfer,Completed
19890,2430,2025-02-01,Invoice,Completed
19891,1481,2025-06-01,Credit Card,Completed
19892,711,2025-04-01,PayPal,Completed
19893,2429,2023-09-14,PayPal,Completed
19894,3638,2025-02-05,PayPal,Completed
19895,1422,2023-08-23,Bank Transfer,Completed
19896,3524,2024-07-31,Invoice,Completed
19897,4072,2025-01-07,PayPal,Completed
19898,2179,2024-12-28,PayPal,Completed
19899,4888,2023-08-02,Invoice,Completed
19900,2335,2023-03-12,Invoice,Completed
19901,1901,2025-08-10,Bank Transfer,Completed
19902,2190,2025-06-06,PayPal,Completed
19903,1699,2023-05-31,PayPal,Cancelled
19904,2034,2023-08-16,PayPal,Completed
19905,1338,2025-11-02,Invoice,Completed
19906,2405,2025-07-15,Invoice,Completed
19907,3163,2025-12-29,PayPal,Completed
19908,2584,2024-02-05,Bank Transfer,Completed
19909,2790,2024-11-06,PayPal,Completed
19910,3606,2024-01-10,PayPal,Completed
19911,2516,2025-03-06,Bank Transfer,Returned
19912,139,2023-07-27,PayPal,Returned
19913,3290,2023-08-16,Credit Card,Completed
19914,2867,2023-05-14,Bank Transfer,Completed
19915,1672,2025-05-08,Invoice,Completed
19916,2819,2024-11-11,Credit Card,Completed
19917,2184,2025-03-02,Invoice,Completed
19918,1188,2025-10-21,Bank Transfer,Completed
19919,3523,2025-06-19,Invoice,Completed
19920,2893,2024-10-10,PayPal,Completed
19921,1659,2025-12-23,PayPal,Completed
19922,1112,2024-10-04,Invoice,Completed
19923,215,2023-07-22,Credit Card,Returned
19924,714,2025-12-27,Credit Card,Completed
19925,3559,2023-02-18,Bank Transfer,Completed
19926,4571,2024-12-22,PayPal,Returned
19927,800,2024-04-14,Bank Transfer,Completed
19928,533,2024-11-18,PayPal,Completed
19929,4251,2024-12-28,Invoice,Cancelled
19930,96,2024-01-16,Bank Transfer,Completed
19931,4943,2024-12-27,Invoice,Completed
19932,3362,2025-07-03,Invoice,Completed
19933,133,2024-02-23,Invoice,Completed
19934,1186,2024-07-10,Bank Transfer,Completed
19935,3674,2024-02-26,Bank Transfer,Cancelled
19936,2254,2025-08-30,Bank Transfer,Completed
19937,3004,2025-06-05,Credit Card,Returned
19938,2890,2025-10-14,Credit Card,Completed
19939,2541,2023-10-28,Credit Card,Returned
19940,2937,2023-05-17,Invoice,Completed
19941,4228,2023-08-03,Invoice,Cancelled
19942,2012,2023-10-13,Invoice,Completed
19943,2624,2024-12-09,PayPal,Completed
19944,3641,2025-12-15,PayPal,Completed
19945,2414,2024-06-10,Invoice,Cancelled
19946,2484,2025-12-08,Bank Transfer,Completed
19947,1312,2023-03-18,Credit Card,Cancelled
19948,595,2025-11-21,Bank Transfer,Completed
19949,2201,2023-11-10,Bank Transfer,Completed
19950,936,2025-11-13,Invoice,Completed
19951,1204,2023-04-18,Credit Card,Completed
19952,3258,2025-12-03,Bank Transfer,Cancelled
19953,4124,2023-12-01,Credit Card,Completed
19954,2682,2024-04-07,PayPal,Completed
19955,988,2024-11-08,Bank Transfer,Completed
19956,1147,2024-07-07,Credit Card,Returned
19957,3900,2025-04-15,Bank Transfer,Completed
19958,1985,2025-12-17,Credit Card,Completed
19959,4942,2025-02-17,Invoice,Returned
19960,3062,2025-06-02,Bank Transfer,Cancelled
19961,2530,2023-06-11,Credit Card,Completed
19962,854,2025-03-11,Credit Card,Completed
19963,3772,2024-10-01,Bank Transfer,Cancelled
19964,2676,2025-10-27,PayPal,Completed
19965,2318,2024-07-16,Credit Card,Completed
19966,858,2025-04-26,Credit Card,Completed
19967,4074,2023-12-30,Credit Card,Completed
19968,3795,2024-02-13,Invoice,Completed
19969,507,2024-07-02,Invoice,Completed
19970,4688,2024-04-08,Invoice,Completed
19971,3502,2024-02-05,Bank Transfer,Completed
19972,1690,2023-04-07,Credit Card,Completed
19973,3015,2025-09-13,Bank Transfer,Completed
19974,2661,2023-05-01,PayPal,Completed
19975,982,2025-10-29,Invoice,Completed
19976,4899,2023-08-13,Invoice,Completed
19977,367,2023-05-03,Invoice,Completed
19978,3238,2024-12-31,PayPal,Completed
19979,4723,2024-11-17,Bank Transfer,Completed
19980,3377,2024-11-09,Invoice,Cancelled
19981,1685,2025-01-13,PayPal,Returned
19982,3313,2024-03-20,Bank Transfer,Cancelled
19983,815,2025-04-11,PayPal,Completed
19984,1650,2024-11-17,Invoice,Completed
19985,4593,2024-05-14,PayPal,Completed
19986,355,2025-09-04,Credit Card,Completed
19987,1691,2025-06-08,Bank Transfer,Completed
19988,748,2024-07-22,Bank Transfer,Cancelled
19989,3033,2025-09-23,Credit Card,Completed
19990,2380,2025-11-17,Bank Transfer,Completed
19991,3552,2024-12-12,Bank Transfer,Completed
19992,2274,2023-12-16,Bank Transfer,Completed
19993,620,2025-11-14,Invoice,Completed
19994,1212,2023-11-19,Credit Card,Completed
19995,885,2023-04-04,Invoice,Completed
19996,3320,2024-05-06,Credit Card,Completed
19997,2467,2025-06-07,PayPal,Completed
19998,4187,2025-11-19,Credit Card,Completed
19999,3427,2025-03-19,Bank Transfer,Completed
20000,2055,2025-12-05,PayPal,Completed
